:020000022000DC
:107000008070002045FA020037F0040031FA0200D7
:1070100031FA020031FA020031FA020000000000E9
:107020000000000000000000000000003DFB020026
:1070300031FA020000000000A9FA020031FA020051
:10704000D1FD020039070400D1FD0200D1FD02008C
:10705000D1FD0200D1FD0200D1FD0200D1FD0200F0
:10706000D1FD0200D1FD0200D1FD0200D1FD0200E0
:10707000D1FD0200D1FD0200D1FD0200D1FD0200D0
:10708000D1FD0200D1FD0200D1FD0200D1FD0200C0
:10709000D1FD0200D1FD0200D1FD0200D1FD0200B0
:1070A000D1FD0200D1FD0200D1FD0200D1FD0200A0
:1070B000D1FD0200D1FD0200D1FD0200D1FD020090
:1070C000D1FD0200D1FD0200D1FD0200D1FD020080
:1070D000D1FD0200D1FD0200D1FD0200D1FD020070
:1070E000D1FD0200D1FD0200D1FD0200D1FD020060
:1070F000D1FD0200D1FD0200D1FD0200D1FD020050
:1071000090F800F06DE9024520F007016FF0000CE7
:1071100010F0070491F820F040F049804FF000048F
:107120006FF00700D1E9002391F840F000F108006A
:1071300082FA4CF2A4FA8CF283FA4CF3A2FA8CF3A2
:107140004BBBD1E9022382FA4CF200F10800A4FA09
:107150008CF283FA4CF3A2FA8CF3E3B9D1E904235D
:1071600082FA4CF200F10800A4FA8CF283FA4CF394
:10717000A2FA8CF37BB9D1E9062301F1200182FA4E
:107180004CF200F10800A4FA8CF283FA4CF3A2FA54
:107190008CF3002BC6D0002A04BF04301A4612BA62
:1071A000B2FA82F2FDE8024500EBD2007047D1E965
:1071B000002304F00305C4F100004FEAC50514F0F4
:1071C000040F91F840F00CFA05F562EA05021CBFC5
:1071D00063EA050362464FF00004A9E700000000DF
:1071E000A2EB0300704700BF02780B78012A28BF8A
:1071F0009A42F5D16DE9044540EA0104CDE9026700
:107200006FF0000C4FEA447212B380EA010414F0EC
:10721000070F6AD100F0070420F0070004F003050F
:1072200021F007014FEAC505F0E8042314F0040F2C
:10723000F1E804670CFA05F462EA040266EA04065F
:107240000AD063EA0403624667EA0407664603E07D
:10725000F0E80423F1E8046782FA4CF582EA0604B8
:10726000A4FA8CF46CBB83FA4CF583EA0705A5FA03
:107270008CF595B950E9022351E9026782FA4CF581
:1072800082EA0604A4FA8CF483FA4CF583EA070533
:10729000A5FA8CF52543DBD09CB92DBAB5FA85F457
:1072A00024F0070427FA04F1DDE9026723FA04F366
:1072B00003F0FF0001F0FF01FDE80445A0EB010031
:1072C000704724BAB4FA84F424F0070426FA04F1CF
:1072D000DDE9026722FA04F202F0FF0001F0FF018B
:1072E000FDE80445A0EB0100704714F0030F3CD10A
:1072F00010F0030428D150F8082B51F8083B82FA0B
:107300004CF582EA0305A5FA8CF55DB950F8042C1A
:1073100051F8043C82FA4CF582EA0305A5FA8CF593
:10732000002DE8D02DBAB5FA85F424F0070423FA2D
:1073300004F122FA04F202F0FF0001F0FF01FDE87F
:107340000445A0EB010070474FEAC40420F003009D
:1073500050F8082B21F0030151F8083B0CFA04F413
:1073600062EA040263EA0403C9E710F003041AD0D6
:10737000A1EB040120F00300E40750F8042B06D031
:107380000FD28B785FFAA2F4E41A06D12BB1CB7836
:107390005FFAB2F4E41A00D11BB920465DF8104B35
:1073A000704701F1040150F8042BCC0721F00301D0
:1073B00051F8043B48D824D222F07F4482FA4CF59D
:1073C00094EA1325A5FA8CF50AD165B951F8043B66
:1073D00084EA0204B4EB036F0ED150F8042BEBE700
:1073E0004FEA132355E035F07F454DD10878FDE88D
:1073F0000445C0F1000070474FEA126203F0FF033A
:1074000047E002EA1C4482FA4CF594EA1345A5FAD7
:107410008CF50AD165B951F8043B84EA0204B4EB57
:10742000034F0CD150F8042BEBE74FEA134330E045
:1074300015EA1C4528D10B884FEA124229E04FEA91
:10744000124203EA1C4324E002F0FF0482FA4CF5E6
:1074500094EA1365A5FA8CF50AD165B951F8043B95
:1074600084EA0204B4EB032F09D150F8042BEBE7B4
:107470004FEA13630DE015F0FF0F05D10B684FEADB
:10748000122223F07F4304E04FF00000FDE80445A2
:10749000704712BA1BBA82FA4CF482EA0304A4FAC7
:1074A0008CF5B5FA85F402FA04F203FA04F34FEA14
:1074B0001260FDE80445A0EB136070470000000077
:1074C00001F0FF01102A2BDB10F0070F08D010F895
:1074D000013B013A8B422DD010F0070F42B3F6D199
:1074E000F0B441EA012141EA014122F007047FF0B2
:1074F00000070023F0E80256083C85EA010586EA09
:10750000010685FA47F5A3FA87F586FA47F6A5FA44
:1075100087F68EB9EED1F0BC01F0FF0102F0070250
:1075200032B110F8013B013A83EA010313B1F8D1FB
:107530000020704701387047002D06BF35460338DC
:10754000073815F0010F07D1013015F4807F02BF15
:10755000013015F4C03F0130F0BC0138704700BF66
:10756000844641EA000313F003036DD1403A41D34E
:1075700051F8043B40F8043B51F8043B40F8043B0D
:1075800051F8043B40F8043B51F8043B40F8043BFD
:1075900051F8043B40F8043B51F8043B40F8043BED
:1075A00051F8043B40F8043B51F8043B40F8043BDD
:1075B00051F8043B40F8043B51F8043B40F8043BCD
:1075C00051F8043B40F8043B51F8043B40F8043BBD
:1075D00051F8043B40F8043B51F8043B40F8043BAD
:1075E00051F8043B40F8043B51F8043B40F8043B9D
:1075F000403ABDD2303211D351F8043B40F8043B3D
:1076000051F8043B40F8043B51F8043B40F8043B7C
:1076100051F8043B40F8043B103AEDD20C3205D34C
:1076200051F8043B40F8043B043AF9D2043208D044
:10763000D2071CBF11F8013B00F8013B01D30B88B6
:1076400003806046704700BF082A13D38B078DD094
:1076500010F003038AD0C3F10403D21ADB071CBF66
:1076600011F8013B00F8013B80D331F8023B20F8D0
:10767000023B7BE7043AD9D3013A11F8013B00F809
:10768000013BF9D20B7803704B7843708B78837091
:107690006046704781F0004102E000BF83F0004384
:1076A00030B54FEA41044FEA430594EA050F08BF9D
:1076B00090EA020F1FBF54EA000C55EA020C7FEA61
:1076C000645C7FEA655C00F0E2804FEA5454D4EBDE
:1076D0005555B8BF6D420CDD2C4480EA020281EAA8
:1076E000030382EA000083EA010180EA020281EAE0
:1076F0000303362D88BF30BD11F0004F4FEA013132
:107700004FF4801C4CEA113102D0404261EB410140
:1077100013F0004F4FEA03334CEA133302D05242C6
:1077200063EB430394EA050F00F0A780A4F1010482
:10773000D5F1200E0DDB02FA0EFC22FA05F28018BC
:1077400041F1000103FA0EF2801843FA05F35941A2
:107750000EE0A5F120050EF1200E012A03FA0EFC21
:1077600028BF4CF0020C43FA05F3C01851EBE3714B
:1077700001F0004507D54FF0000EDCF1000C7EEB68
:1077800000006EEB0101B1F5801F1BD3B1F5001FA6
:107790000CD349085FEA30004FEA3C0C04F10104C5
:1077A0004FEA445212F5800F80F09A80BCF1004FEE
:1077B00008BF5FEA500C50F1000041EB045141EA70
:1077C000050130BD5FEA4C0C404141EB0101013C39
:1077D00028BFB1F5801FE9D291F0000F04BF014628
:1077E0000020B1FA81F308BF2033A3F10B03B3F1FA
:1077F00020020CDA0C3208DD02F1140CC2F10C028A
:1078000001FA0CF021FA02F10CE002F11402D8BFE7
:10781000C2F1200C01FA02F120FA0CFCDCBF41EAB3
:107820000C019040E41AA2BF01EB0451294330BD82
:107830006FEA04041F3C1CDA0C340EDC04F114045F
:10784000C4F1200220FA04F001FA02F340EA030036
:1078500021FA04F345EA030130BDC4F10C04C4F17C
:10786000200220FA02F001FA04F340EA030029465C
:1078700030BD21FA04F0294630BD94F0000F83F4A6
:10788000801306BF81F480110134013D4EE77FEA89
:10789000645C18BF7FEA655C29D094EA050F08BFD5
:1078A00090EA020F05D054EA000C04BF19461046B6
:1078B00030BD91EA030F1EBF0021002030BD5FEAFA
:1078C000545C05D14000494128BF41F0004130BD22
:1078D00014F580043CBF01F5801130BD01F0004576
:1078E00045F0FE4141F470014FF0000030BD7FEAE9
:1078F000645C1ABF194610467FEA655C1CBF0B46E4
:10790000024650EA013406BF52EA033591EA030FFA
:1079100041F4002130BD00BF90F0000F04BF0021F2
:10792000704730B54FF4806404F132044FF0000525
:107930004FF0000150E700BF90F0000F04BF00219E
:10794000704730B54FF4806404F1320410F0004504
:1079500048BF40424FF000013EE700BF42004FEAFF
:10796000E2014FEA31014FEA02701FBF12F07F437C
:1079700093F07F4F81F06051704732F07F4208BF33
:10798000704793F07F4F04BF41F40021704730B53A
:107990004FF4607401F0004521F000411CE700BF86
:1079A00050EA010208BF704730B54FF000050AE009
:1079B00050EA010208BF704730B511F0004502D50A
:1079C000404261EB41014FF4806404F132045FEA0C
:1079D000915C3FF4D8AE4FF003025FEADC0C18BFB5
:1079E00003325FEADC0C18BF033202EBDC02C2F1A7
:1079F000200300FA03FC20FA02F001FA03FE40EA39
:107A00000E0021FA02F11444BDE600BF70B54FF03C
:107A1000FF0C4CF4E06C1CEA11541DBF1CEA13551A
:107A200094EA0C0F95EA0C0F00F0DEF82C4481EA82
:107A3000030621EA4C5123EA4C5350EA013518BFA2
:107A400052EA033541F4801143F4801338D0A0FB8F
:107A500002CE4FF00005E1FB02E506F00042E0FB3C
:107A600003E54FF00006E1FB03569CF0000F18BF42
:107A70004EF0010EA4F1FF04B6F5007F64F54074EA
:107A800004D25FEA4E0E6D4146EB060642EAC6217D
:107A900041EA55514FEAC52040EA5E504FEACE2EEA
:107AA000B4F1FD0C88BFBCF5E06F1ED8BEF1004FED
:107AB00008BF5FEA500E50F1000041EB045170BD69
:107AC00006F0004646EA010140EA020081EA0301AD
:107AD000B4EB5C04C2BFD4EB0C0541EA045170BDA9
:107AE00041F480114FF0000E013C00F3AB8014F123
:107AF000360FDEBF002001F0004170BDC4F100046C
:107B0000203C35DA0C341BDC04F11404C4F12005EC
:107B100000FA05F320FA04F001FA05F240EA020047
:107B200001F0004221F0004110EBD37021FA04F67D
:107B300042EB06015EEA430E08BF20EAD37070BD37
:107B4000C4F10C04C4F1200500FA04F320FA05F096
:107B500001FA04F240EA020001F0004110EBD37098
:107B600041F100015EEA430E08BF20EAD37070BD08
:107B7000C4F1200500FA05F24EEA020E20FA04F3E1
:107B800001FA05F243EA020321FA04F001F0004190
:107B900021FA04F220EA020000EBD3705EEA430E01
:107BA00008BF20EAD37070BD94F0000F0FD101F030
:107BB0000046400041EB010111F4801F08BF013C69
:107BC000F7D041EA060195F0000F18BF704703F0A7
:107BD0000046520043EB030313F4801F08BF013D2E
:107BE000F7D043EA0603704794EA0C0F0CEA1355EA
:107BF00018BF95EA0C0F0CD050EA410618BF52EAA4
:107C00004306D1D181EA030101F000414FF00000A9
:107C100070BD50EA410606BF1046194652EA4306B7
:107C200019D094EA0C0F02D150EA013613D195EA2B
:107C30000C0F05D152EA03361CBF104619460AD173
:107C400081EA030101F0004141F0FE4141F470017D
:107C50004FF0000070BD41F0FE4141F4780170BD6D
:107C600070B54FF0FF0C4CF4E06C1CEA11541DBFD2
:107C70001CEA135594EA0C0F95EA0C0F00F0A7F8D4
:107C8000A4EB050481EA030E52EA03354FEA013101
:107C900000F088804FEA03334FF0805545EA131314
:107CA00043EA12634FEA022245EA111545EA1065DC
:107CB0004FEA00260EF000419D4208BF964244F173
:107CC000FD0404F5407402D25B084FEA3202B61A92
:107CD00065EB03055B084FEA32024FF480104FF466
:107CE000002CB6EB020E75EB030E22BFB61A7546DA
:107CF00040EA0C005B084FEA3202B6EB020E75EB6D
:107D0000030E22BFB61A754640EA5C005B084FEAD4
:107D10003202B6EB020E75EB030E22BFB61A7546A1
:107D200040EA9C005B084FEA3202B6EB020E75EBAC
:107D3000030E22BFB61A754640EADC0055EA060E6D
:107D400018D04FEA051545EA16754FEA06164FEAB0
:107D5000C30343EA52734FEAC2025FEA1C1CC0D15C
:107D600011F4801F0BD141EA00014FF000004FF0E9
:107D7000004CB6E711F4801F04BF01430020B4F1AA
:107D8000FD0C88BFBCF5E06F3FF6AFAEB5EB030C62
:107D900004BFB6EB020C5FEA500C50F1000041EB5F
:107DA000045170BD0EF0004E4EEA113114EB5C042C
:107DB000C2BFD4EB0C0541EA045170BD41F48011FF
:107DC0004FF0000E013C90E645EA060E8DE60CEA07
:107DD000135594EA0C0F08BF95EA0C0F3FF43BAF24
:107DE00094EA0C0F0AD150EA01347FF434AF95EADB
:107DF0000C0F7FF425AF104619462CE795EA0C0FBF
:107E000006D152EA03353FF4FDAE1046194622E78B
:107E100050EA410618BF52EA43067FF4C5AE50EA65
:107E200041047FF40DAF52EA43057FF4EBAE12E755
:107E30004FF0FF3C06E000BF4FF0010C02E000BF36
:107E40004FF0010C4DF804CD4FEA410C7FEA6C5C19
:107E50004FEA430C18BF7FEA6C5C1BD001B050EABC
:107E6000410C0CBF52EA430C91EA030F02BF90EAA7
:107E7000020F0020704710F1000F91EA030F58BF66
:107E8000994208BF90422CBFD8176FEAE37040F0C8
:107E9000010070474FEA410C7FEA6C5C02D150EA66
:107EA000013C07D14FEA430C7FEA6C5CD6D152EA21
:107EB000033CD3D05DF8040B704700BF84461046E6
:107EC00062468C461946634600E000BF01B5FFF7E5
:107ED000B7FF002848BF10F1000F01BD4DF808EDB5
:107EE000FFF7F4FF0CBF012000205DF808FB00BF86
:107EF0004DF808EDFFF7EAFF34BF012000205DF8E0
:107F000008FB00BF4DF808EDFFF7E0FF94BF01202C
:107F100000205DF808FB00BF4DF808EDFFF7CEFF2D
:107F200094BF012000205DF808FB00BF4DF808ED6C
:107F3000FFF7C4FF34BF012000205DF808FB00BF3D
:107F40004FEA410C7FEA6C5C02D150EA013C0AD155
:107F50004FEA430C7FEA6C5C02D152EA033C02D147
:107F60004FF0000070474FF0010070474FEA4102A8
:107F700012F5001215D211D56FF47873B3EB62527B
:107F800012D94FEAC12343F0004343EA505311F0A2
:107F9000004F23FA02F018BF404270474FF0000034
:107FA000704750EA013005D111F0004008BF6FF072
:107FB000004070474FF00000704700BF7BB972B9B6
:107FC0000029BEBF00204FF0004106E008BF002896
:107FD0001CBF6FF000414FF0FF3000F077B8ADF1FB
:107FE000080C6DE904CE002909DB002B1ADB00F038
:107FF000A5F8DDF804E0DDE9022304B07047404253
:1080000061EB4101002B1BDB00F098F8DDF804E088
:10801000DDE9022304B0404261EB4101524263EBCF
:1080200043037047524263EB430300F087F8DDF8E7
:1080300004E0DDE9022304B0404261EB41017047F6
:10804000524263EB430300F079F8DDF804E0DDE928
:10805000022304B0524263EB4303704753B94AB959
:10806000002908BF00281CBF4FF0FF314FF0FF3040
:1080700000F02CB8ADF1080C6DE904CE00F05EF80C
:10808000DDF804E0DDE9022304B07047D0B5FFF766
:1080900065FC0C4B002206460F46FFF7B7FC00F0CC
:1080A00017F80446FFF738FC074B0022FFF7AEFC39
:1080B00002460B4630463946FFF7F0FA00F008F862
:1080C0002146D0BD0000F03D0000F041704700BFE8
:1080D0004A0011D212F5001211D20DD56FF4787347
:1080E000B3EB62520ED44FEAC12343F0004343EA9C
:1080F000505323FA02F070474FF00000704750EAE7
:10810000013002D14FF0FF3070474FF00000704750
:1081100007EE900AF5EEC07AF1EE10FA08B503D436
:10812000BDE80840FFF7B2BFF1EE677A17EE900A9C
:10813000FFF7ACFF404261EB410108BD2DE9F0477C
:1081400086468C460846089E154674461946002BFE
:1081500040F0C2808542B2FA82F245D94AB1C2F1FA
:10816000200300FA02FC2EFA03F3954043EA0C0CBC
:1081700094404FEA154EA8B2BCFBFEF8230C0EFB50
:1081800018CC08FB00F943EA0C43994528D9EB18B1
:1081900008F1FF3704D2994502D9A8F102072B4410
:1081A000A3EB0903A4B2B3FBFEFC0EFB1C330CFBD8
:1081B00000F044EA0344A04214D92C190CF1FF3317
:1081C00004D2A04202D9ACF102032C44241A43EA9F
:1081D00007401EB1D440002334607360BDE8F087CF
:1081E0004746DDE76346F1E792BB431B01214FEAB7
:1081F000154EAFB2B3FBFEFC200C0EFB1C330CFB88
:1082000007F840EA0343984562D9EB180CF1FF30B8
:1082100004D2984502D9ACF102002B44A3EB080329
:10822000A4B2B3FBFEFC0EFB1C330CFB07F744EAC5
:108230000344A7424ED92C190CF1FF3304D2A742B4
:1082400002D9ACF102032C44E41B43EA0040C0E72E
:10825000C2F1200320FA03F1954090402EFA03F377
:1082600003434FEA154EAFB2B1FBFEFC0EFB1C10F0
:10827000190C0CFB07F841EA0041884504FA02F4A6
:1082800022D969180CF1FF3004D2884502D9ACF12B
:1082900002002944A1EB08019BB2B1FBFEFC0EFBDE
:1082A0001C110CFB07F743EA01439F420ED9EB1860
:1082B0000CF1FF3104D29F4202D9ACF102012B44F0
:1082C000DB1B41EA004192E76046E3E76146F7E7DE
:1082D0006046A3E76346B7E7834206D916B9002193
:1082E00008467BE7C6E900E0F9E7B3FA83F78FB900
:1082F000834201D3724508D8BEEB020460EB03034E
:1083000001209C461EB9002168E73846FAE7C6E915
:10831000004CF8E7C7F1200CBB4022FA0CF41C43D8
:108320002EFA0CF120FA0CF3B84001434FEA14493D
:108330000EFA07F5B3FBF9F81FFA84FE09FB1830B3
:108340000B0C08FB0EFA43EA00439A4502FA07F2C7
:1083500040D9E31808F1FF3004D29A4502D9A8F1B8
:1083600002002344A3EB0A0389B2B3FBF9F809FB2B
:10837000183308FB0EFE41EA03418E452CD96118E3
:1083800008F1FF3304D28E4502D9A8F1020321443B
:1083900043EA0040A0FB0298A1EB0E014145CE4606
:1083A000434602D306D14D4504D2B9EB020E68EB29
:1083B00004030138002EA6D0B5EB0E0261EB0301D9
:1083C00001FA0CFC22FA07F34CEA0303F940C6E970
:1083D000003198E74046C5E74346D9E70000000072
:1083E0002DE9F04F9FB08246039117461C460025A9
:1083F000387810B9284600F0A6BD252809D0039981
:10840000D0470028C0F29F857B1C01350593059F4E
:10841000EEE71822002110A822F09EFF7B78252B82
:1084200000F0BC800023791C98469E469C46184666
:108430000E4611F8012B2B2A00F0E38000F2DA80BF
:10844000202A00F0E180232A00F0E1802BB19DF882
:10845000483043F040038DF84830B8F1000F05D0A4
:108460009DF8483043F020038DF84830BEF1000FEE
:1084700005D09DF8483043F010038DF84830BCF12A
:10848000000F05D09DF8483043F008038DF84830C0
:1084900028B19DF8483043F004038DF848309DF82A
:1084A000483003F04401442903D16FF386138DF85B
:1084B00048309DF848300E9643F080032A2A8DF804
:1084C000483040F0A9809DF8493043F001038DF811
:1084D0004930731C1A782E2A9DF849200CBF0121BF
:1084E000002161F341028DF849200CD15A1C0E92F3
:1084F0005A782A2A40F0A0809DF8492042F00402D0
:108500008DF8492002331A786C2A00F0C18000F2FD
:10851000A380682A00F0A9806A2A00F0C2804C2A51
:1085200000F0C78013F8012B0593782A8DF84B20B3
:1085300000F209816D2A00F2C980692A00F20381E4
:10854000572A00F2E280412A04D0A2F14503022B0F
:1085500000F2F9809DF84A3002F0DF020421A2F116
:10856000410961F30203D9F100029DF849108DF829
:108570004A3042EB090262F3C7110A068DF849102E
:10858000CBB200F11F8103F07802182A40F0098174
:108590006FF3C6038DF849300023F8E08DF84B30B7
:1085A000BB1C05939DF849309DF84A20DE0702F078
:1085B000070040F1098154F8041B0491002908DAEE
:1085C0009DF8481041F004018DF848100499494283
:1085D0000491590740F1008154F8046B002E80F299
:1085E000FF809DF849306FF341038DF849304FF01B
:1085F000FF36F5E02D2A0DD0302A7FF427AF012376
:1086000016E74FF0010C13E74FF0010E10E74FF0A3
:1086100001080DE701200BE70EA805F08FFE0E9B69
:10862000B3423FF457AF9DF848201390C00F60F35A
:1086300041028DF848204DE70EA805F07FFE9DF819
:1086400048301490C3F3400242EAD07262F341030F
:108650008DF848300E9B56E7742A26D07A2A7FF48C
:1086600061AF9DF8492006210CE05A78682A9DF8F0
:10867000492006D1012161F3C6028DF84920023359
:1086800050E7022161F3C6028DF84920013349E722
:108690005A786C2A9DF8492001D10421EBE7032187
:1086A000F0E79DF849200521ECE79DF849200721D6
:1086B000E8E7BDF8482022F4F04222F0020242F43A
:1086C000804242F00202ADF84820DFE76E3AD3B2B2
:1086D00001229A4040F282431A429DF8493039D132
:1086E00012F0240F61D1D1072DD59DF84A2003F057
:1086F0007803A3F14008032161F30202D8F10003DB
:108700008DF84A2043EB080341E0A2F15801C9B2B9
:10871000012000FA01F111F4624F7FF41BAF40F623
:10872000010319429DF849301AD111F4043F0AD0CF
:108730009DF84A2060F3020203F07803402B8DF885
:108740004A207FF429AF9DF8483043F001038DF8AB
:10875000483021E79DF84A20022161F30202EBE74D
:108760009DF84A10022003F0780360F30201402BC9
:108770008DF84A1002BF9DF8481041F001018DF8B4
:108780004810632A7FF408AF003B18BF01239DF80F
:108790004820C2F340010B4363F341028DF84820A7
:1087A00000E713F0380FCED1F6E69DF84A200321FA
:1087B00013F0780F61F302028DF84A2014BF0123F1
:1087C0000023E4E70123E2E79DF948100029B4BF44
:1087D00013994FF0FF31FBE69E077FF508AF149E1B
:1087E00000230428CDE913339DF8493007D19907B8
:1087F00005D49DF949100029ACBF06260D2602F0CC
:108800000702012AC3F3C30332D1DA1E042A04D8B3
:10881000DFE802F02045452020002268012B4FEAC6
:10882000E271CDE910211BD19DF94020D117CDE98E
:10883000102104349DF84820069292074FD0059BE2
:1088400003993A46504625F0ECFD0028C0F27B83A0
:108850000544DCE554F8042BD117CDE91021E9E7F4
:10886000022BE6D111B242F3C032CDE91012E0E79B
:10887000022A24D1DA1E042A04D8DFE802F01810F4
:1088800010181800012B54F8042B4FF0000114D0DD
:10889000022BCDE91021CDD192B21092CAE7073454
:1088A00024F00704F4E80201CDE91001C2E754F80E
:1088B000042B109200221192BCE7D2B2CDE7042A19
:1088C00008D1073424F00704D4E900010834CDE9C5
:1088D0001001AFE7032AADD154F8042BDDE79DF872
:1088E0004B80B8F1780F3FF692ADB8F1570F5CD8D6
:1088F000B8F1250F00F0A480B8F1240F7FF687AD02
:10890000B8F1410F04D0A8F14503022B3FF67FAD2B
:10891000DDE91023002BC0F24D810699080700F114
:108920004C81C1F300194FEA4919C3F30A51C3F34B
:108930001303002940F0448152EA030014BF4FF0B2
:10894000010C4FF0000CD80240EA5250D702CDE99A
:108950000C70B8F1460F47EA010740EAE17008BF22
:108960004FF06608384300F0B881BCF1000F10D01A
:108970001B0343EA125317033A4618464FF0000C04
:10898000002880F25681BCF1000F40F05981CDE9FA
:108990000C730D9B43F00043A1F2FE3B0D930021AD
:1089A000DDE90C230F46052060E1A8F15802202ADA
:1089B0003FF62DAD01A151F822F000BF878B0200D8
:1089C0000F8402000F8402000F8402000F84020053
:1089D0000F8402000F8402000F8402000F84020043
:1089E000118902000F840200338B0200478B0200C2
:1089F0001189020011890200118902000F8402000E
:108A0000478B02000F8402000F8402000F840200D3
:108A10000F8402008D8B0200878B0200D78A020030
:108A20000F8402000F840200518A02000F840200AA
:108A3000878B02000F8402000F840200878B0200E4
:108A400003994046D0470028C0F27D820135DEE41C
:108A5000002E109F3BDB3146384622F0D1FD002F1F
:108A60003FF4D5AC3E18F31B4FF000099DF84A20A7
:108A700012F01001069100F05B82023312F0400206
:108A8000DDF84C80089218BF149ACDF81C8043443E
:108A900018BF9B18049A002A40F36582D31A9DF8E8
:108AA000482004935007C2F3800B00F15C8251060A
:108AB00040F14C82B9F1000F07D003994846D047E6
:108AC0000028C0F240820135D94630223FE23846C4
:108AD000FEF716FBC6E71098002800F024820DF17F
:108AE0007503009312AA17AB002105F03DFCBDF8F9
:108AF0004A3003F0EF0343F4F04343F0100307461A
:108B0000ADF84A304FF00009002E0CDB9DF84820EC
:108B10000DF17503DB1B6FF386129E428DF8482022
:108B200001D9F31A1393002F3FF471AC0DF17506C0
:108B30006DE0109B8DF85C304FF000090DF15D0683
:108B400017AF012392E7069B1F0758BFC3F3001915
:108B5000DDE9102354BF4FEA49194FF02B09002BD0
:108B600006DA524263EB4303CDE910234FF02D099F
:108B70000DF175030093DDE9100117AB12AA05F0A2
:108B8000F3FB0746C0E74FF00009F1E7109A072B07
:108B90003FF63DACDFE803F00C04060C08080C0CB3
:108BA000157034E4158032E4EB17C2E900532EE46B
:108BB00015602CE44FF02D09B7E64FF02B09B4E611
:108BC00040F2FF70814231D108F10108A2495FFAF9
:108BD00088F8134311F8081001F003011ED1012990
:108BE0000BBF492369234E216E210CBF462266220A
:108BF0008DF85C309DF848308DF85D106FF386136A
:108C00008DF85E208DF848300DF15F0617AFF31B2D
:108C1000B9F1000F3FF42AAF013327E7012915BF4F
:108C20006E234E23612141211A46E1E74FF0000CEB
:108C300089E6921801F1FF3140414FF0010C9FE6A7
:108C4000CDE90C20A5E6520842EAC3725B08B3F1F5
:108C5000333F59460BF1010BF5D200FB03FCA2FB9D
:108C6000002301F1020B6344013F01211BF1020FBC
:108C7000E9DB09B1CDE90C23BBF1000FDDE90C32D2
:108C80002EDCCBF10401A1F120000BF11C0B02FA48
:108C90000BFB22FA00F0CA40CB40079208F0DF023B
:108CA00043EA0B03472A43EA00037DD1F91C01DBA9
:108CB000BE422BDAA8F10208002E5FFA88F87CDDAC
:108CC0009DF84820920606F1FF3676D4B6F1000BE7
:108CD00018BF4FF0010B721C27E04FF0000B5EE64F
:108CE000023342F100020CA8CDE90C3225F06AFBF8
:108CF000DDE90C320BF1FF3B0137DB185241002A52
:108D00000BF1FF3BF9DACDE90C32B5E79DF84820CD
:108D10009006A6EB07064DD4B6F1000B18BF4FF036
:108D2000010BF2194FF066084AD4102AA8BF10228E
:108D30009FED477B8DED0E7B10200B90DDE90E0142
:108D4000002A3FD1079A1B1842EB0101B1F1805F65
:108D500047D2CDE90C31069BB8F1660F03F0200233
:108D600040F0C180002F47DC30238DF85C30002AB2
:108D700074D1002E40F3BA812E238DF85D3087B177
:108D80007B42B342A8BF33469DF84A201393002B81
:108D9000A6EB0306D4BF0023012363F345128DF82D
:108DA0004A200DF15E0340E0B8F1660F4FF0000B72
:108DB000B7D090E74FF0000BB3E74FF0000B8AE716
:108DC0000022B5E7400840EAC1704908CDE90E012C
:108DD0000EA8CDE9082325F0F5FA089A099B013A77
:108DE000ACE75B0843EAC1730CA84908CDE90C3134
:108DF000013725F0E7FAAEE717AB0B9900290BDD39
:108E00000BA90CA8CDE9063225F0F4FA069B079AC7
:108E100003F8010B013FF0D11397AAB9002E40F3DC
:108E200063812E2103F8011B0027002E1FDD0B9A02
:108E3000002A1CDD0BA90CA8069325F0DBFA069B83
:108E4000013E03F8010BF0E72E2203F8012BEBE7BC
:108E50000000000000000008DC5B05002E238DF8F8
:108E60005D30002F9DD0002E8ADC0DF15E03BBF13A
:108E7000000F4CD114961E4608F0DF03452B21D17C
:108E8000002FBABF7F422D232B23632FC8BF64223C
:108E90007370C2BFB7FBF2F303F1300102FB13772B
:108EA0004FF00A0286F80080CABFB170023603365E
:108EB000B7FBF2F303F1300102FB1373303331706F
:108EC00073700236139B002B2BDC149B002BD4BF3A
:108ED000002301239DF84A2063F3861200238DF8B6
:108EE0004A20337092E60BA90CA8069225F082FA6C
:108EF000069A8DF85C00302818BF07F1FF3712B9C9
:108F0000002E40F3F3802E238DF85D3049E71E4696
:108F1000013B16F8012C302AF9D02E2A08BF1E4634
:108F2000AAE70123D6E7734E8146771F05239DE507
:108F3000110748BF0133A1E5104609920399D047B4
:108F40000028099A05DA1FB0BDE8F08F2022DDF86D
:108F500010B0594600290BF1FF3BEDDC049BCDF826
:108F600010B02B445D1AB9F1000F05D003994846A3
:108F7000D0470028E7DB0135089B002B79D09DF90D
:108F80004930002B29DBDFF870913B46187819F83F
:108F9000002052079B4603F101033FD49DF84A305D
:108FA000EF1B98065F4407D44246002A08F1FF38B9
:108FB0003BDC079B3B449F1A9BF800002E280AD1FC
:108FC0000399D0470028BEDBB8F1000F07F1010775
:108FD00031DC0BF1010B5D4638E0B94699F8000031
:108FE0007028C84609F1010913D1EF1B149D4744AD
:108FF0003D44EB1B002B34DC03993346424650467C
:1090000025F00FFA00289EDB3844049E05460644EE
:1090100065E00399D0470028E0DA94E706930399C6
:10902000D0470028069BB1DA8DE703993020D0475E
:109030000028B9DA87E703993020D04708F1FF38D4
:10904000C0E70399D0470028FFF67DAF287819F8CC
:1090500000305907A84605F10105F2D4A7EB0B072C
:10906000C4E703993020D0470028FFF66CAF0137E2
:10907000BFE79DF84A30DA0601D41B0706D50399ED
:109080003020D0470028FFF65EAF0135069B3BB18C
:1090900003999DF84B00D0470028FFF654AF0135E7
:1090A000A84406E003993020D0470028FFF64BAFD4
:1090B0000135A8EB0503002BF4DC039933463A464F
:1090C000504625F0AEF90028FFF63DAF28449CE756
:1090D00003992020D0470028FFF635AF0135731BD8
:1090E000002BF5DCFFF793B91746C0E60DF15D03E1
:1090F000BDE600BF3B640500DD5B0500000000002D
:109100002DE9F843D0E90738856903EB08042F34CB
:10911000A5420F46164619D8DFF87080A3FB080158
:1091200017A3D3E90023FEF799FF0346601BA0FBBA
:10913000080123F07F4412A3D3E90023FEF78EFF3A
:1091400020F07F403C603060BDE8F883DFF83C9061
:109150000BA3D3E90023A5FB0901FEF77FFF20F055
:109160007F4409480A2106A3D3E90023E8FB09014B
:10917000FEF774FF20F07F403C603060BDE8F8836C
:109180008D49FD1A0700000000166BF100CA9A3BDA
:109190009FED0D7B124B134A1348144910B483ED15
:1091A000007B9FED0B7B82ED007B9FED0B7B104BDB
:1091B0004FF0FF34002281ED007B04601A605DF8FF
:1091C000044B10F023BD00BFFFFFFFFFFF1F000097
:1091D00000000000000000001F0000000000000070
:1091E00080020020D81E0020AC320020780200202F
:1091F000A432002000000000002800F037812DE993
:10920000F04FC74C94F85E30DA078DB000F16881FA
:10921000627F94F8293004EB820204EB8303166A20
:10922000DF6A0EB3354615F8020BC0F380100FF05D
:109230008FFB0368C6F802308388AB8033785B0607
:1092400006D5062128460DF0B9FF002800F04A8116
:109250003D4615F8020BC0F380100FF079FB036850
:10926000C7F802308388AB80337813F00E0F40F0DC
:10927000958063691BB10C200DB0BDE8F08F10F034
:109280000BF88146002800F03B8110F011F882466F
:10929000002800F0328112F071FC0546002800F031
:1092A0003181D0F888004FF6FF73AB8405F1100BC5
:1092B000002800F01D8105F17C0205F178010DF018
:1092C00089FFB5F8763023F4EF6323F0070343F406
:1092D0008C7343F00103A5F8763095F8373003F02E
:1092E0003F0363F07F0385F8373095F88E3023F025
:1092F000070385F88E3095F83C3023F00F034FF0CC
:10930000000885F83C304FF4C023C5F88E3128465C
:10931000C5E91288C5F88880A5F88C8085F8398061
:10932000A5F82A80C5F82E80C5F85080A5F8608180
:10933000A5F89481A5F88A8114F0D2FB85F86481A0
:10934000C5F8689112F0E6FE95F89C3160F30203CF
:1093500085F89C3112F0E4FE95F89C3160F3C5036A
:1093600085F89C3195F8623168F3410385F86231E4
:109370000121284613F086FA05F1E00014F0D0F937
:10938000C4E9159AC4F814B0C5E9028885F80080CC
:109390002D6117F07FFE002840F0A680237E01217A
:1093A000C3F342030DF12B008DF82B300EF0B0F813
:1093B000024600285CD03946304611F035FF594945
:1093C000594BB4F85C70A0FB0101C0184FF00005C8
:1093D00051A3D3E9002341F10701C4E902552570E7
:1093E000FEF73CFE60600FF06FFA00F109083FB92C
:1093F000357805F00F05A5F10105B5FA85F56D097C
:10940000207E636865F3000010F00105207636D0F9
:10941000464A0992002010600225454A454F0493B0
:109420000BAE019305920321CDE902000694434659
:109430000090089607972A460B950FF047F931469A
:109440000FF0ACFFA0B93C4905914AF2D833009324
:10945000CDE90300CDE9010007970896069443463D
:10946000012203210B950FF015F92EE011F078BEC3
:109470006369002B3FF4FFAE11F048FEFBE62B4A78
:109480002E48049303F2471306940295912113602A
:10949000A7FB000301FB0731264B0793244B0593E1
:1094A0004FF6FF730992022703930BAE1AA3D3E979
:1094B00000230B970896FEF7D1FD4346CDE90050F7
:1094C0003A46284603210FF001F931460FF066FFB6
:1094D0000028CDD194F85E3043F0010384F85E306B
:1094E0000020C9E61220C7E611F010FE0320C3E6F3
:1094F00005F18000C5F88800DDE648460FF0D2FE91
:109500000720B9E650460FF0D9FE48460FF0CAFED4
:10951000F6E700BFAFF300808D49FD1A0700000099
:109520006433002000CA9A3B8C49FD1A583300204E
:10953000A1B20300E989030091AF0300002AE78488
:1095400070B5037E8AB0C3F342030D460446012181
:109550000DF1230016468DF823300DF0D9FF31466A
:109560000246284611F060FE1F49204AA0FB013147
:10957000981841F107011AA3D3E90023FEF76EFD05
:1095800063689842054621D21B1A00220192184AAC
:109590000293184BA21AA3FB023202219209002364
:1095A0000A4409AE099114490591CDE90333032119
:1095B000D2B20696009318460FF0E8F831460FF045
:1095C000EDFE38B9656000200AB070BDFBD9C21A43
:1095D0000023DBE70C200AB070BD00BFAFF30080B2
:1095E0008D49FD1A0700000000CA9A3B8C49FD1AFC
:1095F00064330020ABAAAAAAE98903000000000096
:1096000038B5194C9DF810E094F828C01CF00105FD
:1096100021D163F3420C4001237DA1834FEACE0E9A
:109620000EF0180E00F0200040EA0E0023F0380380
:1096300003430E4823759121A2FB000384F828C040
:1096400001FB023106A3D3E90023FEF707FDC4E9BD
:109650000800284638BD0C25284638BDAFF30080E9
:109660008D49FD1A07000000E01E0020002AE78453
:109670002DE9F043044600F1150190F82800237D00
:109680003F4DC0F3400060F386138DB023750FF09B
:109690006FF9227DA38B3B48246102F079020027F9
:1096A00022759121A3FB0002C4E90277277001FB18
:1096B000032131A3D3E90023FEF7D0FC324A636AC9
:1096C0002362651BA2FB05250933C5F347159842A4
:1096D00005EB450898BF27624FEA88082B4F8EBFDD
:1096E000636003466060064647F808300FF0ECF808
:1096F00047440DF12C090997CDF820900694A38BCF
:1097000000F109081F480027A3FB000203979121DD
:1097100001FB0321636804931D4B07931D4B0593C5
:1097200002230B9314A3D3E90023FEF797FC104602
:1097300019464FF47A720023FEF790FC0435EDB21F
:10974000CDE90160032143462A46009738460EF0D2
:10975000BDFF49460FF022FE40B994F8283043F08F
:10976000010384F828300DB0BDE8F0830C200DB063
:10977000BDE8F083AFF300808D49FD1A07000000BB
:10978000E01E0020002AE784A38B2EBADC330020E1
:10979000E989030089B703002DE9F04F05468BB036
:1097A0008B46012002219946144619F099FB0022AC
:1097B0000221824601200DF05DFD2F494FF4D47245
:1097C00028460DF0E7FC461D2C4B0093F6B20195A0
:1097D0004B463246012100200FF032F810F0FD0F09
:1097E00042D1274BA4FB0348204621A3D3E9002301
:1097F0004146FEF733FC089506956B680493214BB0
:1098000020F07F47A7FB0331E01A1F4B07934FF06F
:1098100007021E4B059302FB07114FF6FE7368EB20
:10982000010103934FF47A720023FEF717FCCDF881
:1098300000B0CDE901704B463246012100200EF008
:1098400029FF10F0FD0F0DD1BAF1000F02D10BB0BE
:10985000BDE8F08F0122022110460BB0BDE8F04FA9
:109860000DF008BD00DEEFE700DEBAE7AFF30080E1
:109870008D49FD1A07000000101F00203DBA0300AB
:1098800000CA9A3B8D49FD1A25BA03005904040009
:109890002DE9F0418468A28C4FF6FF739A428CB098
:1098A00000F08E800546204614F096FB2B7D012BA0
:1098B00000F00D81022B00F00081002B00F0DF8012
:1098C00094F86471002F40F0FB802B8AE68D94F9A8
:1098D0003720CDE90A77002B75D0002AC0F24181EC
:1098E0000023A4F89031AB7CA28D03F00303551C38
:1098F000012BADB200F0BF80B4F89431002B00F022
:10990000EC80AB4240F246815B1B9BB2062BA4F875
:1099100094314FF000028CBF00230123E2851F46E3
:1099200094F83C2063F3820284F83C2029460DF130
:109930002702204614F010F9743000F02581B4F8A5
:109940008E312BB1AB4240F2FD805B1BA4F88E310F
:10995000B4F88A312BB1AB4240F2EB805B1BA4F828
:109960008A31E58D17B9AE4200F0DA800135ADB22B
:1099700094F8D13013F0010640D1DDE90A130A460C
:10998000002B40F0DD80002900F0CC801E461846F8
:10999000A28C24690694CDE9035705329C4D0290B0
:1099A000CDE90016D2B20121002005950EF0EEFEA1
:1099B00010F0FD0F04D00FF01BFD844240F0FB803F
:1099C0000CB0BDE8F081002AB8BF84F8D570AB7C3C
:1099D000A28D03F00303551C012BADB24BD0B4F89C
:1099E0009031002B88D0AB4240F2D9805B1BA4F8A9
:1099F0009031B4F89431002B83D191E794F937205A
:109A00006FF30003002A84F8D130C0F2818094F80B
:109A10007600C0F3C00100F0070017F0BFF9B4F8FA
:109A20006E20B4F86C301344E28B03F23F131344FE
:109A30000344784A78480721E3FB0021104672A3CB
:109A4000D3E90023FEF70AFBDDE90A1320F07F4289
:109A500060686260904235BF161A801A00200026A6
:109A60000A46002B94D156EA010C91D1002859D016
:109A700019461E468CE70023A4F8943150E794F869
:109A80008E3003F01803182B7FF41AAF218DB4F831
:109A90008C218B1D9A42C4BF931F5B1AB4F88811A6
:109AA000CCBF9BB21346994200F09480A4F8883151
:109AB000A4F88A31A4F88E2102E73D2784F8647166
:109AC000394620460CB0BDE8F04112F0E3BB00235C
:109AD000A4F88E31A4F88A31F2E6E28C052A97BF09
:109AE000013240F2E2434FF4FA7392B203FB02F206
:109AF000B4F8923142F2107101FB0323013BB3FB36
:109B0000F2F39BB2A4F89431002B7FF4FAAE07E78E
:109B100094F87700012100F0070017F041F97EE783
:109B20003D4625E7002D3FD00026114630463346FE
:109B30002EE70023A4F88A31204614F09FF810E79E
:109B4000304625E70FF0FAFB014680B30023A4F866
:109B50008E31A38CC3801B23037100680FF0C0FB00
:109B6000F6E694F8D53043B3013B84F8D53004F1E0
:109B7000E008404613F016FE90B3404613F012FE84
:109B800090B30023E385ABE69DF82710204612F042
:109B900081FB15E70821204612F07CFB10E73E21EF
:109BA000204612F077FB0BE7002FBDD108E7012319
:109BB000A4F88E31CCE600DE02E70AAA0BA92846FB
:109BC000FFF79EFADDE90A231343D0D0237884F807
:109BD000D530CCE7B4F88E1100297FF471AE67E779
:109BE000FF2012F019FBC8E70246D4E91E010DF070
:109BF00009FB0028C5D194F83C301B0744BF238DD6
:109C0000E3856DE6AFF300808D49FD1A0700000083
:109C10007DBA03008C49FD1A00CA9A3B000000007F
:109C20002DE9F04F87B0B0F86071BDF84C9000910D
:109C3000CDE90423B0F82431BDF840A01F44BFB2E1
:109C40000446A7EB090390F87600D4F81C819EB275
:109C5000BDF844300193C0F3C001BDF8483003960D
:109C600000F00700029317F099F8E58C052D40F2FB
:109C7000A48015FB06F5ADB240F2E24BBAF1050F38
:109C800040F28F80B4F86E20B4F86C30134403F2C5
:109C9000D5130344764A77480721E3FB00214FF0B0
:109CA0009613E3619623104623846FA3D3E9002320
:109CB000FEF7D4F9564620F07F4040F2E2430BFB1A
:109CC00005F203FB06F6531E3344B3FBF6F31FFA0B
:109CD00083FB606006FB0BF082425D4653D2654910
:109CE000801AA0FB010160A3D3E90023FEF7B6F9B7
:109CF00020F07F408044B4F82421B4F86031A9EB0F
:109D000007094D44ADB213442B44A4F86031638D70
:109D100013441D4494F837306585DB0955D100DEC6
:109D200000273546019B2385029BA4F892313146DA
:109D30002046A4F826A013F03BFF4F4B218D33445F
:109D4000881DB3FBF6F39AB29042A4F88C2104D29A
:109D5000C1F57F41FA310A4492B2009BA4F88821F0
:109D600013B10023A4F8943143462A4639462046CD
:109D7000FFF712FD94F8623143F0010384F8623179
:109D800007B0BDE8F08F121A3A48A2FB000136A3D3
:109D9000D3E90023FEF762F920F07F40A8EB00082A
:109DA000A9E74FF096130AF10106E3619623238495
:109DB000B6B20A204FF4FA7381E7039B013515FB15
:109DC00003F5ADB24FF4FA7B58E7216CA36C294F31
:109DD00001FB0233039A01FB1233A3640023C4F88E
:109DE000DC3017F0ABF9054694F8D400C0F342001C
:109DF00017F0A6F9054406FB05F5204B1C4805F5B0
:109E0000742505F23F25A3FB0535AD0CA36C256435
:109E10000BFB05FB72085B44963A934228BF13463E
:109E2000C4E91123049B40F2E24909FB03F3072133
:109E30002365EBFB07010CA3D3E90023FEF70EF922
:109E40000F4B059AA8EB0008A3FB0230800A09FB20
:109E500000F0A0FB070104A3D3E90023FEF7FEF8FE
:109E6000751B20F07F475DE78D49FD1A0700000054
:109E70008C49FD1A00CA9A3B7FC3C90183DE1B438C
:109E80005917B7D1000000002DE9F04F0D460968C1
:109E9000B0F82EC0D1F800900146144651F82EAB10
:109EA00052F8086B8F788346D0F81E00BBF822105A
:109EB0009BF81C80A4F808C09770DBF82A20626029
:109EC00091B0DBF83A20C4F82220ADF83C109BF8A2
:109ED0003E100E9084F8261010AB13E9030004F135
:109EE00022020C90ADF83410104605210DF010FB45
:109EF00094F8272000F03F0060F3050284F8272043
:109F00009BF83F20C2F3040184F82810BBF83410FA
:109F1000E1820128C8F380180DD902F01F021B321C
:109F200002F01F020B2A06D889B2063989B240F620
:109F30007A42914219D90021C9F8081094F82C20CE
:109F400061F3000284F82C200125DBF80C408BF82B
:109F50000450504659460FF0B7F920682571214644
:109F600011B0BDE8F04F0FF0BBB92A680021516075
:109F7000BBF836202283E78ABBF832300A9340F2DE
:109F8000E242304602FB07F713F026FE9BF83F1033
:109F900096F8D400490961F3430086F8D40017F01D
:109FA000CDF80B9096F8D400C0F3420017F0C8F833
:109FB0000B99084407FB00F0994900F5742000F262
:109FC0003F20A1FB00107908800C96392063616363
:109FD0009BF8311040F2E24201FB02F26264BBF8EE
:109FE0003820A6F892213946304613F0E1FD8D4A1B
:109FF0008D49C6F898113A44B2FBF7F290B2A6F830
:10A000008C01218B01F1060C604504DDC1F57F4117
:10A01000FA31014488B25946A6F8880111F81C2F7C
:10A02000C907C2F3401200F1EC80BDF83410ABF860
:10A0300023100C988BF81E804FF48071CBF81F0012
:10A04000ABF81C10E18AABF82610218BABF8281076
:10A05000B6F89211ABF82A1096F8D4100B92C1F30F
:10A0600042018BF82C10304611F094FDA082ABF821
:10A070000600D5F80480504659460FF025F9A38A0A
:10A080000B9AA8F806301C23D8F800A088F80430F2
:10A09000002A40F0A28088F81C20414650460FF06C
:10A0A0001FF994F86700B4F85CA0B4F85E80012151
:10A0B00000F0070016F074FED04408F2D51800EB4B
:10A0C00008038246DFF86C8158480721E3FB08014A
:10A0D0004FF09613C4E903334FA3D3E90023FDF7F0
:10A0E000BDFF20F07F407060EB680A98226B40F261
:10A0F000E24101FB003404F2B3440221A41A01201E
:10A10000BF1A00220DF0B6F8484611F03FFAA4EB52
:10A110000A040246A4FB080114463FA3D3E9002326
:10A12000FDF79CFFCDF80490AB684149009120F009
:10A130007F4AA21C363BD2B25344012100200EF0CC
:10A140007FFB01285FD099F81830DB0751D43046E7
:10A1500011F020FD374BA7FB039804462EA3D3E94B
:10A16000002348464146FDF779FF334BAD68334A3B
:10A17000079220F07F47A7FB0331B9EB0300304B78
:10A1800005934FF4F8730696089373684FF0000B2D
:10A19000CDE903B34FF0070303FB071168EB01019F
:10A1A0004FF47A720023FDF759FF0534363DE4B2CF
:10A1B000CDE90170CDF800A02B462246012158467A
:10A1C0000EF068FA10F0FD0F23D101220221104693
:10A1D00011B0BDE8F04F0DF04DB894F8273043F0C2
:10A1E000400384F82730201D16F030FA0122208524
:10A1F00051E7002301220093184611460EF0DEFAC3
:10A20000A5E700DE11E70FF0F3F881459BD000DEF3
:10A2100099E700DED9E700BF8D49FD1A070000006D
:10A2200083DE1B437FC3C901404B4C008C49FD1AA0
:10A23000E104040000CA9A3B8D49FD1A3104040070
:10A240005904040000000000F0B5C468636883B0DE
:10A250000546002B41D118F01DFA6FF0130018F0DD
:10A260003FFA0021084618F02DFA00222521082087
:10A2700018F06AFA364B019301A818F051FA3549E3
:10A2800040F25B6018F00AFB237AC3F3420262F3E8
:10A2900006132372204617F0D7F827682E68384631
:10A2A00016F034FD06446A6806F10901012018F031
:10A2B0002FFC18F01DFD204611F074F9811C324668
:10A2C000C9B2384616F024FD054698B9204616F066
:10A2D000EBFC68B9002003B0F0BD93F82C309B076D
:10A2E000B9D01D48214618F0A9F918F07FFAF1E716
:10A2F00000DEEFE7194A1A491A4840F2114324F0E8
:10A30000A7F8194B0721A5FB030301FB05310EA399
:10A31000D3E90023FDF7A2FE14490246144824F0B5
:10A3200097F8002585F31188BFF36F8F0323184634
:10A3300002DF1048214618F081F918F057FA6FF043
:10A340008B00C8E7AFF3008000CA9A3B0000000012
:10A35000D6BE898E55555500510E04006457050030
:10A36000B0570500045605008D49FD1AE057050059
:10A37000B45705004D1104002DE9F041C46823795C
:10A380006FF300038CB023710F46054618F082F975
:10A390006FF0130018F0A4F90021084618F092F9A4
:10A3A00008200022252118F0CFF901200FF0C0F875
:10A3B000002864D01C3018F0F1F9494B0B930BA81E
:10A3C00018F0AEF9474940F25B6018F067FA20795F
:10A3D000C0F34100253016F0ADFC4348214618F08B
:10A3E0002DF923799B062DD5962018F085FB0023A7
:10A3F0001A461946184618F0B7FAD4F800802E68A5
:10A40000404616F083FC06446A6806F10901002004
:10A4100018F07EFB18F06CFC18F016FB204611F0CB
:10A4200075FA011DC9B24046324616F071FC054668
:10A4300048BB57B1204616F037FC10BB00200CB0CB
:10A44000BDE8F08118F0F0FAD7E72369002BF1D0CE
:10A45000264D0795264D059540F2F3150093CDE95D
:10A460000377CDE9017706943346032239460895F0
:10A470000EF010F910F0FD0FDCD000DEDAE700DEA0
:10A4800098E700DEDAE71B4A1B491C4840F2E51357
:10A4900023F0DEFF1A4B0721A5FB030301FB053167
:10A4A0000DA3D3E90023FDF7D9FD1649024616484E
:10A4B00023F0CEFF002585F31188BFF36F8F0323B0
:10A4C000184602DF1148214618F0B8F818F08EF946
:10A4D0006FF08B00B3E700BF00CA9A3B000000009A
:10A4E000D6BE898E55555500211A0400B5170400B3
:10A4F000C5170400EC570500B057050004560500C9
:10A500008D49FD1A38580500B4570500411804005C
:10A510002DE9F043C468A28A4FF6FF739A4283B0D4
:10A5200000F00081064617F01DFC3389628B208CF9
:10A53000A3831A4492B2104494F82730E28380B285
:10A54000411C21845D064FF00001618304F122016A
:10A5500000F1A88003F03F000B4694F8281000900B
:10A5600004F1290016F02AF80546D4E90C31A26B53
:10A57000A08BA36303FB0022E36B8A4294BF9B186A
:10A580005B188B4228BF0B46626C216CE3630A4464
:10A5900094F867306264002294F82C10226494F8D6
:10A5A0007E20C3F3020363F3061112F0040284F861
:10A5B0002C1000F0888018F06DF86FF0130018F080
:10A5C0008FF8201D18F0ACF82389A17A40F25B6067
:10A5D00043EA014118F062F9284616F0ABFB214628
:10A5E000574818F02BF8A08918F086FA94F86620DE
:10A5F00094F86700C2F3C003002102F0070200F0E4
:10A60000070018F0B1F9204617F046FCD4F8008096
:10A610003768404616F07AFB0744726807F1090173
:10A62000002018F075FA814618F036FB002018F06B
:10A630004DFBE36B94F8670003F12F02636C00F0AD
:10A640000700012103EB420518F0BCF84D44054416
:10A6500094F8670000F00700022832D004280CBFED
:10A660004FF4BC73282301211D4418F0ADF8284491
:10A6700018F004FBA18A05313A46C9B2404616F0EB
:10A6800047FB0546B0B1B37A13F0020629D0002586
:10A690002C48214617F0D2FF18F0A8F8284603B03E
:10A6A000BDE8F0830A4603F03F03218D15F0D2FF89
:10A6B00005465AE7204616F0F7FA002839D100255A
:10A6C000ECE71823CFE7D4E91A010CF09BFD002832
:10A6D0007FF471AF94F87E3043F0040384F87E3049
:10A6E00069E7194A19491A4840F2591323F0B0FE94
:10A6F00018480721A5FB000301FB05310EA3D3E990
:10A700000023FDF7ABFC14490246144823F0A0FED9
:10A7100086F31188BFF36F8F0323184602DF6FF0B3
:10A720008B05B5E70E48214617F088FF18F05EF854
:10A73000C5E700DEC3E700BF00CA9A3B0000000087
:10A74000C1200400310E04004C580500B05705002C
:10A75000045605008D49FD1AA0580500B4570500A0
:10A76000510E04000000000007EE901AF8EEE77AA0
:10A7700070B567EE807A064617EE900AFDF7C8FCC2
:10A780000D4D80FB05450AA3D3E900232046294649
:10A79000FDF714FC094A3060002320462946FDF7E6
:10A7A0000DFC064A0023FDF709FC726070BD00BF76
:10A7B0000010A5D4E80000003AA3950040420F0025
:10A7C00007EE901AF8EEE77AB2EE047A67EE807A36
:10A7D00070B5C7EE877A0646114D17EE900AFDF761
:10A7E00097FC80FB05450AA3D3E9002320462946B0
:10A7F000FDF7E4FB08A3D3E9002330602946204697
:10A80000FDF7DCFB074A0023FDF7D8FB726070BD43
:10A8100000209BF35E10000080A8120100000000E1
:10A82000D8EF2F0040420F0070B50446C1B307298E
:10A8300044D153681068264AD917C0FB0231012B56
:10A8400071F100023DDB2348181841F100011EA3FD
:10A85000D3E90023FDF7B2FB022826691AD010289D
:10A860001AD004281AD008282BD1032529462046BF
:10A8700028F089FA00281EDB174B33F815303D22EB
:10A88000A3FB023207EE903AF8EEE77AC6ED037AC0
:10A89000002070BD0025E9E70125E7E70225E5E78F
:10A8A00010881BF023F90028F3DBC1B220461BF00F
:10A8B00049F90028ECDA6FF00400EAE76FF0850050
:10A8C000E7E76FF01500E4E73AA395000000000009
:10A8D00040420F009DD14A00F05E050000000000DC
:10A8E00070B50D46032D114604461A4609D0072DB2
:10A8F0000BD0394A3948022124F097FA6FF08500CD
:10A9000037E0BDE87040FFF78FBF002951D007291D
:10A91000F4D159681D68324BC8170A46C5FB03209D
:10A92000B425A2FB0531012A05FB001170F10000DE
:10A9300020DB2C48181826A3D3E9002341F100019D
:10A94000FDF73CFBFA281DD0B0F5FA7F1CD0B0F51E
:10A950007A7F1BD0B0F5FA6F1AD07D2835D1042547
:10A9600029462046266928F01EFA002812DA6FF0E0
:10A97000040070BD1C48181861F1000114A3D3E94C
:10A980000023DDE70025EBE70125E9E70225E7E7FE
:10A990000325E5E7154B33F8153041F21712A3FBF9
:10A9A000023207EE903AF8EEE77AC6ED077A002019
:10A9B000DFE718881BF09AF80028DADBC1B22046DE
:10A9C0001BF0A4F80028F2DAD1E76FF01500D0E709
:10A9D000D8EF2F0000000000D1840500F44B0500E3
:10A9E00040420F00ECF717001408E8FFE65E050090
:10A9F0002DE9F04F2DED028BD3B00C46CDE90801C7
:10AA000092460B9320F0F0FF036813931846FCF76F
:10AA100077FBA38912901D0603D52369002B00F054
:10AA20008A870023CDF810A0CDE92733CDE915336F
:10AA3000CDE917330E9314930793049B9FEDA27BEC
:10AA40001B7829AA8DED107B26929346002B00F0EF
:10AA5000EB81DDF810A004E01AF8013F002B00F0B4
:10AA60001C81252BF8D1049BBAEB030540F01A8119
:10AA70009AF80030002B00F0D78100239AF801509B
:10AA80008DF87B3006930AF1010A4FF0FF390393EA
:10AA90000AF1010AA5F120035A2B00F23B81DFE8FD
:10AAA00013F0A502390139019E023901390139013A
:10AAB0006A003901390166027802390171028502A2
:10AAC00039017E025B005B005B005B005B005B00AA
:10AAD0005B005B005B003901390139013901390143
:10AAE00039013901CF01390134028700CF01CF018B
:10AAF000CF013901390139013901C2023901390166
:10AB0000B5003901390139013E023901B00239017C
:10AB10003901010739013901390139013901390197
:10AB200039013901CF01390134028B00CF01CF0146
:10AB3000CF01F2028B0080003901E8023901DA020C
:10AB4000B900C902800039013E027D0025073901A4
:10AB50003901280739017D00A5F1300300221AF8D8
:10AB6000015B02EB820203EB4202A5F13003092BE9
:10AB7000F5D906928EE7089D284620F035FF4368F8
:10AB800017931846FCF7BCFA18900446284620F0A4
:10AB90002BFF83681593002C40F070869AF80050C4
:10ABA00076E7039B9AF8005043F0200303936FE786
:10ABB000039B43F010030393039B9C0640F1948195
:10ABC0000B9B073323F007031A46596852F8083BDA
:10ABD0000B920A460029C0F2BB85B9F1FF3F00F095
:10ABE000F587039921F0800653EA020100F05A85A7
:10ABF0000A2B72F1000180F07C8730338DF84731E9
:10AC00000DF2471303960493012634E0039B43F0AF
:10AC100010030393039B13F0200200F054810B9B5D
:10AC2000073323F0070319465A6851F8083B0B9184
:10AC3000039921F4806600210020B9F1FF3F8DF8CF
:10AC40007B0000F0938226F08000039053EA02001C
:10AC500040F08B82B9F1000F40F0C187002940F02D
:10AC6000268516F001061BBF30238DF8473152AB05
:10AC70000DF2471304930023B145CDE90C33494647
:10AC80009DF87B200A93B8BF314605910F93002AA7
:10AC900052D0059B013305934EE0049BBAEB0305AC
:10ACA00000F0C280049B289FCBE90035279B01332D
:10ACB0002F44072B289727930ADC0BF1080B079BDF
:10ACC0002B440793D4E600BF000000000000000002
:10ACD000DDE9080126AA21F0AFFA80B90DF1A40B35
:10ACE000EDE7DDE9080126AA21F0A6FA002800F028
:10ACF0008A800A9B1BB10A99089820F077FD099B6E
:10AD00009B89590601F1E582079853B0BDEC028B8F
:10AD1000BDE8F08F002D00F0878000228DF8E45010
:10AD20008DF87B200123CDE90C2205931E4639AB1B
:10AD30000A9291460F920493039B13F0020302D0F0
:10AD4000059902310591039911F0840405D1DDE9DB
:10AD500005010F1A002F00F34183289F8AB1279A1B
:10AD60000DF17B0101320137CBF80010072A4FF0BB
:10AD7000010128972792CBF8041000F387830BF189
:10AD8000080B83B1279B1FAA01330237CBF80020A1
:10AD9000072B4FF0020228972793CBF8042000F3EB
:10ADA00083830BF1080B802C00F0FC81A9EB0608D3
:10ADB000B8F1000F00F34282039BDA0500F16D81C8
:10ADC000049BCBF80030279BCBF804600133F519C6
:10ADD000072B2895279300F3AA820BF1080B039BFE
:10ADE000580705D5DDE905239C1A002C00F36E8376
:10ADF000DDE9062305998A42ACBF9B185B180793CF
:10AE0000002D7FF46EAF002327930A9B1BB10A9994
:10AE1000089820F0EBFC0DF1A40BCDF810A0049BDA
:10AE20001B78002B7FF415AE289B002B3FF467AFF7
:10AE3000099C089826AA214621F0FEF9A38960E71B
:10AE40000B9B073323F00703B3EC027B57EC176B24
:10AE50000B9327F000431B938DED1A7ADDE91A015D
:10AE6000AE4B4FF0FF328DED107BFDF769F80028F7
:10AE700040F09B84DDE91A01A84B4FF0FF32FDF74B
:10AE800041F8002840F091840022002330463946E2
:10AE9000FDF72EF8002840F05B879DF87B20039B90
:10AEA0009F4C23F0800303939E4B472DC8BF1C4645
:10AEB00003210023CDE90C3304940A9305910E4637
:10AEC00099460F93E3E60B9951F8043B0B910399D4
:10AED00011F010017FF4ACAE039A12F0400000F0C4
:10AEE00019879BB20A46A3E60B9A52F8043B0B92D1
:10AEF000039AD00600F15584039A510640F14D841F
:10AF000043F3C03211461BB264E60B9B002253F898
:10AF1000041B8DF87B208DF8E4100B9302E70B9F48
:10AF200057F8043B049300268DF87B60002B00F05B
:10AF30009E86B9F1FF3F00F00D8504984A463146E0
:10AF4000FCF7BEFA0A90002801F025810A9B049ABA
:10AF50000B97B1469E1A26EAE673CDE90C999DF847
:10AF60007B200593CDF82890CDF83C908FE60B9B85
:10AF700053F8042B0692002A80F20A84069A0B9357
:10AF800052420692039B9AF8005043F00403039345
:10AF90007EE52B239AF800508DF87B3078E5039BF3
:10AFA0009AF8005043F08003039371E5524612F87B
:10AFB000015B2A2D01F01982A5F13003092B92467D
:10AFC0004FF000093FF666AD1AF8015B09EB8909FD
:10AFD00003EB4909A5F13003092BF5D95AE5039B89
:10AFE0009AF8005043F00103039351E59DF87B303C
:10AFF0009AF80050002B7FF44BAD20238DF87B3066
:10B0000046E5039B43F0100616F0200200F089830A
:10B010000B9B073323F0070319465A6851F8083B86
:10B020000B91012108E6039B9AF8005043F00803B6
:10B0300003932DE50B9A039B43F0020652F8043B61
:10B040000B9247F63002ADF87C20374A1492022169
:10B0500000227825F0E5039B9E0640F1FD830B9BC3
:10B06000079A1B681A60D2175A600B9B04330B9324
:10B07000D3E69AF80050039B6C2D00F0538443F004
:10B080001003039304E59AF80050039B682D00F029
:10B09000408443F040030393FAE4652D40F3538169
:10B0A000DDE9100100220023FCF718FF002800F062
:10B0B0004982279B1D4ACBF800200133013701222A
:10B0C000072B28972793CBF8042000F38E850BF1EC
:10B0D000080B209B0E9A934204DB039BDB0701D4F1
:10B0E0003D467CE6129B139ADD19CBE90023279B92
:10B0F00028950133072B279300F3FE830BF1080BF0
:10B100000E9B5C1E002C7FF76AAE102C279B084F0D
:10B1100040F37885DDE90889102611E0FFFFEF7F15
:10B12000E05C0500E45C0500F05C0500B05705003C
:10B13000205D05000BF1080B103C102C40F36285DC
:10B1400001331035072BCBE90076CDE92735F1DD4A
:10B1500026AA4946404621F06FF800287FF4C9AD81
:10B16000DDE927350DF1A40BE6E7039E01293FF445
:10B170003FAD022900F0768152AC03F00701DB08F5
:10B1800043EA4273D208303153EA0207204604F8FA
:10B19000011DF2D1F707049400F1768252AB0396B9
:10B1A0001E1B68E5DDE90523A3EB0208B8F1000FDB
:10B1B0007FF7FCADB8F1100F3A46279BC04F29DD51
:10B1C00019951C961024DDE90865194606E0A8F1DA
:10B1D0001008B8F1100F0BF1080B18DD0131103217
:10B1E0000729CBE90074CDE92712F0DD26AA29460C
:10B1F00030460DF1A40B21F01FF800287FF479AD43
:10B20000A8F11008B8F1100FDDE92712E6DC199D4E
:10B210001C9E0B460133CBF80070072B08EB02078E
:10B22000CDE92737CBF8048000F30E85A9EB06089B
:10B23000B8F1000F0BF1080B7FF7BEADB8F1100F9E
:10B240003A46279B9E4F2EDD5946089CC3464FF039
:10B250001009B84637462E46099D06E0ABF1100BA3
:10B26000BBF1100F01F1080118DD013394481032D1
:10B27000072BC1E90009CDE92732EFDD26AA2946CF
:10B28000204620F0D9FF00287FF433ADABF1100B3E
:10B29000BBF1100FDDE9273229A9E6DC35463E4631
:10B2A0004746D8468B460133CBF80070072B08EB96
:10B2B0000207CDE92737CBF8048000F325820BF194
:10B2C000080B79E5279B7F49CBF8001001337D1CE3
:10B2D0000121072B28952793CBF8041000F34A850A
:10B2E0000BF1080B002A40F0E084039B0E9A03F058
:10B2F000010313433FF473AD129B139A5919CBE921
:10B300000023279B28910133072B279300F3EF8518
:10B310000BF1080B049ACBF800200E9ACBF804200E
:10B3200001335518072BCDE927357FF756ADDDE9F9
:10B33000080126AA20F080FF00287FF4DAAC289DBF
:10B340000DF1A40B4BE50E9B012B0BF1080640F30E
:10B350007A81049BCBF80030279B0133013701220F
:10B36000072B28972793CBF8042000F3F981129A32
:10B3700003F10108139BD519B8F1070FC6E9003294
:10B38000CDE9278500F3F88108360E9BDDE9100131
:10B3900003F1FF3900220023FCF7A0FD002840F054
:10B3A0008B81049CC6F8049008F1010801344D44D7
:10B3B000B8F1070FCDE92785346000F359810836CD
:10B3C000169A726008F101031544072B22AACDE9F1
:10B3D00027353260ABDC06F1080B00E5102FDDE904
:10B3E0002721DFF8E4802DDD19934346CDE91C4584
:10B3F000B046DDE908451E4604E0103F102F0BF172
:10B40000080B19DD013210311023072ACDE927215D
:10B41000CBF80060CBF80430EFDD26AA29462046A1
:10B420000DF1A40B20F008FF00287FF462AC103F60
:10B43000102FDDE92721E5DCDDE91C453046199BAD
:10B440004646804601323944072ACBF80080CBF8C3
:10B4500004702891279200F3A9839DF87B200BF1BB
:10B46000080B7AE4149C52A903F00F001B09205C1E
:10B4700001F8010D43EA0273120953EA0200F3D105
:10B4800052ABCDE903615E1AFFF7F5BBDDE90801B8
:10B4900026AA199320F0D0FE00287FF42AAC289F1A
:10B4A000199B0DF1A40B6CE4DDE9080126AA20F03C
:10B4B000C3FE00287FF41DAC289F0DF1A40B72E49D
:10B4C000205D0500B0570500305D0500102C279B5E
:10B4D000DFF8CC8323DD4746DDF82490DDF82080BB
:10B4E000102604E0103C102C0BF1080B16DD013384
:10B4F0001035072BCBE90076CDE92735F2DD26AAFA
:10B50000494640460DF1A40B20F096FE00287FF43A
:10B51000F0AB103C102CDDE92735E8DCB8460133F0
:10B520002544072BCBE90084CDE927357FF760ACB4
:10B53000DDE9080126AA20F07FFE00287FF4D9ABC0
:10B54000289D55E4209A002A7FF7BCAE0C9E0E9BE6
:10B55000049A9E42A8BF1E46002E134419930BDD89
:10B56000279B01333744072BCBE9002628972793E5
:10B5700000F39F850BF1080B0C9D002EA8BFAD1B9F
:10B58000002D00F3EF81049B0C9A13449946039B12
:10B590005E0500F10C82209C0E9B9C4203DB039A0B
:10B5A000D50740F18E84129B139ADD19CBE9002355
:10B5B000279B28950133072B279300F3DE850BF19A
:10B5C000080B0E9B1C1B199BA3EB0906A642A8BFE8
:10B5D0002646002E0DDD279BCBF800900133354425
:10B5E000072BCBF804602895279300F3E0850BF137
:10B5F000080B002EA8BFA41B002C7FF7F0AB102C6B
:10B60000279BA64F40F3FE82DDE90889102605E05E
:10B610000BF1080B103C102C40F3F4820133103571
:10B62000072BCBE90076CDE92735F1DD26AA49467F
:10B63000404620F001FE00287FF45BABDDE92735B2
:10B640000DF1A40BE6E7039BDC073FF582AE049BFC
:10B65000CBF80030279B03F101087D1C0123B8F1D2
:10B66000070F2895CDF89C80CBF804307FF7A8AE63
:10B67000DDE9080126AA20F0DFFD00287FF439ABC0
:10B68000DDE9278529AE9BE6302900F0C882049ABF
:10B6900003963023023802F8013C52AB1E1A049084
:10B6A000FFF7E9BAB9F1000F7FF4A7AA039652ABEE
:10B6B0004E460493FFF7DFBA0E9B012B7FF780AE57
:10B6C000112B764F40F3E48243461024DDE9088BCA
:10B6D00006E00836A9F11009B9F1100F40F3D7823E
:10B6E00001331035072BC6E90074CDE92735F0DDAD
:10B6F00026AA5946404620F09FFD00287FF4F9AA6B
:10B70000DDE9273529AEE5E7DDE9080126AA20F0C5
:10B7100093FD00287FF4EDAA289F0DF1A40BFFF7FD
:10B720004BBB0B9951F8043B0B9116F010010CD157
:10B7300016F0400004D00A469BB20121FFF77CBA04
:10B7400016F400721CBFDBB202460121FFF774BA87
:10B750005B42039E62EB42022D200121FFF76DBA8E
:10B76000DDE9080126AA20F067FD00287FF4C1AAC0
:10B77000DDE9273729AEFAE5DDE9080126AA20F040
:10B780005BFD00287FF4B5AADDE9278529AEFCE53D
:10B790009AF800500B93FFF77BB9039A920500F1DA
:10B7A000A083DA171146FFF715BADDE9100102464A
:10B7B0000B46FCF7C5FB002840F0CC85612D00F05E
:10B7C0009584412D00F00385B9F1FF3F00F0AA8375
:10B7D00025F02003472B04D1B9F1000F08BF4FF02B
:10B7E0000109DDE91001039C002944F480720592EF
:10B7F000C0F2B584002341EC180B19930A93A5F10C
:10B800004103252B00F2C482DFE813F09603C20245
:10B81000C202C2028F039303C202C202C202C20268
:10B82000C202C202C202C202C202C202C202C202F8
:10B83000C202C202C202C202C202C202C202C202E8
:10B84000C202C202C202C202C202C202C202C202D8
:10B85000C202C2028F039303039BDD0600F1018243
:10B86000039B5C0600F13783039B980540F1F98147
:10B870000B9B079A1B681A70FFF7F7BB159B9AF88A
:10B880000050002B3FF404A91B78002B3FF400A9C3
:10B89000039B43F480630393FFF7FAB8205D050030
:10B8A000305D0500BD4B1493039B13F0200200F0A4
:10B8B00002810B9B073323F0070319465A6851F89E
:10B8C000083B0B910398C1070AD553EA020107D040
:10B8D00040F00201039130218DF87D508DF87C10ED
:10B8E000039921F480660221FFF7A6B9039EFFF7B2
:10B8F0008BBBAB4B1493D7E7DDE9080126AA20F0F8
:10B900009BFC00287FF4F5A9289D0DF1A40BFFF7FF
:10B91000F7BB43F400739AF8015003930AF1010A4C
:10B92000FFF7B6B843F020039AF8015003930AF1E9
:10B93000010AFFF7ADB8089840211FF0A1F9099B53
:10B9400018601861002800F0C184099A40235361EF
:10B95000FFF767B804980B97FBF7D2FBB146064692
:10B96000FFF7F9BA102D3A46279B8E4F40F3E1813D
:10B97000DDE90848102605E00BF1080B103D102DFD
:10B9800040F3D78101331032072BCBE90076CDE9A4
:10B990002732F1DD26AA4146204620F04DFC002842
:10B9A0007FF4A7A9DDE927320DF1A40BE6E70D9995
:10B9B000CDF870A05A4638467A4EDDF854A0189B50
:10B9C000DDF824B04F464FF01008DDF83C9081B30D
:10B9D000B9F1000F00F0FD8009F1FF391799C2E9B4
:10B9E000001327990131184407292890279173DC07
:10B9F0000832199C9AF80010E51B8D42A8BF0D462D
:10BA0000002D0CDD2799013128440729C2E9007572
:10BA10002890279100F309819AF800100832002D30
:10BA2000ACBF4C1B0C46002C12DC0F440D990029B6
:10BA3000CED1B9F1000FCFD1199BCDF854A0B946A2
:10BA40009945DDF870A09346074628BF9946A2E5C0
:10BA5000102C279940F39084089D04930C9604E0E1
:10BA6000103C102C02F1080215DD013110300729BD
:10BA7000C2E90068CDE92710F2DD26AA594628461A
:10BA800020F0DAFB00287FF434A9103C102CDDE90B
:10BA9000271029AAE9DC049B0C9D15600131204484
:10BAA0000729CDE92710546000F310839AF800109D
:10BAB00008320F44BAE70B9951F8043B0B910399F4
:10BAC00011F010017FF4FEAE039A12F0400000F076
:10BAD00029819BB20A46F5E60898049326AA59469E
:10BAE00020F0AAFB00287FF404A92898049B29AA27
:10BAF0007FE70021CDE9045606F48067DFF8A880CF
:10BB0000159ECDF80CA052AC8C4605E00A2B72F1C4
:10BB1000000235D353462A46991841F10001A8FB8B
:10BB2000010525F0030000EB9500091A581A4FF0A3
:10BB3000CC3562F1000E05FB00F508FB0E55A0FBAD
:10BB400008A005440AF0010E0520AEFB000E4018C7
:10BB50004FEA5A0A303004F8010C4AEAC57A0CF16F
:10BB6000010C013C6D08002FD0D031788C45CDD12F
:10BB7000BCF1FF0FCAD00A2B72F1000280F0ED80F9
:10BB80001596DDE9045652ABDDF80CA0CDF838C0AF
:10BB9000CDE903641E1BFFF76EB800BF045D05000E
:10BBA000F05C0500205D0500CDCCCCCCDDE90801C2
:10BBB00026AA199320F040FB00287FF49AA89DF84C
:10BBC0007B20199B0DF1A40BFFF7C7B8039EFFF76D
:10BBD0000FB80D9901390AF1FF3A0D91FEE60129DE
:10BBE000039E7FF4C6AAFFF708B8DDE9080126AA7C
:10BBF00020F022FB00287FF47CA8289F0DF1A40BE5
:10BC0000FFF767BA01332544072BCBF80070CBF858
:10BC10000440CDE927357FF7E0A8FFF788BB049AF9
:10BC2000039652AB9E1AFFF726B80898049326AAEB
:10BC3000594620F001FB00287FF45BA89AF8001019
:10BC40002898049B29AAEAE6DDE9080126AA20F043
:10BC5000F3FA00287FF44DA8289F0DF1A40BFFF7FD
:10BC6000A5B80B9B079A1B681A60FFF7FEB94E46F2
:10BC7000062E1A4628BF062699460A93C14B0596FA
:10BC8000CDE90C220B9704930F92FFF700B898466A
:10BC900008F101084D44B8F1070FCDE92785376059
:10BCA000C6F804907FF78BABE2E4129B1398591906
:10BCB000CBE90003279B28910133072B279300F33F
:10BCC00016810BF1080B002ABFF624AB5642103246
:10BCD000AD4F80F2D382DDE90848102505E00BF175
:10BCE000080B103E102E40F3C98201331031072B90
:10BCF000CBE90075CDE92731F1DD26AA4146204682
:10BD000020F09AFA00287EF4F4AFDDE927310DF136
:10BD1000A40BE6E7039A12F400721CBFDBB20246E2
:10BD2000FEF786BF039A12F400721CBFDBB2024614
:10BD3000C8E50133CBF80070072B05EB0207CDE90E
:10BD40002737CBF8045000F3E0800BF1080B1AE41E
:10BD50002D228DF87B20FFF7A2B8189B1799E41AC3
:10BD60001A46204620F034FA737803B101364FF0BA
:10BD7000000CCFE6DDE9080126AA20F05DFA0028D4
:10BD80007EF4B7AF209A289D0DF1A40BFFF7AABA55
:10BD90004F46022124AB019321AB00930898B0EEEB
:10BDA000480AF0EE680A20AB3A4600F041FB672DE6
:10BDB000049000F00E82472D00F09D82049B25F038
:10BDC0002008B8F1460F03EB070605D11B78302B8E
:10BDD00000F0E482209F3E4451EC180B0022002327
:10BDE000FCF77CF8002800F040813346049A9B1A47
:10BDF0000E93209A0C92B8F1470F00F02481B8F10D
:10BE0000460F00F0FE81531E612D209300F0DE826C
:10BE1000412D40F0208150210120002BB6BFC2F1FE
:10BE200001032B222D22092B8DF888108DF88920F3
:10BE300040F33D820DF19706544F32461046A7FB62
:10BE40000312D20802EB8201A3EB4101303100F86A
:10BE5000011C19466329134600F1FF32EEDC303332
:10BE600002F8013C831EB34280F0BC820DF18902CE
:10BE700013F8011B02F8011FB342F9D152AB181A93
:10BE8000A0F1AD0316930E9B169A012B03EB02064D
:10BE900040F32D82129B1E4424F4806343F480738C
:10BEA00003930023CDE90C3326EAE6720F93059243
:10BEB000199B002B40F0D2809DF87B209946FEF71D
:10BEC000E6BE199A1C1BA2EB0906A6423D46A8BF76
:10BED0002646FFF78EBB0B9B079A1B681A80FFF75D
:10BEE000C4B843F3C01211465BB2FEF773BEDDE97E
:10BEF000080126AA20F0A0F900287EF4FAAEDDE9B8
:10BF00002731209A0DF1A40BDDE6DDE9080126AA10
:10BF100020F092F900287EF4ECAE289F0DF1A40BDE
:10BF2000FFF731BB4FF006095BE409F1010702217D
:10BF300030E74F4603212DE720A8B0EE480AF0EE87
:10BF4000680A20F011F900224FF07F5351EC100BDA
:10BF5000FBF75CFD0022002306460F46FBF7BEFF01
:10BF6000002840F0BB810A4B039309F1FF33CDE970
:10BF70001C9B0D95CDE90E4ADDF81080DDF80CB064
:10BF80001D460DE0185D0500205D0500CDCCCCCC34
:10BF9000045D050000220023FBF7A0FFF0B94D4629
:10BFA000AD4B002230463946FBF730FD0F460646C2
:10BFB000FBF7DCFF0446FBF7BFFC0B4602463946A5
:10BFC0003046FBF76BFB1BF80430C24608F8013B18
:10BFD0006B1C05F1FF3906460F46DBD19F4B0C95D4
:10BFE0000022304639460D9D0D94DDE91C9B0E9CC8
:10BFF000CDF838A0DDF83CA0FBF798FF002840F012
:10C000000E81964B304639460022FBF767FF18B188
:10C010000D9BDF0700F103810C9B002BC0F21A81FE
:10C020000C9B01334344302208F8012B4345FBD1DC
:10C03000049A9B1A0E9325F02008DAE6049A249BB2
:10C040009B1A209A0E93D31C0C9201DB914518DAAF
:10C05000531E023D2093E9B20020DEE62D228DF82A
:10C060007B204FF00009FEF714BE249BB342BFF4BF
:10C07000BDAE30215A1C24921970249B9E42F9D8DF
:10C08000B4E60E9B934200F3AB80E30740F160817E
:10C09000129BD618670502D5002A00F33381059B51
:10C0A000039326EAE6730593672500230F930D9308
:10C0B000FEE6DDE9080126AA20F0BEF800287EF49D
:10C0C00018AE289F0DF1A40BFFF756BA08980493F9
:10C0D00026AA594620F0B0F800287EF40AAE9AF855
:10C0E00000102898049B29AA0F449FE478238DF818
:10C0F0007D3030238DF87C30039BB9F1630F43F022
:10C10000020400F3AF8000230A9339AB0493039B2E
:10C1100043F481730593119B002B23DB9DED108B62
:10C1200000231993612D7FF46AABB0EE480AF0EE5C
:10C13000680A20A820F018F800224FF07F5351EC35
:10C14000100BFBF763FC0022002306460F46FBF7AB
:10C15000C5FE002840F0C280414B039305E7002351
:10C16000039C0A93DDE9102303F1004308EE903AA3
:10C170002D2308EE102A1993D4E7DDE9080126AA39
:10C1800020F05AF800287EF4B4AD209C289D0DF1D3
:10C19000A40BFFF716BA4E46CDF81490CDE90C006B
:10C1A0009DF87B200B9781460F90FEF770BDDDE96F
:10C1B000080126AA20F040F800287EF49AAD209CC1
:10C1C0000E9B289D1C1B0DF1A40BFFF712BA5823E0
:10C1D0008DE7E6077FF532AFC6194FF04708FBE55C
:10C1E0000E9B129A9E180C9B002B40F3C88067256B
:10C1F000620500F18880059B039326EAE6730593A8
:10C2000053E70C9A04F00103002A43EA090340F3C0
:10C21000D580002B40F0BD800C9E6625E8E70E9B84
:10C22000039A2493D17B18F8013C8B42424609D1F2
:10C23000302002F8010C249A531E249312F8013C7A
:10C240009942F6D0392B0BBF039B01339B7ADBB2AB
:10C2500002F8013C4346EBE6000030400000E03FBE
:10C26000F05C0500089809F101011EF009FD049039
:10C27000002800F0C980049B0A9348E70133314449
:10C28000072BCDE92731CBF80070CBF804607FF79E
:10C290003FA8DDE9080126AA1FF0CEFF00287EF4A2
:10C2A00028ADDDE927310DF1A40BFFF733B80028E5
:10C2B00040F0818030228DF88A200DF18B023033DE
:10C2C00002F8013B22ABD31A1693DCE5089A0C2343
:10C2D00013604FF0FF330793FEF716BD4E4B4F4AE6
:10C2E000612D18BF1A460123039220933DE6E20711
:10C2F0007FF5D2ADCEE5E1077FF5A0AE049BA84661
:10C30000DE1969E5672515990B78FF2B78D0002495
:10C310000C9A204603E001300131FF2B08D09342F4
:10C3200006DAD21A4B78002BF5D10B780134F4E7FA
:10C3300015910D900F940C92059B0D9A03930F9BF2
:10C340001344189A02FB036626EAE6730593AFE5E9
:10C3500016469FE6119B324C002B039BA8BF9DF80D
:10C360007B2023F08003B8BF2D220393B8BF8DF844
:10C370007B202C4BFEF799BD2B4DFFF78EBBC3F1F5
:10C3800001031E44059A039226EAE6730593672586
:10C390008BE6129BD6184E44662529E751EC180B04
:10C3A00000220023FBF79AFD00287FF413ADC7F1AC
:10C3B000010720970FE50DF18A0280E743B9059B3D
:10C3C00003930123059366251E466EE6702123E53F
:10C3D000059B0393129B5E1C4E4426EAE67305936D
:10C3E000662562E6022316934DE50B9B9AF80150F1
:10C3F000924653F8042B0B9342EAE279FEF748BBCE
:10C4000000230F930D9397E709998B8943F040021E
:10C4100013468A81FEF775BC045D0500F05C0500DB
:10C42000E85C0500EC5C0500205D050000000000F4
:10C430002DE9F04F9FB08DED040B0091016C289D0C
:10C44000029057EC106B0A92089349B1426C4A6013
:10C450000123934004468B601FF0F0FA002323640D
:10C46000B7F10009B4BF012300232B60764BBCBF9A
:10C4700029F00049CDF8149033EA090300F0A880B0
:10C480009DED047B002251EC170B00238DED067B04
:10C49000FBF724FD804668B1089A01231360299BAD
:10C4A00013B1299A694B1360694B039303981FB02A
:10C4B000BDE8F08F9DED060B02981CAA1DA91FF088
:10C4C000F3FD5FEA1955824640F09880DDE91C854E
:10C4D000454405F23243202B40F38483C3F14003EB
:10C4E00009FA03F905F2124326FA03F349EA0300B5
:10C4F000FBF712FA0123013D1193A1F1F871554B9D
:10C500000022FBF7CBF84AA3D3E90023FBF77EFA1E
:10C5100049A3D3E90023FBF7C3F8064628460F4694
:10C52000FBF70AFA46A3D3E90023FBF76FFA0246AA
:10C530000B4630463946FBF7B3F806460F46FBF785
:10C5400015FD00228346002330463946FBF7D0FC18
:10C55000002840F01B83A8EB0508BBF1160F08F17B
:10C56000FF3400F28D813C4D05EBCB05D5E900236E
:10C57000DDE90601FBF7BCFC002873D00023002C8A
:10C580000BF1FF3B1093C0F2808100230B93BBF1B2
:10C59000000F6DDA0B9BA3EB0B030B93CBF10003A6
:10C5A000CDE90EB3009B092B4FF0000B68D8052B8B
:10C5B00040F31D83043B00930025009B023B032BAB
:10C5C00000F22486DFE813F060045D0455043904AA
:10C5D000089AC9F3130942F20F7359EA0609136066
:10C5E0001CD1299B002B00F02C861C4B0393083395
:10C5F000299A039813601FB0BDE8F08FDDE9061299
:10C60000C2F31303084643F07F51CDF84480A5F2EE
:10C61000FF35DDF8708041F4401170E7299B002B55
:10C6200040F0E8830E4B039340E700BFAFF3008078
:10C6300061436F63A787D23FB3C8608B288AC63F28
:10C64000FB799F501344D33F0000F07FB1570500A2
:10C65000B05705000000F83F104E0500405D050092
:10C660004C5D0500B8F1000F40F35D8410900B9015
:10C6700000230F93009BCDF838B0092B5C4496D96A
:10C6800000234FF0FF32CDE90923012500930C95DB
:10C69000029B00215964099B189302981FF0A8F986
:10C6A0000390002800F0BB85DDE902321A64099B83
:10C6B0000E2B00F21481002D00F011810E9A002A39
:10C6C00040F33884B14D02F00F0305EBC30315119D
:10C6D000D205D3E9008940F1F883AD4BDDE90601CD
:10C6E000D3E90823FBF7BCFACDE9120105F00F05E9
:10C6F00003277DB1A64EEB0708D540464946D6E94B
:10C700000023FBF783F90137804689466D1006F157
:10C710000806F0D142464B46DDE91201FBF7A0FACC
:10C7200080468946109B43B19A4B002240464946B9
:10C73000FBF7DEFB002840F0F0843846FBF7FCF8FE
:10C7400042464B46FBF762F9934B0022FAF7A8FFEB
:10C75000099B0646A1F15077002B00F0A9800E9BA3
:10C760001993099B1293039B884D49464046CDE996
:10C7700014675E1CFBF7FAFB129905EBC10313ED7E
:10C78000027B07468DED167BFBF7D6F802460B467B
:10C7900040464946FAF782FF89460C993037DDE971
:10C7A00016238046FFB2002900F052847B49002006
:10C7B000FBF756FADDE91423FAF770FF039D0246F2
:10C7C0000B46CDE914232F7042464B46FBF7AEFBD8
:10C7D000002840F09684CDE91AB4CDF858A0129DF7
:10C7E000DDE914AB00272AE00137AF4280F2DD8497
:10C7F0006B4B504659460022FBF708F9684B002264
:10C8000082468B4640464946FBF700F989468046FA
:10C81000FBF7ACFB0446FBF78FF802460B4640469D
:10C820004946FAF73BFF303406F8014B52465B4667
:10C8300080468946FBF75CFB002840F0B384424603
:10C840004B4654490020FAF729FF52465B46FBF756
:10C850004FFB0028C8D0199BDDF858A0039A374633
:10C8600003F1010802E0974200F07B843E4617F88E
:10C87000013D392BF7D00133DBB23B70454674E103
:10C880000123002C1093BFF680AEC8F101030B9377
:10C8900000247CE63846FBF74FF842464B46FBF750
:10C8A000B5F83D4B0022FAF7FBFE0646A1F15077A2
:10C8B0003C4B404649460022FAF7F0FE32463B46E2
:10C8C00080468946FBF732FB002840F059844046F9
:10C8D0004946324607F10043FBF70AFB28BB1D9B84
:10C8E000002BC0F291800E9A0E2A00F38D80274D06
:10C8F0000E9B05EBC30595ED007B0A9B002B8DED90
:10C90000007B19DA099B002B16DC0ED1254B002287
:10C91000DDE90001FBF77AF802460B46DDE9060186
:10C92000FBF7F0FA002800F02B844FF00009039E7B
:10C930004F460A9BDD4324E2DDE90045DDE9068937
:10C9400022462B4640464946FBF78AF9FBF70EFB89
:10C950000646FAF7F1FF22462B46FBF757F8039FEE
:10C960000B46024649464046FAF798FE06F1300368
:10C9700007F8013B099B012B00F010830125CDF83E
:10C9800010A09946DDE900ABA8462BE0104E05004B
:10C99000E84D05000000F03F00001C400000E03FB3
:10C9A000000024400000144052465B4620462946C1
:10C9B000FBF756F9FBF7DAFA0646FAF7BDFF5246DF
:10C9C0005B46FBF723F808F101080B4602462946AF
:10C9D0002046FAF763FE06F13003C84507F8013B2D
:10C9E00000F0DA82B94B0022FBF710F80022002396
:10C9F00004460D46FBF772FA0028D5D00E9DDDF8EF
:10CA000010A001353E46B0E00C9A002A40F0D280DA
:10CA100000230F9E0B9D0C931F4655B1002C08DD83
:10CA2000A5420B9A2B46A8BF2346D21A0B92ED1AA9
:10CA3000E41A0F9B53B10C9B13B1002E40F0E78218
:10CA400051460F9A02981FF089F9824602980121F7
:10CA50001FF0A0F88146BBF1000F40F0B681009BAB
:10CA6000012B40F3CC810120204410F01F0000F086
:10CA70009A80C0F12003042B40F3DA810B9BC0F1B4
:10CA80001C0003440B93054404440B9B002B05DD61
:10CA9000514602981A461FF0BBF98246002C05DD6C
:10CAA0004946029822461FF0B3F98146109B002B9D
:10CAB00040F07081099B002B40F348810C9B002BB8
:10CAC00040F0A4800E9D0135DDF80C80099CDDF856
:10CAD00008B0012607E0514600230A2258461EF0FE
:10CAE000B7FF01368246494650461EF09BFDA642DE
:10CAF00000F1300308F8013BEDDB099A002AC8BFBA
:10CB00001646039AD8BF012602EB060B00245146B5
:10CB10000122029800931FF07BF9494682461FF0DC
:10CB2000EFF9002840F3E281039A02E05A4500F051
:10CB3000E8815E460BF1FF3B16F8013C392BF5D03E
:10CB400001338BF80030DDF80880494640461EF07E
:10CB500075FF57B12CB1BC4203D0214640461EF0B0
:10CB60006DFF029839461EF069FF029851461EF08B
:10CB700065FF00233370089B1D60299B002B3FF449
:10CB800095AC03981E601FB0BDE8F08F5846FAF7C9
:10CB9000D3FE32463B46FBF7A1F900287FF4DBAC1D
:10CBA0000BF1FF3BD7E41C230B9A1A440B921D4454
:10CBB0001C446AE7009A012A40F3A881099B0F9A56
:10CBC0005E1EB242C0F26A81002BA2EB060680F222
:10CBD000DD820B9B099A9D1A029801211EF0DAFF53
:10CBE00007461AE7C3F1200306FA03F080E40125A3
:10CBF000E3E43946002302980A221EF029FF189B1D
:10CC0000002B074640F3EF820E960993002D00F3A8
:10CC10003E81BBF1000F40F0DE81B846039E099CC7
:10CC2000731E1C44049B03F00103CDE90B43029CDB
:10CC3000494650461EF0F6FC3946834650461FF0E2
:10CC40005FF942464946054620461FF07BF9C26817
:10CC500001460BF13003002A3AD1CDE909035046D1
:10CC60001FF04EF90999069020461EF0E7FE069A3D
:10CC70000A9B002A5AD1009A1AB90C9A002A00F08D
:10CC80009A82002D45DB0B9AB346B2420BF8013B6A
:10CC900000F0B881514600230A2220461EF0D8FE3B
:10CCA0004745824639464FF000034FF00A022046BE
:10CCB00036D01EF0CDFE4146074600230A2220460C
:10CCC0001EF0C6FE5E468046B2E700BF000024406C
:10CCD000029806931EF0B2FE002D069B06DB049A16
:10CCE000009902F001020D432A432AD15146012244
:10CCF000029800931FF08CF8494682461FF000F915
:10CD00000028009B40F3E780392B00F02F820BF1C5
:10CD100031030E9D06F8013B3C460135474612E7BC
:10CD20001EF096FE5E460746804681E7002DC0F263
:10CD30007D8200990D430C990D4300F07782002A03
:10CD4000A1DD392B00F012820133E2E7009B022BB8
:10CD50007FF7B4AE099B002B40F01C8149460522A9
:10CD600002981EF075FE0146814650461FF0C8F835
:10CD7000002840F30F81039E0E9D312306F8013BEE
:10CD800001350298494601351EF058FE002F7FF408
:10CD9000E8AEEAE6494650461FF0B2F80028BFF672
:10CDA00089AE5146002302980A221EF051FE0E9BC6
:10CDB0005E1E0C9B8246002B7FF41BAF189B002B42
:10CDC00040F3FF810E9D09937EE601465A46029884
:10CDD0001EF0C4FF009B012B81466BDD4FF0000B62
:10CDE000D9F8103009EB830318691EF081FEC0F1F9
:10CDF000200039E6924B03930333FFF7F9BB049B02
:10CE0000002B7FF430AEDDE90412C2F31303002BD4
:10CE10007FF429AE8B4B134023B10B9B01330B9353
:10CE200001340123BBF1000F40F0AE819B461AE6AE
:10CE30003FF42BAEC0F13C03B6E601230C930A9BF2
:10CE40000E9A134418930133012B1E460993B8BF61
:10CE50000126172E40F3D581012204235B0003F144
:10CE60001400B042114602F10102F7D9029B596445
:10CE700013E401230C930A9E002E32DD18960996C6
:10CE8000E7E700230C93DAE700230C93F3E7394636
:10CE900002982A461EF0BCFF0746BAE60F9B0B9A83
:10CEA0000F96F31A9B44099B15461A441C440B9297
:10CEB000002691E6049B002B90D1DDE90401C1F32B
:10CEC00013030A46002B89D1A4E79DED067B0227B8
:10CED0008DED127B0DE47FF41CAFDA077FF519AFFF
:10CEE00012E70123CDE90933FFF7D2BB03D1009B41
:10CEF000DB073FF519AE5E461BF8013D302BFAD03B
:10CF000021E6039A3123013513701CE6119A002A99
:10CF100000F0FA8003F233430B9A0F9E15461A4431
:10CF20001C440B9258E6C8F1010304460B93109081
:10CF3000FFF79EBB00F0EC800E9B434D5E4206F077
:10CF40000F0305EBC303D3E90023DDE90601FAF77C
:10CF50005DFD3511CDE9120100F04E813B4E0023FD
:10CF6000022780468946E80709D5D6E900234046CE
:10CF70004946FAF74BFD01378046894601236D107B
:10CF800006F10806EFD1002B7FF4CCABDDE9128966
:10CF9000FFF7C8BB039ECCE4DDF810A00E9D02464F
:10CFA0000B46FAF77DFB02460B46CDE9042301351B
:10CFB000DDE90023A846FAF7B9FF40B9DDE900230F
:10CFC000DDE90401FAF78AFF18B1F10701D5039AE8
:10CFD0004CE43E46C9E5796802981EF009FD054615
:10CFE000002800F027813B6902339A0007F10C0109
:10CFF0000C30FAF7B5FA0298294601221EF008FF14
:10D0000080460BE60E9D3C46013547467FE5DDF840
:10D0100008803946324640461EF0A0FE5246014680
:10D02000074640461EF0E4FD5146824640461EF04B
:10D0300005FD0F9B9B1B0F933FF408AD00E500BF60
:10D040004C5D05000000F07F104E0500E84D050026
:10D05000DDE91401FAF7DAFC039B1F70129B012B28
:10D06000CDE90C0100F0C680129F039BCDF844B0BF
:10D070001F447C4B002240464946FAF7C7FC8946CC
:10D080008046FAF773FF8346FAF756FC0BF1300B34
:10D0900002460B4640464946FAF700FB06F801BB3C
:10D0A000B74280468946E4D1DDF844B06E4B002299
:10D0B000DDE90C01FAF7F4FA02460B464046494610
:10D0C000FAF734FF002867D1DDE90C236649002018
:10D0D000FAF7E4FA02460B4640464946FAF708FFDB
:10D0E00048B91D9B002BFFF693AC0E9B0E2B3FF710
:10D0F0008FACFFF7FDBB3E46013F16F8013C302BDD
:10D10000F9D0199D013530E51C9BC3F1360303E7C7
:10D11000DDE906890227FFF705BB099B002B3FF4D9
:10D12000B9AB189B002B7FF7DAAB0E9A1293013A3A
:10D130004C4B1992404600224946FAF767FC80465C
:10D140008946781CFAF7F8FB42464B46FAF75EFC34
:10D15000464B0022FAF7A4FA0646A1F15077FFF7F2
:10D1600002BB08F101083123FFF787BB0E9D039A2C
:10D17000B34639233C460BF8013B01354746D8E41A
:10D180004FF000094F46F6E59B4629E60B9A1546F7
:10D190001A441C440B921FE5199B039A03F10108E2
:10D1A000FFF764BBDDF858A0ABE7DDE91AB4DDF8A2
:10D1B00058A0FFF794BB392BD8D0002D3FF7A7AD6F
:10D1C000A7E5009B022B0ADC189B099349460E9D9C
:10D1D0001EF028FA039A00F1300313708DE4189BB7
:10D1E00009930E96B6E5009B022BF8DC189B0E9671
:10D1F00009930BE5374659E7DDE912890227FFF766
:10D2000091BA029B00215964FFF747BA029B00259F
:10D210005D64294618461EF0EBFB0390A8B9144B39
:10D22000144800224FF4D5711FF08AF8002A7FF7C6
:10D2300070AD5BE50E4B0F482A4640F2EA211FF025
:10D240007FF80D4B0393FFF731B9DDE902321A6421
:10D250004FF0FF3301220A9518930C920993FFF7C0
:10D260003EBB00BF000024400000E03F00001C4027
:10D27000505D0500645D0500405D050010B50B467E
:10D28000064A0748032120F022FEBDE81040054869
:10D290004FF4804200231CF057BB00BF105F050015
:10D2A000BC4C05000000002030B50F4D0FCD89B0FB
:10D2B00003AC0FC42B682360012300930B490C4B74
:10D2C000022203A806F012F8034630B1094A0A48C0
:10D2D000032120F0FCFD09B030BD084A06480321B7
:10D2E00020F0F3FDF7E700BF504D0500E04E0500CC
:10D2F000D84E05002A5F0500BC4C05004D5F0500B7
:10D300000448054A08B5012120F0DFFD012001F0A5
:10D3100079F800BFBC4C0500645F050030B5124AC7
:10D3200089B004460321114820F0CFFD1049204662
:10D3300009F00EFC10F0FF0304D00E4A0B48032145
:10D3400020F0C5FD0C4D06F001F90FCD03AC0FC464
:10D350002B682360012300930849094B022203A88C
:10D3600005F0C4FF09B030BD925F0500BC4C05005C
:10D37000200900209D5F0500644D0500E04E05007A
:10D38000D84E05000B4621B1034A0448032120F082
:10D390009EBDFFF7C3BF00BFBF5F0500BC4C0500CB
:10D3A00010B524F043FDBDE810400346024A03488F
:10D3B000032120F08CBD00BFD65F0500BC4C0500EA
:10D3C0000B4609B9FFF7ECBF024A0348032120F0DE
:10D3D0007EBD00BFF25F0500BC4C050030B5037890
:10D3E00093B0044607AD032B20D8DFE803F0021901
:10D3F0001B1D114928461EF063F8059563780493B8
:10D40000A3780393E37802932379019363790093DC
:10D41000A3790A4A1E210AA820F0BDFF13B030BD2F
:10D420000749E7E70749E5E70749E3E7074A0A212C
:10D43000284620F0B0FFE0E70B6005002D600500F6
:10D44000126005001960050023600500D37B05000C
:10D450002DE9F041254A13680133044613608368BF
:10D46000DFF8B480DB68224F224E03219847424602
:10D470002046002120F03AFD3A462046012120F0C6
:10D4800035FD32460221204620F030FDA3681A4DBA
:10D49000DB68072120469847184A0421204620F0DF
:10D4A00025FD174A0521204620F020FD2A460621A9
:10D4B000204620F01BFD134B1A68AAB198E8030020
:10D4C00000221A60104B83E8030097E803000F4B1B
:10D4D00083E8030096E803000D4B83E8030095E81A
:10D4E00003000C4B83E80300BDE8F081AC2500206D
:10D4F0007025002068250020502500206025002090
:10D5000058250020B0250020A42500209C250020BF
:10D51000942500208C25002078250020F8B500AF48
:10D520006E468CB014460D466A46234B5361234B1E
:10D53000C2E90634224B9362224BC2E9084142F809
:10D54000103F214800234FF4635101F01FFB062CCC
:10D55000B5461BD91D49224628461EF00FF8B8B91A
:10D560001B4A1948032120F0B0FC4FF4D011194890
:10D5700020F091FC00214FF4005026F011FE1548D8
:10D580004FF4B01120F087FCBD46F8BD032CFBD949
:10D590001149224628461DF0F1FF0028F4D10F4A18
:10D5A0000948032120F091FC0D4A002313600D4A25
:10D5B00013600D4A1360E7E7506005006F630500D4
:10D5C0000002030506000002BC4C05006F60050068
:10D5D00079600500F04E05000B6805009D600500B0
:10D5E00088250020842500208025002080B50D4A54
:10D5F0000D4B00AF8AB0002818BF13466A460B498E
:10D6000051610B49C2E906130A4B13620A4B42F8F7
:10D61000103F0A4800234FF4235101F0B7FABD46EA
:10D6200080BD00BFB3600500BB600500C46005009D
:10D63000616305000002010304000002BC4C050008
:10D640002DE9F04F2DED0C8BD3B05E4A5E4806AF4E
:10D65000032120F03AFC5D4826F019FA80B15B48BE
:10D6600026F015FA60B1594826F011FA40B1584831
:10D6700026F00DFA68B9574A5348032120F025FCDB
:10D680000024204607F59A77BD46BDEC0C8BBDE81B
:10D69000F08F00225049104624F0AAFC044630B115
:10D6A0004E4A03464848032120F011FCE9E705F003
:10D6B0009DF8044610B14A4A0346F3E7494D0FCDA1
:10D6C00007F11C040FC42B68236001230093464913
:10D6D000464B022207F11C0005F008FE044610B17B
:10D6E000434A0346DEE74349434806F0E1F904466E
:10D6F00010B1424A0346D5E741484FF4D01120F01B
:10D70000CAFB0028BCDB3F484FF4D01120F0C3FB1C
:10D710000028B5DB3C484FF4D01120F0BCFB0028BA
:10D72000AEDB68230026C7E90536294CA568D5F885
:10D730000080B8F1000F01D1344A9DE707F11403CE
:10D74000324603212046C0470028F5DBD5F800808B
:10D75000B8F1000F01D12E4A8EE707F114033246CB
:10D7600007212046C0470028F5DB2A4A1648032136
:10D7700020F0ABFBE84688B006AA274B2749536147
:10D7800000200423C2E9060142F8103F0E48334648
:10D790004FF4035101F0FAF9214B3B61AB68C546E8
:10D7A0000BB9204A68E7204A07F110012046984744
:10D7B0000028F6D14221EB6820469847002837DA46
:10D7C0001A4A59E7CF600500BC4C05009C4605008D
:10D7D00070480500EA600500240900200561050085
:10D7E0002A610500504D0500E04E0500D84E0500A9
:10D7F0004A610500DDD30200501000206B61050076
:10D80000F04E0500004F0500F84E05008961050047
:10D81000BB610500E46105000762050000E090407F
:10D82000010003002862050051D402004F62050088
:10D83000B54820F04EFBB54820F04BFBB44820F033
:10D8400048FBB44AB448032120F03FFB1CF0BCFB6A
:10D85000B249024641F2883001F062FD041E80F2B6
:10D8600044812346AE4AAC48012120F030FB4FF002
:10D87000FF34DFF81CA39FEDABAA4FF00008DAEDF0
:10D88000017AA94B9FEDA9CADFEDA99A9FEDA98A5C
:10D89000DFEDA9CAA94DB8EEE77AD5ED008AC7EE4B
:10D8A0000A7A9AED007AB8EEC77A77EE877A87EE31
:10D8B0008CBAD3ED017AB8EEE77AC7EE0A7A93ED27
:10D8C000007A9F4BB8EEC77A93ED00DAD3ED01DA18
:10D8D0009C4B77EE877AC7EE8CAAD3ED017AF8EEEF
:10D8E000E77A2AEEAA0A87EE8A9AD3ED007A964B57
:10D8F000F8EEE77A93ED007A39EE279ADFED937A26
:10D9000029EE299A0BEE0B0A29EE088A07EE278AE0
:10D91000F0EEC87AF4EEEC7ADFED8D7A83ED008AD2
:10D92000F1EE10FAD8BFB0EE678ADFED8A7A48EEE2
:10D93000278AC5ED008A1CF02FFFDFED877AB4EE51
:10D94000E70AF1EE10FA32D4F0EE6A0AB0EE4B0AB2
:10D950001CF0F6FE60EE299AF4EE699AF1EE10FAE8
:10D9600025D6DFED7EBAB0EE680AF0EE6B0A1CF049
:10D97000E9FEF0EE6B0A39EEC00A1CF0E3FEDFEDC3
:10D98000787AB4EEE70AF1EE10FAC8BF30EE6B0A0F
:10D99000DFED747AB4EEE70AF1EE10FA48BF30EE2C
:10D9A0002B0ADFED717A40EE278AC5ED008AD5EDAE
:10D9B000007A9FED6E7AF4EEC77AF1EE10FA00F17C
:10D9C0009A809FED6B7AF4EE477AF1EE10FAC8BFB9
:10D9D000F0EE477A674E631CC6ED007A1BD0B5EEB9
:10D9E00040BAF1EE10FA13D1F5EE40AAF1EE10FABA
:10D9F0000ED1F8EEEDDAB8EECDDACDEE8A7A77EE2A
:10DA00008D7A87EE8C7AB5EE407AF1EE10FA75D009
:10DA1000204601F053FC08F10108B8F1050F51D17F
:10DA20003068F9F79BFFC7E902012868F9F796FF0C
:10DA3000C7E9000119EE100AF9F790FFEB468CB028
:10DA40008046894606AA97ED027B82ED067B97ED1C
:10DA5000007B494B5361082382ED087BC2E90A89A8
:10DA600042F8103F00232C4844F2C00101F08EF828
:10DA7000DD46CDE904892868F9F770FFCDE9020198
:10DA80003068F9F76BFF3D4ACDE900014FF4807132
:10DA900007F130001DF0D0FC002183B207F1300205
:10DAA000084624F0BEFA031E0ADA13F10B0F07D062
:10DAB00013F1800F04D0324A1748032120F007FAEF
:10DAC0004FF000082F4BB0EEC88A0122B4EEEC8A6A
:10DAD0001A60F1EE10FA4FF000014CBF40F6CD4055
:10DAE0004FF4A47026F05CFBC9E6274A0A480321DC
:10DAF00020F0EBF9BDE6F0EE477A6BE7234A0648E3
:10DB0000022120F0E2F986E7F04E0500004F050003
:10DB1000F84E05006B620500BC4C050001D3020005
:10DB200084620500002474499C250020C3F51C4133
:10DB3000E02E6542CDCC4C3E9A99993E8825002036
:10DB4000942500208C25002080250020CDCC4C3F42
:10DB5000000000000AD7233CCDCCCC3D0000B443EC
:10DB600000003443000034C30AD7A33B000087C43D
:10DB70000000874484250020DD6205001363050052
:10DB800049630500B0250020A1620500B7620500C9
:10DB9000A42500202DE9F04F91B08407009302F0F6
:10DBA00004030293C2F3C20303F10103DDF86880AA
:10DBB000039205460E46059340F0BA81041D30B12C
:10DBC000072909D86FF01B0011B0BDE8F08F01F0F4
:10DBD00007063444C6F10806009B4FF00009591EA1
:10DBE0004FF0040A4FF0FF330193CDF810904F46E9
:10DBF000CB4653460DB1009820600598002800F3ED
:10DC0000E8809848009A824203D397488242C0F045
:10DC1000E080039AA4EB050E92074FEA9E0000F104
:10DC200003810F2F00F2B180002D00F0058107F174
:10DC300040020DEB020C019A0CF8200C0CF8102C91
:10DC4000049801300490E7E07A285DD84B280ED87C
:10DC5000472859D829282DD8252852D054D82028EB
:10DC60007AD02338D0F1000B4BEB000B74E04C382A
:10DC70002E2849D8DFE800F070484848484848480E
:10DC8000484848484B484848484848484859484BFD
:10DC90004B595959704B6D487048184B1848488279
:10DCA0007F4B48484B487F0000204FF0000B4FF05F
:10DCB000040A38E02A38C0B2012202FA00F010EA61
:10DCC0000E0F49D110F0625C2FD110EA020B43D045
:10DCD0006046013C5444B4FBFAF40AFB04F4002D02
:10DCE00061D0A3EB050CA444B4453FF66BAF00280C
:10DCF00068D1042B47D158F8043B23600434042333
:10DD00002AE0019A013A01924FF0000B24E011F849
:10DD1000010C6C2834D111F8023C00206C2B834696
:10DD2000C5D14FF0080A5346D3E708F1070828F099
:10DD300007080734F8E802AB24F0070435B1069869
:10DD40002044B0423FF63EAFC4E900AB08344FF088
:10DD5000000B4FF0080A534611F8010F002878D045
:10DD6000BBF1000F7FF470AF2528F5D1019B013383
:10DD700001934FF0010B4FF0040AECE7584694E78B
:10DD800000208346A5E7082B02D06FF015001BE7A3
:10DD900008F1070828F00708B8EC027B84ED007B47
:10DDA00008340823D8E768B9042B02D108F1040825
:10DDB000A4E7082BE9D108F1070828F0070808F1C3
:10DDC0000808EDE705980138059058F8040B009015
:10DDD00010E7039A900720D5A4EB050E4FEA9E00AA
:10DDE0004FF0010CBEF5007FCFD20F2FCDD8F5B18B
:10DDF00007F140020DEB020EC0B2019A0EF8200CA2
:10DE00000EF8102CBCF1000F3FF41AAF60F07F0049
:10DE10000EF8200C09F101090137C5F1080204349C
:10DE200006924FF6DA7E97E74FF0000CDAE7BCF186
:10DE3000000F01D00136EFE7029A0236002AEBD13B
:10DE40000098CDE90631F9F75BF9DDE906310644C2
:10DE5000E2E7631BB3F5806F97D23DB9A6F10804E2
:10DE6000E018B1E684450500A4890500029A2860FF
:10DE70009B082B709DF81030C2B1EB7085F80290B2
:10DE8000B9F1000F05D008A80022C5F1010C974296
:10DE90000ED1C5F101030DF120084FF0000A0193E6
:10DEA0000DF1300B574512D1601B8DE66B70E5E725
:10DEB00010F8013B190608D50CEB040EB64503F02B
:10DEC0007F033FF67FAE04F8013B0132DFE7B9F193
:10DED000000F03D098F90020002A17DB029BD3B172
:10DEE0001AF80B2004F8012B0022019B181910448A
:10DEF000B0423FF667AE98F8000004F8010B0099B5
:10DF000003922046F9F72CFB039A14440AF1010A04
:10DF100008F10108C6E798F8002055F82230009370
:10DF2000029B45F822300098F9F7EAF8421CDCE73A
:10DF30006FF00D0048E600BF2DE9F04F97B000AF3D
:10DF400090F802A0D7F880B03B62CBF3C003044640
:10DF5000FA62BB61894641B9457800780AEB8000D6
:10DF600020444D4517D8A0EB0409E378FB61BAF1D2
:10DF7000000F02D01BF0010F16D1FB6953BBFB6AE7
:10DF80001BB13A6A4946204698474D4628465C37B9
:10DF9000BD46BDE8F08F461C3046F9F7B1F80130B8
:10DFA000304409F10109DCE7237862687A62FA6A91
:10DFB0009900796104EB8301002A40F000814D460D
:10DFC0000E4601EB0A094FF000084E454CD101EB1B
:10DFD0000A0610E01BF0020FD1D023789A007A6174
:10DFE00062687A62FA6A04EB8301002A77D14D46AF
:10DFF00001EB0A0690461BF0050F0CBF022301231C
:10E00000FB62FB6906EB430A0BF00203BB62564559
:10E01000BCD016F8021B16F8013C54F82390994B1B
:10E02000994502D3984B994536D3BB69002B40D014
:10E03000786A20F068F900283BD0E9468AB06A4641
:10E04000924B53617B6AC2E906314FF4007313842B
:10E050008F4B42F8103F8F4800234FF4125100F0CD
:10E0600095FD023DCD46D2E716F8013BF96254F822
:10E070002300F9F745F8D7F88430F96A01304BB13D
:10E08000D7F8883098453EBFD7F8843023F8180079
:10E0900008F10108054498E7BB6923B1786A20F0CC
:10E0A00032F90028C9D11BF0010F05D1FB6AED1A26
:10E0B000ADE7BB6A002BAAD04846F9F721F8D7F89C
:10E0C000843053B1D7F8883098453FBFD7F88420C3
:10E0D000431C22F8183008F10108054497E7BAF10B
:10E0E000000F72D01BF0040672D0D046002607F154
:10E0F000480052463B61B962F9F732FAB96A3B69A6
:10E1000001EB0A02BA62FA69F9695200FA60BA6A66
:10E1100002EB41023A610BF00202BA603A69B96A55
:10E120008A4257D162787A621BF0020F32440CBFE8
:10E130004FEA580100211BF0010FD2B240F09F803E
:10E140001BF0040F14BF40460020BB616270A0703A
:10E15000E1703A6A7969FB6A20469847051EFFF626
:10E1600015AFBB6923707B6A6370FB69E37041463E
:10E170003A6AFB6A84F802A007F148009847B0F1B8
:10E180000008C0F2BB807B693A6AA9EB0A01C91A90
:10E19000FB68C91AD7E90A0398470028C0F2B08083
:10E1A000A84408EB00054FF0000B07F1380AB3450F
:10E1B00072D300213A6AFB6A08469847E6E656465B
:10E1C0004FF0000807F1380093E75646D04697E72E
:10E1D000B04695E7BA6A12F8021BBA6212F8015CFF
:10E1E000284A54F82500904202D3274A90421ED371
:10E1F000BA6932B1786A7B6020F085F87B680028C4
:10E200008CD1BA6802BB08F1280207F1300C08F182
:10E210000100944407F1580252FA80F008F1020814
:10E220000CF8101C5FFA88F800F8105C76E7BA6901
:10E230003AB1786A7B6020F066F87B6800287FF44A
:10E240006DAF1BF0010F09D006F1280207F1300075
:10E25000711C161806F8205CCEB25FE71BF0040FA5
:10E260003FF45CAF08F1280207F1300008F101012A
:10E2700002EB000808F8105C5FFA81F84EE7002016
:10E2800063E700BF84450500A4890500826305009B
:10E2900004000001744C05001BF80A3087F8373081
:10E2A00054F82390D7F884302BB3D7F888309B45A7
:10E2B00021D2D7F8843033F81B803A6AFB6A0121F7
:10E2C00007F13700984700281ADB0544B8F1000F22
:10E2D00006D14846F8F714FF00F101081FFA88F844
:10E2E0003A6AFB6A414648469847002808DB0544DD
:10E2F0000BF1010B5BE74FF00008DEE7454645E612
:10E30000054643E6014B1860704700BF3409002002
:10E3100030B587B00025CDE903010446009503A977
:10E3200005480595FAF75CF8DDE904309842B8BF76
:10E33000255407B030BD00BF55E30400F0B5094EC9
:10E34000016802460A2700200B4601311C78355D22
:10E350006D0701D41360F0BD07FB0043A3F130004B
:10E36000F2E700BFDD5B05002DE9F84F15469A4640
:10E37000D378234A12F803B06F2B81460F460BF077
:10E38000030B2BD026D8582B0CBF10260A26DDF8FD
:10E3900028803246002348463946F9F75FFE092AAD
:10E3A00008F1FF38D4B21ED83034B145E4B277F169
:10E3B000000788F8004001D3D04511D82B789B0680
:10E3C00005D5082E15D1AB7843F00803AB70404655
:10E3D000BDE8F88F03F0F703702BD5E70826D6E7E2
:10E3E00081460F46D5E7BBF1010F0CBF37345734D8
:10E3F000DBE7102EEBD1AB7843F01003E6E700BF6C
:10E40000DD5B050008B50446EFF31183202383F399
:10E410001288BFF36F8F18F0A7FB204601F0C6FFEC
:10E4200002481FF0ABFF20F01EFEFCE73C64050035
:10E430002DE9F047058B04462807904611D40229A0
:10E4400005F0070540F0CC80204620F092FA78B124
:10E450000138218B042811D8DFE800F0C2106D8547
:10E46000950001290CBF45F0100545F020052583D6
:10E4700088F31188BFF36F8FBDE8F08701F0070ABA
:10E48000AA4500F0A5800027B9463E46A368002BA8
:10E4900000F0BC8041F00801218388F31188BFF3AC
:10E4A0006F8FA168002900F0BA800D68002900F084
:10E4B000B680D1F80480334652462046C047002D2E
:10E4C00076D02B6829461D46F0E701F007035A1F56
:10E4D000012A1BD8002221F00701062B276889B2E8
:10E4E000C4E9002209D13B4603E0628B013262831A
:10E4F0001B68002BF9D141F002012183204620F056
:10E5000038FA00287AD041F0200176E0042B0AD1B5
:10E5100021F0070189B22183204620F02AFA10B1A8
:10E5200041F020012183218B01F0070AAA454FD039
:10E530000027B946AAE7236921F0070141F0060147
:10E54000062DD3F8009021832DD1B9F1000F3FD0D3
:10E5500041F00801218388F31188BFF36F8F3A4996
:10E560002046C84729E021F00701236941F0040152
:10E5700089B2042DD3F804902183E6D000273E46CB
:10E580004FF0040A82E721F00701236941F00501F9
:10E5900089B2052DD3F808902183D6D000273E46B6
:10E5A0004FF0050A72E700273E464FF0060A6DE776
:10E5B0002B4687E7B9F1000FD1D1EFF31188202363
:10E5C00083F31288BFF36F8F238B23F00803238319
:10E5D000258BEA062ED525F01003238305F00705C9
:10E5E0006669218B002EBFF670AF00232768C4E94F
:10E5F000003321F0070141F001012183218B01F05B
:10E60000070AAA454FF000097FF440AF002F9CD0C5
:10E6100041F00801218388F31188BFF36F8F002F29
:10E62000C8D03D68394633465246204620F0CDF9E1
:10E630002F46F4E7AB067FF51BAF25F020032383BD
:10E6400005F0070500E700BFF7E904002DE9F047F2
:10E65000DFF85880044607464FF0010914B93846E0
:10E66000BDE8F08794FAA4F5B5FA85F509FA05F343
:10E670002E0108EB05156FEA030A24EA03042B7B3D
:10E68000002BEBD058F806301B694BB946440422E6
:10E6900073682846196807EA0A0720F056FBDDE789
:10E6A000284698470028D9D1F0E700BF3C4D050027
:10E6B00030B51049104889B0002225F062FE0F4D98
:10E6C0000F494FF400320023CDE9062300240E2326
:10E6D000CDE90334CDE901440A4B00944FF4407274
:10E6E00028461BF0ADF90849284625F0A1FC204634
:10E6F00009B030BD0DE70200501900207014002051
:10E700008047002039EA02006564050001481AF0DC
:10E71000B7BE00BF281200202DE9F04780462148EF
:10E720000F4620F0F2FA0646002833D0002528468E
:10E73000BDE8F087237B83B12368DB680BB12046FB
:10E740009847636883F8069023681B69D3B96368A8
:10E7500004221968204620F0F8FA01361034544596
:10E76000E8D3B8F1000FE2D0002DDFD02846FFF744
:10E770006DFF0546002FF7D000214FF4A47025F05F
:10E780000FFDF1E7204698470028E0D009FA06F38C
:10E790001D43E2E7044CDFF814A005464FF00109E1
:10E7A000DDE700BFC42500203C4D05004C4D0500B1
:10E7B000014B53F8200070471C4F050008B5034675
:10E7C00008462BB1044A136000F07AFC002008BD13
:10E7D0006FF01500FBE700BF3809002010B5044CAE
:10E7E000237813B903481AF04BFE0123237010BDA0
:10E7F000164600202812002010B504460B4820F0D1
:10E8000084FA5CB1BFF35B8F094B53E8001F0139F9
:10E8100043E80012002AF8D1BFF35B8F054825F0CA
:10E82000BCFD0548BDE810401AF02ABEBC250020FA
:10E83000C025002050190020281200200020064B7F
:10E84000BFF35B8F014653E8000F43E80012002A34
:10E85000F9D1BFF35B8F7047BC25002070B5FFF77F
:10E86000EDFF084C084E0546B44200D370BD636806
:10E870005B792BB123685B6813B129462046984722
:10E880001034F1E73C4D05004C4D050010B5044C2B
:10E89000044920461FF0EBFE034B1C6010BD00BF77
:10E8A000F0100020084F0500B42500200D4A0E4846
:10E8B000002310B513700D4A13600D4A4FF4004148
:10E8C0001360FFF77BFFFFF7E1FF0A4B0A49184689
:10E8D0008B4200D310BD1A1A5C68121101322271EA
:10E8E0001033F5E71746002007ED0400BC25002093
:10E8F000C02500203C4D05004C4D0500014600227E
:10E90000014800231FF0D4BEF010002001481FF082
:10E910006DBF00BFF0100020024B014618681FF0C9
:10E92000B9BF00BFB425002001481FF0EEBF00BFF3
:10E93000F010002070B5294B187800284DD0FFF753
:10E94000E5FF0546002845D1254B264C1B68002BCA
:10E9500019DD25F0CEFC4FF47A72A0FB020302FB16
:10E960000131C30BD4E9002043EA41439B1A4FEA2B
:10E97000D13140F2E93261EB0001934271F10001C3
:10E9800001D3FFF76BFFD4E9003213F57A7342F13C
:10E990000002C4E90032BDE87040FFF7C5BF6368FC
:10E9A0005B7923B1236829461B68204698471034B9
:10E9B000B442F4D32846FFF7AFFFBFF35B8F0A4B97
:10E9C00053E8001F013943E80012002AF8D1BFF3D1
:10E9D0005B8FB9E7054C064EEAE770BD164600208E
:10E9E000BC25002048190020C02500203C4D050012
:10E9F0004C4D050070B50D4D297861B90120FFF728
:10EA00008BFE0B4C0B4EB44206D3FFF793FF00284E
:10EA1000FBD101232B7070BD63685B791BB1236848
:10EA200020469B6898471034EDE700BF174600204A
:10EA30003C4D05004C4D050000212DE9F0470846EE
:10EA4000FFF76AFE044648B340F267684FF00009DA
:10EA50001BF0BAFA1A4B186030B11A4B1B68092B1D
:10EA600002DD19481AF00CFD184FDFF85CA00025F4
:10EA700044B12046FFF7EAFD044618B94FF0FF38CD
:10EA80004FF0FF39FFF756FF064628B9B5B94246A1
:10EA90004B4650461AF02EFD3546E9E74FF0FF3859
:10EAA0004FF0FF39D4E72B689B691BB10022114658
:10EAB000284698471035BD42F5D3E8E7044DFAE7FC
:10EAC000B8250020C0250020281200204C4D05004C
:10EAD0003C4D050013B5184820F017F9174B1B786B
:10EAE00073B1EFF31184202383F31288BFF36F8F88
:10EAF000FFF720FF84F31188BFF36F8F02B010BDC2
:10EB00000F4B1B68002BF9D050B900220023CDE930
:10EB100000230C484FF4004200231BF045FDEDE7B5
:10EB20000928EBD1074825F038FC074802B0BDE8BA
:10EB300010401AF0A5BC00BFC025002017460020D9
:10EB4000B8250020501900202812002010B5064BCF
:10EB50001B68044698472146A06004481FF027FE22
:10EB6000BDE81040FFF7B6BF38090020F0100020C4
:10EB7000044A054B9B1AB1EBD30F34BF52F8310056
:10EB800000207047F44B05003C4D05002DE9F04F87
:10EB90008FB004AFC1F34A28B8600D4691467B6040
:10EBA0000C0DB8F1000F63D0002607F114034FF0ED
:10EBB000040B4FF00A0AC7F80C80C7E907667E62AB
:10EBC0000193CDF808B0CDF800A007F11C03F96857
:10EBD00032464846FFF7B0F9B0F5006F03461CD344
:10EBE0006C468AB0D9F8041004AB2648C3E9050185
:10EBF00040F2FF71D9611A464FF400711984224B1B
:10EC000042F8103F214833464FF41251FFF7BEFF40
:10EC1000A5462C37BD46BDE8F08FC0F30A0804F1C5
:10EC20001700184420F0070080083B60FFF766FEDD
:10EC300068F35325044690B13B68154AC7E9083686
:10EC400000F1100107F11403F961CDE900A3CDF83B
:10EC500008B0F96807F11C034846FFF76DF968F33F
:10EC600053257B68B9682A46204620F08EF8D0E705
:10EC700004F1170020F007008008FFF73FFE04466C
:10EC8000EDE700BF7A64050004000001A44C050014
:10EC90005DED04002DE9F04F87B0DDE91279DDE983
:10ECA000105A0446039193469846BFB1CDF80090A0
:10ECB0003B46524610210020CDF81490FEF76AFF23
:10ECC000B0F5006F06460AD3184A194840F2FF73A0
:10ECD000022107B0BDE8F04F20F0B0B83E4605F184
:10ECE0001700304420F0070004F007048008FFF705
:10ECF00005FE0BF0070BE40044EA8B1444EA4624BB
:10ED000044EA0554054640B13FB1CDF800903B467A
:10ED1000524631461030FEF73DFF039943462246E6
:10ED2000284607B0BDE8F04F20F02FB8B9640500C1
:10ED3000A44C0500406820B1034BC01A40F3CF003B
:10ED400070474FF0FF307047F44B05000EB403B529
:10ED500003AB014653F8042B0448019320F09FF8BD
:10ED600002B05DF804EB03B0704700BFADEE0400E5
:10ED7000CA0605D48B064CBF02490349FFF7E6BF1C
:10ED8000704700BFF2640500F16405002DE9F04F03
:10ED90008BB09A46169B06939DF854B0179B05932B
:10EDA000189B199E049304460D469046BBF1000F34
:10EDB00000F09E8006F00103089306F00803079315
:10EDC00006F4807309931FF0BEFF06F002090246A5
:10EDD00000283BD08F492046FFF7B8FF0746B9F11E
:10EDE000000F08D016F0440F32D18B492A46204636
:10EDF000FFF7ACFF0744089B53B1884B884953F891
:10EE00002B20884B2046002A08BF1A46FFF79EFF9A
:10EE1000099B002B48D0079B002B62D1B8F1000F53
:10EE200064D0814942462046FFF790FF0546069B85
:10EE30003D44002B6BD1049B002B71D1F30700F1F3
:10EE4000E38031462046FFF793FFD7E00746C6E749
:10EE5000764B18680028CDD0754B4FF47A791B6833
:10EE6000B5FBF3F54FF46163B5FBF0F100FB115511
:10EE700009FB05F54FF03C0CB1FBF3F203FB12115B
:10EE8000B5FBF0FEB1FBFCF300FB1E550CFB1311B0
:10EE900009FB05F50091B5FBF0F56649CDE901E503
:10EEA0002046FFF753FFA5E7079BEBB1624B634991
:10EEB00053F82B202046FFF749FF0546B8F1000F15
:10EEC00005D0594942462046FFF740FF0544BAF1B4
:10EED000000FACD05A4952462046FFF737FF054491
:10EEE000A5E74FF0000AE1E7079DE7E745469EE703
:10EEF000BAF1010F069B06D1002B65D1049B002BB4
:10EF00007CD000250CE0002BF8D04E485DE04E4848
:10EF1000069B4E4922461FF0C5F9049B002B69D081
:10EF2000DFF83C81DFF83C91049F3146102F2046EA
:10EF300028BF1027FFF71CFF4FF0000A554546DC9D
:10EF4000059B49461A782046FFF700FF4FF0010A5B
:10EF50001AF0070F03D141462046FFF7F7FE574549
:10EF60003CD9059B494613F80A202046FFF7EEFEE0
:10EF70000AF1010ABAF1100FEAD1354920464FF0E3
:10EF8000000AFFF7E3FE5246059B9A5C314B995C01
:10EF900011F0970F08BF2E222F492046FFF7D6FE0B
:10EFA0000AF1010ABAF1100F1DD01AF0070F03D1B0
:10EFB00041462046FFF7CAFE57455246E4D841462F
:10EFC0002046FFF7C3FEEBE71F485D46A0E741463A
:10EFD0002046FFF7BBFE0AF1010AAFE71F492046B2
:10EFE000FFF7B4FEC4E7059B3B440593049BDB1B82
:10EFF000049399D1BBF1000F7FF420AF20460BB0F2
:10F00000BDE8F04F1FF03EBF064A05492046FFF716
:10F010009DFE16E7F9640500FD6405002C4F050010
:10F02000D56F0500F464050022650500CC2500209D
:10F03000C825002006650500404F0500266505002F
:10F040002C650500E3EE0400ADEE04009FEE040025
:10F050003B650500DD5B05003D6505003765050086
:10F06000396505003165050073B542F20F738B42B7
:10F0700028BF0B4605680F4A0446052168461FF065
:10F080008AF963680C495B6806460B2228461FF024
:10F09000EBFE63683246694628465B681FF0E4FE73
:10F0A000636806495B681B2228461FF0DDFE02B03C
:10F0B00070BD00BF9E6205005C65050040650500EF
:10F0C000074A00210123904206D8064A01B90123CC
:10F0D0001360054B1860704740085B000121F2E7A0
:10F0E00040420F00C8250020CC2500202DE9F34127
:10F0F000436812481C680DF1070165681FF054FF52
:10F1000030B99DF80710012902D10C4800F030F801
:10F1100001232B772568D5E90136D3E900482F680C
:10F1200024B96B681C6002B0BDE8F081214630460E
:10F130004246B847241A0644F2E700BFC04605001D
:10F14000F8B5074F0D4604464618B44201D128468B
:10F15000F8BD14F8011BBB6801485B689847F4E7E9
:10F16000C0460500014B036000207047884F050032
:10F1700070B5046A0D46002C3FD0244A2379565CB2
:10F18000B3423DD0224A525C9A423CD1A368984790
:10F19000002814DA022D10D0032D0FD110F1860FA4
:10F1A0000BD0BFF35B8F54E8003F43F0020344E809
:10F1B0000032002AF7D1BFF35B8F267170BD022D9C
:10F1C000267101D00020F9E7BFF35B8F54E8003FC0
:10F1D00023F0040344E80032002AF7D1BFF35B8F29
:10F1E000BFF35B8F54E8003F23F0020344E8003292
:10F1F000002AF7D1BFF35B8FE4E76FF05700DDE73C
:10F200006FF07700DAE76FF08500D7E7BE6505009D
:10F21000BA650500F7B510F52030234A41F1000327
:10F220004FF0FF340021156845B1D2E902658642EE
:10F2300075EB0307BEBF0C4630462B46013105294E
:10F2400002F11802EFD1194A0128546373F1000248
:10F250006FF0010222DB82426FF0004474EB030185
:10F26000BCBF104623464FF0FF31121A61EB030377
:10F270004FF0FF304FF0FF31CDE900010B481BF09C
:10F2800093F90B4B1B7863B10A4B18680A4B19684A
:10F290008368DB6803B0BDE8F04018474FF0FF33E8
:10F2A000E6E703B0F0BD00BFC019002088190020B8
:10F2B0001946002000260020FC25002004282DE906
:10F2C000F041044626D81AF08BFD1BF0D3F8182223
:10F2D0005443124B53F804E01F1900244FF4004C20
:10F2E00005460E4640F2E73021464FF47A7200237D
:10F2F000EEFB0C01F8F7B2FE401946EB0101C7E93D
:10F30000020128463146FFF785FF1AF07DFD2046B1
:10F31000BDE8F0816FF01500FAE700BFC0190020CA
:10F32000F8B500283AD0EFF31186202383F3128832
:10F33000BFF36F8F1B4B00244FF0180E0EFB04FC25
:10F340000CEB030553F80C70F7B92A6143F80C0075
:10F350004FF0FF324FF0FF33C5E902236961124DD0
:10F360002B7843B9114B186828B1836802211B68B8
:10F37000984701232B702046FFF7A0FF86F31188E2
:10F38000BFF36F8F2046F8BD0134052CD6D186F32C
:10F390001188BFF36F8F6FF00B04F3E76FF0150464
:10F3A000F0E700BFC0190020194600200026002009
:10F3B00007B51B491B4820F081F870BB1A49194852
:10F3C00020F07CF848BB1949164820F077F820BB9C
:10F3D0001749144820F072F8F8B90146154A114847
:10F3E00020F089FBC8B9024613490E48012320F0DA
:10F3F0005DFC90B901230093014602230948EF22E6
:10F400001FF07CFF48B907481FF0A1FF28B9054845
:10F4100003B05DF804EB1FF0CABF03B05DF804FB56
:10F42000B8090020E4130020A0090020880900206A
:10F430007009002044090020CB65050008B5034889
:10F44000034A0021121A1FF0EEFD08BD70140020BF
:10F45000104700200748084A084908B5121A1FF04B
:10F46000E4FD0748074A0849BDE80840121A1FF0A2
:10F47000DCBD00BF0000002070140020A48905003E
:10F480000000002000000020A48905002DE9F84FAD
:10F49000804600AF0C46002965D0E9468AB0D1E924
:10F4A0000012A3686D4639482E464FF0050AC5E99B
:10F4B0000501C5E9072346F810AF35483246002359
:10F4C0004FF42151FFF762FBCD46D4E90312636983
:10F4D000AD463048C5F810A0C5E90501C5E90723C8
:10F4E0002B48002332464FF42151FFF74FFBCD4606
:10F4F000E369294A2648DFF8B0B001211FF09EFCDD
:10F50000264600254FF00A0AE9468EB0D6E908E003
:10F51000D6E90A136A46C2F81CE005F1010EC2E9F9
:10F5200008E0A81CC2E90A01E91CC2E905B5C2E964
:10F530000C1342F810AF1648002345F24001043581
:10F54000FFF724FB102DCD4606F11006DCD1236E0B
:10F55000124A0F4801211FF071FCA369104A0C48A0
:10F5600001211FF06BFCB8F1010F07D1EFF3058308
:10F570000C4A0748103B41461FF060FC21464046BC
:10F5800019F0C6FBBD46BDE8F88F00BF1B6605003D
:10F59000E44C05004A66050079660500CB66050067
:10F5A000DA660500086705008866050030BFFFF7CA
:10F5B000FDBF00BF054B9A699B689A421FBF044A72
:10F5C000536843F080535360704700BF8845002064
:10F5D00000ED00E070B5294C06460D462848294943
:10F5E0001FF030FDA36AD9043CD5254826491FF0F9
:10F5F00029FD1720A36A1A0504D5214823491FF0C5
:10F6000021FD18201D4CA36A9B0512D51C482049DA
:10F610001FF018FDA36BA26A100409D51D4A1848F3
:10F6200001211FF00BFC1EB1A36A23F40043A36267
:10F630001920124CA36A590504D5114816491FF028
:10F6400001FD1A20A36ADA050ED50D4813491FF0F3
:10F65000F9FC1B20094A936A43F47F439362002319
:10F660002B7070BD1620C5E7A36A9B04F2D5044831
:10F670000B491FF0E7FC1C20ECE700BF00ED00E0A9
:10F68000E44C05001B670500316705004267050073
:10F69000556705006E670500836705009E670500D6
:10F6A000B667050010B5204C204921481FF0CAFC60
:10F6B000A36A990136D51E481E491FF0C3FC1E20BF
:10F6C000A36ADA0104D51A481B491FF0BBFC1F20AE
:10F6D000154CA36A1B0304D5154818491FF0B2FC4A
:10F6E0002120A36A590304D5114815491FF0AAFC2B
:10F6F00022200D4CA36A9A0304D50D4811491FF02E
:10F70000A1FC2320A36ADB0304D509480E491FF09E
:10F7100099FC2420044A936A6FEA03436FEA134377
:10F72000936210BD1D20CBE700ED00E0E56705000A
:10F73000E44C0500FD670500106805002A68050017
:10F74000486805006D680500876805002DE9F843E5
:10F75000364D804689463648364917461FF072FCBA
:10F76000AB6ADE0627D5344931481FF06BFC112403
:10F77000AB6A1D0704D531492D481FF063FC1224E4
:10F780002A4DAB6A980718D52D4929481FF05AFC15
:10F790006E6BAB6A190646D52A4A254833460121C5
:10F7A0001FF04CFBB9F1000F03D0AB6A23F08003CC
:10F7B000AB62132403E01024DAE76FF015061B4D4B
:10F7C000AB6ADA0704D5204919481FF03BFC142422
:10F7D000AB6A9B0604D51D4915481FF033FC152460
:10F7E000124B9A6AD50602D49A6A90070AD55B68CA
:10F7F000190507D54146304600F078FA10B180F37C
:10F8000009880224094B9A6A920642BF5A6A22F476
:10F8100000525A629A6A42F0FF029A6200233B70D9
:10F820002046BDE8F8836FF01506C2E700ED00E062
:10F83000E44C0500B2680500C86805004267050091
:10F84000FB6805001369050029690500B667050016
:10F850002DE9F041634B9CB0D3F8048000AF05461E
:10F86000C8F30804002686F31188BFF36F8F02F0F7
:10F870007F43B3F17F4F07D102F00C03082B12D165
:10F8800059495A481FF0DEFB002635460023FB711C
:10F89000E31E092B00F28480DFE803F00A7A7D760C
:10F8A00082828282828010074CBF0D460126EDE7DE
:10F8B0004F494E484B4C1FF0C5FB0023FB71E36AD8
:10F8C0009A0705D54B4949481FF0BCFB002432E09C
:10F8D000E36A002B01DA4849F5E7E36A5B00F5D5F6
:10F8E000464942481FF0AEFB6369AA6943F480733E
:10F8F0006361BFF34F8FBFF36F8F636932F8022CE0
:10F9000023F480736361BFF34F8FBFF36F8F4DF6A6
:10F9100002739A4208D0A36ADBB243B3FA1D0121F5
:10F920002846FFF713FF31E02B68354A2F480121A5
:10F930001FF084FA2C68FB79ABB96822294607F1DD
:10F940000800F7F70DFE7B6A002E45D0C3F30802CE
:10F9500022B96FEA53236FEA43237B6207F1080160
:10F960002046FFF793FD7037BD46BDE8F081A36ADE
:10F9700013F47F4F04D0F91D0120FFF72BFE05E0A3
:10F98000A36AB3F5803FA1D3FFF78CFE0446D2E70C
:10F99000FA1D0021C4E7F91D0020EEE7194992E79E
:10F9A000194A1A4B18F4F87FE8468AB018BF134674
:10F9B0006A461749C2E905134FF400731384103CDB
:10F9C000144BD46142F8103F084800234FF4115102
:10F9D000FFF7DCF8C54679E723F4FF7323F0010352
:10F9E000BBE700BF00ED00E076690500E44C0500D0
:10F9F000A1690500B8690500D9690500E769050036
:10FA0000066A0500226A05005D690500486905006F
:10FA1000466A050004000001044B5A6942F01002D6
:10FA20005A615A6922F008025A61704700ED00E0FD
:10FA3000EFF30880EFF3098101B57246FFF708FF85
:10FA400001BD00BF0B4880F3088817F05DF9202046
:10FA500080F3118808484FF40861401880F3098842
:10FA6000EFF314800221084380F31488BFF36F8FF3
:10FA700000F0CCF880700020005E0020084B9B68EE
:10FA800083420BD1EFF3058343B1064B5A6842F032
:10FA900080525A605A6A22F400425A621AF09ABAA4
:10FAA0008845002000ED00E022498A6882F8D1E014
:10FAB0004FF030001044EFF3098C80E8F01F1EF087
:10FAC000100F03D102F1900080EC108A202080F307
:10FAD0001288BFF36F8F184F4FF000668A698A60F3
:10FAE0003E6092F9D1E0D2F888000023C2F8883055
:10FAF00080F311881EF0100F03D00023E1EE103ABE
:10FB000003E002F1900090EC108AEFF3148323F0ED
:10FB1000040383F31488BFF36F8F04B5104600F01D
:10FB200075F9BDE8044002F1300090E8F01F8CF355
:10FB3000098870478845002004ED00E01EF0040F9E
:10FB40000CBFEFF30880EFF30980816911F8021C04
:10FB50000229FFD001B572461FF069FA01BD00BF4E
:10FB600040B2002807DB044A4109012300F01F00CE
:10FB7000834042F82130704700E100E040B20028A5
:10FB80000CDB4309064900F01F00203301228240AC
:10FB900041F82320BFF34F8FBFF36F8F704700BF33
:10FBA00000E100E0054B420900F01F0053F822205D
:10FBB000012303FA00F01040704700BF00E100E0AD
:10FBC00040B20028A8BF00F1604001F10101B8BFB8
:10FBD000064B4FEA4111ACBF00F5614000F00F0049
:10FBE000C9B2B4BF195480F80013704714ED00E097
:10FBF000044B054A23F07F039360BFF34F8FBFF39D
:10FC00006F8F70470070020000ED00E008B5FFF74D
:10FC1000EFFF104BD3F8882022F47002C3F888203D
:10FC2000D3F8882042F4A002C3F888204FF0404265
:10FC3000C3F83422BFF34F8FBFF36F8F0023E1EE81
:10FC4000103AFFF7FBFBFFF705FC00F0B5F819F0E1
:10FC500081F900BF00ED00E042F8203C009B42F833
:10FC60001C3C019B42F8183C0A49029B42F8143C98
:10FC70004FF0807342F8043C21F00101002342F868
:10FC8000081C203AC0F888304FF47D430265C0F864
:10FC9000D0307047B1E30400037B13F0020F124B26
:10FCA00003D190F8D120D20611D45A6B42F0804291
:10FCB0005A63D0F8D03019075CBF43F00803C0F88E
:10FCC000D030037B43F002030373802070475A6BEC
:10FCD00022F080425A63D0F8D0301A0744BF23F094
:10FCE0000803C0F8D030F0E700EF00E0094A03460F
:10FCF000906870B113F1160F806F05D0A0F18002EB
:10FD00009A4205D8834203D2814228BF002070471F
:10FD10000020704788450020104B9B6883421AD111
:10FD2000EFF30580B8B9EFF31181202282F3128836
:10FD3000BFF36F8F1A7B22F002021A73EFF3148362
:10FD400023F0040383F31488BFF36F8F81F31188CA
:10FD5000BFF36F8F70476FF0150070478845002024
:10FD600008B515460E460022E1EE102AEFF3148284
:10FD700022F0040282F31488BFF36F8FBFF36F8FFA
:10FD8000094A906000F042F82C4686F3098800206A
:10FD9000034B98472046002100220023014C2047B6
:10FDA00059F00400B1E3040088450020014B102203
:10FDB0001A61704700ED00E0044800232021C218BA
:10FDC0000133302B82F80013F9D1704700E100E0D5
:10FDD00008B5EFF30583064A103B02EBC30152F866
:10FDE000330049688847BDE80840FFF7E3BB00BF20
:10FDF00094480500024B034A0348012100F090B8E3
:10FE00000000042000000020884F050010B50446C3
:10FE1000FFF742FFA26F03460548D21AC0E900234C
:10FE2000044B8360BDE81040012100F083B800BF9F
:10FE30000426002000000B1508B503461048D0F832
:10FE40009020C2F30722013A934207D90D480E4A87
:10FE500001211EF0F3FF6FF0150008BDC0F89830C7
:10FE60000A6822F01F021A4342F01002C0F89C20D8
:10FE70008A6842F00102C0F8A0201846EDE700BFF2
:10FE800000ED00E0C44C05005D6A0500F0B50E46CB
:10FE900085B01F4604460025B5420DDA606810B3F0
:10FEA00097B1431E18420AD0104A11482B4601212F
:10FEB0001EF0C4FF6FF01502104605B0F0BD7F289C
:10FEC000F2D921680B42EFD1236801931FF0E7F8C4
:10FED000A36801A90343D0B20393FFF7ADFF10F16C
:10FEE000160FE7D0421C01350C34D5E7836A0500B4
:10FEF000C44C0500044B0522C3F89420BFF34F8F78
:10FF0000BFF36F8F704700BF00ED00E0BFF35F8F5E
:10FF1000024B0022C3F89420704700BF00ED00E0C0
:10FF200010B5034C01232278FFF7B0FF207010BDFD
:10FF30001A46002008B50B4A00231278FFF7A6FFE7
:10FF400010F1160F07D0084A0021D2F89030C3F301
:10FF50000723984200DB08BDC2F89800C2F8A01041
:10FF60000130F2E71A46002000ED00E02DE9F043F1
:10FF700057485849D0F890300D68C3F307239D4285
:10FF800085B000F2A180FFF7C1FF496800229542C9
:10FF900001F10C011AD1504C504F25706846FFF703
:10FFA000E1F8DFF83C81DFF83C9106460025AE42DF
:10FFB0001FD1237846490020D1F89020C2F30722B0
:10FFC00093427BDBFFF796FF00204CE0C0F89820BF
:10FFD00051F80C3C23F01F03134343F01003C0F807
:10FFE0009C3051F8043C43F00103C0F8A0300132CA
:10FFF000CDE7009800EB05114FEA051CCB683B40AC
:020000023000CC
:10000000B3F5000F44D00AD8B3F5001F2ED0B3F5D6
:10001000800F34D0B3F5801F10D00135C7E7B3F19E
:10002000807F3ED0B3F1007FF7D150F80C30886864
:100030004A681FF034F840F4802009E050F80C3092
:1000400088684A681FF02BF840F0885040F4302050
:10005000039001A92078CDE90123FFF7EDFE0028E8
:1000600028DA6FF0150005B0BDE8F08350F80C30C9
:1000700088684A681FF013F840EA0800E8E750F87B
:100080000C3088684A681FF00AF840EA0900DFE788
:1000900050F80C3088684A681FF001F840F0827010
:1000A000D6E750F80C3088684A681EF0F8FF40F038
:1000B0008870CDE7237801332370AEE7C1F898301C
:1000C000C1F8A000013377E74FF0FF30CBE700BF66
:1000D00000ED00E0944F05001A4600200000F0FFFC
:1000E0000000081100000206014B1860704700BFB5
:1000F000D4090020F8B5084F06460D460024AC424E
:1001000008DA3B6898470A28305504F1010401D009
:100110000D28F4D12046F8BDD0090020F8B50A4FCB
:100120000D46461EC0F10104A3199D4201DC28467C
:10013000F8BD73780A2B02D13B680D2098473B68C5
:1001400016F8010F9847EFE7D409002010B5074CC7
:100150002368C2180648C0F1005101F580218A4287
:100160003ABF2260C0184FF0FF3010BD10260020AB
:100170009CAF002008B505481EF000F9002383F36A
:100180001188BFF36F8F0423184602DFB56A05009C
:1001900070B54169867A0B4D044659B1437ADB0745
:1001A00006D42C2303FB06535B6A1B689B689847A5
:1001B000002363612C20214606FB0050BDE87040FF
:1001C00023F033BE7C120020024B2C2202FB0030B5
:1001D000704700BF7C120020827A064B2C2101FB65
:1001E00002339A6A1B7F1B33801A23F00303B0FB90
:1001F000F3F070477C12002038B5074B827A2C242C
:1002000004FB02335B6AD3E901240C601568FFF735
:10021000E3FF04FB005038BD7C1200202DE9F043C1
:1002200085B005466846039190461C4624F063F865
:10023000DDE90067EFF31189202383F31288BFF310
:100240006F8F6B8B002B41D02A8B9A4225D90022CD
:100250000023284619F0E2F80446F0B189F311882A
:10026000BFF36F8F039B002B41D032463B4668465D
:1002700024F066F8A27A264B2C2101FB023320469B
:100280005B6A1B6803A91D68DDE90023A84760615C
:1002900070BB2046FFF77CFF24E0698B4B1E6B830D
:1002A00089F31188BFF36F8F2B7F2A8BAC6A1B33C6
:1002B00023F00303521A02FB0344154B154AEB1AB1
:1002C0009B105343A3722B7FE372CBE789F3118812
:1002D000BFF36F8F23464246284619F09FF8044625
:1002E0000028BFD10024204605B0BDE8F08363613B
:1002F000012300252381039B6382E27A65602946FE
:1003000004F118001BF028F863692582E360EAE72E
:100310007C120020A38B2EBA70B50D4C2C2500B991
:1003200070BD037A4668002BFAD0013BDBB2037242
:10033000002BF5D1C3604360837A05FB03431B6A3E
:1003400013B198473046EAE7FFF722FFFAE700BF0C
:100350007C1200200E4A0123C2F840354FF0804243
:100360004FF08051C2F87835D1F83001082808D113
:10037000D1F83411052904D80648415C09B1C2F806
:1003800038364FF080430122C3F8802500207047A3
:1003900000E00140DC6A050020B1034B800143F01E
:1003A00001031847704700BFE04D0500BFF34F8FB2
:1003B0000549064BCA6802F4E0621343CB60BFF301
:1003C0004F8F00BFFDE700BF00ED00E00400FA051D
:1003D0002DE9F04F0B7E33F0800591B00446904636
:1003E00000F1200940F088844A7E02F00100B8F153
:1003F000000F12D018F10C0F0FD088B918F1710F3F
:1004000003D10846FFF788FF03E00846FFF784FFA3
:100410004546284611B0BDE8F08F002800F04D8415
:10042000002B40F01B840B8A072B0DD80846FFF7E2
:1004300073FF48461FF0CAF80346A069002B00F07E
:100440004384802100F049BCCA6813682362536862
:10045000C9F804304A68E68C002AE7D048461FF005
:10046000B5F800BB537E16B113F0020F01E013F094
:10047000040FDBD000201EF0B1FE06460028D8D0C5
:100480001EF04FFE0023036094F8207017F0600FF9
:10049000C7F341130BD0032B40F0C8811EF041FE7F
:1004A0006FF0850341E0002EC0D0537EDCE7484664
:1004B0001FF08CF894F82130002840F05781013B60
:1004C0000A2BEBD801A252F823F000BF3B06030031
:1004D0009D040300C30603009D040300F904030008
:1004E0009D0403009D0403009D0403008D0503008B
:1004F0009D040300F3050300A069618C03697F2953
:10050000D3F88030CAD8A28C002AC7D1E28C002A46
:10051000C4D194F82020D206C0D194F82C20022A0D
:1005200014D11EF0FEFD4FF0FF3303601EF0F9FD05
:1005300003681BB11EF0F5FD1EF0F3FD1EF0F1FD8A
:100540000368002B00F07083304670E71F070FD55B
:10055000C9B21FF074F8054668B11EF0E2FD0368E9
:10056000002B00F0BF821EF0DCFD1EF0DAFDB9E2C8
:10057000012384F8353094F82C30012B04D1638C9E
:1005800013B984F82C30D1E70123FAE720461EF096
:10059000B0FE628CFF2A014680D8E38C002B7FF4EA
:1005A0007DAF94F82030DD067FF478AF94F82C30DE
:1005B000002BB6D02AB1D2B220461FF049FA00284B
:1005C000AFD0618C94F834308B42AFD0C9B22046A2
:1005D0001FF045FA05460028BFD1628C002A14BFDF
:1005E0000223012384F82C30052120461FF055FDFD
:1005F0009CE794F8203003F01F03012B7FF44EAFEB
:10060000E38C002B7FF44AAF628CFF2A3FF646AFA3
:10061000A18CFF293FF642AF94F82C30022B80D1F9
:10062000D2B2C9B220461FF02CFC0546A81C40F0EF
:1006300002811EF076FD056078E7E38CA18C002B2B
:100640007FF42CAF94F82C30002B3FF46AAF012BD1
:1006500010D100297FF465AF17F01F070DD1638C0F
:10066000012B7FF463AF94F868306FF3C30384F811
:1006700068305BE717F01F0720D0022F7FF456AFDA
:10068000638C002B7FF452AFCFB21EF04AFD394687
:10069000054620461FF0E7FC28601EF042FD036877
:1006A000013305D11EF03DFD0568002D7FF455AFE7
:1006B0000022394620461EF08FFF37E70029CED0B2
:1006C0002FE7A18CE38C5FFA81FA002B7FF4E6AE72
:1006D000638C022B13D194F8203003F01F035AEAE5
:1006E00003037FF4DBAEA0690122090A1EF084FF38
:1006F00000287FF4D3AE012384F8353016E794F850
:100700002C20002A3FF40DAF012A0DD100297FF4DF
:1007100008AF17F01F070AD1012B7FF407AF94F839
:10072000683043F00803A2E717F01F071BD0022F21
:100730007FF4FCAE002B7FF4F9AE1EF0F2FC5146C4
:10074000054620461FF07AFC28601EF0EAFC03688C
:10075000013305D11EF0E5FC0568002D7FF4FDAEE8
:1007600001225146A6E70029D6D0DAE60A2B3FF649
:1007700095AE01A252F823F0A50703009D040300E3
:100780009D0403009D0403009D0403009D040300D9
:100790001D0803009D040300C10B03009D0403001A
:1007A000EF0B0300E38CA18C022B7FF477AE94F85F
:1007B0002C30002B3FF4B5AE012B0ED100297FF475
:1007C000B0AE17F01F070BD194F868309D0805F004
:1007D0000205C3F300131D4305E017F01F070FD0F8
:1007E000022F10D0002506F10C0738461EF070FDD0
:1007F000E38C98420DD21EF094FC6FF00B0394E64C
:100800000029E1D08DE6C9B220461FF03BFC054629
:10081000E9E7294638461EF015FD87E694F82020C2
:10082000678CD1064FEA1723FFB210D0314620461D
:100830001EF021FF05461EF074FC03681BB11EF07C
:1008400070FC1EF06EFC002D40F04C8176E6013B02
:100850000E2B3FF623AE01A252F823F099080300B5
:10086000DF080300870903009D0403009D040300C3
:10087000B30A0300B30A03009D0403009D040300B0
:100880009D0403009D0403009D0403009D040300D8
:100890009D040300BB0A030006F10C073846E58CF3
:1008A0001EF016FD854209D2E58C20461EF021FD82
:1008B00048B101287FF4F2AD216F05E038461EF003
:1008C00007FD0546F1E7E16E002900F001810A7895
:1008D000AA4228BF2A4638461EF0A3FC26E6204638
:1008E0001EF007FD7A1C01468246D2B220461FF058
:1008F00089F8054600283FF4D1AD06F10C07D0F881
:1009000004B038461EF0E4FC9BF80020904203D26D
:1009100038461EF0DDFC0246594638461EF081FC82
:10092000D5F80CB0BBF1000F09D1318AE38C9942A4
:100930007FF6FCADC91A38461EF08EFCF6E5DBF8F2
:10094000040083681B6B13B9DBF800B0EAE751467B
:1009500098470028F8D0051F55F8043F002BF3D026
:100960001B78002BF0D038461EF0B2FC2B681A78AA
:10097000904203D238461EF0ABFC82B2296838465A
:100980001EF04FFCE8E73A46032120461EF07CFDAE
:10099000074600283FF482AD1EF013FEB4F826B0DF
:1009A000D0B9BB8AADF820303B6906F10C051B8835
:1009B000ADF8223028461EF08BFC834508D2E08C2F
:1009C0009DF82020824228BF024608A9284683E7D6
:1009D00028461EF07DFCF3E700238DF80C307B7D6C
:1009E000BA688DF80D30C04B1340C04A934251D1C4
:1009F00010210DEB010021F0C9FF0028FFF64EADDC
:100A000008AA1028DFF8ECC204A9174628BF102056
:100A1000A84202F102022DD8800002308DF80C00AD
:100A200006F10C0A50461EF053FC9DF80C505D4533
:100A300028BF5D46A84203D250461EF049FC054639
:100A4000022DAB4628BF4FF0020B5A46A5EB0B0513
:100A500003A950461EF0E5FBBB466B0807EB5502A9
:100A60005A451CD1EA077FF561ADF95C50461EF08E
:100A7000E1FB5BE511F8013B4FEA131E03F00F03A6
:100A80001CF80EE01CF8033002F802EC02F8013CFE
:100A90000135BDE73B7D8DF80C303F69C0E71BF8A1
:100AA000011B5046CDE900321EF0CCFBDDE90032DF
:100AB000D6E720461EF01DFCF0E420461EF019FC8F
:100AC00020B101287FF4EAAC236F00E0E36E5BB94C
:100AD0001EF027FB03681BB11EF023FB1EF021FB59
:100AE0006FF0150530468DE45B88B3F5007F7FF627
:100AF000D5AC7F4B089300238DF82430A36C04F110
:100B0000480A9A4559D106F10C0738461EF0E0FB19
:100B1000BDF82250E38C9D4228BF1D46A84203D257
:100B200038461EF0D5FB05469DF82020AA4228BF76
:100B30002A4608A938461EF074FB052D94BF6D1B8C
:100B4000053D002D3FF4F2ACD4F848B0D3453FF456
:100B5000EDACBBF1000F3FF4E9AC9BF815300F2B67
:100B600012D19BF81420DBF81010AA4228BF2A46A5
:100B700038461EF056FB9BF81430AB4294BFED1A7A
:100B80006D1B002D3FF4D2ACE36C5B453FF4CEAC63
:100B9000DBF800B0DDE75A7D0F2A0AD11A7DBDF8D7
:100BA00022100A44ADF822209DF8242001328DF84D
:100BB0002420E26C9A42A6D01B68002BEBD1A2E75E
:100BC00094F82C3094F83470002B3FF4AAACE38CEA
:100BD000012B7FF463AC06F10C0528461EF078FB70
:100BE000E38C9842FFF407AE394628463FE794F875
:100BF000203003F01F03012B7FF493AC20461EF03E
:100C000015FF00283FF48DACA38C4268FF2B3FF604
:100C100045AC12799A42FFF441AC0F2B3FF63EAC43
:100C2000234493F83670D2E70123A36248461EF0AE
:100C3000CDFC60B9E38C53B1314600201EF0CEFAF2
:100C4000064600283FF4F5AB737E5D07F4D53146C8
:100C5000204611B0BDE8F04F1FF090B950077FF566
:100C6000E8AB802B7FF4E5AB0846FFF755FBA36AA2
:100C7000012B7FF4CEAB94F83530002B3FF4C9AB99
:100C800094F82130052B05D1618CA069C9B21EF002
:100C9000D6FC054694F82130032B09D1638C022B36
:100CA00006D1A18CA0690022090A1EF0A5FC054608
:100CB000002384F83530FFF7ACBB52077FF5B9ABA2
:100CC000002B3FF49EABCCE7E38C002B3FF4B9AB99
:100CD00018F10C0118BF0121C90121F049FB0023C3
:100CE0000546A362FFF795BB00FF02000003020068
:100CF000050F0500E66A05006FF00405FFF789BBE4
:100D000002480022002322F0A6BF00BFE01100200D
:100D10002DE9FF41514F4FF0FF334FF0FF3201A952
:100D2000384618F04FFA039B1B69D3F89C409DF896
:100D30000430072BEFD8DFE803F00A041A0D2C2744
:100D40007B8D0022012120461FF0A7F9E3E7002256
:100D50001146F8E794F8683043F0040301A984F8D9
:100D6000683020461EF0E0FC00220321EBE794F8F7
:100D700068306FF3820301A984F8683020461EF0C2
:100D8000D3FC00220221DEE701A920461EF0CCFCA4
:100D9000C1E794F86830A6696FF3820384F868307D
:100DA0003369D6F80880BFF35B8FD3F8A030BFF368
:100DB0005B8F9907C3F3400208D4042120461FF03B
:100DC0006CF94FF0FF352A460721BCE7D8F83C30D4
:100DD00030469847D8F82430002130469847D8F854
:100DE0004030054630469847E5B9294620461EF072
:100DF00036FE0546B0B9802120461FF01CF9A069D7
:100E000021F04AFB831E5842584194F8683084F818
:100E10002C5023F0680343EA401384F868302A46D4
:100E2000042190E70022042120461FF036F9CAE78A
:100E300002990B7ED1F81E2013F07F0F204606D1B9
:100E4000FFF7C6FA054600283FF465AFBBE71EF082
:100E5000EAFEF7E7029A062175E700BFE0110020DD
:100E600030B589B000220023CDE9062300246FF0BD
:100E70000703CDE90334CDE901441A4B1A49009424
:100E80004FF48062194818F0DBFD1949174823F028
:100E9000CFF8184B18498B4207D3184B184900203C
:100EA0008B4210D3002009B030BD03F11402BFF310
:100EB0005B8F52E8000F42E80045002DF9D1BFF3E7
:100EC0005B8F1833E7E703F11402BFF35B8F52E83F
:100ED000004F42E80005002DF9D1BFF35B8F1833B6
:100EE000DEE700BF110D0300004B0020381A002080
:100EF000F76A0500581400207014002070140020B8
:100F00007014002038B5024609490546806921F071
:100F10002AFB044648B985F8340028461EF075FCC3
:100F2000044610B1A86921F051FB204638BD00BF2E
:100F3000010D030070B5084C084E0546B44202D3BB
:100F40000024204670BD636828461968F6F74CF9FE
:100F50000028F6D01834F1E758140020701400204F
:100F600070B50646EFF31181202282F31288BFF399
:100F70006F8F1D4C236881F31188BFF36F8F5B68FF
:100F800093F86830DB0705D4BDE8704021220023C8
:100F900018F00EBDEFF3118382F31288BFF36F8F49
:100FA000256865B983F31188BFF36F8F2368D3B1C8
:100FB00030460022BDE87040002318F0C5BC6168CF
:100FC0002A6822608D4208BF626083F31188BFF3F4
:100FD0006F8F686805F10801C3699847034829467F
:100FE00022F0E9FDE2E770BD142600208811002000
:100FF00030B585B06C4684E80600054600221548E9
:10100000002303A918F040F80246E8B9039B94E8CE
:1010100003005D60083383E80300EFF311802023B1
:1010200083F31288BFF36F8F039B1A600A4A5168DB
:1010300061B9C2E9003380F31188BFF36F8F0748AD
:101040000022002318F080FC05B030BD0B60536017
:10105000F1E700BF88110020142600203000002096
:1010600073B504698DF807102025EFF3118685F319
:101070001288BFF36F8F0122E06B0DF107011DF0A5
:10108000EDFD86F31188BFF36F8F012812D022F097
:10109000C9FF08B9A37EABB90D4BBFF35B8F01222B
:1010A00053E8001F002903D143E800200028F7D1AE
:1010B000BFF35B8F2122002304F1480018F044FCA9
:1010C00002B070BD0021212023F06AF8CDE700BFF7
:1010D0001C26002038B505690E49EB6B0024C3E9D6
:1010E0000144DC606B6B05F14800C3E90144DC603E
:1010F00022F079FF05F17800074922F027FF074920
:1011000005F1240022F022FF28461EF0E7FF2046CA
:1011100038BD00BF49030500F10405007D05050049
:101120000E4B402970B528BF40210D4C46181D4676
:10113000B04203F1020304D1002305F8113007483F
:1011400070BD02781209A25C03F8022C10F8012B82
:1011500002F00F02A25C03F8012CE9E739460020F7
:10116000296B050030B503788BB0044607AD032B1F
:1011700021D8DFE803F0021A1C1E124928461AF093
:101180009FF9059563780493A3780393E37802931A
:101190002379019363790093A3790B4A0B481E21AD
:1011A0001DF0F9F809480BB030BD0949E6E70949D7
:1011B000E4E70949E2E7094A0A2128461DF0EBF86D
:1011C000DFE700BF0B6005002D6005001B46002017
:1011D000126005001960050023600500D37B05003F
:1011E0000378012B30B513D0022B27D07BB9194BD4
:1011F0000A4603F1100453F8045B42F8045BA3426F
:10120000F9D11B78137043884B731B0A8B7330BD65
:10121000104B0A4603F1100453F8045B42F8045BD8
:10122000A342F9D11B78137043684B73C3F30722B1
:101230001B0CCB731B0A8A730B74E8E700F11003D5
:1012400050F8042B41F8042B9842F9D103780B7025
:10125000DDE700BF3A6B050008B51FF0D4FA18F0BF
:10126000BFFD044B1B680BB10A209847BDE808403E
:1012700018F0CABD2026002038B5044608481DF0E5
:1012800058FF054648B1631EDBB21F2B96BF054AC7
:101290000021D15C0C301DF0CDFF284638BD00BFC9
:1012A000581300204B6B05000F2810B50CD80D28E3
:1012B0000CD90A481DF03DFF044618B104210C303A
:1012C0001DF0B8FF204610BD1328F2D009B1044824
:1012D000F0E7BDE810400220FFF7CEBF84130020E6
:1012E000D4120020C368034A1B78034802211FF070
:1012F000FABA00BF7A6B05004C4C050070B5C668A1
:101300003378B6F8014083B90F21204602F01EFF62
:10131000F378054650B90A4A118831B96FEA04508A
:101320006FEA10501080074A137070BD437201219C
:1013300002F024FE2846BDE8704002F0D9BD00BF8F
:10134000F8450020BA46002070B5C3681D78BDB9C5
:10135000B3F801600F21304602F0F8FE044638B9B8
:101360003346084A0848BDE8704001211FF0BBBA67
:10137000294602F003FE2046BDE8704002F0B8BDE9
:1013800070BD00BFA26B05004C4C050010B5C368D2
:10139000B3F801400121204602F0D8FE38B92346B7
:1013A000054A0648BDE8104001211FF09CBABDE87F
:1013B000104002F09DBD00BFC86B05004C4C0500FD
:1013C00010B5C3681C880121204602F0BFFE38B961
:1013D0002346054A0548BDE8104001211FF083BAA5
:1013E000BDE8104002F084BDC86B05004C4C050000
:1013F00010B501210C301DF04FFFBDE810400378FF
:10140000024A034801211FF06EBA00BFEC6B0500D1
:101410004C4C0500014610B508481DF08EFE0849E9
:10142000084822F0AFFD031E06DABDE81040064A68
:10143000064801211FF057BA10BD00BF540200201A
:10144000840A0020101B00200E6C05004C4C050087
:1014500010B5084C0146062294F86F0003F088F995
:1014600038B994F86F000449BDE81040052203F034
:101470007FB910BD080100200F6B0500024A034828
:1014800001211FF02EBA00BF2B6C05004C4C05004B
:10149000B0B50B460D8A00AF04462946D868FFF761
:1014A0003FFE8AB06A46094BC2E9053440F2024366
:1014B0009384074BC2E907504FF4325142F8103F72
:1014C00004481FF021FABD46B0BD00BF456C0500C1
:1014D000050000014C4C050070B5C568B5F8016009
:1014E0000121304602F032FE044638B933460D4A37
:1014F0000D48BDE8704001211FF0F5B92B783BB9CC
:10150000D5F80330C0F89530D5F80730C0F89930D9
:10151000201D4FF400311FF0E8F92046BDE870406F
:1015200002F0E6BCC86B05004C4C0500B0B53C2889
:1015300000AF04461AD101F0D5FE6FF4807110306F
:101540001FF0E5F90020FFF783FF054630B9124A86
:10155000124801211FF0C5F9BD46B0BD44720021FB
:1015600002F00CFD284602F0C3FCF5E76D468AB098
:101570006A460B4BC2E905300A4BD36140F2013396
:101580001384094B42F8103F04484FF412511FF0E6
:10159000BBF9AD46E0E700BF676C05004C4C0500A9
:1015A000886C0500F3640500040000012DE9F74F85
:1015B000DFF82CA1BFF35B8F8046894617460023D6
:1015C0005AE8004F4AE80032002AF9D1BFF35B8F96
:1015D000264644B93E4A3F484346012103B0BDE890
:1015E000F04F1FF080B92046FEF7F6FD3A4D4FF060
:1015F0000C0B0BFB0050438843451FD02046FEF7E1
:10160000EBFD0BFB00504388344A009331484346BE
:1016100001211DF01DFCBFF35B8F5AE8003F4AE833
:101620000062002AF9D1BFF35B8F002B4DD01E461C
:10163000304603B0BDE8F04FFEF76EBEA74208D0BB
:1016400020461DF071FD3A8AF96804F10C001DF086
:10165000E8FD2046FEF7C0FD0C2707FB005043685D
:10166000ABB1B9F1000F12D12046FEF7B5FD07FB73
:10167000005001214268D2E90003127A03F01F07EB
:10168000B9405B09DAB100EB83001FF02EF9204668
:10169000FEF7A2FD0C2707FB00508368002BC7D084
:1016A0002046FEF799FD784305F800902046FEF7A6
:1016B00093FD07FB0055A86817F0E2FEB8E7C943A1
:1016C00000EB83001FF023F9E1E703B0BDE8F08FE2
:1016D000A46C05004C4C050024260020CC6C0500B1
:1016E0005002002037B502EBC303044608469A4275
:1016F00002D16FF05E0010E0114611F8085BA542C0
:1017000011D1038A5178994209D90848084A0094AE
:1017100001211DF09DFB6FF0150003B030BD536833
:1017200098470020F9E70A46E1E700BF4C4C050066
:10173000FF6C05002DE9F8430C4618F051FBE168F9
:10174000238A0A78022A71D0042A0BD013463C4817
:101750003C4A01211FF0C7F82046FEF7DDFD6FF07F
:1017600015040AE0022B0DD8374A354801211FF035
:10177000BAF82046FEF7D0FD002418F045FB2046BD
:10178000BDE8F88348783E280AD1032B01D12F4ABF
:10179000EBE7CB78012B01D00A2B47D1032604E0DD
:1017A0001FF08DF80646F0073ED504F10C052846DB
:1017B0001DF08AFD012107462846B4F810901DF05F
:1017C00063FD022128461DF067FD804600783E2813
:1017D00016D1E3681B78012B2CD00A2B2AD00225C6
:1017E0001B4A1C491C4841F2F3031CF031FE002344
:1017F00083F31188BFF36F8F0323184602DF04E0E1
:101800001FF05DF8C1070546EAD5144A98F80000B4
:10181000062321461FF087F8AA070DD56369A4F8AF
:10182000109013FA87F7E760B307A5D52046FFF7B6
:10183000F1FDA1E70325E8E72046FEF76DFDF3E79C
:101840004C4C0500C76D0500216D05003D6D050080
:101850005D6D0500916D0500AA6D050048500500FD
:1018600010B5012104460C301DF016FD2146034A37
:101870000078BDE8104002231FF055B878500500ED
:1018800073B53E481DF06EFC0446002873D000F18D
:101890000C0528461DF008FD0228034603D0042845
:1018A00047D0374A03E0238A032B05D8354A364808
:1018B00001211FF018F813E0042128461DF0ECFC6C
:1018C000FF23428806882376238AC6F30B009A42B8
:1018D000608309D02C48009201212C4A1DF0B8FAEF
:1018E0002046FEF719FD12E00F2102F02FFC0546FD
:1018F00010B9638B264ADAE702F04EFC320B2076F1
:101900002146284602F07AFA284602F0F1FA214BE5
:10191000D3F84C317BB32049204822F033FB031E1F
:1019200029DA1F4A1848012102B0BDE870401EF0B4
:10193000DABF284602211DF0AFFC054600783E289C
:1019400012D01EF0BCFF10F002060DD1154A164948
:10195000164840F663431CF07BFD86F31188BFF305
:101960006F8F0323184602DF114A2878042321468B
:101970001EF0D9FFB4E702B070BD00BF54020020D2
:10198000706E0500DB6D05004C4C0500FC6D05001C
:10199000206E050008010020840A0020101B002092
:1019A0000E6C05005D6D0500426E0500AA6D050018
:1019B0008850050010B5012104460C301DF06CFC68
:1019C0002146034A0078BDE8104008231EF0ABBF53
:1019D000A8500500F8B5012100AF04460C301DF0F9
:1019E0005BFC0678114A002321463046FFF77AFE59
:1019F0005F3018D1258AE0682946FFF791FB6C46D5
:101A00008AB06A460A4BC2E9053640F20243938423
:101A1000084BC2E907504FF4325142F8103F0648D4
:101A20001EF072FFA546BD46F8BD00BFE850050098
:101A3000846E0500050000014C4C05002DE9F04FB7
:101A400083B0D0F80C80018A98F80040012303EBA2
:101A500084038B4200AF62D96D468AB06A46324831
:101A6000C2E907310523C2E905044FF4215142F8C8
:101A7000103F2E481EF048FFAD460C37BD46BDE86E
:101A8000F08F2B4A29484B4601211EF02CFF0135CF
:101A900098F800309D42F0DA08EB85030F21B3F887
:101AA0000190B3F80360484602F050FB044600285A
:101AB000E7D000F1BC0936B1636943B91B485A4607
:101AC00001211EF00EFF204602F012FADFE7A169A5
:101AD0001A6862618B4208BFA26120467B6002F0F7
:101AE0002FF917F0CDFC7B68C3F800A0226A9AB9E1
:101AF000C4E90733BFF35B8F59E8003F013B49E876
:101B00000032002AF8D1BFF35B8F00212046013E4E
:101B100002F022F9B6B2CEE713602362EAE70025AD
:101B2000DFF810B0AA46B3E7B66E05004C4C0500CE
:101B3000E16E0500FD6E050073B5C568B5F801607E
:101B40000121304602F002FB044640B93D4A3E48BE
:101B50003346012102B0BDE870401EF0C4BE2B78B0
:101B60001A2B00F1040619D1C378012B4ED14FF482
:101B7000804130461EF0B9FE42040FD4D4F88830BC
:101B800000936946D4F890300193204603F0DEF8C4
:101B9000204602B0BDE8704002F0AAB92B78ABBB7A
:101BA000B5F80320A4F8862093B2B5F80520A4F870
:101BB0008C20B5F80720A4F88E209A1F92B240F628
:101BC0007A418A4204D9214A1F4802211EF08BFE25
:101BD000B4F88C30B3F5FA7F04D31D4A1A480221B9
:101BE0001EF081FEB4F88E30A3F10A0292B240F6E4
:101BF00076418A4204D9174A134802211EF073FE27
:101C00006FF4805130461EF082FE17E0BFF35B8F09
:101C10006368BFF35B8FDB04F2D52B78202BEFD109
:101C200094F89430002BEBD0013B84F894304FF4BF
:101C30002032002304F1400017F086FE204602F017
:101C400091FCA5E7C86B05004C4C0500146F05001E
:101C50003C6F0500636F050008B501F0FBFDBFF3A5
:101C60005B8F084B1A68BFF35B8F02F00B02BFF368
:101C70005B8F53E8001F43E800200028F9D1BFF331
:101C80005B8F08BDDC01002010B5C1E900239DF881
:101C900008300B720C46FEF79FFA034B0C2202FB36
:101CA00000335C6010BD00BF24260020F8B502465A
:101CB0000B4610481DF03DFA0446C0B104210C301B
:101CC0001DF09EFA2046FEF787FA0B4D0C2707FB06
:101CD0000050002646802046FEF77EFA07FB0050A3
:101CE00086602046FEF778FA07FB00556E602046B6
:101CF000F8BD00BF2C1300202426002010B592B0A0
:101D000004460749442201A8F5F72AFC102C9BBF82
:101D100012AB03EB8404034854F8440C12B010BD1A
:101D2000784D05008F6F0500034B0146D3F86C0119
:101D300082689268104700BF080100202DE9F84F23
:101D4000042100AF46481EF0D0FD6D4601F082FD33
:101D500088B06A46434B5361434B93614FF4007321
:101D60009383424C424B42F8103F4FF4E6514148B6
:101D7000414E1EF0C9FD414BE279AD462046012A95
:101D800088BF1E46FFF7EEF98AB06A463C4BD06129
:101D9000C2E905363B4B13623B4B42F8103F3548D6
:101DA0003A4EDFF8F880DFF8CC904FF423511EF064
:101DB000ABFDA346AD460125E3799D420BF1070B30
:101DC00038DB94F870502846FFF798FF6E468CB0C9
:101DD000B4F87210B4F876306A46DFF8C4C05362C3
:101DE000C2E907512A4B4FF40075C2E905C01585B9
:101DF0004FF4535142F8103F1E481EF085FDB54682
:101E000094F871603046FFF779FF8AB0B4F8743007
:101E10006A4620499584C2E907631F4BC2E9051051
:101E200042F8103F13484FF433511EF06DFDBD468C
:101E3000BDE8F88F5846FFF795F9EA468AB06A463A
:101E400040F20133C2E90565D06113844FF41351A8
:101E500042F8108F48461EF057FD0135D546ABE7D6
:101E6000DC0100209B6F0500AD6F0500080100201C
:101E7000030000014C4C0500F3640500976F05005A
:101E8000B86F05000002010304000002C76F0500DF
:101E900006000001167005000500000104000001A5
:101EA000D86F0500004870477E630500014817F0B1
:101EB000DBBC00BF740A002070B505460C4659B95A
:101EC0004FF0FF304FF0FF31FFF7F0FE044618B936
:101ED0006FF06805284670BD2046FEF77DF9194B66
:101EE0000C2202FB0033A61830465D801DF0ECF991
:101EF00003280BD9032130461DF0B5F90580238A4C
:101F0000033B8370012130461DF0B5F940F635439F
:101F10009D420FD12046FFF707FF05460028D9D084
:101F20000346094A094801211EF0DDFC2046FEF760
:101F3000F3F9CFE70648214621F06CFF0025FFF7B3
:101F4000B5FFC7E7242600203D7005004C4C050076
:101F50005C02002073B5C368D9789A781E8842EA7B
:101F60000122ADF8002059791A7942EA0122ADF830
:101F70000220D9799A7942EA0122ADF804201A7A2E
:101F80005B7AB4B242EA032301212046ADF8063061
:101F900002F0DCF8054658B91D481E4A01212346C7
:101FA0001EF0A1FC022120461EF00EFD02B070BD05
:101FB000694602F025FB38B91E2120461EF004FDBB
:101FC000284601F095FFF1E74FF0FF304FF0FF3169
:101FD000FFF76CFE04460028F2D00E210C301DF0F5
:101FE0001AF900230680C0F80A30BDF8003043809B
:101FF000BDF802308380BDF80430C380BDF80630E0
:102000000381214642F22000FFF756FFD8E700BFC8
:102010004C4C0500C86B050038B502460B462B4DED
:10202000D5F8541109B9002038BD05F5987017F09E
:1020300061FA0028F7D10022002305F5AA7017F0F5
:10204000EDF9044668B9224A2249234840F6734311
:102050001CF0FEF984F31188BFF36F8F0323184639
:1020600002DFD5F848315BB11C4A1D4801211EF042
:1020700038FCD5F84801FEF74FF90023C5F8483180
:1020800020461DF085F8C5F848012046FFF74CFEB4
:102090000346C8B1134A124801211EF024FC12481D
:1020A00017F0EEF92046FEF797F8104B0C2202FBD2
:1020B0000033588818B122461F21FFF777FA2046CF
:1020C000FEF72AF9FFF7F2FE0120ADE70801002034
:1020D0005D6D05006E6B0500AA6D05005F70050063
:1020E0004C4C05003D7005003802002024260020DD
:1020F0002DE9F04F87B0064600AF90460C4671B907
:102100004FF0FF304FF0FF31FFF7D0FD044668B9C4
:102110006FF0680528461C37BD46BDE8F08F887A09
:10212000FEF752F8514B834240F099800122002182
:10213000384621F088FE2046FEF74EF8DFF860B101
:102140000C2303FB00B0876020461DF021F80146F8
:102150003046FFF7B1FE054618B12046FEF7DCF821
:10216000D8E717F031FF424B83421ED1414821F09E
:1021700066FE002182464FF4A020FFF74DFF814606
:1021800088B93D4A3D493E484FF4F9731CF060F967
:102190003C4831461CF05CF989F31188BFF36F8F1E
:1021A0000323184602DF5445E0D14FF4A022002358
:1021B000384617F09FF9814698B14FF4FC732E4AC8
:1021C00031492F481CF044F930484A4631461CF04A
:1021D0003FF9002383F31188BFF36F8F0323184661
:1021E00002DF2046FDF7F8FF0C2358431BF8009050
:1021F000B9F1000F2DD06D468AB06A46244BC2F863
:102200001C90C2E90536234B136240F202439384CB
:10221000214B42F8103F21484FF432511EF074FB1D
:102220002046AD46A9F10909FEF776F8B9F1090F84
:102230000CD8DFE809F0170B0B08050B0B0B0B1480
:102240006FF00B0566E76FF00C0563E76FF00405B0
:1022500060E7B8F1000F80D0C8F800405AE76FF08F
:10226000150557E76FF06E0554E700BF2C130020EB
:10227000602300205C0200205D6D05007A7005007F
:10228000AA6D050082700500A2700500AB70050004
:10229000F0700500F3640500050000014C4C0500DA
:1022A0002426002073B506460D4601AA002142F2FD
:1022B0002F00FFF71DFF044638B1154A15480121CC
:1022C0001EF00FFB204602B070BD0198C368B3F842
:1022D00001203280B3F803302B80FEF71DF83388DD
:1022E000A3F11B02E02A04D90B4A0A4802211EF07E
:1022F000FAFA2B88A3F5A47292B244F248118A42EA
:10230000E0D9064A034802211EF0EDFADAE700BFE1
:102310000F7105004C4C05002F710500547105002C
:10232000F0B5002285B0114602AF40F60340FFF73A
:10233000DFFE044600285BD1FFF78EFC21463A1DE4
:1023400041F20300FFF7D4FE0446002850D17A681A
:10235000C54DD168D1F80100D1F8051005F1780319
:1023600003C31046FDF7D8FF21463A1D41F2010094
:10237000FFF7BEFE044600283AD17868C3685A7851
:1023800085F870205A88A5F872201A7985F871208E
:10239000B3F80720A5F87420B3F80530A5F8763017
:1023A000FDF7BAFF21463A1D41F20200FFF7A0FEF9
:1023B0000446E8B9D7F804C0DCF80C2005F1800623
:1023C000531C413218685968344603C40833934299
:1023D0002646F7D16046FDF79FFF95F87C305E06F4
:1023E0000AD4A24AA24801211EF07BFA6FF012041F
:1023F00020460C37BD46F0BD3A1D002142F20300D5
:10240000FFF776FE04460028F2D17A68994BD1682E
:10241000D1F80100D1F8051003C31046FDF77CFF89
:1024200021463A1D42F20200FFF762FE04460028F0
:10243000DED17E68F468B4F801309AB292B1E278E5
:1024400082B1A5F80431E378032B06D00322009271
:102450008748894A02211CF0FBFCE2788748114634
:1024600021F0F1FC3046FDF757FF95F87C601F2303
:1024700016F02006A5F8203119D14FF0FF304FF0AB
:10248000FF31FFF713FC0446002800F0AA80022168
:102490000C301CF0C0FE012303704670214632460A
:1024A00040F66D40FFF724FE04460028A0D195F8C1
:1024B0009C301C0712D53A1D002142F21C00FFF788
:1024C00017FE0446002893D17868C368D3F801202A
:1024D000D3F80530C5E93823FDF71EFF95F8D8304D
:1024E000980622D5B91C3846FFF7DCFE04460028C2
:1024F0007FF47EAF4FF0FF304FF0FF31FFF7D6FB98
:10250000064600286DD004210C301CF084FE3B8868
:1025100003807B8843802246314642F22400FFF745
:10252000E7FD044600287FF463AF4FF0FF304FF023
:10253000FF31FFF7BBFB0446002852D008210C30C6
:102540001CF069FE95F8D82012F0020F14BF2F235B
:102550000F23910695F8D92048BF43F0400312F0AD
:10256000090F18BF43F4006300220370C3F307236D
:1025700043708270C270027142718271C2712146D1
:1025800042F20100FFF7B4FD044600287FF430AFAB
:1025900095F87C30B5F804119A0625D4C9B93A1DCE
:1025A00041F20500FFF7A4FD044600287FF420AFA8
:1025B000B5F804317C684BB9E368B3F80120A5F89D
:1025C00004219A882D48114621F03DFC2046FDF754
:1025D000A3FE4FF0FF304FF0FF31FFF767FB0446DB
:1025E00060B96FF0680403E70029F2D1244A20485B
:1025F00001211EF076F96FF00404F9E608210C3091
:102600001CF009FE10230370882300224370022669
:1026100020238270C670027142718271C37121469B
:1026200040F60140FFF764FD044600287FF4E0AE69
:1026300001463A1D4FF60140FFF75AFD20B3114AFB
:102640000B4802211EF04DF900F01AFD0446002847
:102650007FF4CEAE02F072F9044600287FF4C8AED3
:10266000FFF76CFBC4E600BF08010020777105008E
:102670004C4C0500E00100209B7105001002002079
:10268000E1710500047205007B68DC68B4F8013074
:10269000032B96BF434A444952F823106E468AB032
:1026A00002AA4248D3614FF400731384404BC2E93D
:1026B000050142F8103F3F484FF413511EF024F932
:1026C000B4F80120B4F80330022AB54649D1052BED
:1026D00047D8394A52F823106E468AB002AA3748C2
:1026E000D3614FF400731384314BC2E9050142F802
:1026F000103F4FF413512F481EF006F9637994F8F8
:1027000006C0D4F80900032BB54698BF2C4AB4F88C
:10271000076094BF52F8231023496C468CB002AA7C
:10272000DFF8ACE0C2E9073C4FF400739385254B1A
:10273000C2E905E1C2E909604FF4735142F8103F64
:102740001C481EF0E1F8A5467868FDF7E5FD3A1D46
:1027500000214FF60240FFF7CBFC044618B11A4A9D
:102760006EE71149B8E77868C368B3F80130A5F897
:10277000C130FDF7D1FD95F8C1305B077FF564AF3F
:102780003A1D21464FF60340FFF7B2FC08B10F4A4D
:1027900056E77868C3685B7885F8C030FDF7BCFD04
:1027A00052E700BF385005008F6F05002872050002
:1027B000040000014C4C050020500500417205004A
:1027C000105005000700000186720500AF72050079
:1027D0005972050010B5FFF7A3FD034B1B6813B139
:1027E000BDE81040184710BD4826002073B52A4D9B
:1027F0000646D5F86C0121F04AF948B9274A28481D
:1028000001211EF06EF86FF01204204602B070BD78
:102810006FF0020105F1D4001EF079F801211EF0DD
:1028200064F810EA010434D11E4B1E600A4605F517
:10283000987021F008FB05F5AA7021F0ACFA1A484F
:1028400021F0CBFB1949184800946FF007034FF4AF
:10285000966217F00FF81649134821F0E9FBD5F8F6
:102860006C01144983681B689847044630B10346DD
:10287000114A0B4801211EF036F8C6E726B902B00E
:10288000BDE87040FFF74CBD05F1C40016F0ECFF49
:10289000BBE76FF07704B8E708010020D8720500A5
:1028A0004C4C050048260020101B0020804F0020C3
:1028B000F072050035170300F97205002DE9F047A5
:1028C00084B0584BB0F80190198849F47042914295
:1028D0004FF0000602BF1E80534B1E78C378012BB9
:1028E00008BF524B00F1040800AF054640460CBF3C
:1028F00093F86F4000241DF082FF414668B307F152
:1029000008001DF071FFD5F81130C7F80130B5F897
:102910001530A7F805304FF0010AEB78012B31D0C4
:102920004046FEF71FFC6C4688B06A46404BC2E941
:1029300005304FF4007393833E4B3F4842F8103FFD
:102940004FF4E2511DF0E0FF1321A54648461EF06A
:1029500057F81037BD46BDE8F08720461EF0F0F866
:1029600003460068B8609A889B796868BA81BB732F
:10297000B8F8042098F8063095F804A03860BA80BA
:10298000BB71CAE707F10800FEF762FD04460028A4
:10299000C6D00346B5F8012023F8702BB868BA7B7F
:1029A000B98920679A719980B5F81730A4F88630F4
:1029B000B5F81930A4F88C30B5F81B30A4F88E3077
:1029C000EB78E3700022012B62721AD187F800A025
:1029D000BA88BB793868A4F87B2084F87D30C4F8C5
:1029E000770000F07FFC237A1049C3EBC3035A1829
:1029F000CB58C4F87E309388A4F88230937984F859
:102A000084300721204601F0B9FA26B1667201210F
:102A1000204601F0B3FA204601F0FCFB204601F00D
:102A200067FA96E7F8450020BA4600200801002022
:102A300015730500030000014C4C050000B5C36888
:102A4000187889B020B109B05DF804EBFEF76EBDCF
:102A5000B3F80120ADF80120DA788DF800008DF888
:102A60000320B3F80B20ADF81720B3F80D20ADF814
:102A70001920B3F80F20ADF81B205A7C8DF81D20CB
:102A8000586801901A899B7A8DF80A30094BADF885
:102A9000082068461A689B88CDF80B20ADF80F30E7
:102AA000CDF81120ADF81530FFF708FF09B05DF83B
:102AB00004FB00BF236B050038B5042104460C302D
:102AC0001CF0EAFB034640885D7818B1197822466D
:102AD000FEF76CFD35B1044816F0D2FCBDE8384075
:102AE000FFF7E4B938BD00BF38020020B0B50321BC
:102AF000044600AF0C301CF0CFFBE3680578B0F85B
:102B00000100197840F63543984215D16C468AB0D9
:102B10006A460F4B0F48C2E905310F4BD36140F2B3
:102B2000013313840D4B42F8103F4FF412511DF046
:102B3000EBFEA546BD46B0BD10B12246FEF736FD00
:102B4000002DF7D0064816F09BFCFFF7AFF9F1E730
:102B5000317305004C4C0500F364050004000001CE
:102B60003802002070B54FF0FF320D464FF0FF33B2
:102B700000210646FEF798FB044660B90A4A0B4955
:102B80000B481A231BF064FC84F31188BFF36F8F8A
:102B90000323184602DF022104F10C001CF03BFB6A
:102BA00006704570204670BD787405006E6B050098
:102BB000AA6D0500F8B50A4DEF7906460024E3B288
:102BC0009F4202D86FF0010007E0294630461DF011
:102BD000A7FF0735631C08B12046F8BD1C46EEE789
:102BE0000801002070B51A4E06223146054618F03D
:102BF00003FB38B34FF0FF304FF0FF31FFF756F8CB
:102C0000044608B3062229460C301CF00AFB214674
:102C1000002242F20500FFF76BFA044648B110F1BA
:102C20000D0F04D10B4A0C4802211DF081FF2046F4
:102C300070BD33462A6843F86929AA88B280012208
:102C400083F868200024F2E76FF06804EFE700BF24
:102C500071010020AE740500544C050037B50446E0
:102C60000D4689B1184928461DF05AFF60B9174A28
:102C70002968C4EBC404A3181151AA889A80AA79C0
:102C80009A71002003B030BD68461DF09FFD0028FA
:102C9000F8D16846FFF78EFF0028F5DA0B4A009856
:102CA0009DF80610C4EBC404A3181051BDF804002D
:102CB00098809971002DE4D012592A609A88AA80D0
:102CC0009B79AB71DDE700BF166B050008010020A2
:102CD00008B528B105481DF02DFF030601D50120D8
:102CE00008BD02481DF026FFF9E700BFDC01002007
:102CF00070B50446B1B9C0B11F491DF011FFA0B9AC
:102D00002046FFF757FF00282FDA2378012B04D144
:102D1000A37903F0C003C02B07D0184A184801213B
:102D20001DF006FF6FF0150070BD164DEB79012BFD
:102D30001ED005F1D4001DF0FDFEC30707D4002C02
:102D4000F0D00D4920461DF0EBFE0028EAD1EE79C7
:102D50002146731C3046EB71FFF780FF08B93046FF
:102D6000E2E7EB79013BEB71DEE76FF07700DBE741
:102D70006FF00B00D8E700BF166B0500BD740500AF
:102D8000544C0500080100202DE9F341044640B9E8
:102D90001A4A1B4802211DF0CBFE002002B0BDE8FC
:102DA000F08101AA002141F20900FFF7A1F90546CF
:102DB00008B1144AEDE7019E1349D6F80C8008F1DA
:102DC00001070622384618F017FA28B10F490622E3
:102DD000384618F011FA18B93046FDF79DFADCE7CD
:102DE000D8F80130C4F80130BB88A4F8053030466B
:102DF0002570FDF791FA0120D0E700BFEB740500C4
:102E0000544C050004750500236B05001D6B05007F
:102E100007B56846FFF7B8FF044BD87118B169468B
:102E20000020FFF71BFF03B05DF804FB0801002042
:102E3000F0B5304DEC7989B0002C53D195F8C260D3
:102E400016F0010610D12C4A2C4802211DF070FE0C
:102E5000EC71162600240127EB79E0B298422CD3BE
:102E6000002B3FD000203BE06A4621464FF6094048
:102E7000FFF73EF908B1224AE6E7DDF800C0DCF8CA
:102E80000C104B7823B96046FDF746FA1D4ADBE784
:102E90008B1C02AA01F1120418685968174603C76F
:102EA0000833A3423A46F7D1186838609B88BB8044
:102EB0006046FDF731FA3446CAE708AB06FB00333B
:102EC000694653F8182C33F8143CCDF80120ADF8BE
:102ED00005308DF80070FFF7C1FE01340028BBD02B
:102EE00009B0F0BD0021084609B0BDE8F040FFF789
:102EF000FFBE00BF0801002022750500544C0500EC
:102F00004E7505006E75050010B50C4631B300F026
:102F1000E9F998B100F1100318461DF00BFEC10548
:102F20000CD518461DF006FEC20407D50D4B1B78C4
:102F3000012B11D10123237000200CE000F0D2F905
:102F400020B110301DF0F6FDC305F3D400201DF0B4
:102F500004FE0028EED010BD0023ECE76FF0150052
:102F6000F9E700BF080100202DE9F0410E461746A1
:102F70001D46044650B14BB10A03037813D54C07E4
:102F800009D53B4A3B4801211DF0D2FD6FF01504E5
:102F90002046BDE8F0811DF0F6FD04460028F7D17B
:102FA00001232B70F4E7B1072FD033480FB1B206DD
:102FB00008D4C3EBC302825C012A13D002B92A7081
:102FC0000024E5E790F8D82051064ED5C3EBC302A4
:102FD000825C012A06D002B92A702B7843F00203E2
:102FE0002B70EDE74FF00108072111FB038101442D
:102FF00020461DF0AAFD04460028C9D185F80080AE
:10300000002FDDD0B206DBD5E7E716F0040213D0BF
:103010001949C3EBC3028F5C012F0AD1072212FBAF
:10302000037319441DF091FD04460028B0D12F70A0
:10303000E8E7002FE6D1FAE710481DF07BFD830694
:1030400004D420461DF09FFD0446A9E7104600F079
:1030500019FC064620461DF096FD04460120287006
:10306000002E95D100F00EFC92E76FF085048FE7FB
:1030700097750500544C050008010020DC01002074
:1030800038B5104DEB7913B10024204638BDFFF759
:10309000BFFE044628B10C4A0C4801211DF048FD32
:1030A000F3E7EB79002BEFD1FFF7C2FE04460028CF
:1030B000F1D1681CFFF796FD04460028E5D0044ACC
:1030C000EAE700BF08010020B6750500544C050072
:1030D000D57505002DE9F74F8A4601904FF0FF3175
:1030E0004FF0FF30FEF7E2FD044600284ED02021CD
:1030F0000C301CF090F82022002180464FF000098F
:1031000018F02AF9DAF8007008F1010B4D46DAF8E8
:103110000420914509D3019888F8005000222146E7
:1031200003B0BDE8F04FFEF7E3BF7A7897F800C030
:10313000A81C81181F2915D9BCF1090FC0F11F0265
:1031400001D1002A0CDC134A134801211BF06DFE4B
:103150002046FDF7E1F86FF0150003B0BDE8F08FF1
:103160004FF0080CD6B2711C0BF80510691CC9B2DF
:1031700002360BF801C079685BFA80F02E44F4F750
:10318000EFF9F5B209F101090837C0E76FF06800FF
:10319000E3E700BFF8750500FC4B0500F8B545688E
:1031A0006905064635D4046914B115F0030330D01F
:1031B000194F3078FB7983422BD9C0EBC0001749F7
:1031C0000722384418F018F8A8B115F0030306D107
:1031D00097F87020082A02D8B2689F2A19D915F0EA
:1031E000300F09D0ACB1EA060AD405F46035B5F564
:1031F000603018BF0120F8BDEB0601D4002CF4D1DB
:10320000D6E902239A4204D81F2A02D9B3F5804F87
:10321000EBD90020EFE700BF08010020166B050086
:10322000F7B5CDE90001694642F208009DF820702B
:1032300016461D46FFF74EFF044668B97FB9BFF337
:103240005B8F0C4B53E8001F41F0040143E8001270
:10325000002AF7D1BFF35B8F204603B0F0BD69466B
:1032600042F20900CDE90065FFF734FF0028E6D0FF
:103270000446F1E730010020F8B50446164B14F877
:10328000097B83F86F7005460E46072213492046D6
:1032900017F0B2FF70B91249384601F0EDF9044653
:1032A00010B96FF00B00F8BD052100F067FE346027
:1032B0000020F8E72146384601F022FA40B92146BD
:1032C000287801F0D9F904460028EAD00621ECE775
:1032D0006FF01500E7E700BF08010020166B05003E
:1032E0000F6B050000487047200100202DE9F04FCA
:1032F0008E4ED0F810B089B09A460023BBEB030481
:103300000546304618BF012403931DF06BFC0F46A1
:103310004107914640F1EA802846FFF73FFF60B938
:103320006FF015043846002340F20111994540F032
:10333000E680204609B0BDE8F08F2846FFF7C8FCBC
:1033400080460028ECD0A6F1AC001DF04BFCC20575
:10335000C0F3002300F1CD80CDE90533CDF81B305B
:10336000AB686868ADF81030EB68ADF812301DF04E
:103370002AFC8DF81D00BFF35B8F56E8003F23F455
:10338000807346E80032002AF7D1BFF35B8F2A78BA
:1033900006F8BC2C06F8652C696822460DF1150369
:1033A000A6F1BC00FFF7E0FD04460028BAD1A6F163
:1033B000B303BBF1000F11D02A69116846F8B31CA2
:1033C0009188998092799A716B689E074AD1980585
:1033D00002D4BAF1000F59D002230BE0544A11680D
:1033E00046F8B31C9188927999809A716B689C0712
:1033F000EDD05B468DF814304FF0FF304FF0FF31C9
:10340000FEF754FC0446002876D00F2204A90C30A5
:103410001BF007FF2146002242F20600FEF768FE7D
:10342000044600287FF47EAFBBF1000F32D06B68FA
:1034300099073BD13F4801211DF0F5FB04460028C8
:103440003CD03D4A3D4801211BF0EFFC039D002D7F
:103450003FF468AF2846002100F090FD284600F0B8
:1034600047FD5FE713F0100F0CBF012304238DF815
:1034700014302B691A68CDF816209A88ADF81A20F6
:103480009B798DF81C304FF00008B5E703238DF8C9
:103490001430F8E7129BCDF8008052464946384672
:1034A000FFF7BEFE04460028C1D03BE7214803A930
:1034B000FFF7E2FE04460028BCD033E7039808B1CA
:1034C00000F016FD6A681E4812F0030218BF0122C0
:1034D00009211DF08DFB42460A211DF089FB6A6817
:1034E0000C21C2F380021DF083FB1BE76FF00A047E
:1034F00018E76FF0770415E76FF0680412E70288A9
:103500008A4204D1426812B11278D20702D4013340
:1035100008300BE70B490C4820F065FD4FF4702292
:103520000023094816F044FA03E700BFDC0100203D
:10353000166B05002001002011760500FC4B0500EC
:1035400030010020E53503003801002010B51E4889
:103550001DF08FFB1D481DF045FBC1052ED51B48F6
:103560001DF040FB820515D519491A48072217F0AE
:1035700043FE19490346087E1BBB1849052201F08A
:10358000F7F8044630B10021417200F0F7FC204604
:1035900000F0AEFC0C4800211DF045FB044670B95C
:1035A0000F481DF01FFB830608D5204600F06AF97E
:1035B00020461DF0D2FA012000F064F900242046D4
:1035C00010BD06222131DAE7200100203001002061
:1035D000166B050029010020080100200F6B050073
:1035E000DC01002010B5FFF7B1FF034630B1044AFB
:1035F0000448BDE8104002211BF020BC10BD00BFF4
:103600002C760500FC4B050070B5054686B00E46CD
:103610004FF0FF304FF0FF31FEF748FB0446A0B1FA
:1036200002210C301BF0F7FD094A4670057003A912
:10363000204600950523FEF727FB0022214642F293
:103640000C00FEF755FD06B070BD6FF06800FAE79C
:10365000DC01002008B50C4B0246400903EB80005A
:103660001DF00AFB02F01F0340FA03F313F0010000
:1036700006D122B905481DF0FFFA40F3C01008BD7D
:103680006FF07700FBE700BF4C260020DC01002034
:103690000A4ABFF35B8F430902EB830200F01F006D
:1036A00001238340DB4352E8000F184042E8000149
:1036B0000029F8D1BFF35B8F704700BF4C26002074
:1036C00030B587B05D480022002315F0DFFD0028EB
:1036D00040F092805A485A4D1DF0CEFA10F0010386
:1036E00045D02B1D93E8070006AB03E907005548BA
:1036F0001DF0C2FAC0F3401351481DF0BDFA014657
:1037000000286BD073B10C224F490DEB020017F06B
:1037100073FD00286BD000210846FFF775FF0446B3
:10372000002865D100239DF80C00ADF80930BDF8E4
:103730000E30ADF80530BDF81030ADF80730431E3F
:103740008DF8040058420DF109015841FFF7DCFBE8
:10375000044600284CD14FF0FF304FF0FF31FEF708
:10376000A5FA0546002849D16FF0680440E03548C5
:10377000364A1DF081FA10F0800F0ED09089D18961
:103780001269ADF80E004FF48074ADF80C40ADF83E
:103790001010ADF812300592A9E72D4C2068616831
:1037A00003AB03C3A068186092F8D930180748BF6C
:1037B0000523234848BF8DF80D301DF05DFA8107C1
:1037C00006D53023ADF810306023ADF80E308EE70B
:1037D0001B481DF051FA4207F3D488E73BB1FFF7CD
:1037E00013FF044620B9184B2861C3E901000024E7
:1037F000124815F0C3FD204607B030BD072201A9CD
:103800000C301BF00EFD2246294642F20B00FEF75B
:103810006FFC04460028EBD19DF80D10012001F04B
:103820000101FFF7F1FE04460028E1D106AA12E9E2
:103830000700054B83E80700D9E700BF6826002092
:103840004C260020DC0100205C260020080100201E
:10385000D44D050010B5094C44220021204617F034
:103860007BFD04F11C0020F005FA04F1300020F08B
:1038700001FA034B00221A6010BD00BF4C26002045
:1038800098260020044B597C003801F0010118BF34
:103890000120FFF7B9BE00BF4C260020032838B531
:1038A000054603D1BDE83840FFF70ABFFFF7D2FE57
:1038B0000446C8B9BFF35B8F0C4B6A0903EB820364
:1038C00005F01F0101228A4053E8000F104343E82E
:1038D00000010029F8D1BFF35B8FFFF7F1FE04462A
:1038E00010B12846FFF7D4FE204638BD4C260020F4
:1038F0002DE9F04F00F10C068BB0044630461BF06A
:10390000D3FC80466348DFF8A4A11DF0B5F900F0B0
:103910000103604802931DF0AFF9C0F380030193E7
:10392000B8F1000F02D10BB0BDE8F08F029B13B9C4
:10393000019B002BF7D0238A082B07D8564A5748FB
:1039400001210BB0BDE8F04F1BF06FBA09213046E2
:103950001BF0A2FC037A228A01339A420546EDD37A
:103960000123ADF824307F238DF81E30037A034401
:10397000471C5B7A8DF81D30FF238DF81C30002327
:10398000ADF8223002788DF81F20042A9CBF444BEA
:103990009B5CADF82030037A3E4800931DF06CF933
:1039A00003463C481DF068F9DA0703D5BDF820301E
:1039B0005B0765D438461CF022FF00284AD0394600
:1039C00004A81CF011FFDAF80030B3B130461BF048
:1039D0007BFC009BB4F810B0DAF8007023828146BB
:1039E00033469DF81F209DF91D1004A8B847636950
:1039F000A4F810B013FA89F3E36004AB0693294BE3
:103A00001A68002A3AD0136803B1083B52F8081C20
:103A1000B9B11F46A2F10803304603931BF054FCD2
:103A2000009BB4F810B02382039B81461B6831468B
:103A300006A898476369A4F810B013FA89F3E36005
:103A40003B46DBB19F681A68B7B1083F002AE3D153
:103A50003B46F7E76B78FF2B09D1134B18680490AE
:103A60009A889B798DF81630ADF81420ABE739466B
:103A70001DF066F80346F1E7002ACDD10023069336
:103A8000297A3046013108F1FF381BF0FDFB5FFA5F
:103A900088F845E74C26002052760500644C050066
:103AA0006B76050090260020166B050098260020F6
:103AB000F8B5054622481DF0DFF843070F463CD510
:103AC0002A78012A03D96FF015042046F8BD6B78D7
:103AD0000F2BF8D86888031F9BB243F6FC74A342EF
:103AE000F1D8A9880B1F9BB2A342ECD88842EAD335
:103AF0007AB914480022002315F0C8FB04460028B8
:103B0000E3D1FFF7A7FD044640B10E4815F036FC9F
:103B1000DBE71DF04FF80028EBD1D4E7286869688F
:103B2000094E0A4B03C6A868306020461F60FFF7A5
:103B3000B5FE044606F12400E8E76FF00A04C4E786
:103B4000DC0100207C260020502600209826002042
:103B500070B50C4B1C68054644B154F8143C143C39
:103B600013B1697A284698476469F5E7064C074E11
:103B7000B44200D370BD236813B1697A28469847D0
:103B80001834F5E7D0260020C44B0500DC4B0500B7
:103B900010B50446FCF720FB044901EB0011204658
:103BA0001CF06EFEBDE81040FEF780B99C26002098
:103BB00070B5D1E9015600220446C1E90122064848
:103BC00020F028F93DB1314620462B466FF06D02BA
:103BD000BDE87040184770BD6412002037B5031D62
:103BE0000446BFF35B8F53E8002F42F4806143E843
:103BF0000015002DF7D1BFF35B8F510539D4BFF30A
:103C00005B8F6368BFF35B8F9A0326D5E37823B994
:103C1000194A1A4802211DF045F8A37A072B28D12A
:103C2000174B93F8D8309B0623D51CF0A6FE00B3A3
:103C30000DF1060101A8FEF735FBD0B9BDF806204D
:103C4000BDF8041020461CF01AFF034688B10D4A47
:103C50000A4801211DF026F80BE01CF0F5FE034692
:103C600020B1094A054801211DF01CF8A37A072B51
:103C7000CCD003B030BD00BF99760500144C0500D0
:103C800008010020B27605007876050070B505467B
:103C90000F480022002315F02DFCB8B90D4B1C680D
:103CA00034B154F80C3C143C03B198476469F7E70D
:103CB000094C0A4EB44204D32846BDE8704015F0C2
:103CC000D3BDA36803B198471834F3E770BD00BFB4
:103CD00040120020D0260020C44B0500DC4B05001C
:103CE0002DE9F843DFF85480044620270025EFF340
:103CF000118387F31288BFF36F8FE16929B983F3CA
:103D00001188BFF36F8FBDE8F883206A0A68E2610B
:103D1000814208BF226283F31188BFF36F8FD1E91C
:103D200001694046C1E9015520F074F81EB1002236
:103D300049462046B047FEF7B9F8D8E7641200209C
:103D40000448B0F80431002B00F5847008BF00204F
:103D5000704700BF0801002030B504468BB00D4607
:103D600016F032F90B4BD3F8D820824205D1204609
:103D70000BB0BDE83040FFF7B3BF243421461846EE
:103D800020F000F91DB16946204620F00BF90BB078
:103D900030BD00BF6023002038B5002204468A42AF
:103DA00002D10024204638BD04F1C4030120BFF332
:103DB0005B8F53E8005F002D04D143E8000CBCF199
:103DC000000FF6D1BFF35B8F02D0C8340244E6E7A0
:103DD000002CE6D0C4220021204617F0BDFA04F1E1
:103DE0004000044920F0FFF8034904F1240020F0CA
:103DF000ADF8D7E721480300B50C0500F7B5164626
:103E00000D4601210446FFF7A7FF012E23D0022E05
:103E100050D123693BB13048304A01211BF005F8ED
:103E200020461CF065FF256121690B8A012B51D9C1
:103E3000CA681288043292B293424BD341D92648C1
:103E400000920121264A1BF003F8204603B0BDE88A
:103E5000F0401CF04DBF206940B9224A1E4831464F
:103E60001AF0E3FF20461CF043FF01E02F8A2FB930
:103E7000284603B0BDE8F040FCF74EBA0C301BF00A
:103E800027FA87420CD9184A134831461AF0CDFF59
:103E900021690022204600F02DFF00232361E7E77F
:103EA00020692A8AE9680C301BF0BBF92846FCF728
:103EB00033FAB9E70D4A0848334601211CF0F2FEF7
:103EC000D0E7002301222046236103B0BDE8F04083
:103ED00000F010BF03B0F0BD144C0500CE76050015
:103EE0004E770500EB760500097705003077050071
:103EF00008B5C430BFF35B8F50E8003F013B40E89A
:103F00000032002AF8D1BFF35B8F3BB9044815F0AB
:103F1000B7FABDE80840034815F0A6BC08BD00BFCD
:103F200040120020A40A002010B504461CF0E9FE4F
:103F300015F056FF104BD3F8241104F1B80249B91B
:103F4000C4F8B810D3F8281189B9C3E9492215F08B
:103F50005BFF06E08A4208D115F056FF2046FFF7C6
:103F6000C7FFBDE81040FDF7A1BF0968E7E70A6099
:103F7000C3F82821EBE700BF08010020F8B5867AD6
:103F80008E4200AF04460D461AD1082E96BF554BFF
:103F9000554B53F826306C4688B06A465349C2E9FF
:103FA00005134FF400739383514B42F8103F51486F
:103FB00000234FF4E451FAF7E9FDA546BD46F8BDEC
:103FC00081720EB91CF09DFEA37A082B00F2868048
:103FD00001A252F823F000BF2D40030083400300EC
:103FE000BD3F0300BD3F0300BD3F0300BD3F0300D5
:103FF000BD3F0300FD3F0300BD3F03003E480021DD
:1040000016F00AFB0023C4E90D33E378012BD5D168
:10401000A378012B04BF032384F894304FF420329B
:10402000002304F1400015F08FFCC7E7082EC5D827
:10403000DFE806F02005171C1C1C1720200004F1E7
:10404000400528461FF0DBFF01212046FFF784FED4
:1040500020461CF04DFE00220023284615F0A8FC47
:10406000ACE7637A13B12046FFF772FD2046FFF7F5
:104070003FFFA3E7214A2B461E4802211CF012FEF7
:104080009CE7637A3E2B0FD16D4688B06A461C4B85
:10409000C2E90534032342F8103F164800234FF4C9
:1040A000C451FAF773FDAD46164D05F58476616986
:1040B00011B9FDF7FBFE81E7A2690B6863619142CC
:1040C00008BFA3612046FFF773FDB5F80431002B4C
:1040D00014BF3046002015F0D3F9E8E70A4A2B4612
:1040E000CAE700BFFC50050069770500737705003B
:1040F00003000001144C0500B40A00208477050079
:104100009B77050008010020C2770500F8B5074637
:1041100009480D4616461CF0F4FD044650B183785C
:104120001F4203D1BDE8F840FFF7E2BE3146A84781
:104130002046F7E7F8BD00BF081C00200249002216
:104140000120FFF7E3BF00BFA90C050070B50546CD
:104150000E480E461CF0D5FD0446A0B1837A012B13
:1041600002D0073B012B0CD82388AB4208D1A3789F
:104170001E4209D1064A07482B4602211CF092FD37
:104180002046FFF7B5FE0024204670BD081C002025
:10419000DE770500144C0500034BC01A034BC0101A
:1041A0005843C0B2704700BF081C0020295C8FC272
:1041B0002DE9F0411C46144305460E461746984625
:1041C0000BD015F001FF0F4BD3F8D830834206D146
:1041D0000D4A0E4802211AF028FE0027B8460C4965
:1041E0003A464346002D14BF284608461AF0A1FF60
:1041F000044618B1711D0C301BF002F82046BDE8D2
:10420000F08100BF60230020F5770500144C050005
:104210007C12002010B50446054815F025FB204609
:1042200000F0AEFC2046BDE81040FFF791BC00BF97
:10423000940A00202DE9F04F87B000AF0023FB6007
:104240007B61BD4B5A8B3AB1BC4DD5F824413CB98A
:104250001C37BD46BDE8F08F1B68002BF4D1F7E793
:1042600054F8B83903B1B83BB549002601E01C4603
:104270001346B5F80421002A00F07181D5F8102109
:104280004AB904F1B806002BE2D0D3F8B820002ACE
:10429000EDD0B83AEBE70A68002AF2D0D4F8A420AF
:1042A000002AEED0D4F8A820002AEAD0D4F8AC2016
:1042B000002AE6D0A37A072B6AD12046904700282F
:1042C00066D0BFF35B8FD4F8BC30BFF35B8F022B9B
:1042D0005EDC20461CF015FD04460028B8D0A37A09
:1042E000072B40F03981D4F8A430B5F8041107F158
:1042F0001002204698478146002800F00D81B5F84D
:1043000004213B699A4208D30146D4F8A86007F11A
:10431000140307F10C022046B0477B693B60B9F8F3
:104320001030D7E9038A002B00F0008148461CF0CA
:10433000BDFA7860002840F0FC80B5F80431DFF861
:1043400010B2002B14BF584600200022002315F0A5
:10435000D1F878B97A480022002315F05FF80646B4
:1043600000283BD1B5F80431002B18BF5E4630461B
:1043700015F086F86FF00B054846FBF7CDFFB8F156
:10438000000F00F0B38039682A462046C047ADE0F0
:10439000D4F8B83004F1B802C6B9D5F82811C5F878
:1043A00024318A4201D1C5F828310023C4F8B8303D
:1043B0002046D4F8AC309847002890D0A37A072B39
:1043C00040F0CA802046FFF7AFFD88E73360D5F89C
:1043D00028319A4208BFC5F82861E6E73B68C0F873
:1043E00004808360B5F804B15348DA454FF0000209
:1043F0004FF000034FF0000198BF1FFA8AFBFBF754
:104400000DFF804650B1FBF7E7FE4E4B5A4603EBDB
:104410000013494640461CF00EFA8046B5F80431B8
:1044200094F8C0909A4584BF01237B607B6884F830
:10443000C0309CBF09F102095FFA89F904F1BC0A96
:10444000BFF35B8F5AE8003F01334AE80032002A8D
:10445000F8D1BFF35B8F00233360A369002B5FD1DA
:10446000C4E90566A378012B5DD108F10C0B04218A
:1044700058461AF0F8FE238809F0FD0943EA09338B
:104480000380B8F81030043B4380022158461AF0EC
:10449000F2FE4046FDF748FC814600285CD0BFF3A1
:1044A0005B8F5AE8003F013B4AE80032002AF8D10E
:1044B000BFF35B8F314604F114001CF0FEFB4B464A
:1044C000214A224801211CF0EDFB4046FBF724FF66
:1044D00020463146FFF76CFBB5F804311C48002B31
:1044E00008BF002014F0CCFF6FF004056E4688B0C2
:1044F0006B46184ADC61C3E905251A46042342F8D5
:10450000103F12484FF401510023FAF73FFB1321EB
:10451000B54620461CF011FC2046FFF7E9FC97E663
:104520001E60A6619EE76FF01509B8E76FF0790588
:1045300022E76FF004051FE70013002008010020A8
:10454000641200209C2600203D700500144C0500DC
:10455000100200201E780500FDF7A8FCDCE7936838
:10456000FFDE00BFF8B5BFF35B8F4268BFF35B8F20
:104570009204044600F1040319D5B0F88620B0F87F
:104580008810914213D8B0F88A1091420FD3D0E925
:10459000231291420BD1BFF35B8F53E8001F21F42C
:1045A000005143E80012002AF7D1BFF35B8F114B93
:1045B0001D686DB155F8046C143D3EB1B4F88E30F1
:1045C000B4F88C20B4F886102046B0476D69F0E747
:1045D000094D0A4FBD4200D3F8BD2E693EB1B4F873
:1045E0008E30B4F88C20B4F886102046B0471835C9
:1045F000F0E700BFD0260020C44B0500DC4B0500CF
:104600002DE9F041074608460D461CF0B8F906466C
:1046100018B900263046BDE8F081144B1C6884B1FF
:1046200054F8083C143C0BB96469F8E7294638464D
:1046300098470028EDD028461CF0A1F90028F3D1B6
:10464000E7E70B4CDFF82C804445E3D2E3680BB975
:104650001834F9E72946384698470028D9D0284623
:104660001CF08DF90028F3D1D3E700BFD02600203D
:10467000C44B0500DC4B050038B505460C460E481A
:104680000121FFF789FBB0B1057223680367A38896
:10469000A0F87430A37980F8763001238370074B3B
:1046A000C0F8A430064BC0F8A830064BC0F8AC30B8
:1046B000054BC0F8883038BD081C0020754A03003F
:1046C000910C0500850C05001800280070B5054602
:1046D0000A480E461CF015FB044620B18378012BD6
:1046E00004D0FFF705FC0024204670BD3246294661
:1046F0001CF043FB0028F7D12046F2E7081C0020FD
:10470000B0B500AF0D46FFF7E1FF044608B32846F9
:10471000FCF728FDA37A082B96BF0F4A0F4B52F8DF
:1047200023306D468AB06A460D49C2E907030D4B36
:1047300053620D4BC2E9051442F8103F0B480023A9
:104740004FF44251FAF722FA2046AD46FFF7D0FB6C
:104750000120BD46B0BD00BFFC50050069770500D3
:10476000417805000103020405000002144C050015
:10477000F8B505460E480E4617461CF0C2FA044628
:1047800020B18378012B03D0FFF7B2FB00240DE0AA
:1047900036B1324629461CF0F0FA08B92046F3E754
:1047A000A37ABB42FAD1237AAB42F7D12046F8BDB7
:1047B000081C002038B5044608460D461CF0DFF8FA
:1047C00048B3164B93F8D830990707D4E37883B1F0
:1047D00029462046BDE8384000F0B8BA94F8953034
:1047E0009A07F3D5BFF35B8F6368BFF35B8F5B04FE
:1047F000ECD4294620461CF0E6FA58B92B88A4F8D8
:1048000088306B88A4F88A30AB88A4F89030EB88A5
:10481000A4F8923038BD6FF01500FBE708010020C6
:10482000F7B510F8363C0446A0F140060BBB304605
:104830001CF01CFB3A4B1D684DB155F8103C143D63
:104840001BB114F8371C304698476D69F4E7354DB5
:10485000354FBD4205D3304603B0BDE8F040FFF709
:1048600047BB6B681BB114F8371C304698471835A6
:10487000EFE710F83E3C012B31D1BFF35B8FA0F185
:104880003C0555E8003F23F4005245E8002100298B
:10489000F7D1BFF35B8F990429D5A36C00936946C8
:1048A000236D01933046FFF785FF0346C8B9BFF378
:1048B0005B8F55E8003F23F4805345E80032002A1F
:1048C000F7D1BFF35B8FBFF35B8F55E8003F43F435
:1048D000006345E80032002AF7D1BFF35B8F03B0D5
:1048E000F0BD124A124802211CF0DCF9EBE7114A34
:1048F0004FF4281369463046CDE90023FFF75AFFED
:10490000034650B9BFF35B8F55E8003F43F4805333
:1049100045E80032002AD4D0F6E7074AE2E700BFB4
:10492000D0260020C44B0500DC4B05007A7805003A
:10493000144C0500180028009F78050010B50C489D
:104940001FF029FA0B490A481FF064FA0A4908487F
:104950001FF060FA094906481FF05CFA1CF000FFDE
:104960001DF016FB044608B91CF02AFB204610BDBA
:1049700064120020AC260020B8260020C4260020A7
:1049800008B50346034A044801211AF057FA0020EB
:1049900008BD00BF527905005C4C050080B500AF32
:1049A00088B06A46074BC2E90530032342F8103F3E
:1049B000054800234FF4C251FAF7E8F86FF00B00F6
:1049C000BD4680BD7A7905005C4C0500044B1A6831
:1049D0000AB1FFF7E3BF034858600B601046704709
:1049E000D8260020485105002DE9F0411D4652EA25
:1049F000050306460F46144609D1002425462246E3
:104A00002B46391D3046BDE8F041FFF7D1BB15F00C
:104A1000DBFA034BD3F8D8308342F0D1EDE700BF87
:104A20006023002038B5054618462B68DBB19B7A19
:104A3000072B18D10B7A012B07D00C4A0C48012107
:104A40001AF0FCF96FF0150038BDCB7A072BF9D9B5
:104A5000C8618A6105F130001FF0DCF928461CF0BE
:104A6000DCF90020F0E76FF07F00EDE7A1790500A9
:104A70005C4C05002DE9F047D0F8B04000AF0E4681
:104A800091464CB1483C236B6BB104F1300A50465F
:104A90001FF0D5F9054660B9FDF708FA002528464C
:104AA000BD46BDE8F0872068B0301CF0D5F9A46C95
:104AB000E7E71BF0FBFE80B16C4688B06A462D4BE1
:104AC000C2E90535032342F8103F2B4800234FF479
:104AD000C251FAF75BF8A546E0E728461AF058FB02
:104AE000E36C0546B3B9A38CB0F81080403B9BB291
:104AF0003F2B03D8238D984528BF9846042105F104
:104B00000C001AF0B0FBA0F80080A38C438008F1E1
:104B10000403E364E36C2A8AB3420FD8934216D0AD
:104B2000A38C403B9BB23F2B21D92068B0301CF0B6
:104B300093F9236B13B120461CF06FF9E36CC9F8AD
:104B400000309E4234BF9E1B0026E664A7E7002289
:104B50000023504614F062FCFBF7DEFBA38CA3F1AC
:104B600040023F2AE1D8054AAA61EB61DDE7002255
:104B70001346F9E7B97905005C4C0500710F050093
:104B8000F7B5284D284F04460026BD4201D303B097
:104B9000F0BD298820461CF0E1F96B68019001A95D
:104BA00020469847002838DB019B2A889A829A84FD
:104BB00003F11002BFF35B8F52E8001F42E8006070
:104BC0000028F9D1BFF35B8F9E64DE649E60A16B09
:104BD00003F1080219BBC4E90D221C60DE6003F179
:104BE00030001FF0D8F8019843681B6803B198475C
:104BF000019BBFF35B8F103353E8001F41F00101AD
:104C000043E80012002AF7D1BFF35B8F0198436895
:104C1000DB6913B100F1100198470835B5E70A6068
:104C2000A263DAE7AC4B0500C44B050073B50D4633
:104C30000646042105F10C001AF02EFB2B8A42884F
:104C40009A42044607D000921C4A1D4801211AF0DE
:104C5000FFF802B070BD43783BB91A4A18480121E9
:104C600002B0BDE870401AF0E0B80378012BF0D034
:104C7000132B06D1022AECD0022300931346124ACA
:104C8000E3E7124A0E4802211AF0D8F86178356835
:104C9000022201201CF047F904460028D9D0022145
:104CA0000C301AF0B8FA00230370437021462846EE
:104CB00002B0BDE870401CF068B900BFD1790500B2
:104CC0005C4C0500F2790500137A05003E7A050078
:104CD00008B50B8A032B06D8044A054801211AF0AF
:104CE000A4F8002008BDFFF7A1FFFAE7667A0500E7
:104CF0005C4C050038B50B8A032B05460C4609D8D9
:104D00000F4A104801211AF090F82046BDE83840BB
:104D1000FBF702BB042104F10C001AF0BDFA418834
:104D200028461CF043F930B9074A06480B460221D1
:104D30001AF084F8E9E7436821465B699847E4E79D
:104D4000847A05005C4C0500A17A050070B5124B11
:104D50000C4619780131C9B2012938BF0121054635
:104D60000822122019701CF0DEF8064688B10821CE
:104D70000C301AF050FA2288028062884280A288A1
:104D80008280E288C28031462846BDE870401CF02F
:104D9000FCB86FF00B0070BDBB46002023281FD865
:104DA0001A2804D8431E182B0ED906207047A0F1EC
:104DB0001B03082B1ED8DFE803F0051D1B231D195C
:104DC000251D0500032070470F4A012383401A4028
:104DD000C2B90E4A1A40002A14BF012006207047AB
:104DE00000F07F03522B05D100207047012070474F
:104DF0000520704710F0400F0CBF062000207047C0
:104E00000420704702207047AAAA8A02545545011F
:104E10002DE9F84F074608460C46FBF7DDF9DFF8A9
:104E2000CC80E1681823434308EB03020646D2F81E
:104E300008A0BFF35B8F786DBFF35B8FC00709D409
:104E4000264A274801211CF0DEF86FF01505284698
:104E5000BDE8F88FE06800781071002248F8032060
:104E60000B78D22B0FD13B68214618681DF08DF8C6
:104E7000054640B11B4A1A4801211CF0C4F82046DF
:104E8000FBF74AFAE3E704F10C001AF01DFA1823C5
:104E900003FB0683B4F810B09F60002381461A46D6
:104EA0002146381DFFF7BEFD05460028CFD010F182
:104EB000690F04D10C4A0A4801211CF0A4F8636967
:104EC000A4F810B013FA89F3E36018235E4308EBEB
:104ED000060348F80650C3F808A0B8E7DD7A0500D5
:104EE000044C0500F77A05000A7B050028270020FE
:104EF000011F01481EF05FBE50110020024A034806
:104F000001211CF080B800BF2D7B0500044C05007A
:104F100070B503788AB004460E4607AD032B20D83F
:104F2000DFE803F002191B1D1149284616F0C8FAE4
:104F3000059563780493A3780393E3780293237928
:104F4000019363790093A3790A4A1E21304619F030
:104F500022FA0AB070BD0849E7E70849E5E70849C1
:104F6000E3E7084A0A21284619F015FAE0E700BFEE
:104F70000B6005002D60050012600500196005003A
:104F800023600500D37B05002DE9FF4105460E4651
:104F90004FF000084FF42053006817688DF8088020
:104FA00002A91446ADF80A301BF0C2FBA0B142F6CC
:104FB000010328688DF80C8003A9ADF80E301BF0B2
:104FC000B7FB48B123691BB15A88B24200D25E8058
:104FD000012004B0BDE8F081616828681BF0A8FBDF
:104FE00010B100232361F3E7E368A0681A786AB17F
:104FF000B7F81AC0798D038A8C4594BFC3EB0C03B4
:10500000C3EB0103934201DA0020E2E704210C30F4
:105010001AF001F92061068023695E80074B009336
:105020000194A2680023294638461CF040F9002864
:10503000EADB2069003818BF0120CAE75D120500CD
:1050400010B500F150030446BFF35B8F53E8001F17
:1050500041F0010143E80012002AF7D1BFF35B8F52
:10506000201F1CF028F804F1740004491EF0BBFF57
:105070002068BDE8104001F071BF00BF815F0300F0
:1050800073B50E46438D418B8B4202F1010228BF5E
:105090000B469A42054609D91C48009202211C4A37
:1050A00019F0D6FE0024204602B070BD3046FFF74E
:1050B00075FE022810D004280ED014F085FF154B81
:1050C000D3F8D83083421FD0134B1B681A1A18BF6D
:1050D0004FF0FF32134602E04FF4702200230F48D6
:1050E0000021FFF781FC04460028DCD0FBF774F8B0
:1050F0000B4B182202FB0033012104F10C009D60D0
:105100001AF089F80670CEE70022E3E7044C0500A8
:105110004A7B05006023002070270020A812002091
:105120002827002070B5044601F10C000D461AF046
:10513000C3F826682B8AEA68014630681CF0EAFE4C
:105140001E2100222046FFF79BFF014630B9054A89
:10515000054801211BF057FF002070BD20461BF0C1
:105160009CFFF9E76F7B0500044C0500F0B51D4678
:1051700003680E46003987B0044618BF012118683D
:1051800017461CF0D8FE40B904F154001CF04FF94A
:10519000002846D0002007B0F0BD002D43D01822D3
:1051A0000021684616F0D8F86FB100223946204633
:1051B000FFF766FF019030B91C481D4A01211BF022
:1051C00022FF1120E7E723681A4A1B680093002397
:1051D000ADF812300C9B0393BDF83430ADF81030AD
:1051E00001238DF8143029466B4628468DF8086057
:1051F0001BF0CDFF9DF8143063B1002FCAD0019889
:10520000FBF78AF89DF814302A46314620461CF0F8
:105210001DF9BFE701990029BCD020461BF03DFFD6
:10522000B8E71220B7E70120B5E700BF044C05003E
:105230008C7B05001D1105002DE9F3471768054615
:10524000894600685168D7F804A014461BF070FA2C
:10525000804600284BD19522294650461CF0E8FD97
:105260000646207540B1E3681B780BB184F81480C2
:10527000002002B0BDE8F087294650461CF05DFED4
:1052800010B908232375F3E7A068267519F084FF89
:1052900002210C3019F0BFFF164B2061A0F80090DE
:1052A00000930194A2683346294638461BF0FFFF5D
:1052B000002807DA10F1FF0F26BF4042C0B20E20CF
:1052C0002075D5E72369002BD2D0A0681BF083FEA0
:1052D0007B8D7A8B9A4294BFC0EB0200C0EB030037
:1052E000E3681B78984294BF00200120C1E70120A9
:1052F000BFE700BFE70F0500F7B50B8A0768044654
:105300000D463BB9284A294801211BF07CFE0020AC
:1053100003B0F0BD012105F10C0019F0BDFFBB7A0F
:10532000072B0646F3D154F8043C002BEFD003784A
:105330001F48043C002210F832709F4200EBC2016B
:105340000FD12A8A48788F78904220D91748009345
:1053500001211346174A19F07BFD012FD7D10423F1
:105360001EE001321C2AE6D11048134A022119F02E
:1053700065FD31780846FFF711FD0028C7D00528E4
:10538000C5D00623002220461CF060F8BFE74B681A
:10539000204629469847012F0346B8D10028B6D0A9
:1053A00031780022EFE700BFA57B0500044C050023
:1053B00070510500DA7B0500C07B05002DE9F04F38
:1053C00091B0166880460F46002542F6010300683A
:1053D000D6F804908DF82C500BA91446ADF82E3059
:1053E0001BF0A6F9002870D04FF42053D8F8000025
:1053F0008DF82C500BA9ADF82E301BF099F938B16F
:10540000A3681BB15A88BA4200D25F8001200EE027
:10541000616808461BF0DFFD728D738B9A4294BF62
:10542000C0EB0200C0EB0300032803D8002011B03A
:10543000BDE8F08F084619F0AFFE054660681BF026
:10544000CAFD728B738D05F10C0B9A4294BFC0EBB1
:10545000020AC0EB030A584619F03AFF824537D2D8
:1054600060681BF0B8FD728D738B9A4294BFC0EBDD
:105470000200C0EB030070B96368987AFAF7A4FEE3
:105480000022002319F055FE05460028CED0014623
:10549000606819F092FE00230093D8F8046010238E
:1054A00002AA41464846B047061E0EDB227CE06851
:1054B000B2422BD001460BA81BF068F960B9237CDF
:1054C000144A1548022119F0B9FC0023A3609DE796
:1054D000584619F0FDFECEE7F2B202A906A81BF06D
:1054E00055F910B90D4A3346EBE706A90BA81BF096
:1054F0001FF90028E9D100236374042105F10C0091
:1055000019F089FEA0600780A3687EE702A915F064
:1055100073FEEEE7F97B0500044C0500187C0500DE
:10552000F8B54FF470220746002311480D4619F0D4
:1055300000FE044638B90F4A0F482B46012119F0E6
:105540007DFC2046F8BD00F10C060921304619F01B
:1055500057FE2046FAF740FE084B182202FB0033A4
:10556000012130469F6019F056FE0570E9E700BF43
:10557000A812002052790500044C050028270020BD
:105580002DE9F0410E8A043EF6B2022E04468CB09C
:10559000084601D0102E64D104210C3019F07CFE95
:1055A0000DF1080805884788011D324640461BF06A
:1055B000EDF8002857D09DB3002687B3AF422FD314
:1055C0004FF4205301A940468DF80460ADF8063031
:1055D0001BF0AEF840BB1422002107A815F0BCFE5A
:1055E00011212046FFF79CFF0990002837D00121A8
:1055F0000C30CDE9074819F00EFE00230A901B4A33
:10560000037039460B93284607AB1BF0C0FD0A9B7D
:105610001B78FBB90998FAF77FFE0A2301E03D46A3
:1056200001232A4610210EE042F6010307A9404655
:105630008DF81C60ADF81E301BF07AF80028CAD037
:1056400010232A46194620461BF000FF00200CB00C
:10565000BDE8F081099920461BF01FFDF6E71120F7
:10566000F5E70420F3E70E20F1E700BF894F0300C0
:105670002DE9F043036885B004460D461868012102
:105680001CF059FC40B904F154001BF0D0FEB0BB33
:10569000122005B0BDE8F08310220021684615F005
:1056A0005BFE21212046FFF73BFF029048B3DFF865
:1056B0005890009405F10C074FF001082B8A012B3C
:1056C00004D8029920461BF0E8FC18E0384619F08F
:1056D000F3FD6B464A46014606468DF80C801BF0EA
:1056E00056FD9DF80C30002BE8D00298FAF714FE16
:1056F0009DF80C303246202120461BF0A7FE0020EA
:10570000C7E71120C5E700BF3B1505002DE9F043B1
:10571000036885B004460D46186801211CF00BFC97
:1057200040B904F154001BF082FEB0BB122005B05A
:10573000BDE8F08310220021684615F00DFE0F2110
:105740002046FFF7EDFE029048B3DFF85890009432
:1057500005F10C074FF001082B8A012B04D80299A0
:1057600020461BF09AFC18E0384619F0A5FD6B4660
:105770004A46014606468DF80C801BF008FD9DF850
:105780000C30002BE8D00298FAF7C6FD9DF80C30DB
:1057900032460E2120461BF059FE0020C7E711209B
:1057A000C5E700BFDB140500F0B51D46036885B0F2
:1057B00004460E461868012117461CF0BCFB38B998
:1057C00004F154001BF033FE48BB122005B0F0BDBD
:1057D00065B310220021684615F0BEFD394620460B
:1057E000FFF79EFE029018B3BDF82830ADF80430E4
:1057F00001238DF80C300F4A00946B462946284649
:105800001BF0C5FC9DF80C305BB10298FAF784FDE3
:105810009DF80C302A46314620461BF017FE00202A
:10582000D4E7029920461BF038FCF8E70120CDE7C9
:105830001120CBE7DB1405002DE9F0410E8A043E70
:10584000F6B2022E04468CB0084601D0102E76D156
:1058500004210C3019F020FD0DF10408058847885B
:10586000011D324640461AF091FF002869D085B3E9
:1058700077B3BD422DD8606801211CF05CFB064661
:1058800078BB8DF8000042F6020369464046ADF849
:1058900002301AF04DFF20B342F6030306A940463A
:1058A0008DF81860ADF81A301AF042FFC8B1012D1A
:1058B00003D14FF6FF739F4213D004F154001BF045
:1058C000B6FD002814BF002012200CB0BDE8F08106
:1058D0003D4601232A46082120461BF0B7FD002043
:1058E000F3E7182200210DEB020015F035FD092128
:1058F0002046FFF715FE0890F8B101210C30CDE9E4
:10590000064819F088FC0023099003700A238DF8DB
:105910002C300D4A06AB394628461BF038FC9DF862
:105920002C302BB10898FAF7F7FC9DF82C30D1E712
:10593000089920461BF0B1FBD1E71120C5E70420F0
:10594000C3E70E20C1E700BF395203002DE9F04341
:105950000F4687B00446062107F10C0019F09CFCA5
:105960000588B0F802808288D7F80C90C5B1002372
:10597000B8F1000F13D0454512D88DF800308DF8DE
:10598000043001A94FF420536846ADF80220ADF869
:1059900006301AF0CDFE064660B10A2301E0454606
:1059A00001232A46062120461BF050FD002007B0A7
:1059B000BDE8F0830146142201A83F7C15F0CCFC21
:1059C00007212046FFF7ACFD0290D8B10A238DF8DD
:1059D00015300D4A019401AB41462846CDE90369D3
:1059E0008DF814701BF0D3FB9DF815302BB1029885
:1059F000FAF792FC9DF81530D3E7029920461BF088
:105A00004CFBD3E71120D2E7BD5303007FB5CB6831
:105A10001D885E88044685B176B1B5420DD8102246
:105A20000021684615F098FC05212046FFF778FD17
:105A3000019058B9112007E0354601232A46042178
:105A400020461BF003FD002004B070BD6B46094AE0
:105A50000094314628461BF09AFB029B23B901981B
:105A6000FAF75AFC0A23E9E7019920461BF015FBD7
:105A7000E9E700BFA51105002DE9F04182B000AFB4
:105A8000044688463D4800220023394613F0FCFABC
:105A90000546B0B16D4688B06A46394BC2E9053457
:105AA000032342F8103F374800234FF4C251F9F75F
:105AB0006DF8AD466FF00B0630460837BD46BDE8C1
:105AC000F08114F081FA3E682F4B28221860294695
:105AD000301D15F041FC34603C682C487D60C4E901
:105AE0000155C4E9095500220023391D13F0CCFAF1
:105AF000064688B123686C4688B06A462449C2E9E4
:105B00000513032342F8103F1E482B464FF4C4519F
:105B1000F9F73CF8A546CDE77B680146B022184668
:105B200015F01AFC1B4A82605C301EF034F97B6869
:105B3000BFF35B8F543353E8002F43E80061002923
:105B4000F9D1BFF35B8F7B681C60636A7D681BB90A
:105B500004F10C001EF01FF9626AC5F8A820A26AC1
:105B600005F1A803636202B9A3627B6817225A8514
:105B70005A830433C8F800309EE700BF3411002078
:105B8000377C0500044C05007027002050110020D0
:105B90005C7C0500C40A002008B5837A072B06D078
:105BA0000C4A02210C481BF02EFA002008BD0421EB
:105BB0001BF0FCF910B9094A0121F3E7BFF35B8F31
:105BC000036DBFF35B8FDB0701D4054AF4E750F8A0
:105BD000040CEBE7817C0500044C05008F7C05007C
:105BE000DD7A05002DE9F14F0546FAF7F5FA3D4952
:105BF000182202FB00F3C81851F803800779B0F8A7
:105C00000690D0F810A00021D0E9024615F0A4FBC0
:105C1000A87AFAF7D9FA6969834651B16B7AD8073D
:105C200005D4DBF824301B6828469B68984700237E
:105C30006B61294658461EF0F8F8002F45D0002C1D
:105C400043D02368002B40D01B68002B3DD0B8F117
:105C5000000F08D0244A25484346012101B0BDE881
:105C6000F04F19F0EBB8201D1BF0F6FC3846FFF79B
:105C700095F8052829D8DFE800F01E03281E280320
:105C8000BFF35B8F636DBFF35B8FDA0707D4184AEE
:105C90001648012101B0BDE8F04F1BF0B4B9A36D67
:105CA0009BB14FF47022002304F1780001B0BDE8ED
:105CB000F04F13F07DBE23681D68BFF35B8F636DEB
:105CC000BFF35B8FDB07E2D556B901B0BDE8F08FBB
:105CD00051462846B0470134A3B29945F8D8F4E7B5
:105CE0000024F9E728270020AA7C0500044C0500C1
:105CF000DD7A0500F8B50F461646FFF74DFFB0B147
:105D0000446A20461CB150F8A84904B1A83C731C51
:105D1000194638B1428D458BAA4228BF2A469A427D
:105D200007D264B90A4A0B48022119F087F800200B
:105D3000F8BD32463946BDE8F840FFF7A1B9D4F8BE
:105D4000A85005B1A83D20460B462C46E2E700BF0F
:105D5000C97C0500044C050037B5002305460C46F8
:105D6000019314F031F90F4B1B68834204D00E4BA2
:105D7000D3F8D830834201D100252C4601A90B4825
:105D80002A46234613F080F9014640B9019B1022B0
:105D9000184615F0E1FA0346184603B030BD00235B
:105DA000FAE700BF70270020602300206C1100205C
:105DB00010B50446806818B1FAF7AEFA0023A36064
:105DC00021460248BDE810401DF0F5BE6C110020D0
:105DD0002DE9F347044678300E4617461D461EF05F
:105DE0000EF9A06D58B91848184A02211BF00BF99A
:105DF000204600F0A5F8002002B0BDE8F087144B63
:105E000098424FF0000805D12068C4F858801BF074
:105E100058FCF0E7D0F80490C0F80480A06DD0F8EA
:105E20000CA0FFF7C5FF2068C4F858801BF049FCA0
:105E3000B9F1000FDFD02068CDF800A000683B4624
:105E400032462946C847D6E7044C0500E47C0500E5
:105E500074270020836DCA6853B106498B4207D06E
:105E6000D378002B08BF0E2300221146FFF7B0BFE6
:105E70000E23F9E774270020F7B550F8044C0546C7
:105E8000002C59D000F1A40104F124001BF0B6FA53
:105E90002E1F05F1580700220023384613F0BEFAE2
:105EA000024678BB6B6D2BB101466FF0670330463D
:105EB000FFF78EFF002345F8043C05F15003BFF3C4
:105EC0005B8F53E8001F21F0010143E80012002A14
:105ED000F7D1BFF35B8F636A73BB04F10C0600223A
:105EE0000023304613F09AFA78B9666886B91348E9
:105EF000266021461DF05FFE286803B0BDE8F04033
:105F000001F050B8FAF708FAC5E7FAF705FAE6E73C
:105F1000A26833686360964208BFA36077683FB1A8
:105F2000F3680093002320681A466FF06701B847B2
:105F30003046FFF73DFFD8E703B0F0BD3411002035
:105F400030B5054689B055F8043B044618681AF088
:105F500034FF6946FEF7DCFF2846FFF78DFF6068D7
:105F600013211AF0EAFE034620B1034A0348012137
:105F700018F064FF09B030BDFB7C0500044C05003F
:105F8000B0B5044688B054F8783D00AF18681AF0F0
:105F900014FF3946FEF7BCFF6D4688B06A460B4BCE
:105FA000C2E905374FF400739383094B42F8103F61
:105FB00000234FF4E2510748F8F7E8FD2046AD46CC
:105FC000FFF7BEFF2037BD46B0BD00BF197D0500FD
:105FD00003000001044C050010B50C4620B319B3B2
:105FE000FFF7DAFD00B3436AC3B153F8A82902B141
:105FF000A83A996D8C420AD082B11346D2F8A820F3
:10600000002AF6D0996D8C42A2F1A802F5D1074A78
:106010009A652046BDE81040FFF7CABE043021460D
:106020001BF0ECF92046F5E710BD00BF74270020F7
:10603000F8B51D460F461646FAF7CEF8044C18235D
:1060400003FB0040C0E903760123C3800575F8BD5A
:106050002827002010B5074C2378834207D1601C05
:106060001BF068FC002814BF2046002010BD002053
:10607000FCE700BFFE45002038B50C4619466BB161
:1060800003F114055B698AB9E268A360954200D107
:10609000E36000230D684B611A46A847A3685BB90B
:1060A000601C0649BDE838401BF04EBC1360E36835
:1060B0009D4208BFE260ECE738BD00BF166B0500EB
:1060C00010B54A1C0C4638B109781AF056FE08B1D2
:1060D000204610BD0020FCE7024910461BF02AFCB8
:1060E000F5E700BF166B050008B530B90749084849
:1060F0001BF020FC38B1074808BD054A12F8011C06
:106100001AF03BFEF6E70020F6E700BF166B05002D
:10611000A9270020A82700202DE9F8431E46BDF836
:106120002030D1F80C8081460F46002B45D1731EDC
:10613000012B45D8012E4146157818BF1588FFF769
:10614000BFFF0446C0B915B93046BDE8F8834146E3
:10615000FFF7B6FF044638B91B481C4A02211BF062
:10616000F1FB6FF01000F0E709F1700101301BF056
:10617000EBFB99F808302370D8F810308BB92581E3
:10618000B8F80A30AB4203D0414638461BF0F4FB66
:10619000002DD9D10E49601C1BF0D6FB257025813E
:1061A000D2E72A463946484698470028CDDB0138D1
:1061B0000128E4D96FF00D00C7E76FF00600C4E7CF
:1061C0006FF00C00C1E700BF444C05004C7D05009A
:1061D000166B05001FB51046074A19464FF42813E1
:1061E000CDE9022308230093BDF818206B441BF06F
:1061F0007FFC05B05DF804FB180028002DE9F04194
:1062000080460F4616461D46FFF724FF044680B918
:106210000F49FFF71FFF044630B9BDE8F0410D4AB2
:106220000D4801211BF08EBB00F8018B39461BF095
:106230008BFB228963891AB92BB92681658104E019
:10624000964238BF26819D42F8D8BDE8F08100BF54
:10625000166B0500667D0500444C050073B50C46C1
:106260000546082104F1100016461BF076FB1223A8
:106270000422CDE900323146034B224628461BF06A
:106280004AFD02B070BD00BFDB1B05002DE9F041E7
:10629000234B154682689A42074602D1C468638937
:1062A00033BB0120BDE8F081FDF722FEE368002149
:1062B0006181002BF5D038469847F2E705F1700868
:1062C000287A41461AF07EFB68B9164B9C4202D1EF
:1062D00028461BF0F5FC144930461BF035FB002323
:1062E00023702381E2E7414630461BF02DFBDDE7BA
:1062F0002389002BDAD02646284616F8011B3246A1
:106300001AF03BFD0028D9D120783146FEF7DEF99E
:106310000028CBD0837A072BC6D1FDF7E9FDC0E773
:1063200019610300F40A0020166B05000C48BFF346
:106330005B8F50E8003F23F0020340E80032002A60
:10634000F7D1BFF35B8FBFF35B8F0368BFF35B8F46
:10635000DB0704D500220023303813F029BB704737
:10636000201D002010B5104801211BF0F6FAC307CC
:1063700019D402210C481BF0F0FA084007D10B4950
:106380000B4A0B880B4CA24207D300B10B80BDE82F
:106390001040094909481DF026BE506803449BB2CD
:1063A00008320120EFE710BD9C2700200A4600209C
:1063B000DC4B0500F44B050009680300F01C0020CD
:1063C0002DE9F041034648B1008A38B91249DFF897
:1063D0004CE001244FF0140C714501D3BDE8F0816D
:1063E000D1E90076BB4204D30CFB0672143A934207
:1063F0000ED93444A2B208311446EDE70CFB0578FF
:10640000434507D001356219B54292B2F6D1F2E7A1
:106410000025F8E71046E1E7DC4B0500F44B0500EA
:106420002DE9F74FBDF83050009199464FF6FF73B4
:10643000002D08BF1D46244B1B888342074690460B
:106440003CD203B0BDE8F08F73682344BB4232D224
:106450009CB208361D4B9E42F6D3F2E78958019351
:1064600040461AF065F9019B90B101340AF1010A26
:10647000A4B273685345ECD9009B9C42E1D8BC425E
:106480003168F2D30BFB0AF28B18B8F1000FE5D19B
:10649000B9F1000F0BD1013DADB218460E9A0D9B1C
:1064A00021469847002DCCD00028DED1C9E7DA6814
:1064B0009145DAD1EFE74FF0000ADAE7044E012404
:1064C0004FF0140BC6E700BF0A460020F44B05004E
:1064D000DC4B050007B500230193FFF771FF411C5A
:1064E00089B20846034A01AB1BF095FC019803B042
:1064F0005DF804FBE91805002DE9F04387B0837AC5
:10650000072B02AF80460C46164640F0A5800023BC
:106510003B7342F603032068FB8107F10C011AF07C
:1065200007F90546002834D1D4F80490B9F1000FDA
:1065300005D14C4A4C4801211BF004FA8CE00123A0
:10654000009007F108022146C847031E11DA6E4683
:1065500088B002AA4549D3610423C2E9051442F870
:10656000103F41482B464FF40151F8F70FFBB54659
:1065700072E0012B05D03E4A3B4801211BF0EBF9AC
:106580006AE03B7A13F0300F66D02046FFF7A2FF97
:106590000446002320683B7342F60213FB8107F197
:1065A0000C011AF0C5F818B12046FFF793FF044616
:1065B000002542F6021920683D703946A7F802907E
:1065C0001AF0B6F810BB002320683B7342F60213A2
:1065D000FB8107F10C011AF0ABF8054600283BD10E
:1065E000D4F80490B9F1000FA3D00090022307F172
:1065F0000C0221464046C847031EA8DB022BBAD135
:10660000BB891E4214BF0120002026E020683D7196
:1066100042F60303391DFB801AF08AF80028D2D015
:106620004FF4205320683D727B8107F108011AF076
:106630007FF80028C7D042F6010320683D73FB8134
:1066400007F10C011AF074F80028BCD02046FFF7BF
:1066500041FF04460028AED100201437BD46BDE8F6
:10666000F08300BF857D0500444C0500997D050041
:10667000BF7D05002DE9F84389465168B1F81280C5
:1066800018F09408074615463CD10222FFF734FF64
:1066900000283AD04FF470200021AE8AFFF75CFB4F
:1066A0000236044660B11A4B4360C56032461D2174
:1066B0003846FFF71FFB064638B92046FFF778FB40
:1066C0006FF00B052846BDE8F8830123424641469A
:1066D000FFF7AEFCA98A06F10C00023118F09BFD11
:1066E00020F8029BAA8A2969F0F73AFFA6602146A2
:1066F00038461BF0C2F805460028E3D02046FFF7D5
:1067000057FBDFE74FF0FF35DCE76FF01505D9E702
:10671000EF18050030B5394BBFF35B8F1B68BFF333
:106720005B8F5A078BB004460D4661D510B1837A52
:10673000072B60D168680590FFF742FE2A68ADF824
:1067400018003AB305A902912D49019101210023B6
:1067500000914FF6FF710593FFF762FE059B1BB991
:106760006FF001000BB030BD6B60059B1868002313
:106770008DF8103004A942F60303ADF8123019F079
:10678000D7FF70B90598C3689B799B0605D46FF055
:106790001500E7E70028E8D1E2E71BF0F5FAADF8CD
:1067A0001800BDF818003CB101230146AB752A461C
:1067B0002046FFF75FFFD5E76FF07F0307930223C3
:1067C000ADF8203042F60213ADF8123005ABAC75CF
:1067D00002930C4B01930123009304AA23464FF626
:1067E000FF7109958DF81040FFF71AFE0798B9E779
:1067F0006FF00A00B6E76FF07F00B3E7DC0100201E
:106800001D190500516A030013B550F8082C0192B8
:106810000346A0F1200100F13004BFF35B8F54E880
:10682000002F22F0010244E800200028F7D1BFF336
:106830005B8F0D4A43F81C2C0C4A43F8182C01AA14
:10684000002043F8102C042223F8080C23F8060C2F
:1068500023F80C2CFFF75EFF18B9022120461BF02D
:106860007CF802B010BD00BF8C5205002D63030000
:10687000F8B5334B156882689A4200AF04461FD1C1
:10688000C6683389721CDBB1317828461AF075FA74
:10689000B0B14FF49572214628461BF0C9FA03287F
:1068A00011D16D4688B06A46264BC2E9053442F8DC
:1068B000100F254800234FF4C451F8F767F9AD468F
:1068C0000120BD46F8BD314620461BF055F81F4B50
:1068D0009E42F5D1287A05F17001FFF7BBFB044613
:1068E0000028EDD0038913B94389002BE8D028464E
:1068F000FDF752FC164A238922F8203002EB800370
:10690000618959801349144C182303FB001300B20A
:1069100002EB800200EB40005C601A610F4C9C604F
:10692000042201EBC00128469A82FFF7F3FE0028FB
:10693000C6D00B4A044801211BF004F8C0E700BF91
:1069400019610300D87D0500444C0500F40A0020BD
:10695000FA450020842700208C520500591A0500B2
:10696000EC7D050030B5374BBFF35B8F1B68BFF381
:106970005B8F5A078BB004460D465DD510B1837A04
:10698000072B5CD168680590FFF71AFD2A68ADF8FF
:1069900018003AB305A902912B4901910121002366
:1069A00000914FF6FF710593FFF73AFD059B1BB968
:1069B0006FF001000BB030BD6B60059B18680023C1
:1069C0008DF8103004A942F60303ADF8123019F027
:1069D000AFFE70B90598C3689B79DB0605D46FF0EC
:1069E0001500E7E70028E8D1E2E71BF0CDF9ADF8A4
:1069F0001800BDF818002CB101462A4620461BF0AD
:106A000035FAD7E742F60212ADF8122005AA6FF068
:106A10007F0302920D4A07930123CDE90032ADF8BE
:106A2000203004AA23464FF6FF7109958DF81040D7
:106A3000FFF7F6FC0798BDE76FF00A00BAE76FF0C2
:106A40007F00B7E7DC0100201D190500516A030033
:106A5000F8B53B4B144682689A42074601D00120A4
:106A6000F8BDC668374B9E4250D03289A3899A42FE
:106A700006F10101F3D13078FDF728FE0546002824
:106A8000EDD0837A072B05D0FDF732FAE7E7FDF763
:106A90002FFAEAE7736923B13946984708B92846BF
:106AA000F2E77B8A13F09407F9D1A389022B14D162
:106AB000338913F0020604D12846FDF719FAA660BF
:106AC000CDE72269A1882846FFF7D4FD0646A8B97C
:106AD0002269937D01339375EEE7012B04D028469C
:106AE000FDF706FAA760BAE7338913F00106E3D091
:106AF0002269A18828461BF0B9F906462846FDF709
:106B0000F7F9002EA660AADA0020A9E70E4D0F497A
:106B100028461AF00FFF0028A7D115F8010C07220C
:106B20002946FDF725FE0028B1D1236915F8010C8F
:106B30001A69294653881288FFF760FB95E700BF62
:106B400019610300F40A0020FF450020166B0500C0
:106B500073B5837A072B04460E461FD1051D4FF4EB
:106B6000803128461AF0F9FEC3031AD40223CDE976
:106B700000330D490D4B324620461BF0CCF858B17E
:106B8000BFF35B8F55E8003F23F4803345E80032C4
:106B9000002AF7D1BFF35B8F02B070BD6FF07F00AA
:106BA000FAE76FF07700F7E725190500A919050046
:106BB00007B5837A072B0A462CD14B683BB90823CB
:106BC0004FF0040ECDE9003E144B154909E0012BAE
:106BD00011D0097B5B00019341B12023009311493F
:106BE000114B1BF098F803B05DF804FB0E230093E3
:106BF0000E490F4BF5E74B8933B10C234FF0040CD2
:106C0000CDE9003C0B4BE0E70A230221CDE900313E
:106C1000094BDAE76FF07F00E5E700BF8B1C05004A
:106C20003D6C03006F1A0500151A0500191A0500BE
:106C3000ED190500D5190500C11905002DE9F04F22
:106C400085B002AF80463C6B91469A460E4641B9EC
:106C50006BB92568002300932246F1B24046A8474D
:106C600030E0B1F5807F256828BF0E26F2E7636823
:106C7000002B71D10AF1FF352389B4F80AB07B608B
:106C8000ADB202F1010A002D4DD099F80030AB42AF
:106C900028BF2B46012B0AD83E4A3F4802211AF052
:106CA0005AFE00230093256822460421D6E7BAF84D
:106CB0000020023B91B29BB241B9384A36480121CB
:106CC0001AF040FE0C37BD46BDE8F08F7868884268
:106CD00001D88B4518D26D468AB002AA304BC2E962
:106CE00005317B68C2E9073B052342F8103F2A487B
:106CF00000234FF42251F7F749FFAD4600230093DC
:106D0000256822460E21A9E72281009326680AF110
:106D10000203224600214046B0470028D2D099F80D
:106D20000030AB4206D921464046FFF741FF00281C
:106D3000C8DAE3E7238962899A4205D100230093E8
:106D400025682246194689E70133238199F80030E6
:106D5000ED1AADB29A4496E7CDF800A01346256827
:106D60002246A8470028ADD0238A013B9A4503DA82
:106D7000009625683346E4E763890AEB03056581DD
:106D800021464046FFF714FF00289BDA009625684D
:106D90003346B6E7097E0500444C0500417E0500F8
:106DA000507E05002DE9F041837A072B07460D46FA
:106DB0005DD1FFF799F9064600285BD08468002C66
:106DC00058D00023143C9846A54209D021892A892D
:106DD000914208BF4FF0010864691CB1143CF3E70D
:106DE0000123F9E7002B45D0BFF35B8F2B69BFF37D
:106DF0005B8F5B0703D5294638461BF06CF8B8F16A
:106E0000000F19D0B36805F1140253B19A4224D18E
:106E10006B69E4B9F168B3608A4200D1F360002382
:106E20006B61B3681BB91549701C1AF08DFDB8F180
:106E3000000F15D1002008E0114AA5F80C80294662
:106E40003846FFF70BFA0028DCD0BDE8F08123605C
:106E5000F3689A4208BFF460E1E71C461B68D4E778
:106E600000232C681A4629463846A047E2E76FF00F
:106E70007F00EAE76FF01500E7E700BF166B05003B
:106E8000051C05002DE9F8438C6880461646994696
:106E900034B3256805B1143D34F80C3CB3421CD121
:106EA000143C07E02C466D692389DDB1B342A5F19E
:106EB0001405F7D12768BDF820304A4621464046E0
:106EC000B84750B921464046FFF76CFF034620B152
:106ED000064A074802211AF03EFD2C46002DE2D159
:106EE000BDE8F883B342E5D0FAE700BFB77E0500FE
:106EF000444C0500F0B587B007460E461546FFF72F
:106F0000F3F80446C8B12A46314603A818F072F9CE
:106F1000BDF81030042B10D9042103A818F0BCF9D7
:106F2000BDF8101046880288B14208D2094A0A48C2
:106F300000953346012117F08BFF07B0F0BD031D0C
:106F4000214638460096FFF79DFF314603A818F00A
:106F5000A3F9DDE7D67E0500444C050007B5064AD7
:106F600000906B4601204FF6FF718DF804001AF077
:106F700052FF03B05DF804FB71680300F8B5084BDD
:106F80001C6805460E4617464CB154F8043C043CB8
:106F90001BB13A463146284698476468F4E7F8BD85
:106FA000A02700202DE9F0470346274A05464FF663
:106FB000FF7101201AF02FFF2846FFF795F80646CB
:106FC00000283FD08468002C3CD054F8147907B1D5
:106FD000143F4FF0000805F17009C24601E03C463D
:106FE0001F4604F11003BFF35B8F53E8001F21F02D
:106FF000080143E80012002AF7D1BFF35B8F49462E
:10700000287A19F0DFFC68B9A4F80CA023464246A0
:1070100031462846FFF730F8A7B17B69002BDED058
:10702000143BDCE7BFF35B8F2369BFF35B8FDB07A8
:10703000EAD473781BB14946701C1AF085FC04F140
:107040001408E9E7BDE8F0878D620300034B42684E
:107050009A4204BFC3681982704700BF3D6C0300A9
:1070600080B500AF88B06A46074BC2E905300323FC
:1070700042F8103F054800234FF4C251F7F786FD50
:107080006FF00B00BD4680BDF77E05006C4C05001F
:10709000044B1A680AB1FFF7E3BF034858600B605E
:1070A00010467047B827002040530500004870473D
:1070B000DC130020F0B502460A4E0B481427B042FC
:1070C0000DD204680023656805E0216807FB031101
:1070D0008A4205D001339D42F7D10830EFE7002006
:1070E000F0BD00BFE4130020DC13002000F1070C0A
:1070F0002CF0030C10B4541E1860A4B2ACF800209D
:10710000023A93B201FB04F24FF0000C40F802C0C7
:1071100074B103FB011403FB01F22044121B4FF670
:10712000FF7C013B9BB263458050A0EB0100F8D18E
:107130005DF8044B704700BF0346006810B1026859
:107140000AB91A60704700F1070C2CF0030CD11D2E
:10715000BCF800C021F003010CF1FF3CA1F800C015
:10716000EFE700BF0B687BB1073323F003031A88F6
:10717000013292B20346D1F800C043F807CB23F0A6
:1071800003031A80086070470122F3E702FB010045
:10719000704700BF401A90FBF2F080B2704700BF0A
:1071A000531E11449BB242B1DB430138CA1811F897
:1071B000013D00F8013F9142F9D17047014402E0DE
:1071C00010F8013B1BB98842FAD10020704701201A
:1071D000704700BF10600860704700BF0A68034630
:1071E0000068904205BF00220A6000201A607047C4
:1071F00010B414682060146861605DF8044B10607E
:10720000704700BF884203D01AB1436813607047CB
:10721000002070470B68834209D02AB1586810607B
:107220001A680A6018467047002BF9D1FAE7002364
:10723000F8E700BF2DE9F041DFF834800B4E0C2752
:1072400006F130044546221D214628460C3CFFF736
:10725000C1FFA642A5F10805F5D1043F3B1DA8F1E9
:107260002008A6F13006EBD1BDE8F08118290020F6
:107270008C28002010B403468C46A2B101EB4101DA
:10728000154803EB4304090101EB84010144487AEA
:107290000C7AA04204BF013008725DF8044B6146CD
:1072A00018460BF011BE01EB41020B4C120100EB32
:1072B000400302EB830323449C7ADA7AA24202D091
:1072C0005DF8044B704701329A72044B01225A5404
:1072D0005DF8044B0BF028BE9428002010280020F5
:1072E000F8B506461C460D4602B322786378D21ADA
:1072F00012F003023AD1274F71004FEA450C314496
:10730000AC44890001EB0C1101330431DBB27A1873
:10731000606823702146FFF76BFF1F4B012229464F
:1073200030465A550BF000FE0020F8BD0BF0E6FD8C
:107330000028DAD0294630460BF0D2FD0028D4D000
:1073400005EB450206EB4601124F6378120102EB92
:1073500081023A447100907AD27A90424FEA450C09
:107360000CD02078C01A10F00302C8D0012A03D034
:107370000133DBB22370D0E71046F8BD2278D21A71
:10738000920702D00233DBB22370D4E9020398479C
:10739000CAE700BF94280020102800202DE9F04FF4
:1073A000DFF8649119F8003089B0002B5AD0DFF86B
:1073B0005CA13C2204234FF0000B00EB400712FBC2
:1073C00000330324CDE904BB09F800B00AEB07172A
:1073D000039302948346B8460023B96A58F8240FF1
:1073E000079307AAFFF70EFF044607AAB4B1079D4B
:1073F0002E786978761A06F00306012E35D02B78A0
:10740000591A01F003010129DBB23DD1D7E9090185
:10741000FFF7F8FE044607AA002CE8D197F82E30B3
:1074200097F82F209A4203D087F82F300123049336
:1074300097F82C3097F82D209A4203D087F82D30FA
:1074400001230593029B5D1EEBB2FF2B0293A7F174
:107450000C07C0D1049AD846DDF814B012B1BBF1C4
:10746000000F45D009B0BDE8F08F01396970079B66
:10747000D3E902039847079D2A786978D3B2521A54
:1074800002F00302012A21D0B86A0193002241468A
:10749000FFF7C0FE6C60019B6A786B702B789B1ABB
:1074A00003F00303012B08D0D7E9090107AAFFF76E
:1074B000A9FE012E044698D10EE0039B6A7029466E
:1074C00020460AEB0302FFF793FEEDE7D7E9090137
:1074D00007AAFFF797FE0446029B8BB1012359468A
:1074E000584609F80B300BF01FFD09B0BDE8F08FCE
:1074F0005A464146404609B0BDE8F04F0BF0E4BCA7
:10750000002C8BD0EAE700BF102800209428002030
:107510004B1EDBB271B1411E00EB030C002011F8D1
:10752000013F23B15A1E01301340C0B2FAD1614568
:10753000F5D170470846704730B5037E0568FF2BCC
:1075400014D003EB43028B4205EB021227D04FF01D
:10755000000C01E099420BD09E4613789468FF2BF3
:1075600003EB4302A44405EB0212F3D1002030BD2B
:10757000714517D00FFA8EFE137890680EEB4E0E01
:107580004FEA0E1EFF2B05F80E3006D003EB430327
:1075900005EB03139A6802449A60604430BD9E462E
:1075A0004FF0000C13780376E4E700BFA2EB010C68
:1075B0001CF4000F10B4836844690BD12CF07F4C8D
:1075C0006344A3420ED8E41A0023446183605DF84B
:1075D000044B7047891A21F07F418B4209D95B1A0D
:1075E000A342F0D91B1B0024446183605DF8044B67
:1075F00070470C44E41AE7E72DE9F843284DBDF83D
:107600002C7004464FF02C0E0EFB045E084604EB73
:10761000840104EB4104DEF8041001EBC00605EB25
:107620008405F47811F83080717804F1010C5FFA68
:107630008CFCE04598BF4FF0000C61452DD071687F
:1076400004EB44044FEA041901EB04144FF004085E
:1076500001F809806360089BA360099BE3600A9BB3
:1076600023610C9BA361119B63620D9BE3610E9BE5
:1076700023620F9BA362109BE36202236270A782C6
:10768000A37086F803C0DEE9083698472B464146CA
:107690000022B047A078BDE8F8830120BDE8F88358
:1076A000542900202DE9F04F0346407AD3E90045E4
:1076B00087B0002800F0FF80421ED2B205EBC20264
:1076C0009A468B46039205952346039A516856784D
:1076D0000491BBF1FF0F66D00BEB4B044FEA04188B
:1076E000CDF804B013F808B003EB041400254FF0F4
:1076F000FF0C84F800C0DAF800709AF8182007EB45
:1077000008096245D9F8081018BF02960ED1CCE0DE
:10771000091A06D1B9F81E80BEF81EE0F04500F245
:10772000B780B85DFF2894466DD0024602EB420652
:1077300007EB061E3601DEF808008842E8D9029EF3
:10774000C9F80810BCF1FF0F89F8002064D00FFAC7
:107750008CFC0CEB4C0C4FEA0C1C019807F80C004D
:10776000FF2A06D002EB420207EB0217BA68521A50
:10777000BA60A27801326270002DAAD0AA6A4FF0D6
:1077800000012970A97022B1E96A01930020904795
:10779000019B6268002A9CD1AA6A2262EA6A62623C
:1077A000BBF1FF0F98D1039A049F9278994606EB9C
:1077B0004601701CB2424FEA011CC6B207EB01152C
:1077C00069D0039B17F80C101878B04208BF002648
:1077D0000429ECD16A7802EB420809EB0814012075
:1077E00094F801E0A1788E454FEA081818D04FF0C0
:1077F000000307F80C30AA6AA8700AB1E96A90473A
:10780000039B9A78D3E70246BCF1FF0F029EC9F8AA
:10781000081089F800209AD101988AF818009FE78B
:107820000192AA8ADAF814104FF6FE7082424B4693
:1078300007D04FF6FF70121AB2FA82F2520984F89A
:107840002C206A6AA262EA6862602A6902930023B5
:1078500063622262AA8A4FF6FD739A4288BF0022B1
:10786000A283AA69A261EA69E2602A6A2261AA681F
:10787000A260002363616A682046FFF797FEE27802
:107880004FF0000342F00102E383E270029B2EE717
:10789000029E014654E7039905984A7081424B467F
:1078A000A1F1080207D003920FE707F80820019A18
:1078B0008AF818205DE707B0BDE8F08F2DE9F04F9A
:1078C000447E01238FB08376002C40F0B980037E84
:1078D000FF2B814600F0B3800AF092FED9F8142005
:1078E000D9F81C3099F81880D9F800A0801A20F037
:1078F0007F45AB4294BF00230123B8F1FF0F0493EF
:10790000A3467BD0059408EB48080AEB08144FEA1D
:107910000818A368AB4270D8A0781AF80880ED1A4E
:107920009B4463781B1ADBB2012B63D1A26AA36963
:107930000393002A00F0F6801668002E00F0838082
:10794000002B40F09480049B002B00F01081042356
:107950000393137A590700F0FF80137A6FF3020341
:107960001372E78BE2786FF300027B1CE27094F8ED
:107970002C209BB2E383002A75D0A28B9A4272D24C
:10798000A26A002A00F04C81137A03F00703012B4E
:1079900069D00126002351685360A36A1A7A002037
:1079A00060F302021A72A078E7680138A0700FB382
:1079B0006369D9F8142094F803C0ABEB03031344B4
:1079C00023F07F40626A23690CF0010C002E40F026
:1079D000BA80B4F81EE0CDE900C37346B847039BF4
:1079E000E683002B049B18BF01230493E37866F31E
:1079F0000003E370B8F1FF0F85D1059C99F80B30B7
:107A000099F80A209A4208D10132D2B2022A1ABF4A
:107A100014462346002389F80B4009EB8303002218
:107A2000C3F80CB0D9F8244089F81A204B4601223B
:107A300004210320A4460FB0BDE8F04F60478476D0
:107A40000FB0BDE8F08F039B002B69D0049B002B87
:107A500083D1D9F81C305B453FF67FAFB8F1FF0FFB
:107A600011D1049E96E7A378013BA370C2E7049B63
:107A7000002B7FF46EAFD9F81C309B45FFF469AF43
:107A8000B8F1FF0F49D0039BE78B07939C46A38B6C
:107A90006668BB429CBFFB1A99B208EB480388BFDB
:107AA00039460AEB0313089301FB06630693089B10
:107AB0009968079B8B422ED3CDE90C70089BCDF8BB
:107AC00020C0DDF81CC0CDF81C90DDF80C90CDF87E
:107AD0002C80CDE9095B8E46A346B0461446986AD1
:107AE0009A6910B1006800284FD1002A4DD11B7847
:107AF000FF2B07D003EB43030AEB031399688E4473
:107B0000E645ECD92246DDE9079C5C46DDE9095BE8
:107B10000D98DDF82C80CDF80CC0002A00F097807D
:107B2000002637E7039BA3B1049B002B7FF419AF1A
:107B3000D9F81C309B45FFF414AFB8F1FF0FA2D168
:107B400004990E4630E7CDE900C34FF6FF73B847FE
:107B500050E7039E002127E7A08BE18B88423FF688
:107B6000FCAE012161F302031372E78BFAE6D9F848
:107B70001C305B453FF6EBAEB8F1FF0F53D04FF032
:107B8000040CE78BCDF81CC081E7DD8B9F8B5E6812
:107B9000BD422AD2002E41D1002CA8D03046266802
:107BA0002EB1B9F1000F02D1724496423FD2BD42CC
:107BB0009DD3DA789BF8031002F0010601F001056D
:107BC000AE4204D84A40D50791D400288FD022462F
:107BD000DDE9079C5C460C9FDDF82C80DDE9095B44
:107BE000002A32D1CDF80CC0BCE69EB1E81B80B2B1
:107BF000B8F1000F0AD000FB0660401A06998142D6
:107C00002CBF00200120002CC9D1D0E74046002C19
:107C1000C5D1CCE7002CC1D12046CAE72846E7E70A
:107C2000A078012696E70423049E0393B2E6224639
:107C3000DDE9079C5C46DDE9095BDDF82C80CDF8C9
:107C40000CC0002E3FF489AE83E61668F7E71646AF
:107C50001146A9E6837E002B40F042832DE9F04FC8
:107C6000467E8FB08246002E7CD1837AC27A012173
:107C700041769A424169089100F05F830133DBB29B
:107C8000022B12BF1A463246334600EB8202837241
:107C9000D368089A0693D31823F07F4343610123E6
:107CA0000C939AF818300B930AF0AAFC9AF8092062
:107CB000DAF800300193531EDAF804500590DBB275
:107CC000002A00F04B8405EBC308FF2304930D96B4
:107CD000CDF80CA0D8F804B04FF0000A2F4698F861
:107CE000030098F802900FFA89F404EB440409F1B8
:107CF000010348454FEA0416DBB20BEB041400F015
:107D00000E8198F800209A4208BF002388F80230BC
:107D10001BF806206178042A3AD9019801EB410347
:107D200000EB0315082A4FEA03130293A8786B7837
:107D300022D81B1A13F0FF032CD1062A1CD1039B57
:107D4000DB7E8B424FD00BF806A0A36A84F802A01A
:107D5000002BC4D00020E16A984798F8030098F8F7
:107D60000290C0E7446A0421034601220420A4468D
:107D70000FB0BDE8F04F60470BF806A04FF00103CD
:107D8000A370A36A002BAAD0E16A01209847A6E756
:107D90009946A8E7052A1DD162684AB9A2683AB98E
:107DA000E2682AB922691AB9626932F07F42E3D0E7
:107DB000012B1AD0039B04215C6A3D460122084630
:107DC000A047454588F80290A8F1080300F0AD806F
:107DD00098467FE7012B00F05F81062AEAD1039BDA
:107DE000DB7E8B42AFD1616878E1DDF80C904846CC
:107DF000FFF7A2FBA860D9F81410059B069A5B1A3E
:107E000023F07F431344984240F28081C01A6B688C
:107E1000002B52D0A38A002B4FD0013B9AB2A282F2
:107E2000D5F804C0EB8B604523D90CF10109079705
:107E300009911AE06A6ADFF85CE2954996448E453A
:107E400084BF02F1E87202F5D4324F46296A94BF2A
:107E5000674602F5A572013BC01B521A9BB26045F2
:107E60006A62EB8340F2D481A28A9A42E2D3079FEE
:107E700009999A4220D9CDE909710CF10102D5F88E
:107E800020E007926A6ADFF80C92814972449144BB
:107E90008945674606D8A2F1E872A2F5D432079F59
:107EA000A2F5A57201339BB26A62EB83A28A9A4261
:107EB0003844E7D8DDE90971AA8363680344AB60FD
:107EC000A2686B69A86A13446B6128B103681BB18F
:107ED000D4E901329B1A4360059A2846FFF766FBF6
:107EE000E268AB691344AB61226993428CBF9B1A71
:107EF0000023AB61A37D1BB1EA7863F30002EA7053
:107F0000E37D13B1013B85F82C30DDE901320499A2
:107F100099546B786278049201336B7013E73D4695
:107F20004545A8F108037FF453AF0D9EDDF80CA082
:107F30000C9B9AF81850002B00F07381059B089A4F
:107F4000DAF800409B1AFF2D23F07F4700F03983B9
:107F5000DDF8188005964FF00009AB4607950BEB4E
:107F60004B0504EB051301939B6843454FEA051548
:107F700000F2CF820198019E81784278C08B521A1C
:107F8000DAF81C108B4234BFC91A0021A8EB030891
:107F9000A7EB0307994424BF4FF0FF338AF81B3047
:107FA000CAF81C10B16AD2B2002900F026810B6811
:107FB000B669002B00F00D81002E40F00D81022AE1
:107FC00000F0A282019900238B60635D8AF818306B
:107FD0000B464968002940F0BE809B6A2BB11B7A92
:107FE00003F00703012B00F0978042B1012A00D073
:107FF00028B1019A136A13B1516A01209847019B75
:10800000019A9B7853709AF818B0BBF1FF0FA6D174
:10801000059E079D0B9B5B4503D1EB1A18BF0123FF
:108020000C9350460499FFF73DFBDAF80080019667
:1080300000275046027EFF2A00F0938215464FF03B
:10804000FF0900E01D462BB203EB430308EB0316C8
:108050001B01B46A21463CB194F808C00CF0070C2F
:10806000BCF1010F00F06F8118F80330FF2BA94617
:10807000E8D18246019E1046002F40F0ED800B9B18
:10808000934240F0E9800C9B002B00F0D580E7E0A4
:10809000592B177F5A2B17FF062A3FF450AEDDF8F5
:1080A0000C904846FFF748FAAB78A8606B7099F8D7
:1080B0001B2063789A427FF446AE1BF80630062BED
:1080C0003FF491AE039AFF23D3761BF80630062BBC
:1080D0003FF489AE082B3FF486AE0599039B5A699D
:1080E0008B1A1D0209D4069A23F07F431344039987
:1080F000CA699A4288BFCB6125E6069B521A22F0D4
:108100007F4293428CBF9B1A0023F0E76A691344B5
:108110001B1A6B6100207AE6019A9378C2F80880F6
:108120005370089B0198DAF8141003EB090222F04F
:108130007F42FFF73BFA049B63554378019ACDF8E1
:1081400010B00133DBB253709AF818B0BBF1FF0FD7
:108150007FF405AF5CE7019B9B6A23B11B7A03F0B8
:108160000703012BD8D0019BB3F81EC0BCF1000F50
:1081700052D1B3F81CC06046019BCDE90245D3E95A
:108180000863002201F1010E04E00C46013822448C
:10819000441C10D0854C864D33441C19AC42F4D895
:1081A0007446A3F1E8730138A3F5D4332244441C88
:1081B000A3F5A573EED10198436290F82C00DDE998
:1081C0000245002800F08D80019B9A60A3F81EC034
:1081D000A7E7002E3FF4F6AE022A7FF4F3AE0028A4
:1081E0007FF4F0AE0B7A03F00703012B3FF4EAAE05
:1081F000CAF81C608AF81BB0E4E6019B9E69002E59
:108200003FF4E0AE022A7FF4DDAE0028F0D0D9E6DC
:10821000079F0999A28A2CE6019A9378537000204F
:10822000AAE750460499FFF73DFA9AF818000B9B0D
:1082300083420ED19D420CD100238AF819309AF85E
:108240001A30002B49D0DAF824405346012203218A
:108250008CE5FF2800F08E810B9BFF2B00F06D81D9
:10826000DAF8003000EB400003EB0013D3F808808D
:10827000B8F1000F64D00AF0C3F90A270446DAF80F
:108280001430E21A22F07F42904507F1FF3702F1E5
:1082900003011AD941452CBF5B18434423F07F45A5
:1082A0002846DAF8283098470AF0AAF9031B2D1B54
:1082B00023F07F43033325F07F45AB4206D90FB14E
:1082C0000446DCE700DE0446D9E7012600238AF8ED
:1082D00019309AF81A303343B5D10FB0BDE8F08F9A
:1082E000704797427FF670AF0290481C0390DFF80A
:1082F000C0E0029806940295039D05E00C462244D6
:108300000130974280B210D9284C33441C1974456F
:10831000F4D82C46A3F1E8732244A3F5D4330130FA
:108320009742A3F5A57380B2EED80199069C029DF1
:108330004B6260441FFA80FC46E70C960696B0E458
:108340008AF819807FE7B268002A40F03281D6F8B7
:1083500018B0BBF1000F06D10A68002A00F0248192
:108360000C464FF0040BC269043207926268029215
:1083700011462268914280F0D580A2EB010E18F8D8
:1083800003200892FF2A00F0CD80DE45C0F0CA80AD
:108390000022AEEB0B01CDE90590CDE9031599461E
:1083A0000798089BDA46944617463AE05A2B17FF7F
:1083B000592B177F3D1F6544754528BF75460BEB4C
:1083C000000296450CD355450AD3B269002A4AD01B
:1083D000227A120747D4B5EB0B0201D0824249D270
:1083E0008A6A22B1127A02F00702012A31D08A6920
:1083F0007AB3496869B30432BC4402EB0C00B26939
:10840000002A7FD0217A0907AEEB0B0200F1A3808E
:1084100018F803300027FF2B2CD00BEB0C0AD645A5
:1084200028D303EB430308EB03111B018D682F4492
:10843000042FBFD8B56985B1257A15F00805BED0DF
:1084400088690399BC4404306044814228BF0246D5
:10845000DEE718F803300022DDE78A69BC44043205
:1084600062441046D4E70028BAD0A5EB0B0585423C
:10847000B6D302460299049D06984B4611446160AA
:1084800018F80370DDF81490FF2F00F09C804FF077
:10849000FF0C9A4600E00F4639B201EB410108EBB0
:1084A000011E0901DEF80830934280F08E8018F832
:1084B0000110FF29BC46A2EB0302ECD15346FF2F6B
:1084C000B26015D0B9F1FF0F18F8031066D00FFA9B
:1084D00089F202EB4202120108F802103FB207EBE8
:1084E00047073A0118F8021008F8031008F802507C
:1084F000F38B013BF383237A022262F3020323729C
:10850000012797E5024683E700287FF45BAD042648
:1085100068E6019C059E079D42469B1AA3609AF857
:1085200018B077E5029A626018F80330FF2B08BF95
:10853000002248D00023B360DAE70AF061F804466D
:108540000AF03AF820B99AF81800CAF8144087E6F9
:108550009AF8180084E61146002276E7FF23049378
:10856000E6E4824637B90B9BFF2B03D10C9B002B13
:108570003FF462AE0AF030F8044600287FF45CAEA7
:10858000CAF81C000AF03CF88AF81940CAF814002E
:108590009AF81A30002B3FF4A0AE54E601769DE71E
:1085A000B16A00297FF4D8AE00DE4FF0040BB46A44
:1085B000D9E600DED6F818B0BBF1000FF0D0B46AEF
:1085C000D1E6AB4626E5B26092E751469A460B46A5
:1085D000AAEB0201CEF80810674670E7F8B5069ED0
:1085E0009DF81C50089CB8B9144F3A605A1E397255
:1085F0007B727E60D2B273B106EBC2025460114648
:1086000012F808398E4203EB4300A5EB030304EB99
:108610000014DDB2F2D10DB10120F8BD099B3B621F
:108620000A9B7B62FF240B9BBB623C7609F0E8FF50
:108630007D817861FC76FD612846F8BD54290020D3
:1086400040B9064B1A7EFF2A01D1187270476FF0AD
:108650000F0070476FF01500704700BF54290020CD
:1086600010B40B4B2C2202FB0032546A64B100EBB5
:10867000800200EB420003EB8003A44601225DF878
:10868000044B0321022060475DF8044B704700BF94
:108690005429002010B58AB00C9C00940D9C0194C4
:1086A0000E9C0294BDF83C400394109C0494119CD1
:1086B0000594129C0694139C0794149C089400241F
:1086C0000994FEF799FF0AB010BD00BF10B4BDF8C1
:1086D000104004945DF8044BFEF78EBF2DE9F84F6F
:1086E000294DBDF834609DF83880044608462C2199
:1086F00001FB045104EB840704EB470405EB8405FC
:108700004C6804EBC00E14F830909EF803409EF8BD
:10871000017004F1010C5FFA8CFCE14598BF4FF049
:10872000000C67459DF844902AD0DEF8047004EBF5
:1087300044044FEA041A07EB04144FF0050B07F842
:108740000AB063600A9BA3600B9BE3600C9B2361F0
:108750000F9BA362109BE36202236270A68284F8DF
:10876000168084F81790A3708EF803C0D1E90836FC
:1087700098472B4600220421B047A078BDE8F88F27
:108780000120BDE8F88F00BF5429002010B588B043
:108790000A9C00940B9C01940C9C0294BDF83440FC
:1087A00003949DF8384004940F9C0594109C069403
:1087B00000240794FFF792FF08B010BD2DE9F041A7
:1087C0001E4D064608462C2101FB065E06EB86047C
:1087D00006EB4404DEF8046005EB840706EBC005F5
:1087E00016F83060EC78697804F1010C5FFA8CFCC3
:1087F000664598BF4FF0000C61451BD0696804EBDB
:108800004404260101EB04144FF0070801F8068028
:10881000A362069BE36202236270A37085F803C023
:10882000DEE9083598473B4600220421A847A07896
:10883000BDE8F0810120BDE8F08100BF542900208F
:108840002DE9F0411F4D064608462C2101FB065E2E
:1088500006EB860406EB4404DEF8046005EB8407AF
:1088600006EBC00516F83060EC78697804F1010C6D
:108870005FFA8CFC664598BF4FF0000C61451DD037
:10888000696804EB4404260101EB04144FF0080866
:1088900001F806806360069BA362079BE3620223E4
:1088A0006270A37085F803C0DEE9083598473B463F
:1088B00000220421A847A078BDE8F0810120BDE88E
:1088C000F08100BF5429002009F09ABE401A20F020
:1088D0007F40704701480021704700BFBF41010041
:1088E000022801D00120704738B5044608461D46CD
:1088F00003F064F918B1EC232B70002038BD20463A
:1089000038BD00BFEC2303700B70704738B50546C7
:1089100000200C4602F054FE98B903F005F810F060
:10892000060F0ED13DB9084B44B120681860A288EB
:108930009A80002038BD054B002CF6D11C609C802D
:10894000F7E70C2038BD00BF8829002080290020CF
:108950000128034605D8044A0448002B08BF1046E6
:1089600070470020704700BF882900208029002020
:1089700001280AD8064A074B002818BF1346186872
:1089800008609A888A801846704700231846704706
:10899000802900208829002010B5044608F040F9FD
:1089A00068B908F087FC78B909F058F988B909F076
:1089B000D5F998B92046BDE8104010F061BD00DE41
:1089C00008F078FC0028EFD000DE09F047F9002815
:1089D000EDD000DE09F0C2F90028EBD000DE204621
:1089E000BDE8104010F04CBD0860014810F048BDD3
:1089F000D82E002010F044BD2DE9F84F89462A4DAD
:108A000099F8003095F84010072B88BF0B469A4222
:108A10003ED05C1CE4B29246082C35F8332002802C
:108A2000834608BF002405EBC303002601274FF04F
:108A300012081AE0012833D0C3F8048089F80040F6
:108A400095F84030072C98BF23469A4521D01AB29A
:108A50000133DCB235F83200BBF80010082C08BF37
:108A60000024884205EBC20313D1586860B1FF2887
:108A7000E0D9027902F00302013A012A0CD912224C
:108A80005A6003F0B3F8D9E701365F60F6B2D5E774
:108A900000263046BDE8F88F0136F6B20122EFE736
:108AA0000136F6B2CAE700BFB42900202DE9F0472D
:108AB000374F3B8898425DD913F0FF0528D0DFF887
:108AC000DCA0DFF8D0809AF81540DFF8CC909AF857
:108AD00014300134E4B2052C08BF0024A342404600
:108AE00018D0FEF729FB064648468EB1FEF724FB58
:108AF000002841D006609AF815304AF823003B88D8
:108B00008AF81540013D013B15F0FF053B80DED1A1
:108B1000BDE8F0873B88002BFAD0DFF884A01D4D1C
:108B20009AF80D401C4E4FF000080134E4B2032CBB
:108B30009AF80C3008BF0024A3422846E8D0FEF77C
:108B4000FBFA81463046B9F1000FE1D0FEF7F4FAA6
:108B5000C0B1C9F80480C0F800909AF80D304AF806
:108B600023003B888AF80D40013B9BB23B80002BE1
:108B7000DBD1CDE70546A2E730460649BDE8F04720
:108B8000FEF7F0BA48460349BDE8F047FEF7EABAF7
:108B90001C2A0020202A0020742A0020982C002063
:108BA000FC2900202DE9F84F324B334FDFF8CC90F1
:108BB000DFF8C0B0181D052224214FF00008A7F8E7
:108BC0001880FEF793FA2D4B05220821181DFEF799
:108BD0008DFA97F818A07C7E05260134E4B2062CA5
:108BE00008BF0024A245484613D0FEF7A5FA054663
:108BF000584675B1FEF7A0FA002835D0C5F80480B4
:108C000005607B7E47F82300013E16F0FF067C7668
:108C1000E3D11B4B0822181D4421FEF767FA194BBC
:108C20000A22181D0821FEF761FA1648FEF784FA99
:108C3000B0B1154A111FFEF7CDFA1248FEF77CFAC3
:108C400080B1124A111FFEF7C5FA114B0622FF2010
:108C50001A80FFF72BFF07F09FFC0020BDE8F88F7C
:108C600000DEE6E700DEECE704492846FEF77AFA84
:108C7000CFE700BFDC2C0020942D0020B02C00207A
:108C8000742A0020202A0020182A0020102A002000
:108C90001C2A00202DE9F0417B4D7C4E86B004AAB1
:108CA00002A90DF1070003F0C1FB0446D5E900015C
:108CB00003AAFEF7A7FA074650B3039B002B6BD01D
:108CC000187804AA02A903F0C9FB0446002841D081
:108CD000DDE90313BDF808200F78ADF80A200593ED
:108CE00003F0CEFB2146059ABDF80A0003F0FCFB19
:108CF000204603F08FFB05AA0DF10A01384603F068
:108D0000ADFB04460028EBD1306810F0B9FBC6E794
:108D1000002C3ED0049B05939DF80770BDF80830E9
:108D2000ADF80A3003F0ACFB2146059ABDF80A0005
:108D300003F0DAFB204603F06DFB05AA0DF10A01F2
:108D4000384603F08BFB04460028EBD1306810F066
:108D500097FBA4E7039B05931B79013B2C2B1ED8A3
:108D6000DFE803F01F32741D1F1D1D1D1D1D1D1D7D
:108D70001D1D1D1D1D1D1D1D1D1D6A1F1D1D1D1DD4
:108D80001D1D1D1D1D1D1D1D1D1D1D1D1D1D1D1D13
:108D90001F0006B0BDE8F08100DE039B90E700DE17
:108DA0007DE7394968680022FEF734FA384B0599A7
:108DB00093F8413038460B70364AFEF719FA334BB8
:108DC000186810F05DFB6AE72F4968680022FEF71B
:108DD00021FADDF81480D8F8084034B12378002B4C
:108DE00050D02378013BDBB2237098F80C3013B1DC
:108DF000012B41D000DE284A002388F80C30537E36
:108E0000117E0133DBB2062B08BF0023994237D015
:108E1000C8F80070517E42F821805376002C3FF450
:108E20003EAF2378002B7FF43AAFA368002B3FF4CA
:108E300036AFE068984732E7134968680022FEF7CA
:108E4000E9F90599384603F071F928E705A938468C
:108E500003F088F90C4968680022FEF7DBF90599F0
:108E600000293FF41CAF0B792E2B3FF418AF084BB1
:108E7000384693F841309EE74046F0F709FDBAE7DF
:108E800000DECBE700DEACE7142A0020D42E002061
:108E9000B4290020102A0020942D002030B5274B43
:108EA000274C186087B009F079FB2378002B3ED05F
:108EB000244A254D254C2649CDE90425254A022082
:108EC000CDE9022404230C24CDE90014224A0874BD
:108ED00008760B700B7200200621FFF77FFB58BB52
:108EE000012200211D481AF0AEFF07F025FE08B14F
:108EF00007B030BDFFF756FE0028F9D108F0C2F9DF
:108F00000028F5D102F016FB0028F1D108F0A4FEEC
:108F10000028EDD102F05EFC0028E9D108F012FF34
:108F20000028E5D107B0BDE8304003F0ABB8FEF74C
:108F300081F901232370BBE700DED1E7D42E0020A6
:108F4000BC4600207D2F0400293004005D2F040062
:108F500030310020F02E002050310020D82E00208B
:108F600010B586B002F0F6FA002834D102F034FCD5
:108F7000002835D103F088F8002836D1204821494F
:108F8000214A224B0024A0F84040A1F820419482BD
:108F90009C810122214668461AF055FF1C4B22464F
:108FA00021460320C3F808D0FEF79AF9F8B94FF02C
:108FB000FF324FF0FF33684610F09CFA02F0D0FA0F
:108FC000B8B9FFF7EFFDC8B90021012006B0BDE830
:108FD0001040FFF79BBC00DE02F0FEFB0028C9D06A
:108FE00000DE03F051F80028C8D000DEC6E700DE3E
:108FF000DDE700DEFFF7D6FD0028E5D000DEE3E781
:10900000B4290020B02D0020982C0020FC2900203D
:109010007C0B002008B5FFF7A3FF07F0C3FD00B1EC
:1090200008BDBDE80840FFF70BBB00BF2DE9F04FBE
:109030002B4C2C4EDFF8BCA083B00746884604F1C9
:10904000400900233B6094F841B0D6E9000101AA31
:10905000FEF7D8F8054690B3019B49461A7840467A
:10906000FFF7CAFC80BB94F840308DF8013094F8CB
:10907000412083460DF101010DF10200FFF7BCFC18
:109080004BEA000212F0FF02F1D1019B197901298C
:1090900020D131467068FEF7BDF851462846FEF7EC
:1090A00061F8114A1388052B11D801980F49013333
:1090B0001380FEF757F80120FFF7F8FCC1E70C49D1
:1090C0005A464046FFF798FC03B0BDE8F08F00DE3B
:1090D0001388EAE710463B6003B0BDE8F08F00BF9D
:1090E000B42900200C2A00201C2A0020742A002009
:1090F000F4290020202A002030B52B4983B000231A
:109100004868019301AAFEF785F8002843D0274953
:10911000FEF728F8019A1379172B10D008D8052BE1
:109120000AD82922DA40D20706D52BB103B030BDC8
:109130001D2BFBD92D2BF9D000DE03B030BD137FE2
:109140003C2B13D0537F002BF6D093681C68A06D86
:1091500020B100231649A365FEF704F894F85E30A9
:109160006FF3000384F85E3003B030BD9368D3E939
:10917000004595B100225A60AB6F93B905F16C01BF
:1091800005F16800FEF72AF8034640B12868AB678E
:1091900002F0FAFCE2E700DEB9E700DEEAE700DE13
:1091A000F4E700DEEAE700BF0C2A0020202A0020B6
:1091B000742A00202DE9F843046807461CB3344E96
:1091C000DFF8D0802925204624680379052B13D9A0
:1091D000173BDAB2162A13D8162B11D8DFE803F0A2
:1091E0001A291E1E1E1E1E10101010101010101016
:1091F0001010101010101E0025FA03F2D2073CD4F4
:1092000000DE002CDFD100233B60BDE8F843FF20E7
:10921000FFF74CBC037F3C2B24D063BB3388052B6A
:1092200026D8013341463380FDF79CFF002CCAD17C
:10923000E9E7C0880028E4D102F0B4FC814600B31D
:10924000D9F88830FBB909F17C0109F17800FDF704
:10925000C5FFD0B1C9F88800484602F095FC002C43
:10926000B1D1D0E70B49FDF77DFF002CABD1CAE7A8
:1092700000DE3388D5E700DE0379002BCED100DE97
:10928000CCE700DEDCE700DEDDE700DEE2E700BF82
:109290001C2A0020742A00200148FDF74DBF00BFA2
:1092A000202A00200149FDF75DBF00BF202A0020D1
:1092B0000148FDF741BF00BF742A00200149FDF7B6
:1092C00051BF00BF742A0020034B044A93F8413079
:1092D0000B70FDF78DBF00BFB4290020102A0020BD
:1092E00008B5064B064A93F841300B70FDF780FF36
:1092F000044B1868BDE8084010F0C2B8B42900203B
:10930000102A0020D42E00200B490A7B4B7B9A4266
:109310000AD8A3EB020C5FFA8CFC604509D89A428C
:1093200007D051F82200704703339B1ADBB29842F2
:10933000F7D90020704700BFFC290020074A117BA5
:10934000537B8B4208D04B1CDBB2032B08BF00239E
:1093500052F821001373704700207047FC29002049
:1093600000B50D4A92F841C092F840E00CF10103BB
:10937000DBB2082B08BF00239E4509D022F83C0031
:1093800002EBCC0CCCF8041082F841305DF804FB01
:1093900000DE00231B80FFDEB4290020022810B568
:1093A0000C4602D00B68022B07D004484FF0FF3266
:1093B0004FF0FF3310F09EF8206810BDD82E00202B
:1093C00004490A680AB11046704702460860104610
:1093D000704700BFB0290020044A136823B19842A7
:1093E00006BF00211160002318467047B0290020F5
:1093F000014B1868704700BFB029002004490A6873
:109400000AB110467047024608601046704700BF18
:10941000F8290020044A136823B1984206BF0021AE
:109420001160002318467047F8290020014B186886
:10943000704700BFF829002030B505682B7887B049
:10944000EBB104460122002168461AF0FCFC0D4BEA
:10945000C5F80CD0AB602B788BB10B4B00221146BA
:1094600003209C60FDF73CFF38B94FF40042002315
:10947000684610F03FF807B030BD00DEF5E76FF04A
:109480007700F8E7F58903006C0B0020F0B5254E56
:10949000336885B00C461746002B36D0994215D15B
:1094A0000223039303AB0246009303211E4B0020CB
:1094B000FFF784F9022805460CD0039B022B09D143
:1094C00095B133680BB19C4221D014B36FF02D00DD
:1094D00005B0F0BD15484FF0FF324FF0FF3310F0EC
:1094E00009F8039D002DECD13846FFF7A5FF33683E
:1094F0000BB19C4211D0002CE8D10028E8D010F12B
:10950000780F08BF002005B0F0BD3160C8E7002328
:1095100033606FF0770005B0F0BD35600028D7D01C
:10952000EDE700BFB0290020E9890300D82E002014
:109530000B490A7D4B7D9A420AD8A3EB020C5FFAD5
:109540008CFC604509D89A4207D051F82200704738
:1095500005339B1ADBB29842F7D90020704700BF51
:10956000982C0020074A117D537D8B4208D04B1C5C
:10957000DBB2052B08BF002352F82100137570479A
:1095800000207047982C002038B50C46054602F0A4
:1095900047FF207021462846024ABDE83840FDF7C3
:1095A00027BE00BF182A00200122024B11460020CE
:1095B000FDF796BE5C0B002070B50C46054602F028
:1095C0002FFF21462070064A2846FDF711FE012292
:1095D000BDE87040034B11460020FDF781BE00BF7F
:1095E000182A00205C0B00202DE9F0431A4D9DF84D
:1095F0001C8095F821C10CF1010E5FFA8EFEBEF1C0
:10960000090F994695F8203108BF4FF0000E7345B9
:109610001DD0144605EB4C1CE36807460E46106847
:109620005168926864460FC49CF81C30CCF81860EE
:1096300008F0010823F0030343EA0803CCE9049788
:109640008CF81C3085F821E16046BDE8F0834FF0CE
:10965000000C6046BDE8F083B02D0020054890F86E
:10966000203190F821219A4214BF00EB43100020D2
:10967000704700BFB02D002001460B480A7890F8D3
:109680002131082A84BF90F820210A70934208D023
:10969000531CDBB2092B08BF002300EB42100B70F8
:1096A00070470020704700BFB02D00202DE9F04F1B
:1096B0003D4E96F8201196F8213187B08B420390E9
:1096C00047D04FF0000906EB41110B24CDF8109064
:1096D000CA46CB46CDF80890CDF814900D7FD1F84E
:1096E0000080CF68C5F3400205F00105002C4FD083
:1096F000013CE4B282B396F8211196F820319942E8
:1097000027D00133DBB2092B08BF0023994286F82A
:1097100020311ED006EB43115B01C868002ADDD161
:1097200035BBBBF1000F37D0BAF1000F029A08BF6A
:109730004246029208BFBA460A7F9507CED4D207A6
:109740001DD48345F3582BD08245C7D1029A9A4243
:10975000C4D107B0BDE8F08F144B0398996011464F
:109760000192FDF7BDFD019A0028C4D000DEC2E7DA
:10977000049A7AB1B9F1000F08BFB946DCE7BAF133
:10978000000FABD1049B8342E3D04845A6D1E0E76C
:1097900000DEADE70497CFE7BB46CDF81480CBE7FA
:1097A000059A9A42D0D1D4E7B02D00204C0B00206E
:1097B000054B1A7E597E914204D053F8220010B115
:1097C0000C30704700207047942D002070B5134A6C
:1097D000117E537E8B421ED04B1CDBB252F82140CF
:1097E000062B08BF00231376ACB1022300252668A0
:1097F00023712560A06002F013FE094A2070214603
:109800003046FDF7F5FC0122064B11462846FDF7D0
:1098100067FD204670BD0024FBE700BF942D0020AB
:10982000182A00205C0B002010B582B0049B9C7AA3
:109830006FF341049C720024CDE9004407F02AFB39
:1098400002B010BD10B50346007F1A699969012462
:1098500082B02040CDE90004586907F01BFB08B92D
:1098600002B010BD7730FBD000DEF9E710B4CB6852
:1098700004691A78042A03D023685DF8044B18475A
:109880005B78052BF8D100205DF8044B704700BFD2
:1098900030B50B8A83B0002B3ED0054601F10C0099
:1098A0000C4615F001FD012803461BD0022808D004
:1098B0001C4A1D48012115F0C1FA6FF0150003B0D4
:1098C00030BD01A9204600F021FF019911B12846C1
:1098D000FFF7CCFF0028F2D12046F6F71DFD00204F
:1098E00003B030BD002301A92046019300F0FCFA2B
:1098F00001460028F0D02846FFF7B8FF0028DED147
:10990000019D002DE8D0284601F02CFB68710199DB
:1099100006481AF07FFADFE7054A0348012115F0EF
:1099200084FACAE7F45305002C4C05007432002079
:10993000E053050010B50469FFF76CFB40B905481A
:10994000F6F79CF80448F6F799F80020206010BD5F
:1099500000DEF4E7281D0020001E00202DE9F04362
:109960003F4FD0F8108083B006464FF000094FF00B
:10997000FF324FF0FF3338460FF050FD0028F6D08D
:1099800043790190042B15D8002B43D100DE019BB5
:1099900001A8C3F80090FFF70DFC4FF0FF324FF025
:1099A000FF3338460FF03AFD0028E0D043790190AC
:1099B000042BE9D9052BE9D14FF0FF334FF0FF32EB
:1099C0000820F7F759FC04462146019800F04CFFA7
:1099D000019B01A8C3F80090FFF7ECFB002CC6D058
:1099E000204615F0D5FB05462146002015F0F6FB74
:1099F0002B8A012B04462946304607D9D8F8003077
:109A0000984710F03DFA002CEAD1B0E72846F6F767
:109A100083FCF6E7022B13D04FF0FF324FF0FF33F9
:109A20000220F7F729FC044601989CB1214600F07A
:109A300043FF019B01A8C3F80090FFF7BBFBCFE7F2
:109A40000022002301210020F7F72EFC0446019894
:109A5000002CEBD1046001A8FFF7ACFB87E700BF47
:109A6000743200202DE9F043344F354E83B0054663
:109A700014E04FF0FF324FF0FF3300211320F7F7CF
:109A800013FCBDF802102246044601F053FA2146A9
:109A90002846FFF7EBFE68BB10F0F2F90DF102016A
:109AA00001A8FFF7C3FA04460028E2D1019BCBB11D
:109AB000FFF722FBDDF80490484601F053FADDF889
:109AC000048089F8050098F80530032B03D198F835
:109AD0000430182B10D0414630461AF09BF9019BF8
:109AE000002BDBD14FF0FF324FF0FF3338460FF041
:109AF00001FDD3E700DECFE721464FF0FF324FF004
:109B0000FF330520B8F80690F7F7CEFB4946044628
:109B1000024608F11C0000F07FFE484600F09CFE63
:109B20003CB121462846FFF7A1FE28B92046F6F7AA
:109B3000F3FBDDF80480CEE700DEF7E78C3200208F
:109B400074320020F0B50546076989B00E462348F7
:109B50001AF021F94FF0FF32002121481AF073F971
:109B60001F48FFF79BF9044678BB3E60EFF710FBF8
:109B7000002600276FF00903CDE90334CDE906671D
:109B8000CDE90144174B184900954FF4007217486E
:109B90000FF056FF164915481AF04AFA6FF00702FF
:109BA000CDE90324CDE90667CDE90144114B124903
:109BB00000954FF4607211480FF042FF10490F48B2
:109BC0001AF036FA204609B0F0BD0E4A0E48234678
:109BD000012115F033F9204609B0F0BD74320020A0
:109BE0008C320020659A030000550020281D0020BB
:109BF000285405005D99030080570020001E0020B6
:109C000038540500085405002C4C050010B510F020
:109C1000E7F8054C20461AF0CAF820461AF0BBF8BF
:109C2000BDE8104010F0F0B8743200202DE9F04784
:109C3000DFF8A4A0DAF80090B9F1000F32DB80461B
:109C40000F46164610D0214C0025214606223046EC
:109C500011F0D2FA18B914F8013CBB4225D00135F5
:109C6000A94504F10804F0D1194C1A492368356854
:109C7000DA00501CB9F10F0F0D500844B5888580EB
:109C800001F83370D4BF09F1010301330A44D8BF8E
:109C9000CAF800300121102B01FA08F108BF002397
:109CA000D17123600020BDE8F0870A4B03EBC503A8
:109CB000DA7922FA08F1C90702D50120BDE8F08758
:109CC000012101FA08F10A43DA71EBE7B132002011
:109CD000A8320020B0320020AC3200202DE9F04143
:109CE0001A4C6468A40004D51646194A1268120773
:109CF00001D4BDE8F08103F10C0405460F4620466F
:109D0000022115F088FA40F63E43038001212046E7
:109D100015F081FA0346042220461A700B2115F033
:109D20007AFA0570A0F801603DB97B68BA68C0F89E
:109D30000720C0F80330BDE8F0814FF00008C0F8FC
:109D40000380C0F80780BDE8F08100BF80020020DA
:109D500078020020F0B5013887B0144611280AD8DF
:109D6000DFE800F0233F55090967097998AB090935
:109D700009090909090D6FF0150007B0F0BDCB689E
:109D8000DA789978188806F0F3FB554B06460121DE
:109D9000188816F0A1FE012105460C3015F03BFA9B
:109DA00006702560002007B0F0BD4D4B0D211888CE
:109DB00016F092FE0D2120600C3015F02CFA4FF0B9
:109DC000021400234FF4806103220370C0F80140A5
:109DD000A0F80510C271037243728372C3720373D9
:109DE000E0E73F4B4121188816F076FE41212060C4
:109DF0000C3015F010FA002104463E2200F8031B37
:109E000011F0AAFA40F2A733A4F80130CAE7344BA4
:109E10000921188816F060FE092120600C3015F029
:109E2000FAF90346002203F8012BC0F801205A601A
:109E3000B8E7C9680020FEF769FD294B01211888A1
:109E400016F04AFE012105460C3015F0E4F9002316
:109E500003702560A6E7234E214F0FCE01AD0FC53D
:109E6000336838882B70122116F036FE12212060DC
:109E70000C3015F0D0F90446002301AE04F8013B84
:109E800084460FCE2D78CCF801006160A260E360BB
:109E9000257487E7124B1821188816F01DFE18212B
:109EA00020600C3015F0B7F900230446012100F8BA
:109EB000023B08F0F9FA607074E7094B2121188819
:109EC00016F00AFE212120600C3015F0A4F901469D
:109ED000002301F8113B013008F036FB62E700BFB8
:109EE0000C4600206C5405002DE9F041038A8CB02B
:109EF0000022022B079240F21581054603210C3007
:109F000015F0CAF92A8A83789A42C0F04081028803
:109F1000CE4EC2F38523082B328090B2C2F30904DF
:109F200009D89BB1013B072B10D8DFE803F0150FD0
:109F3000BDE10F0F0F213F2B08D107AA294620466C
:109F4000FFF708FF163040F0CE83308801210CB0B7
:109F5000BDE8F04116F0D2BD062C00F07A831D2C2E
:109F6000F4D1EB68188801F053FF01463088EEE722
:109F7000621E4A2AEAD801A353F822F017A303006D
:109F8000F5A20300ADA203004D9F03008DA20300C4
:109F9000C7A30300AFA30300A3A3030097A3030079
:109FA0008DA3030075A3030045A303004D9F030089
:109FB0004D9F03004D9F03004D9F03004D9F0300E5
:109FC0004D9F030023A303004D9F03002DA6030014
:109FD0000BA60300D1A50300B3A503004D9F03000A
:109FE000A9A5030099A503007BA503004D9F0300CD
:109FF0004D9F03004D9F03005BA5030041A5030097
:10A0000031A50300FFA40300F3A403004D9F030048
:10A010004D9F03004D9F03004D9F03004D9F030084
:10A020004D9F03004D9F03004D9F03004D9F030074
:10A030004D9F0300ABA4030057A4030037A4030003
:10A04000E3A303004D9F03004D9F03004D9F0300BA
:10A050004D9F03004D9F03004D9F03004D9F030044
:10A060004D9F03004D9F03004D9F03004D9F030034
:10A070004D9F03004D9F03004D9F03004D9F030024
:10A080004D9F03004D9F03004D9F03004D9F030014
:10A090004D9F03004D9F03004D9F03004D9F030004
:10A0A0004D9F03006DA20300632C00F0198354D868
:10A0B000032C00F0D6822D2C3BD1EB6804211E88A6
:10A0C00093F8028016F008FD042105460C3015F0C7
:10A0D000A2F8B7B20446C31C424639460220FEF736
:10A0E000FFFBA4F80160207028460CB0BDE8F081A9
:10A0F000621E082A3FF62AAF01A353F822F000BFE0
:10A1000025A20300DDA10300B9A103004D9F0300B8
:10A110004D9F03004D9F03004D9F03004D9F030083
:10A120009BA103004A4A4B48012114F07EFE002502
:10A13000DAE7012C7FF40AAFEA68474B11685268EE
:10A1400019605A60012116F0C7FC012105460C3048
:10A1500015F061F800230370C6E77B2C00F0A8829D
:10A160007C2C7FF4F3AEEB681F885988B8B201F0FD
:10A1700057FF04460321308816F0AEFC0321054644
:10A180000C3015F048F80470A0F80170ACE7334AC1
:10A190003048012114F049FEC9E7072116F09CFC64
:10A1A000072105460C3015F036F80146002001F86D
:10A1B000010BFEF7DDFB97E7092116F08DFC092165
:10A1C00005460C3015F027F80346002203F8012B52
:10A1D0006021C0F801205A60417185E7412116F0E5
:10A1E0007BFC412105460C3015F015F80021044692
:10A1F0003F2200F8021B11F0AFF80423184AE37263
:10A20000E37520231749C4F81A20C0208022637008
:10A210004FF40A73A071C4F8211084F82720A4F821
:10A220000F3061E7092116F057FC092105460C3073
:10A2300014F0F1FF4FF4506100230B4A01800D210F
:10A240008370C3700171C0F805204DE70C460020F3
:10A2500080540500244C050080020020985405001D
:10A26000F70FF40E30F00178F105FFFF032116F02F
:10A2700033FC032105460C3014F0CDFF01460023CA
:10A2800001F8023B0130FEF73DFB2DE7E9680120B4
:10A29000FEF73CFB04463088012116F01DFC01212D
:10A2A00005460C3014F0B7FF04701DE7092116F0C5
:10A2B00013FC092105460C3014F0ADFF03460024C1
:10A2C00003F8014BC0F801405C600646FEF702FB54
:10A2D000234661F30703C1F3072262F30F23090C3E
:10A2E00061F31743090A61F31F63C6F80100C6F85A
:10A2F0000530F9E6042116F0EFFB042105460C3089
:10A3000014F089FF00236FF00401032203704170F1
:10A310008370C270E8E6EA68BF4B11685268196042
:10A320000FE7E96800224B88088803920C890294A1
:10A33000CC88019489880091114601F0A7FC014660
:10A34000308804E6EB681878002800F0CE815B784E
:10A35000002B00F0CA81B14A00231360B04A136099
:10A3600001F0ACFA0C2804464FF00101308808BF18
:10A37000002492E7EC686379B4F80320B4F8011084
:10A380002078A4790094EFF73BF983E7EB6818781D
:10A39000EEF732FF7EE7E96811F8010B01F0ECF906
:10A3A00078E7E96811F8010B01F078F972E702210A
:10A3B00016F092FB022105460C3014F02CFF00230E
:10A3C0000370437090E6EC68A57BA37962792179EC
:10A3D00020880295657B01950734009400F0D0FF3A
:10A3E00058E7EA689478D1781788B2F80550E307FF
:10A3F00048BF41F00301137948BFD170A40744BF9F
:10A4000043F00303137143EA0102032A00F272814D
:10A410004C0700F06D815A0700F06A8115F00302C5
:10A420001CBF05F1FF3505F00102384601F08EFD35
:10A43000014630888BE5EB681A78D10744BF0721C5
:10A44000597092074CBF07219978587848BF997086
:10A4500001F072FD1EE7EB6805211E8816F03CFB3B
:10A46000052105460C3014F0D6FE0446221DB0B27C
:10A47000E11C01F041FDE37822792070002B93FA72
:10A48000A3F3B3FA83F308BF4FF0FF330133E37054
:10A49000002A92FAA2F3B3FA83F308BF4FF0FF3316
:10A4A0000133A4F8016023711EE6092116F014FBA4
:10A4B000092105460C3014F0AEFE08AB04460DF140
:10A4C0001A0206A90DF1160001F006FDBDF81630BE
:10A4D000A4F80130BDF81830A4F80330BDF81A30E4
:10A4E000A4F80530BDF82020A4F80720002323702D
:10A4F000FAE5EB685988188801F0E4FCCAE6052102
:10A5000016F0EAFA052105460C3014F084FE08A97D
:10A5100004460DF11A0001F0C9FCBDF81A30A4F888
:10A520000130BDF82020A4F8032000232370DBE5D0
:10A53000EB681F889A885988B8B201F08BFC18E63E
:10A54000EA68178892780023CDE90233CDE9003319
:10A550000221B8B201F09AFB0BE6E96800220F88ED
:10A560004B88039208890290C888019089880091DD
:10A57000B8B2022101F08AFBFBE5092116F0ACFA22
:10A58000092105460C3014F046FE2649264A016092
:10A59000002342600372A7E5EB681F8800220621B2
:10A5A000B8B205F0D3FFE4E5EA68002132F8027B97
:10A5B000F6E7092116F090FA092105460C3014F04F
:10A5C0002AFE002300F8013B082106F0FBFA8BE588
:10A5D000E868002308AA00F1100108F077FD308830
:10A5E000112116F079FA112105460C3014F013FEF2
:10A5F0000646002306F8013B08AC07460FCCC7F817
:10A6000001007160B260F3606EE5EB68188801F0DC
:10A61000DDFB014630889AE478020020A832002051
:10A62000AC32002000BFFF30ECC00100EB68082115
:10A630001E8816F051FA082105460C3014F0EBFD87
:10A640000446E11CB0B201F065FBA4F80160207083
:10A650004AE5EB689978188801F080FB014630885C
:10A6600075E425482549264A264B4FF0FF340460FF
:10A6700041F6FF754FF0FF34C1E90045002000218D
:10A68000C2E900011F200021C3E90001FEF768FCB8
:10A690003088012116F020FA012105460C3014F013
:10A6A000BAFD0023184A03701360FFF7AFFA1BE5E9
:10A6B000EB681F8808A9B8B201F07CFC05210446AC
:10A6C000308816F009FA052105460C3014F0A3FD78
:10A6D0000470A0F80170BDF82030A0F8033003E545
:10A6E000EA68074B19E6079DFEE44FF0FF3335E6B5
:10A6F00012212CE411212AE4AC3200208002002037
:10A70000D81E002078020020A43200202DE9F84352
:10A7100000230B60038A032B2ED9054688460C3094
:10A72000042114F0B9FD2B8A4788B0F80090BB4291
:10A7300030D3FB2F28D801F053FA4FEA19363346AD
:10A740000446002835D09B081BD19EB1012E18D19C
:10A750002379677166F301032371E9683A46E01DC6
:10A76000ECF7FEFE2146C9F30B0001F045FAB8B93B
:10A77000BDE8F8830226EBE7204A2148012114F0C6
:10A7800054FB6FF01500F3E71E4A1D48012114F039
:10A790004CFBF6E71C4A1A48012114F046FBF0E78F
:10A7A0001A4A1748012114F040FB204601F01EFA16
:10A7B000E7E7174A1248012114F037FB154B1B68D5
:10A7C0009B0117D54FF0FF324FF0FF330220F6F711
:10A7D00053FD0221C8F800000C3014F01CFD4FF4AA
:10A7E0008D730380D8F8000001210C3014F013FDA4
:10A7F000012303706FF06800BAE700BFB85405008A
:10A80000244C0500EC540500CC5405001C550500F3
:10A810000855050080020020F8B50E4B1B68DB06CA
:10A8200000D4F8BD02F10C0406460D462046022174
:10A8300014F0F1FC034640F205421A802046042140
:10A8400014F0E9FC00270770A0F801503278C270BC
:10A85000F8BD00BF80020020024A1368013B13606C
:10A86000704700BFA432002070B5037FC68803F094
:10A870000303013B012B01D900DE70BD044601F149
:10A880000C052846042114F0C6FC237F03F00303C3
:10A89000022B0CBF46F4005646F480560680637FB8
:10A8A0004380617F284614F0B6FC627F04F11F01EB
:10A8B000BDE87040ECF754BE2DE9F04F89B090F838
:10A8C00004C0C688BCF1030F04AF04460D4600F176
:10A8D0001C081FD0ACF1050CBCF1180F33D8DFE811
:10A8E0001CF03700320032003200320032003200F9
:10A8F00032003200320032003200320032003200C8
:10A90000320032003200A600DA00E0000E0125011C
:10A9100038015801C37F033B122B14D8DFE813F032
:10A92000CB01130013001E02370213004202130072
:10A930001300130049021300F20113001602130062
:10A9400013006C016C0100DE1437BD46BDE8F08FCA
:10A95000BC4BBD4A93E80300237EB9810E0C617E97
:10A960005268B8605B42C807BE7302F000525EB224
:10A9700000F17A82002AE7D0B44B1B689A07E3D52E
:10A98000207F04F11E09C0F380114A4600F00F0039
:10A99000FFF74CF90028D7D1237F03F00F03012BD9
:10A9A00000F0AF82627F931DA2F1060A05325FFAC2
:10A9B0008AFA5FFA83FBD3B27B60D0460C35022162
:10A9C000284614F028FC3E23037080F801B00121D2
:10A9D000284614F020FC034602221A7079682846A3
:10A9E00014F019FC01230370237F03F00F0307F118
:10A9F00008020833134404F1240113F8083C43709F
:10AA0000237FC3F380138370D4F81E30C0F8033063
:10AA1000B9F80430A0F8073000F10A0380F809A063
:10AA200042461846ECF79CFD00F808608CE718F0E9
:10AA3000010F40F06482844B94F81C805B689B009B
:10AA40004FF0000980D5814B1B68D8077FF57CAF9C
:10AA50000C35B8F1000F00F0D3810221284614F024
:10AA6000DAFB41F23E3303800121284614F0D3FB88
:10AA7000012303701221284614F0CDFBC0F8019089
:10AA8000C0F80590C0F80990C0F80D9080F81190BA
:10AA900080F8008058E70A4640463146FFF7BCFE82
:10AAA00052E7694B5B6899007FF54EAF674B1B68B7
:10AAB0005A077FF549AF0C350221284614F0ABFB4D
:10AAC00040F63E2303800121284614F0A4FB032313
:10AAD00003700921284614F09EFB18F0010F40F086
:10AAE0001782237F0370A0F80160E38BA0F8033086
:10AAF000238CA0F80530638CA0F8073024E7524B74
:10AB00005B681B044FF000047FF51EAF0C3502217B
:10AB1000284614F080FB4FF44C7303800321284631
:10AB200014F079FB0470A0F801600DE7484B1B6836
:10AB30001C027FF509AF0C350221284614F06BFB8F
:10AB400040F2572303800221284614F064FB06805C
:10AB5000FAE63D4B5B6898007FF5F6AE3B4B1B6811
:10AB600019037FF5F1AE0C350221284614F053FB92
:10AB700040F23E4303800121284614F04CFB14238D
:10AB800003700321284614F046FB0680237F837060
:10AB9000DAE62D4B5B689A0003D52C4B1B681B052E
:10ABA0005CD4627FA37F94F81CC0002A92FAA2F2C0
:10ABB000B2FA82F208BF4FF0FF32002B93FAA3F3F0
:10ABC000B3FA83F36D4608BF4FF0FF338AB0511CD0
:10ABD000013304A80246436206241E4B8661C0E985
:10ABE00007C1436142F8104F1B4800234FF4425104
:10ABF000F3F7CCFFAD46A7E6134B5B689A007FF5F1
:10AC0000A3AE124B1B685B067FF59EAE0C3502218E
:10AC1000284614F000FB40F63E330380012128460D
:10AC200014F0F9FA072303700A21284614F0F3FA06
:10AC30000680A38C4380E38C8380238CC380638C49
:10AC4000038181E6BC4D05008002002078020020CF
:10AC5000D81E002030550500244C05000C3502217B
:10AC6000284614F0D8FA40F23E63038001212846BA
:10AC700014F0D1FA0C2303700521284614F0CBFA06
:10AC8000237F0370A0F80160627F002A92FAA2F38A
:10AC9000B3FA83F308BF4FF0FF330133C370A27FD1
:10ACA00092FAA2F3002AB3FA83F308BF4FF0FF33FE
:10ACB0000133037148E6994B5B6898007FF544AE19
:10ACC000974B1B68D9067FF53FAE0C35022128460D
:10ACD00014F0A1FA40F63E5303800121284614F0F7
:10ACE0009AFA052303700C21284614F094FA0346BF
:10ACF00023F8026B216A626AC0F802105A60238D41
:10AD0000438121E6854B5B6898006ED5844B1B68B8
:10AD100099066AD50C350221284614F07CFA40F6D3
:10AD20003E3303800121284614F075FA0623037090
:10AD30000A21284614F06FFA0680238C4380638C26
:10AD40008380A38CC380E38C0381FDE590F82030E1
:10AD5000744A7548022114F071F8F5E56F4B1B68D1
:10AD60001A064FF000047FF5EFAD0C35022128469E
:10AD700014F051FA4FF4816303800421284614F043
:10AD80004AFA01230470A0F80160C370DCE590F872
:10AD900020300E2B00F0AC80644A6348022114F08E
:10ADA0004DF8D1E50B46324641460020FEF796FFAE
:10ADB000CAE55A4B90F820401B681B067FF5C4ADCE
:10ADC0000C350221284614F026FA4FF481630380E3
:10ADD0000421284614F01FFA002C08BF1F2400236A
:10ADE0000470A0F80160C370AEE50023CDE9023322
:10ADF000CDE900331A220221304600F047FFA3E5D7
:10AE00004B4A1368022101332846136014F003FAF9
:10AE100041F23E3303800121284614F0FCF901235E
:10AE200003701221284614F0F6F980F80080A0F88B
:10AE30000160637FC370A37F03F001030371D4F843
:10AE40001F30C0F80530B4F82330A0F80930E38C87
:10AE5000A0F80B30238DA0F80D30638DA0F80F30D3
:10AE600094F82C3043746FE5002A3FF46DAD2C4B01
:10AE70001B6859057FF568AD207F00F00F03012B9B
:10AE800048D104F11E08C0F38011424600F00F00C3
:10AE9000FEF7CCFE00287FF457AD0C350221284682
:10AEA00014F0B9F941F23E2303800121284614F041
:10AEB000B2F90B2303701121284614F0ACF940F2CB
:10AEC00001130380237FC3F380138370D4F81E30F3
:10AED000C0F80330638CA0F80730237FC3F3C0139E
:10AEE0004372636AC0F80A30238DC38106742BE570
:10AEF0000B46324600211A20FEF7F0FE24E500DE64
:10AF000099E50B2380467B604FF00C0B824655E59C
:10AF100000DEE6E500DE207FB3E700BF8002002010
:10AF2000780200206C550500244C05005C55050096
:10AF3000A432002070B500F10C040E462046022118
:10AF4000154614F068F940F213530380052120469A
:10AF500014F061F901230370A0F80160A0F8035018
:10AF600070BD00BF0379032B08D0053BDBB2182B63
:10AF700001D900207047054AD05C7047037F03F079
:10AF80000303032B14BF05200420704784550500DC
:10AF900000B583B00E4B05990E4ACB1AA2FB0323D2
:10AFA00013F47F5FC3F387120DD1023200910A4B75
:10AFB000D2B201210020FDF701FC10F0FD0F04D1F9
:10AFC00003B05DF804FB00DEEFE700DEF8E700BF4A
:10AFD00064330020ABAAAAAA69B0030010B40268C7
:10AFE0000446506DC0B1916D00235365D9B1002363
:10AFF000936517220A714FF6FF72CA8001F11C0295
:10B00000CB610B624B628B6213823C230B778C60AB
:10B010005DF8044BFEF764B900DE916D506D0023BE
:10B0200053650029E3D100DE916DE0E738B50C46A9
:10B030000B49637F0B4A0978117004EB83031B6A89
:10B040001D7800B938BDFEF7D3F98442FAD015F067
:10B050000E0F02D16369002BF4D000DE38BD00BFB3
:10B06000BE460020BD46002000B17047064B10B51B
:10B0700002460C46022001219C60FCF731F900B920
:10B0800010BD00DE10BD00BFAC0B0020014610F863
:10B09000103B7BB110B50B4B98608A6872B90A4CB3
:10B0A000084B0022C1E9024011460120FCF718F9C3
:10B0B00010B910BDFFF792BF00DE10BD00DE98682A
:10B0C000EDE700BF9C0B0020DDAF03000E4B1A8B99
:10B0D000597F22F4437203EB810122F00202096AD4
:10B0E00042F00E021A83062000224FF4006CA3F8EF
:10B0F0005CC00A70487093F8291003EB81030422A6
:10B10000DB6A1A70587070476433002038B5134CEE
:10B110006569AB6FB3B905F16C0105F16800FCF727
:10B120005DF80346C0B1AB67286800F02DFD00252F
:10B13000A06D6561FEF7C2F8606DA565FEF7B2F817
:10B14000656538BD00DE05F16C0105F16800FCF7AE
:10B1500045F803460028E6D100DEE4E7643300202A
:10B1600030B52E4C94F85E30D90785B041D563696F
:10B1700053B193F82C2042F0020283F82C2063692B
:10B1800093F82C30DA073CD42448FEF719F98442AE
:10B1900039D1237EDB0703AD0CD502210391204B6F
:10B1A0000095032101220020FDF708FB2946FEF748
:10B1B000F5F808BB02220321194B009500200392E9
:10B1C000FDF7FCFA2946FEF7E9F8A8B91548FEF79D
:10B1D00033F9E0B91148FEF7FFF8844215D16369ED
:10B1E0000BB1FFF793FF94F85E306FF3000384F820
:10B1F0005E30002005B030BD0848FEF7EDF884420F
:10B2000009D10C20F6E700DEC3E700DEE7E778307F
:10B21000E0D000DEDEE700DEF3E700BF64330020AD
:10B22000E98903007433002010B4047804F00F049B
:10B2300002F1FF3C022C1FFA8CFC20D0012C0AD01A
:10B240004B781033DB008CB1062C0FD040F253202A
:10B250004FF4F37203E040F2E33040F2162212FBA7
:10B260000CF3184480B25DF8044B704742781032FA
:10B27000D20002F21B31581802F5B372EFE74178A1
:10B280005DF8044B0CEB8C03C3EB0310400001F1A1
:10B29000100300F23B10DB0003FB020290B2704788
:10B2A00030B54FF6FF718BB08B429DF838500F9C34
:10B2B00019D021780131C9B2217000294CD0284918
:10B2C000C1E900028A7A0B8165F30002254B8A727C
:10B2D00004F110000022C860996001201146FBF7BC
:10B2E000FFFF00283AD1207E10F0010505D11E4A4B
:10B2F0001E4B11781B788B4201D00BB030BD01334F
:10B30000042109A8137005F079FC099B184A0694DA
:10B31000A2FB0312991A02EB5102120A40F24711E2
:10B3200001FB1233134A1449A21AA1FB021292091B
:10B3300012490232CDE904510133CDE90255CDE97C
:10B340000055D2B2012128460993FDF71FFA10F0EB
:10B35000FD0FD2D000DED0E700DEB0E700DEC2E7AE
:10B36000383300208C0B0020BE460020BD46002054
:10B3700021F1D49064330020ABAAAAAA2DB0030017
:10B380002DE9F043684C1F46684B94F85E60864692
:10B390008C4693E8030083B016F001069DF82C80DC
:10B3A0009DF8303000908DF8041040F0A0801546D4
:10B3B00008F0070203F00303520042EA03220CF1F3
:10B3C0000803BCF1010F0DEB030C08BF4FF0000E9A
:10B3D0001CF8083CA4F85CE013F00E0F03F00F011A
:10B3E000238B23F4437323F0020342EA0302637FB7
:10B3F000228304EB830308BF0120D3F8208098F850
:10B40000003023F01F0218BF00200A4360F34512EA
:10B4100088F8002002F00F02012A03F00F032ED05B
:10B4200098F80120F2B998F8003005F0010565F3AD
:10B4300086136FF3C71388F80030062388F80130AD
:10B4400094F82930246104EB8304AD01E36A5A784F
:10B4500045F004051D700AB906225A70304603B043
:10B46000BDE8F083012B34D098F8003005F00105D9
:10B4700065F386136FF3C71388F80030E0E7012BFC
:10B480000FD098F80120BABB84F8346098F80030E7
:10B4900003F00F03012B04D098F80130002BC2D029
:10B4A000E2E708F1080998F8003005F0010565F3B6
:10B4B000861367F3C71388F800300A9B1B68C9F826
:10B4C00000300A9B9B88A9F804300C2388F80130CF
:10B4D000B6E794F8342004F1350108F10800ECF7E0
:10B4E0003FF894F83430063388F80130BCE70C2676
:10B4F000304603B0BDE8F083052A10D9063A08F1BA
:10B500000809D2B20A4884F834204946ECF728F8F2
:10B5100098F8003003F00F03012BBDD1C3E700DE24
:10B5200098F80120EAE700BF64330020C44D05000D
:10B530009933002010B5064C204605F0D3FE04F1E7
:10B540000C0005F0CFFEFFF7C1FD002010BD00BFCD
:10B550008033002008B5FFF703FE002008BD00BFC0
:10B5600038B5094C04F10C05204605F0CBFE284601
:10B5700005F0C8FE204605F0B5FE284605F0B2FEEF
:10B58000FFF7A4FD002038BD80330020034A044BA0
:10B59000801AA3FB0030C0F38F1070476433002083
:10B5A000ABAAAAAA044A0068044B801AA3FB003085
:10B5B000C0F38F10704700BF64330020ABAAAAAA63
:10B5C00028B9044B93F85E0000F00100704700209A
:10B5D000704700BF643300201F2955D82DE9F04182
:10B5E000437F00EB830382B01F6A3B7803F00F03B5
:10B5F000012B0E460546904648D00DF107011C3040
:10B6000005F0CAFE3A78037802F00F0223F01F0318
:10B61000134303703B780278C3F3401363F345127E
:10B6200002703B78D2B2C3F38013394663F38612BB
:10B63000027011F8023BD2B2DB0963F3C712044671
:10B6400000F8022B06220FF007FE3246414604F1B5
:10B6500008000636EBF784FF667095F85E30DB076E
:10B6600006D49DF807306B77002002B0BDE8F0816A
:10B6700095F8293005EB83032146DA6A2846EDF771
:10B680005FFF0028EDD0F0E71220704780F83410FB
:10B690000A4635304146EBF763FFE5E703460A46C5
:10B6A00001481946FFF798BF643300201F295ED870
:10B6B0002DE9F04190F8293000EB830382B0DE6A77
:10B6C0000F460446904600F12805002E40D028463B
:10B6D0000DF1070105F060FE037823F03F033146CA
:10B6E00043F00403037011F8022BDBB2C2F38012A3
:10B6F00003F03F0343EA82130370BB1D437005460A
:10B70000062202300FF0A8FD3A46414605F1080036
:10B71000EBF726FF94F85E30DA0707D49DF8073080
:10B7200084F82930002002B0BDE8F081627F04EB8C
:10B7300082024123116A0A7802F00F02D340DB072C
:10B74000ECD52A462046EDF7FBFE0028E6D0EAE7D6
:10B75000284605F0C7FDC0B258B994F8293004EB6B
:10B760008303DE6A0423337006237370AFE712206D
:10B7700070470720D7E700BF03460A46014819462D
:10B78000FFF794BF6433002038B5059D9DF810C0C5
:10B790002C4614F8101B0131C9B2297099B10B491C
:10B7A000C1E90002887A0B81094BCC606CF3000080
:10B7B00000228872996001201146FBF791FD00B9C3
:10B7C00038BD00DE38BD00DEE9E700BFCC33002025
:10B7D000BC0B00200020704770B51B4E00241B4A94
:10B7E0000420A2F11001A4B996F8284014F0010435
:10B7F0000FD0FDF74BFE054668B996F82830134A7E
:10B8000060F3000386F828300420A2F11001002C18
:10B81000EAD0002070BD10F1780FFAD040F29123E9
:10B820000B490C480C4A12F013FE0C482A46002122
:10B8300012F00EFE002383F31188BFF36F8F0323F2
:10B84000184602DFCBE700BFE01E0020F01E0020FC
:10B85000EC55050004560500AC55050024560500BE
:10B8600038B50546043001F11002C0B2FDF70EFEF6
:10B87000044600B938BD10F1780F01D10C2038BD55
:10B8800040F29123094A0A490A4812F0E1FD0A48A8
:10B890002246294612F0DCFD002383F31188BFF312
:10B8A0006F8F0323184602DF0C20E8E7AC55050034
:10B8B000EC550500045605002456050010B5124C41
:10B8C00094F8283003F0010270B1DAB99B0706D56D
:10B8D0000120FDF73DF80621FBF770FC80B1BDE8C3
:10B8E00010400948EDF7C4BE62B12146FFF7B8FF2A
:10B8F00028B994F8283060F3000384F8283010BD8C
:10B90000122010BD0C2010BDE01E0020044A00686B
:10B91000044B801AA3FB0030C0F34710704700BFF0
:10B92000E01E0020A38B2EBA68B9084A92F828308E
:10B9300013F0010008D0107D03F00103C0F34010A4
:10B9400003FA00F070470020704700BFE01E00209F
:10B9500008B5054B0022986011460120FBF7C0FC9A
:10B9600000B908BD00DE08BDCC0B002083685A6812
:10B9700092F82730DB09014601D100DE704708311B
:10B98000EEF782BA2DE9F0410768244982B00546F6
:10B990004FF4D4723846FBF7FDFB05F168062946E3
:10B9A00006F0DEF9E86E01AA3146FBF733FC00B37E
:10B9B0001B4C4FF6FF7894F8412094F84010531C2C
:10B9C000DBB2082B08BF0023994223D004EBC2014D
:10B9D00024F83280019A4A6012680260019A10606D
:10B9E000E86E84F8413001AA3146FBF713FC0028C9
:10B9F000E1D1D7F8680107F5B47138B10023C7F871
:10BA00006831FDF7D9FD02B0BDE8F08100DED7F85E
:10BA10006801F3E700DE00231B80FFDE101F00201B
:10BA20005837002010B50C4630B92046FDF7F2FC1F
:10BA3000844200D000DE10BD00DEF6E710B50C46F3
:10BA400030B92046FDF7DAFC844200D000DE10BD9C
:10BA500000DEF6E710B50C4640B9074B024601215F
:10BA600002209C60FBF73CFC20B910BDFDF7C0FC38
:10BA70008442FAD000DE10BDEC0B002000B9704704
:10BA800010B50C46FDF7D2FC844200D110BDFDF785
:10BA9000AFFC8442FAD000DE10BD00BF10B5194CD7
:10BAA000194B204601224FF4D471FBF71FFB0022F3
:10BAB0004FF4D4712046FBF769FB144B01464FF657
:10BAC000FF74181D8C8403224FF48271FBF70EFB68
:10BAD0000F4B104C181D07220821FBF707FB01F044
:10BAE000E3FF0D4A0D4B0E49002010601B221A8007
:10BAF0000C4A03234FF4A47CA4F800C00B7013700D
:10BB000010BD00BF101F0020083400204834002062
:10BB10000C3400200E460020C037002010460020C4
:10BB2000C0460020BF46002010B5044614F8103B64
:10BB300073B10F4B9C608268B2B90E490C4B002266
:10BB4000C0E9021411460120FBF7CAFB50B910BD31
:10BB500003F0FF02084B114601209C60FBF7C0FB7D
:10BB60000028F4D000DE10BD00DE9C68E5E700BFD1
:10BB7000DC0B002051B90300CC0B00200148FBF77F
:10BB8000DBBA00BF083400200149FBF7EBBA00BF65
:10BB90000834002002494FF4D472FBF7FBBA00BF0F
:10BBA000101F0020024620B903484FF4D471FBF760
:10BBB000EDBA0020704700BF101F002060B908B523
:10BBC00002464FF4D4710548FBF7E0FA10B1838CBC
:10BBD00003B908BD002008BD00207047101F0020D9
:10BBE0000148FBF7A9BA00BF483400200149FBF720
:10BBF000B9BA00BF4834002000283DD138B502460C
:10BC00000D461F484FF4D471FBF7C0FA0446F0B15B
:10BC1000828CE2B91B4890F821C090F820100CF1FA
:10BC20000103DBB2042B08BF0023994221D020F886
:10BC30003C2000EBCC0CCCF8045080F82130237869
:10BC400043B994F93730002B0EDB002038BD6FF07C
:10BC5000150038BD0C4B012103209C60FBF740FB15
:10BC600094F93730002BF0DA0021204604F048FC2C
:10BC7000EBE76FF0680038BD6FF01500704700BF4C
:10BC8000101F00209C370020FC0B00202DE9F047FE
:10BC900082B0BDF82870BDF82C80BDF8309098B9FE
:10BCA0000C4615464FF4D471024619481E46FBF760
:10BCB0006DFA824640B1838C33B96CB1022C07D047
:10BCC000012002B0BDE8F087022002B0BDE8F08795
:10BCD000ADB902F035F90EE00D9B0193CDF800905F
:10BCE00043463A46314602F0B5F80028EDD19AF9BC
:10BCF0003730002B07DB002002B0BDE8F087294673
:10BD000002F02EF9F7E70146504604F0F9FBF2E79E
:10BD1000101F0020E8B938B502460C460E484FF413
:10BD2000D471FBF733FA054650B1838C43B902F066
:10BD300023F838B10368236003792371002038BDEC
:10BD4000022038BDD5F83230236095F836302371A3
:10BD5000F4E70220704700BF101F002038B510B173
:10BD60000224204638BD02460C4616484FF4D471D2
:10BD7000FBF70CFA054608B3838CFBB91A2C04D8E0
:10BD8000042C16D81224204638BD292C01D03B2C77
:10BD9000F8D12146284601F0D5FF04460028E0D11D
:10BDA00095F93730002BDCDA0146284604F0A8FB71
:10BDB000D7E7054BE340DB07EBD4E3E70C24204651
:10BDC00038BD00BF101F00202000380438B5A0B9CE
:10BDD00002464FF4D4710D48FBF7D8F9054660B11F
:10BDE000838C53B9012101F05BFF044618B995F922
:10BDF0003730002B04DB204638BD0224204638BDF6
:10BE00000146284604F07CFB204638BD101F002068
:10BE100038B598B902464FF4D4710D48FBF7B6F91E
:10BE2000054658B1838C4BB901F052FF044618B94E
:10BE300095F93730002B04DB204638BD022420461C
:10BE400038BD0146284604F05BFB204638BD00BFE4
:10BE5000101F002070B5D8B90D4616464FF4D471A6
:10BE600002461148FBF792F9044688B1838C7BB9EE
:10BE7000D0F840319B060ED52946324601F08EFFA0
:10BE8000054618B994F93730002B07DB284670BDFA
:10BE90000225284670BD1A25284670BD0146204659
:10BEA00004F02EFBF2E700BF101F0020034A044BF2
:10BEB00012881B8802800B80704700BF104600204C
:10BEC0000E460020024A034B108019800020704764
:10BED000104600200E4600204FF0FB0CA0F800C0DA
:10BEE0004FF01B0CA2F800C040F648004FF4A472BB
:10BEF00008801A80704700BFC8B938B50D4614468F
:10BF00004FF4D47102460B48FBF740F9034660B189
:10BF1000808C50B993F87620C2F302022A7093F80D
:10BF20007730C3F30203237038BD022038BD0220EE
:10BF3000704700BF101F0020024A034B1070197099
:10BF400000207047C0460020BF460020F0B583B0F7
:10BF500000BB0F4616464FF4D471024614481D46E6
:10BF6000FBF714F90446A8B1838C9BB9D0F8403193
:10BF7000DB0513D52B46012500953246394601F0E5
:10BF8000B9FE054618B994F93730002B0ADB28466C
:10BF900003B0F0BD0225284603B0F0BD1A2528469F
:10BFA00003B0F0BD0146204604F0AAFAEFE700BF57
:10BFB000101F002068BB10B502460C4616484FF40F
:10BFC000D471FBF7E3F810B3838C03BBC38CB0F8D8
:10BFD0008C21052B0FD801339BB202FB03F30F49D1
:10BFE0004FF4FA7202FB03F3A1FB0313C3F34F33C5
:10BFF0002380002010BD03FB02F2084940F2E24317
:10C0000003FB02F2A1FB0212C2F34F33F0E702205E
:10C0100010BD0220704700BF101F00205917B7D174
:10C0200060BB10B502460C4615484FF4D471FBF7BF
:10C03000ADF808B3838CFBB9C38C42F2107202FBDB
:10C0400004F1052B01F1FF310DD801339BB24FF400
:10C05000FA7202FB03F31944B1FBF3F189B2A0F8C1
:10C060008C11002010BD40F2E24202FB03F31944A0
:10C07000B1FBF3F189B2F2E7022010BD0220704754
:10C08000101F0020FFF70ABD38B51B4800224FF4EF
:10C09000D471FBF77BF8044658B304F11002214633
:10C0A0000520FDF7F3F9054610B110F1780F0BD11B
:10C0B0001249134A0023C4F888300B84A2F8403098
:10C0C000BDE83840FFF7EABC40F24D730D490E4819
:10C0D0000E4A12F0BDF90E482A46002112F0B8F9B6
:10C0E000002383F31188BFF36F8F0323184602DF09
:10C0F000DEE700DED1E700BF101F00209C370020E4
:10C1000058370020EC550500045605003C56050044
:10C1100024560500014B1878704700BFC046002028
:10C12000014B1878704700BFBF4600200B46896856
:10C1300018600A68107828B1916851B90849C2E9B5
:10C14000021370474A6892F82710C90903D100DE2C
:10C15000704700DEF2E703F108011846EDF794BEE0
:10C160006DB903000B68DA889ABB70B50C460646B9
:10C170004FF4D4711848FBF709F8054628B3838CAF
:10C180001BBB01F029FF2268137F03F00303032B7D
:10C1900008D101231371226831462846BDE870405A
:10C1A00001F02EBF53B995F862319B0703D53D23AB
:10C1B00085F8643122680123137170BD95F86231EE
:10C1C0009A07FAD53D2385F86431236801221A7154
:10C1D00070BD01221A717047101F002010B5B0F811
:10C1E00024C004464FF6FF7084450CD0A4F82431D7
:10C1F0002046C4E9471201F0E5FC94F8623113F0DF
:10C20000010002D110BD00DEF0E76FF3000384F8F7
:10C2100062316FF08B0010BDF8B51C4D1C4F95F8C6
:10C22000212006461CE04FF4D4713846FAF7AEFFE1
:10C2300000B3838C6168F3B9E03001F095FA95F8AA
:10C24000212095F820309A4206D00133DBB2042B2E
:10C2500008BF002385F82030013E16F0FF0613D0FA
:10C2600095F8203093420FD035F8332005EBC30406
:10C27000002AD8D061680B796FF301030B714FF678
:10C28000FF70FDF76DF8DAE7F8BD00BF9C370020BE
:10C29000101F00202DE9F041324A1468A0420546E3
:10C2A0000B4604BF00211160808CA5F86E01182296
:10C2B00082B0012185F86C2185F88431284601F08F
:10C2C0008BFC05F1E006284601F09AFC304601F0AF
:10C2D00033FA304601F068FA044638B30379DFF8E0
:10C2E0008C8003F00303032B0CBF03460023036081
:10C2F000404605F17C07FAF71FFFA8B121463A46F0
:10C30000FAF776FF304601F04FFA044670B1037930
:10C3100003F00303032B0CBF0346002303604046D6
:10C32000FAF70AFF0028E9D100DEE7E7AA8C0E4BF6
:10C3300000950532D2B201210020FCF73FFA10F03F
:10C34000FD0F08D14FF6FF73FF20AB8402B0BDE8AC
:10C35000F041FFF761BFFDF74BF88542F2D000DEF8
:10C36000F0E700BFC037002055BA03000C340020AE
:10C3700038B505460120FFF74FFF05F1E00001F059
:10C3800013FAA8B1037903F003030446032B0CBF8F
:10C390002346002307482360FAF7CEFE30B105F1AB
:10C3A0007C022146BDE83840FAF722BF00DEF6E7FE
:10C3B00038BD00BF0C34002041B32DE9F0414D1EC3
:10C3C000DFF84C80EDB200F1E00700F17C0612E0EE
:10C3D000237903F00303032B0CBF234600232360C0
:10C3E000FAF7AAFE80B1013D32462146EDB2FAF7D6
:10C3F000FFFEFF2D06D0384601F0D6F90446404630
:10C40000002CE5D1BDE8F08100DEECE7704700BF0D
:10C410000C3400200149FAF7A5BE00BF0C340020FF
:10C42000014B93F8410070475837002000B50A4B84
:10C4300093F840C093F841E0F4450BD080F800E059
:10C4400033F83C00088003EBCC035B68136018688A
:10C450005DF804FB0020FBE758370020074B93F8FA
:10C4600040C0844508D003EBCC0033F83C300B804F
:10C4700043681360186870470020704758370020E1
:10C48000094A92F8401092F841308B4209D04B1C77
:10C49000DBB2082B08BF002352F8310082F840308D
:10C4A00070470020704700BF5837002000B50D4A84
:10C4B00092F841C092F840E00CF10103DBB2082B86
:10C4C00008BF00239E4509D022F83C0002EBCC0CAB
:10C4D000CCF8041082F841305DF804FB00DE002344
:10C4E0001B80FFDE5837002070B55379144605468F
:10C4F0000E46002B39D0237903F00302032A0CD017
:10C500004FF6FF72954204BF6FF30103237121467A
:10C510002846BDE87040FCF723BF4FF6FF739D42ED
:10C5200006D133689C421AD0002BF0D000DEEEE733
:10C53000EDB917482A464FF4D471FAF727FEE0B157
:10C54000214601F02BFD33689C42EDD110480022BA
:10C550004FF4D471FAF71AFE08B1838C03B10020AE
:10C560002146BDE8704001F0F1BA00DEC3E700DE0D
:10C570000020214601F012FDD3E700DE214601F044
:10C580000DFD3368A342E1D0002BC0D0CEE700BF41
:10C59000101F002090F86620B0F85C30C2F3021241
:10C5A000022A14BFDB089B0890F87E20B0F85800E0
:10C5B00014BF0A3B0B3B9BB2D20644BF043B9BB269
:10C5C000984228BF18467047704700BF90F8623104
:10C5D00043F0020380F86231704700BF90F8623187
:10C5E0006FF3410380F86231704700BFB0F86031EB
:10C5F000B0F82421981880B2704700BF0278038EEB
:10C6000012B1581E80B27047418DB0F824215818DD
:10C61000104480B2704700BF10B50B68C0F83230CC
:10C62000044632300B7903710521FAF771FF94F853
:10C63000373060F3050384F8373010BDB0F8703040
:10C6400040F6480C63454FF4A47028BF634683420C
:10C6500038BF034608801380704700BF00B5B0F8AC
:10C660006020B0F85A1003468A4290F87700B3F879
:10C670005EC028BF0A4600F00700B3F864101B2A0A
:10C6800038BF1B22042814BF4FF4A4704FF4296054
:10C69000614528BF61468142B3F86EC038BF01468C
:10C6A0008C45B3F86A0044D09042A3F86E1001D0D4
:10C6B000A3F86A2093F8D12042F00202012083F807
:10C6C000D120B3F858C0B3F8622093F87610B3F8CD
:10C6D0005CE0624528BF624601F007011B2A38BFB3
:10C6E0001B220429B3F8661014BF4FF4A47C4FF446
:10C6F000296C714528BF71466145B3F86CE038BFBD
:10C7000061468E45B3F868C017D06245A3F86C1037
:10C7100001D0A3F8682093F8D1206FF3410283F889
:10C72000D12093F8D1200120024383F8D1205DF875
:10C7300004FB9042BCD10020C3E76245E9D193F8E5
:10C74000D11041EA510202F0010221F003010A4333
:10C7500083F8D1200028E4D15DF804FBB0F8602014
:10C76000B0F85A1003468A4290F87700B3F85EC0DA
:10C7700028BF0A4600F00700B3F864101B2A38BF30
:10C780001B22042814BF4FF4A4704FF429606145A4
:10C7900028BF61468142B3F86EC038BF01468C4560
:10C7A000B3F86A000DD09042A3F86E1001D0A3F840
:10C7B0006A2093F8D12042F00202012083F8D120B0
:10C7C00070479042F3D10020704700BFB0F862205C
:10C7D000B0F8581003468A4290F87600B3F85CC06F
:10C7E00028BF0A4600F00700B3F866101B2A38BFBE
:10C7F0001B22042814BF4FF4A4704FF42960614534
:10C8000028BF61468142B3F86CC038BF01468C45F1
:10C81000B3F8680014D08242A3F86C1001D0A3F8DA
:10C8200068204FF0010C93F8D1106046C1F340022C
:10C8300042EA0C0221F003010A4383F8D120704739
:10C840008242ECD193F8D110002001F0010CEDE709
:10C8500040F648039A4228BF1A464FF4A47CFB29AD
:10C8600028BFFB216245134638BF6346A0F872100B
:10C87000A0F87020A0F85EC0A0F85C30A0F85810B6
:10C88000704700BF70B504460022A266E266A4F8B5
:10C8900074202D4A2D4812880588FB2A01F00303D5
:10C8A00028BFFB222833C1F34001DB00A4F872202B
:10C8B000A4F858201B22CB40A4F85A2040F6480187
:10C8C0004FF01B128D42226694F8772028BF0D4648
:10C8D000B5F5A47F02F007029EB2A4F8705038BFED
:10C8E0004FF4A475042AA4F85E60A4F86460A4F868
:10C8F0006660A4F85C501ED0B3F5A47F38BF4FF437
:10C90000A47394F8D120A4F86E301B2142F00202E7
:10C91000A4F86A1084F8D1202046FFF757FF94F856
:10C92000D130AE4243F0010384F8D13006D0012368
:10C9300084F8743070BD4FF42963E2E7A36DB3F15E
:10C940001B1FF4D170BD00BF104600200E46002012
:10C9500008B50022D0E91E01FAF754FCB0FA80F0C5
:10C96000400908BDF8B506460C4600F0FBFF054639
:10C9700088B32F1D384602F003FBEB796373294619
:10C98000304601F005F8304603F0FAFAAB68EA6881
:10C99000C4F84720C4F843302B69C6F8AC30A56909
:10C9A0000023A361ADB103232F792B71B38CEB80EE
:10C9B00005F11C01204602F0CBFA2E2F02D00423F1
:10C9C000A372F8BD28682946FCF78AFC0423A372E9
:10C9D000F8BD00DEE7E700DECBE700BF70B5044638
:10C9E0000D4600F0B7FF10B90623AB7270BD04F11D
:10C9F0008F063346002205F13B0105F12B0006F0BE
:10CA000065FBD4F89B10C4F8BC10D4F88F10C4F8A0
:10CA1000B010D4F8A810D4F89320D4F89730C4F804
:10CA2000C91000200021C4E93001C4F8B42094F8F2
:10CA3000C81094F8A720C4F8B830D4F8AC30C4F8C3
:10CA4000CD30002363F3000184F89F3084F8A030D8
:10CA500084F8A13084F8A23084F8A33084F8A4309C
:10CA600084F8A53084F8A63042F0010384F8C81099
:10CA700084F8A7302946204600F074FF0646A8B186
:10CA8000301D02F095FAF3796B733146204600F0C1
:10CA90007FFF204603F074FA4FF4C1636B8194F872
:10CAA0008E3043F0080384F88E3070BD00DEE7E777
:10CAB00070B50C46897A82B005460D2900F22E81A8
:10CAC000DFE801F05F676A9B9F07070C1836393E65
:10CAD0005053002A00F0A78002B070BD002AFBD19D
:10CAE0002146284600F036FF002840F0F180072359
:10CAF000A372F1E7022AEFD1A0690023A361002805
:10CB000000F0298103230371AB8CC380237A052BAA
:10CB100000F00981062B00F0038100DE2146284643
:10CB200000F018FF002840F0AA800923A372D3E781
:10CB3000002AD1D1F2E7002ACED10B23A372CBE792
:10CB4000072AC9D12846012100F026FF2846FFF711
:10CB50003DFD2146284600F0FDFE002871D10C2342
:10CB6000A372B9E7002AB7D1F3E7082AB4D140F29B
:10CB70000233638195F88E306FF3041385F88E309D
:10CB8000AAE7002AA8D1237A062BD6D00223A372C3
:10CB9000A2E7002AFAD09FE7012A9DD11146284634
:10CBA000019300F0F9FE2846FFF710FD284601F03A
:10CBB00041FF019B5A689968C4F82510C4F82120E8
:10CBC0001A7B84F829205A7B84F82A20D3F80E2077
:10CBD000D3F81210C4F83F10C4F83B20D3F8163035
:10CBE000C5F8A8302146284600F0B4FE10BB204608
:10CBF00000F0F2FE0323A3726EE7002A7FF46CAF0D
:10CC0000F0E7032A0CD0042A7FF466AF062140F235
:10CC10000362072384F82010A4F84D20A3725BE779
:10CC20000523A37258E72146284602B0BDE87040AC
:10CC3000FFF7D4BE2146284602B0BDE87040FFF79A
:10CC400091BE2146284600F08DFE0646002800F0E1
:10CC50008480301D02F0C0F9F379637331462846B1
:10CC600000F096FE284603F08BF940F60D33638101
:10CC700095F88E306FF3C30385F88E302CE721468C
:10CC8000284600F06FFE0646002868D0301D02F0EE
:10CC900099F9F37963733146284600F079FE284606
:10CCA00003F06EF9284603F0EFFA0023A372012186
:10CCB000284600F085FE2846FFF790FC284601F044
:10CCC000BDFE95F88E3043F0100385F88E3003E7F3
:10CCD0002146284600F046FE0646002841D095F839
:10CCE000303194F84E10301D1BB1D5F840315B0740
:10CCF0001DD402F07BF9F37963733146284600F0C6
:10CD000047FE284603F03CF9284603F0BDFA94F8A4
:10CD10002030062B11D0242B3FF4DEAE00DEDBE604
:10CD20001A230371FAE61C3002F04CF9F6E60A46C3
:10CD300094F84D1002F066F9DDE70121A172284652
:10CD400000F03EFE2846FFF749FC284602B0BDE849
:10CD5000704001F073BE00DED4E600DE79E700DE4D
:10CD600094E700DEBBE700BF92F81FC0ACF1030CF4
:10CD700002F11C03BCF1080F06D8DFE80CF0120525
:10CD8000050F0505050C09003D2380F86431704747
:10CD90000822FFF78DBE0722FFF78ABE0222FFF7A7
:10CDA00087BE0122FFF784BE8B7A042B04D002D900
:10CDB000053B082B03D8704705238B72704700DEB4
:10CDC000F9E700BF8B7A042B04D002D9053B082B6E
:10CDD0000AD87047062040F20362072381F820003A
:10CDE000A1F84D208B72704700DEF2E7887AA0F13F
:10CDF0000400B0FA80F04009704700BF13460022DB
:10CE0000FFF756BE70B591F82C3091F82D20042B09
:10CE10000C4603D8032B01D0042A0DD9134311214A
:10CE200013F0070384F828104FF001050CD184F8A3
:10CE300028300125284670BD032A0DD0134313F076
:10CE400007034FF00005F2D0668DFFF7D7FB801B7C
:10CE50000304EFD42823EAE7112381F828300125C1
:10CE6000F2E700BFF0B50E4683B00DF1060201A94E
:10CE7000B0F86C50B0F86E700446FFF7DFFB96F820
:10CE80002D20002A5CD196F82C30FBB9B4F86C3018
:10CE9000AB420ED3BDF806209A420AD3B4F86E30E6
:10CEA000BB4206D3BDF804209A4202D3002003B04F
:10CEB000F0BD94F8D130A4F86C5043F00103012088
:10CEC000A4F86E7084F8D13003B0F0BD94F9370047
:10CED00000281DDB94F8761094F8685001F00303E5
:10CEE0002B440D33DB00C1F34001CB409BB2BDF8B6
:10CEF0000650B3F5A47F38BF4FF4A4739D4228BFFA
:10CF00001D4632B3002803DA96F82C30002BBDD032
:10CF100094F8772094F86A10BDF8047002F00303C7
:10CF20000B440D33DB00C2F34002D3409BB2B3F598
:10CF3000A47F38BF4FF4A4739F4228BF1F46A5E7C4
:10CF400094F937000028C5DB96F82C30002BDFD091
:10CF5000C0E796F82C30002B98D0002896DAD7E757
:10CF600010B50C4689690023A36131B394F82130D0
:10CF7000DB071DD50B792E2B1DD11D230B71838C47
:10CF8000CB8094F828300B7790F87730C3F3020306
:10CF90008B7790F87630C3F302034B770868FCF781
:10CFA0009FF994F821306FF3000384F8213010BD0D
:10CFB00001230B71F2E700DEDFE700DED6E700BFFA
:10CFC00038B591F821304D6A9B070C4603D4BDB1AA
:10CFD00001232B7108E0A5B103232B71838CEB8017
:10CFE00005F11C0102F05EF928682946FCF778F982
:10CFF00094F8213000226FF3410384F821306262FB
:10D0000038BD00DEE8E700BF70B50C46054600F00D
:10D01000BDFC6062C0B1637BE66966610022172BCC
:10D02000E26109D000DE2846314600F0B1FC284616
:10D03000BDE8704002F0A4BF311D284602F01CF884
:10D0400041F603036381EEE700DEE4E770B5CB69E8
:10D050000C460646002B4CD0637B162B2ED196F93E
:10D060003730002B2ADBE56965610023E36194F822
:10D07000203096F89C21C3F3C20363F3C50286F8FF
:10D080009C2194F8202096F89C3162F3020386F8E4
:10D090009C3194F8203096F87620C3F3801363F324
:10D0A000C302291D86F87620204601F0C1FF022127
:10D0B000304600F071FC0223A37211E000F05EFC28
:10D0C00010B90723A37270BD00F060FC606290B1DC
:10D0D000637BE56965610022162BE261C7D000DE43
:10D0E0003046294600F054FC3046BDE8704001F05F
:10D0F000A9BC00DEB0E700DEEAE700BF38B50546B0
:10D100000C4601F08FFC10B10123A37238BD2846F4
:10D1100002F024FF0028F7D12146284600F01AFC2F
:10D120000028F1D0284602F017FF0728ECD0284647
:10D13000012102F00BFF28460D2102F00BFF162300
:10D1400021466373284600F00DFCE0612146284625
:10D15000BDE83840FFF77ABF38B505460C4602F007
:10D1600007FF10B10223A37238BD2146284600F004
:10D17000F1FB0028F6D0284602F0EEFE0728F1D099
:10D180000D21284602F0E6FE172363732146284648
:10D1900000F0E8FBE06158B100F0F0FB10B90723A4
:10D1A000A37238BD21462846BDE83840FFF72CBFA2
:10D1B00000DEF1E770B50C46897A82B00646154666
:10D1C000092906D8DFE801F0080D474A05056F86F2
:10D1D00093C100DE02B070BD002DFBD10123A3720C
:10D1E000F8E71946204601F039FF94F8202096F818
:10D1F0009C31C2F3C200C3F3C2010140C3F3020376
:10D20000C2F30200034043EAC10322F03F0213438A
:10D2100084F8203096F93730002B0BDB94F820305F
:10D2200013F0380F40F0A58094F8203023F03F032E
:10D2300084F820300221304600F0AEFB012DC9D128
:10D2400096F83730DB09C4D02146304602B0BDE83D
:10D250007040FFF781BF002DBCD1F5E7022DB9D199
:10D2600090F93730002B80F2BD80614B96F8762024
:10D2700093E8030094F82030134302AD03F0070352
:10D2800005E9030008336B44022113F8083C3046DB
:10D2900063F30612062386F87620A37202B0BDE877
:10D2A000704000F08DBB032D94D11946204601F04B
:10D2B000F9FE21463046FFF7A5FD0546204600F061
:10D2C0008BFB002D60D094F82830282B32D186F8C3
:10D2D00064312FE0002D7FF47DAFE369002B75D022
:10D2E00000F04CFB002848D10723A37272E7002D01
:10D2F0007FF470AFFFF77AF9638DC01A03043FF52E
:10D3000069AF84F8285096F9375096F8760096F869
:10D31000773094F82C2094F82D10002D00F0070E93
:10D3200003F0070C36DB002294F8213062F300038F
:10D3300084F8213096F87630C3F3020262F30613C4
:10D34000092286F87630A27244E7042D7FF442AFBA
:10D350002146FFF705FE21463046FFF731FE3046F5
:10D3600002F092FF0021304602F0F4FD0023A37288
:10D3700030E75A077FF45EAF56E72146304602B0E9
:10D38000BDE87040FFF740BE304602F0FFFD0823C5
:10D39000A3721FE711F003011AD061F3020012F02B
:10D3A000030286F876001FD062F302038E4586F8EA
:10D3B000773014D021463046FFF754FD94F82130E1
:10D3C00060F34103012284F82130ADE700DE87E7F6
:10D3D00012F00302A7D062F3020386F877306245A9
:10D3E000E8D1A0E700DE40E78E45E3D19BE700BF30
:10D3F000CC4D050070B5D37F112B05460C4602F1CC
:10D400001C060BD0182B3AD0072B10D0242380F801
:10D41000643101F0BDFB0023A37270BD8B7A062B33
:10D4200059D088BF073B022BF7D900DE70BD8B7A3D
:10D43000062BF6D1002102F089FDD5F840311A22E1
:10D4400023F48073C5F84031204684F8282000F08A
:10D45000C3FA94F8213043F0010384F8213095F8A1
:10D460007630C3F3020262F30613092285F87630A0
:10D47000A27228460221BDE8704000F0A1BA8B7A62
:10D48000062BCED190F93730002B4EDA02212846F8
:10D4900002F05CFD3146204601F004FE214628469C
:10D4A000FFF7B0FC0646204600F096FA0EBB94F853
:10D4B0002D302BB195F8762063F3061285F876208F
:10D4C000284601F0C9FA0823A37228460221BDE8C4
:10D4D000704000F075BA3146204601F0A1FD94F885
:10D4E0004E3084F828302846002102F02FFD2046D7
:10D4F000ADE70021284602F029FD94F828300BB151
:10D5000085F8643194F8203094F82120DB0963F326
:10D51000000284F8212095F87630C3F3020262F30A
:10D52000061385F876300923CEE700DEAEE700BFAC
:10D5300070B58B7A0C460546092B06D8DFE803F058
:10D54000070706050505060B0F0600DE70BDBDE8E2
:10D550007040FFF7D3BDBDE87040FFF777BDFFF720
:10D5600045F8638DC01A0304F0D495F937C095F8D7
:10D57000760095F8773094F82C2094F82D10BCF1B3
:10D58000000F00F0070603F0070E1ADB0021284603
:10D5900002F0DCFC94F82030002284F82820DB091B
:10D5A00094F8212063F3000284F8212095F8763066
:10D5B000C3F3020262F30613092285F87630A272E1
:10D5C00070BD11F003011FD061F3020012F00302DD
:10D5D00085F8760022D062F302038E4285F8773018
:10D5E00019D021462846FFF73DFC94F8213060F31E
:10D5F000410384F821300021284602F0A7FC0023D3
:10D6000084F828300123CBE712F00302BED062F386
:10D61000020385F877309645E3D1B7E78E42E0D133
:10D62000B4E700BF8B7A022B04D002D9063B032B50
:10D6300006D870470A4690F83710C909844601D1C8
:10D6400000DE704730B590F8764092F820E00F4940
:10D6500044EA0E0E0EF0070E83B00EF108000DEB3B
:10D66000000E03C902AD05E9030019461EF8083C87
:10D67000604663F3061441F606038CF87640538146
:10D6800003B0BDE8304000F09BB900BFCC4D0500B1
:10D6900038B58B7A082B04D8033B022B00D800DE68
:10D6A00038BD092BFBD105460C46FFF759FC214636
:10D6B0002846FFF785FC284601F06AFA0021284633
:10D6C00002F048FC0023A37238BD00BF10B592F8E9
:10D6D0001FE0BEF1160F02F11C030BD0BEF1180FB4
:10D6E0000DD024230C4680F8643102F0CDFD0023D8
:10D6F000A37210BDBDE810400122FFF75BBDBDE87D
:10D7000010400322FFF756BD13460022FFF752BD1B
:10D7100013460222FFF74EBD00230422FFF74ABD45
:10D720000023037043608360C3600361704700BFE0
:10D73000037801330370704703785BB9C3687BB12A
:10D7400002691AB1816861B10B6082600023C36015
:10D7500003617047013BDBB20370002BEED07047D2
:10D7600070474360F1E700BF03783BB100230C3002
:10D770000B60436843B11960416070470023043077
:10D780000B604368002BF6D101604160704700BF19
:10D7900000230B60836813B119608160704741609A
:10D7A00081607047406870470346406828B19968B7
:10D7B00002685A60884208BF9A6070474078A0F1BA
:10D7C0000C00B0FA80F04009704700BF4078A0F12B
:10D7D0000800B0FA80F04009704700BF4078A0F11F
:10D7E0000200B0FA80F04009704700BF4078A0F115
:10D7F0001700B0FA80F04009704700BF4078A0F1F0
:10D800000100B0FA80F04009704700BF4078A0F1F5
:10D810000900B0FA80F04009704700BF4078A0F1DD
:10D820000600B0FA80F04009704700BF4078A0F1D0
:10D830001800B0FA80F04009704700BF4078A0F1AE
:10D840000300B0FA80F04009704700BF4078A0F1B3
:10D850000500B0FA80F04009704700BFF8B50646F1
:10D8600008460D46F9F768FC044680B1002745607C
:10D870000672476187612C22394620300DF06CFD1D
:10D880004FF47F43FF2262726381A381A773204616
:10D89000F8BD00BF4078A0F10200B0FA80F0400966
:10D8A000704700BF4078A0F10200B0FA80F0400954
:10D8B000704700BF4078A0F10100B0FA80F0400945
:10D8C000704700BF4078A0F10200B0FA80F0400934
:10D8D000704700BF4078A0F11800B0FA80F040090E
:10D8E000704700BF4078A0F10100B0FA80F0400915
:10D8F000704700BF4078A0F10100B0FA80F0400905
:10D90000704700BF4078A0F10900B0FA80F04009EC
:10D91000704700BF4078A0F10900B0FA80F04009DC
:10D92000704700BF4078A0F10300B0FA80F04009D2
:10D93000704700BF4078A0F10300B0FA80F04009C2
:10D94000704700BF416809B1F9F70CBC00DE4168BF
:10D95000F9F708BC024B1868003818BF012070475F
:10D960001C0C002010B50448F9F7E6FB044604300F
:10D97000FEF72AFE204610BD1C0C002008B5012031
:10D98000FBF7C2FC003818BF012008BDFBF7D6BC6E
:10D99000E030FFF7FDBE00BF38B590F856310546C0
:10D9A0000C461BB11C4385F8564138BDE030FFF7EB
:10D9B000BFFE95F856311C4385F8564138BD00BF6F
:10D9C00090F8563123EA010180F8561101B17047F1
:10D9D000E030FFF7B1BE00BF836943B11A792E2A48
:10D9E00004D02E221A71836902691A60704700DE22
:10D9F0008369F3E783694BB11A792E2A00D0704707
:10DA000001221A7181690868FBF76ABC00DE83692C
:10DA1000F2E700BF8B6913B11A792E2A0BD00B7A6B
:10DA2000072B15D0CB692BB1D0F85C211A60CB69DC
:10DA3000C0F85C3170471B68D0F858215A608B6978
:10DA400001221A718B69C0F858310B7A072BE9D182
:10DA50004B6A002BE6D01B68D0F858215A604B6AFD
:10DA600001221A714B6AC0F85831DBE7F8B50D4F47
:10DA700005463846F9F760FB044680B1002647604A
:10DA80000572466186612C22314620300DF064FC1F
:10DA90004FF47F43FF2262726381A381A673204605
:10DAA000F8BD00BF0C0C002010B50A4B06225868C8
:10DAB0005021F9F71BFB084B012258685021F9F758
:10DAC00015FB064BBDE81040586804222C21F9F7DD
:10DAD0000DBB00BF140C00200C0C00201C0C0020FF
:10DAE00038B50446002501F027F82046C4E93E5524
:10DAF00084F8045102F0AAFBC4F82851C4E9425545
:10DB000084F81651A4F81451A4F81851C4F82B51F4
:10DB1000A4F84851C4F83051C4F83451C4F838510D
:10DB2000C4F83C51C4F84051C4F84451FAF7D2FE4D
:10DB300094F88E3084F85651C4E95001C4E9565522
:10DB400023F0180384F88E30258638BD0846014935
:10DB5000F9F708BB1C0C002010B5B0F8024182B0E8
:10DB6000034624B1A1420FD2641AA0F80241B3F8CF
:10DB7000120120B181420FD2401AA3F812010023F2
:10DB80001846137002B010BD019200F0FDFE019A1C
:10DB900058B1037A0A2B03D022236FF07300F0E709
:10DBA00090F820306FF07300EBE700DEF1E700BF84
:10DBB000034B0B44B3FBF1F3A0F81831704700BFDF
:10DBC000FF59620210B5044602F048FB2046BDE84A
:10DBD000104000F0B9BF00BF10B5044611B10129D3
:10DBE00007D010BD02F070FB2046BDE8104000F0E9
:10DBF000F3BF02F07DFB2046BDE8104000F0FABF05
:10DC000070B5D0F85841064634B1206821464468C2
:10DC1000FBF75AFB002CF8D1D6F85C410023C6F87C
:10DC200058313CB1054D204624682946F9F79AFA47
:10DC3000002CF8D10023C6F85C3170BD1C0C00200C
:10DC400090F93730002B14DA70B504460E460320E5
:10DC500009491546FFF702FE014640B180F82060F1
:10DC600080F82150204600F05BFE002070BD0C20A3
:10DC700070BD0C20704700BF140C002010B5074980
:10DC800004460120FFF7EAFD28B10146204600F0D6
:10DC900047FE002010BD0C2010BD00BF140C00205A
:10DCA00038B504460D4602200849FFF7D7FD58B1A4
:10DCB00090F8203065F30003014680F820302046BC
:10DCC00000F02EFE002038BD0C2038BD140C0020C2
:10DCD00010B5074904460420FFF7C0FD28B10146EE
:10DCE000204600F01DFE002010BD0C2010BD00BF1E
:10DCF000140C00202DE9F041054688460720104904
:10DD00009DF8186017461C46FFF7A8FDA8B1E30070
:10DD100008F0070803F03803BF0143EA080307F0DF
:10DD200040073B4343EAC613014680F820302846AB
:10DD300000F0F6FD0020BDE8F0810C20BDE8F08188
:10DD4000140C002038B504460D4600F097FF20461D
:10DD500002F062FB07490A20FFF780FD38B1014657
:10DD600080F82050204600F0DBFD002038BD0C205C
:10DD700038BD00BF140C002008B590F93730002BD7
:10DD800008DB00F001FE20B1037A0B2B0CBF223020
:10DD9000002008BD02F0E8F8F5E700BFF8B5D0F8BC
:10DDA00040319B0601D40020F8BD04460D460C20EE
:10DDB00008491646FFF752FD074648B12946204656
:10DDC0003246FEF745FD3946204600F0A9FDEAE758
:10DDD0000C20F8BD140C002070B506460D4602F06C
:10DDE000C3F820B1037A053B012B044601D90C206E
:10DDF00070BD01463046FEF7F9FF0028F7D02968CC
:10DE00006A68AB68ED68C4F837503046C4F82B1028
:10DE1000C4F82F20C4F833302146FEF7C5FF002098
:10DE200070BD00BF38B5054602F09EF820B1037AF8
:10DE3000053B012B044601D90C2038BD014628467C
:10DE4000FEF7D4FF0028F7D028462146FEF7BAFF98
:10DE5000002038BD2DE9F8430546D0F84001BDF853
:10DE600020801E4683070F46914617D495F9373018
:10DE7000002B1FDB2A490820FFF7F0FC0446002C8A
:10DE800042D0237A082B0FD0092B16D000DE28466B
:10DE9000214600F045FD0020BDE8F8832049092017
:10DEA000FFF7DCFC0446EAE7A4F828906685A4F8AE
:10DEB0002C80ECE71A20BDE8F883099BE784A4F8DE
:10DEC00028906685A4F82C8003B31B882387099BC0
:10DED0005B886387099B9B88A387099BDB88E38713
:10DEE000099B1B89A4F84030099B5B89A4F8423048
:10DEF00095F93730002BCADA2846FDF74BFE01466C
:10DF0000284602F0FDFAC2E70C20C5E7054A4FF0AB
:10DF1000FF33C4E90E23A4F840304FF6FF73E5E762
:10DF2000140C00200000FFFF08B502F01DF828B116
:10DF3000007AA0F10C00B0FA80F0400908BD00BFE3
:10DF400010B5044602F010F810B1037A092B00D086
:10DF500010BD01462046BDE8104001F0CBBE00BF19
:10DF600038B504460D4601F0FFFF10B1037A092BC6
:10DF700000D038BD80F8205001462046BDE838402A
:10DF800001F0BCBE08B501F0EFFF28B1007AA0F1A6
:10DF90000900B0FA80F0400908BD00BF38B5054659
:10DFA0000C4600F0F1FC10B14369A3420ED02846A4
:10DFB00001F0DAFF10B14369A34200D038BD224618
:10DFC00001462846BDE8384002F0DEB80146224648
:10DFD000284600F07BFDEAE710B5044600F0D4FCCB
:10DFE00018B10146204600F095FD204601F0BCFF27
:10DFF000014620B12046BDE8104002F0F9B810BD3E
:10E000002DE9F041537F144605460E46002B3FD0C4
:10E01000D37F1E2B29D9284600F0B6FC0746284698
:10E0200001F0A2FF0146002F5ED0FA7AE37F0028BC
:10E0300048D09342C07A51D03A7B002A5DD09842B2
:10E040004ED00A7B002A4BD1072B6DD0112B04D167
:10E050004A7B94F820309A4242D0234632463946D1
:10E060002846BDE8F04100F0FBBC444A52F82320AA
:10E0700022B104F11C00904760B1E37F022BCAD1AA
:10E080000123224631462846BDE8F04102F04CB952
:10E09000FF23D377284600F077FC28B1E27FC37ACC
:10E0A0009A420DD0037B5BB9284601F05DFF002842
:10E0B00050D0E27FC37A9A4202D0037B002BE0D09B
:10E0C000BDE8F0819342C8D03A7B002AC5D1072B26
:10E0D0004DD0112B4BD00D2BBFD0D1E798421CD186
:10E0E0001F2385F86431EBE70028C9D02346324668
:10E0F0002846BDE8F04101F0E3BF072B2CD0112BDF
:10E1000018D0B3F10D0218BF012298421FD00B7B2B
:10E11000EBB9002AA1D02423E3E70A7B002ADFD150
:10E12000072B95D0112B98D14B7B94F820209A4245
:10E13000D6D092E77A7B94F82030D21A18BF012209
:10E14000112804D0087B10B9487B9842E1D1002AFD
:10E15000CCD1C5E7034694E77A7B94F82030D21AF5
:10E1600018BF01220728EDD1002ABFD1B8E77A7B7A
:10E1700094F820309A4283D16FE700BF9056050093
:10E18000F8B58D6900270C4606468F6175B30127E7
:10E1900003232B71B38CEB80237A042B05F11C0134
:10E1A00019D00C2B13D0022B08D000DE07B1F8BD1C
:10E1B00028682946BDE8F840FBF792B8637A072B38
:10E1C00010D0092BF1D1304600F0F0FDEEE73046DB
:10E1D00001F068F8EAE7637A0C2BE6D1304600F0EC
:10E1E00091FEE3E7204600F08DFDDFE7FFF7CEFB71
:10E1F00005460028CCD100DE0071FFDE70B5064672
:10E200000C46FFF7AFFB0546002855D0237A013BAB
:10E21000291D0B2B07D8DFE803F0151B2128060664
:10E220000606062E063500DEEB7963732946304676
:10E23000FFF7AEFB237A0A2B2AD03046BDE87040A8
:10E2400000F000BC084600F037FD1323E372EBE753
:10E25000304600F065FD0923E372E5E7204600F053
:10E260001DFEFF236561E372DEE7084600F038FE1D
:10E270000C23E372D8E7204600F022FEFF236561FD
:10E28000E372D1E7304600F0DDFF1523E372CBE700
:10E29000F38CB6F8921140F2E24202FB03F342F231
:10E2A000107202FB013101393046B1FBF3F1BDE8D8
:10E2B000704089B200F0CCBB00DEA7E72DE9F04149
:10E2C00007460C46164601F053FE28B10323A372FD
:10E2D00000252846BDE8F08121463846FFF73AFB85
:10E2E00005460028F2D021463846FFF73BFB804622
:10E2F00000283CD0237A013B08F104010B2B07D8FE
:10E30000DFE803F01B210627060606060606062D93
:10E3100000DE98F80730637341463846FFF738FB54
:10E32000384601F02DFE0423A372002ED1D03846CA
:10E3300001F0AAFF0023A372CBE7084600F0C6FC59
:10E34000FF23E372E5E7384600F00EFDFF23E3729A
:10E35000DFE7084600F0C4FDFF23E372D9E7384643
:10E3600000F088FFFF23C4F81480E372D1E700DED9
:10E37000C0E700BF38B50B7A013B0C4605460B2BB6
:10E380000CD8DFE803F006060B1B0B0B0B0B0B0D79
:10E390000B16BDE838400122FFF790BF00DE38BD04
:10E3A00001F072FF94F820300022A27285F86431E7
:10E3B00038BDBDE838400022FFF780BF90F8283113
:10E3C00043B90122FFF77AFF0028E8D0012385F83E
:10E3D000283138BD01F058FF0023A37238BD00BFBB
:10E3E00038B50B7A013B0C4605460B2B15D8DFE8F8
:10E3F00003F006160E24141414141433143B4B7A31
:10E40000072B04D0132B02D0242385F8643128462F
:10E4100000F0BEFB0023A37238BD00DE38BD4B7A8E
:10E42000072B01D0092BEFD194F82030DB07EED574
:10E4300021462846FFF7A4FEE9E74B7A0C2BE3D1EF
:10E440008B6993B321462846FFF79AFE284600F0D1
:10E450009FFB0023A37238BD00F09AFB0022162315
:10E46000A27285F8643138BD4B7A152B16D0072B74
:10E47000CAD1D0F8403123F02003C0F8403100F079
:10E4800087FB0023A3722846FFF74EFD0028C3D167
:10E4900028460421BDE83840FFF792BAFEF7DEF8BF
:10E4A00068B9284600F074FBEBE7FFF767FA00282D
:10E4B000C8D1284600F0C6FA0423A37238BD21460D
:10E4C0002846FFF75DFEECE770B50E7A731E0C462A
:10E4D00005460B2B07D8DFE803F0080F23370606A5
:10E4E00006060653066100DE70BD00F09BFA0028A8
:10E4F0007FD00123A37270BD00F094FA0028F8D1F8
:10E5000021462846FFF726FA0028F2D02146284661
:10E51000FFF774FE6369002B08BF0326A67270BD67
:10E5200000F080FA0028E4D121462846FFF712FACD
:10E530000028DED021462846FFF760FE6369002BE5
:10E5400018BF0226A67270BD90F828319BBB00F060
:10E5500069FA0028CDD121462846FFF7FBF90028AB
:10E56000C7D021462846FFF749FE6269002A4FF0CE
:10E5700001030CBF03220222A27285F8283170BD6C
:10E58000FFF7E8F90028B4D021462846FFF736FE09
:10E590001622022384F82020A37270BDD0F84031E7
:10E5A0009B0602D5FFF7C0FC68B1284600F0F0FAE0
:10E5B0000023A37270BD0C2200234A728B61BDE858
:10E5C0007040FFF70DBF284600F02CFA002890D1CC
:10E5D00021462846FFF7BEF900288AD004212846A4
:10E5E000FFF7DAF921462846FFF708FE0323A37256
:10E5F00070BD21462846FFF7ADF900283FF479AFFA
:10E6000021462846FFF7FAFD6369002B0CBF032360
:10E610000223A37270BD00BF8B7A022B04D002D9F3
:10E62000033B012B07D870470B7A032B01D00A2B31
:10E63000F9D1FFF7D5BE00DE704700BF38B58B7A41
:10E64000032B05D001D9042B00D138BD00DE38BD25
:10E650000546D07F0C46831E02F11C016072172B09
:10E660000DD8DFE803F00C0C0C0C0C1F0C1B0C0C71
:10E67000170D0C0C0C130C0D0C230C0C0C0D00DEE8
:10E6800021462846BDE83840FFF7AABE204600F0E4
:10E69000C7FCF5E7284600F04BFCF1E7284600F000
:10E6A000D1FBEDE7204600F029FBE9E7284600F022
:10E6B00039FEE5E738B58B7A032B05D8012B0AD84C
:10E6C000BDE83840FFF700BF042B03D10B7A042BC1
:10E6D0000C4601D000DE38BD0546FFF74FF9002893
:10E6E000F9D021462846FFF74BFD284600F050FAA6
:10E6F0000023A37238BD00BF38B58B7A012B06D03A
:10E7000002D9023B022B00D838BD00DE38BD0546D9
:10E71000D07F0C46831E02F11C016072122B20D8A0
:10E72000DFE803F0291F1F1F1F1F251F1F1F211FA9
:10E730001F1F1F1F191F0A00284600F0CBFD0421D0
:10E740002846FFF729F92846FEF708F884F8200044
:10E750002046FFF741F921462846BDE83840FFF73B
:10E7600009BE00DEF7E7284600F0E2FBF3E72846A3
:10E7700000F03AFBEFE7204600F0AEFB0821284608
:10E78000FFF70AF9E7E700BFF8B58D7A032D00D847
:10E79000F8BD042D23D10B7A0C2B0C46F8D106467C
:10E7A000FEF714F894F82030294640EA0305304675
:10E7B000FFF706F9A7690023EDB2A36107B33B7920
:10E7C0002E2B0ED17DB901233B7138683946FAF7FB
:10E7D00087FD304601F058FD0023A372F8BD00DE2E
:10E7E000F8BD00DEEEE703233B71B38CFB80237A98
:10E7F0000C2B07F11C0105D1304600F053FDE4E776
:10E8000000DEDCE700DEF7E738B58B7A0C4605461C
:10E81000042B1AD8DFE803F0140F03100F000B7A53
:10E820000A2B10D1284601F02FFD94F82030002249
:10E83000A27285F8643138BDBDE83840FFF79ABD53
:10E8400001238B7238BD00DEECE700DE38BD00BF6F
:10E8500070B5044604F07EFB68B1D4F8F85045B1B9
:10E86000D4F8FC202B68C4F8F830954208BFC4F8EF
:10E87000FC30284670BD05460121032004F030FB22
:10E880002A46064601210320F8F7F4FCD4F8F85094
:10E8900045B1D4F8FC202B68C4F8F830954208BF85
:10E8A000C4F8FC30002EE4D0012211460320F8F712
:10E8B000E1FC284670BD00BFF8B506460C4604F0E2
:10E8C00049FB68B1D6F8F850AC421FD1A3690BBB25
:10E8D0003046FFF7BDFF2046BDE8F840FFF732B8ED
:10E8E00005460121032004F0FBFA2A4607460121D0
:10E8F0000320F8F7BFFCD6F8F850002FE4D001222F
:10E9000011460320F8F7B6FCAC42DFD000DEA36965
:10E91000002BDDD01B792E2BDAD100DED8E700BF2B
:10E92000F8B505460C4604F015FB40B10023236002
:10E93000D5F8FC30F3B11C60C5F8FC40F8BD0646C4
:10E940000121032004F0CCFA3246074601210320BE
:10E95000F8F790FC2660D5F8FC3083B11C60C5F850
:10E96000FC40002FEAD00122BDE8F8401146032008
:10E97000F8F780BCC5F8F840C5F8FC40F8BDC5F80C
:10E98000F840C5F8FC40ECE770B5054604F0E2FA43
:10E9900018B1D5F8F840204670BD04460121032087
:10E9A00004F09EFA2246064601210320F8F762FC95
:10E9B000D5F8F840002EEED0012211460320F8F7DA
:10E9C00059FC204670BD00BF38B50546FFF7DCFF97
:10E9D000037A013B04460B2B1BD8DFE803F0060645
:10E9E00006061A1A1C1414061A06014600222846A6
:10E9F000FFF760FEA37B03B938BD21462846BDE87A
:10EA00003840FFF759BF01460022284601F044F97B
:10EA1000F0E700DEEEE7014600222846FEF788FD1B
:10EA2000E8E700BF90F80401A0F10100B0FA80F01F
:10EA300040097047012380F804317047002380F8B3
:10EA400004317047B0F81831A0F80231704700BFA8
:10EA5000A0F80211704700BF0023A0F802317047F0
:10EA600038B50C468969054610461A46F9B1217A2F
:10EA700001390B2923D8DFE801F006060606222219
:10EA8000241D1D06220621462846FFF7D7FDA3694F
:10EA900023B11B792E2B1CBF0023A361A37B03B9D9
:10EAA00038BD21462846BDE83840FFF705BFA361C1
:10EAB0002061DCE72146284601F098F8E7E700DE10
:10EAC000E5E721462846FEF795FCE0E738B50B7AE6
:10EAD000033B0C460546092B09D8DFE803F005087F
:10EAE00008080D08080508052146FFF795FDA37BDA
:10EAF0000022626143B938BD2146FEF793FDA37B36
:10EB000000226261002BF6D021462846BDE838403D
:10EB1000FFF7D2BE38B50B7A072B0C46054608D056
:10EB2000A37B03B938BD21462846BDE83840FFF72E
:10EB3000C3BEFEF7ADFDF3E70222002380F80021FB
:10EB4000A0F80231704700BF38B590F80031044694
:10EB5000032B1AD8DFE803F002100F10FFF714FFA1
:10EB600048B1057A2046FFF72FFF0A2D14BF012375
:10EB7000032384F8003138BDFFF706FF0028FAD0E0
:10EB80002046BDE83840FFF71FBF00DE38BD00BF9C
:10EB900010B590F800310446032B1BD8DFE803F0D2
:10EBA0000D020C02FFF7F0FE90B100230122A4F841
:10EBB0000231827384F8003110BDFFF7E5FE28B101
:10EBC00000220123A4F80221837310BD00DEF7E7C1
:10EBD00000DEEAE700DE10BD90F80031022B03D022
:10EBE00001D9032B04D17047002380F8003170470E
:10EBF00000DE704738B590F800310446032B3AD850
:10EC0000DFE803F00926121320462946FEF702FF2B
:10EC10002846FEF797FE2046FFF71AFE0546002815
:10EC2000F2D1022384F8003138BDFFF711FE05460A
:10EC30000028F6D029462046FEF7ECFE2846FEF7CF
:10EC400081FE2046FFF704FE05460028F2D1E8E7E2
:10EC5000FFF7FEFD05460028E3D029462046FEF7D3
:10EC6000D9FE2846FEF76EFE2046FFF7F1FD054669
:10EC70000028F2D1D5E700DE38BD00BF38B5054623
:10EC8000FFF7E6FD68B1044621462846FEF7C2FEBE
:10EC90002046FEF757FE2846FFF7DAFD0446002817
:10ECA000F2D10024A5F802412146284601F04EF990
:10ECB00085F8004138BD00BF03780121122243F0DE
:10ECC000030303704170C270704700BF03780121D5
:10ECD000132243F0030303704170C270704700BFFA
:10ECE0000B784FF0020C43F0030307220B7081F8FE
:10ECF00001C0CA7090F84C300B7170470B7980F8E6
:10ED00004C3070470B784FF0020C43F0030307229E
:10ED10000B7081F801C0CA7090F84C300B717047CD
:10ED200010B50B780C460922082143F00303E1706B
:10ED30006270237090F93730002BACBF0B460E2366
:10ED4000E370F9F7C7FD002261F30702C1F3072C56
:10ED50000B0C6CF30F2263F317421B0A63F31F6261
:10ED60006060A26010BD00BF38B50C460546F9F7DB
:10ED7000B1FD237843F00303237009236370E3702C
:10ED8000D5F84031217263F0FF031840020C0B0CE0
:10ED9000C0F307252071C1F30721100AA2711A0AD6
:10EDA000E07165716172A372E27238BD0B7809225D
:10EDB00043F003030B704A70CA70D0E94E23100C65
:10EDC000C2F3072C0A711A0C81F805C088714FEA4A
:10EDD000102C0B72C3F30720130A81F807C0487286
:10EDE0008A72CB72704700BF2DE9F0414B68144F17
:10EDF0008E685A0F82EA137202F001021F4000214E
:10EE0000931849419B18054641F1000887EA0374AD
:10EE1000F9F760FD04EA0003C5F8403163F0FF0331
:10EE200006F0EF063B4046EA0878C5E94E3608EAA8
:10EE300001010122C5F8441185F83021BDE8F081B7
:10EE40002FCF87F72DE9F0414A68134F8E68530F93
:10EE500083EA127303F00103D91807EA02074FF09F
:10EE600000025241C918054642F1000487EA0178C0
:10EE7000F9F730FD06F0EF0646EA0474C5E94E7670
:10EE800008EA00000C400123C5F84001C5F84441E0
:10EE900085F83031BDE8F0812FCF87F70B784FF040
:10EEA000030C43F0030319220B7081F801C0CA70F0
:10EEB00090F820300B7190F821304B71704700BFF3
:10EEC0000B78022243F003030B704A70CA7090F86B
:10EED00020300B71704700BF0B7980F820307047ED
:10EEE0000378074AC0F805204FF0060C43F00303EF
:10EEF00040F60C51037080F801C0A0F80310704771
:10EF0000F105FFFF0B784FF0060C43F003030C22D2
:10EF10000B7081F801C0CA7090F82A310B71B0F8FB
:10EF20002B31A1F80530B0F82D31A1F8073070472A
:10EF3000012380F829310B7980F82A31B1F80530A6
:10EF4000A0F82B31B1F80730A0F82D31704700BF81
:10EF50000B78032243F003034FF0170C0B7081F87A
:10EF600001C0CA70D0F82130D0F825208A604B60EB
:10EF700090F829300B7390F82A304B73704700BF1C
:10EF800010B503780D21042243F003034170037090
:10EF9000C270841803F0DEFF0C2120B12046BDE8CA
:10EFA000104001F019BE2046BDE8104001F00ABE35
:10EFB00003780121052243F0030303704170C270FE
:10EFC000704700BF03780121062243F0030303705A
:10EFD0004170C270704700BF037801210B2243F0DB
:10EFE000030303704170C270704700BF0378017162
:10EFF0004FF0020C43F003030D22037080F801C0B0
:10F00000C27070470378017143F003034FF0030CA3
:10F010000370112380F801C0C3704271704700BFB4
:10F020000B7980F84D304B7980F84E30704700BF37
:10F030000B784FF0030C43F0030316220B7081F89A
:10F0400001C0CA7090F82030C3F3C2034B7190F82E
:10F050002030C3F302030B71704700BF0A7990F8A8
:10F06000203062F3C50380F820304A7962F302034E
:10F0700080F82030704700BF0B784FF0030C43F04E
:10F08000030317220B7081F801C0CA7090F89C31FD
:10F09000C3F3C2034B7190F89C31C3F302030B71AD
:10F0A000704700BFCB8843850B7980F82C304B79B3
:10F0B00080F82D30704700BF0B784FF0180C43F0EC
:10F0C00003030F220B7081F801C0CA70C38C8B80C0
:10F0D000038DCB80438D0B81838D4B8190F8343031
:10F0E0000B73C38EA1F80D30038FA1F80F30438F3F
:10F0F000A1F81130838FA1F81330C38FA1F8153018
:10F10000B0F84030A1F81730B0F84230A1F819300B
:10F11000704700BF0B784FF0180C43F00303102228
:10F120000B7081F801C0CA70C38C8B80038DCB80BB
:10F13000438D0B81838D4B8190F834300B73C38EDC
:10F14000A1F80D30038FA1F80F30438FA1F81130D3
:10F15000838FA1F81330C38FA1F81530B0F8403079
:10F16000A1F81730B0F84230A1F81930704700BF4D
:10F170008B88C384CB8803850B8943854B89838522
:10F180000B7B80F83430B1F80D30C386B1F80F3006
:10F190000387B1F811304387B1F813308387B1F892
:10F1A0001530C387B1F81730A0F84030B1F81930E6
:10F1B000A0F84230704700BF0B78002243F00303F1
:10F1C0004FF00C0CCA700B7081F801C090F823301E
:10F1D0000B71036B094AA2FB03239B0AA1F80530BC
:10F1E000438DA1F80930038DA1F80730838DA1F874
:10F1F0000B30838CA1F80D30704700BF5917B7D181
:10F200000B7980F82330B1F8053040F2E24202FB7E
:10F2100003F30363B1F809304385B1F80730038580
:10F22000B1F80B308385B1F80D308384704700BF8F
:10F23000B1F8093003844B68C0F822300B7A80F8AB
:10F24000263070470B784FF0090C43F0030314226B
:10F250000B7081F801C0CA70B0F85A308B80B0F8DA
:10F2600058300B81B0F85E30CB80B0F85C304B8109
:10F27000704700BF0B784FF0090C43F003031522D1
:10F280000B7081F801C0CA70B0F85A308B80B0F8AA
:10F2900058300B81B0F85E30CB80B0F85C304B81D9
:10F2A000704700BF0B784FF0090C43F003031522A1
:10F2B0000B7081F801C0CA70B0F86A308B80B0F86A
:10F2C00068300B81B0F86E30CB80B0F86C304B8179
:10F2D000704700BF8B88A3F11B02E02A21D8B1F848
:10F2E00008C0ACF11B02E02A1BD830B5CD88A5F5CB
:10F2F000A47244F2481E92B2724511D84A89002184
:10F300000C4662F30F04A2F5A4726CF30F0192B2E3
:10F3100063F31F4165F31F44724598BFC0E9181499
:10F3200030BD70478B88A3F11B02E02A21D8B1F8C9
:10F3300008C0ACF11B02E02A1BD830B5CD88A5F57A
:10F34000A47244F2481E92B2724511D84A89002133
:10F350000C4662F30F04A2F5A4726CF30F0192B293
:10F3600063F31F4165F31F44724598BFC0E9181449
:10F3700030BD70478B6900228A610BB3192293F864
:10F3800004C01A71828CDA8091F820201A774AB969
:10F390000A8DDA834A8D1A848A8D5A84BCF12E0F25
:10F3A0000AD07047C28CDA83028D1A84B0F8922199
:10F3B0005A84BCF12E0FF4D118681946F9F790BFA2
:10F3C00000DEDBE730B5C38C0A8D4C8D8D8D93420A
:10F3D00085B002D1038DA34214D0012381F82230DD
:10F3E00002950B6BCDE900240C7A91F82320898CCF
:10F3F0000391A4F10801B1FA81F14909EAF710FC7F
:10F4000005B030BDB0F892315B1B18BF0123E5E7B2
:10F41000F8B5CD6900230C4607461646CB618DB37F
:10F42000291D112E0AD8DFE806F02009090909096B
:10F43000091C0909090909090909241400DEEB79E5
:10F44000637329463846FEF7A3FA237A092B14D0B2
:10F45000F8BD084694F8202094F82110FFF7D2FD5B
:10F46000EDE72046FFF73CFCE9E72046FFF7A4FE66
:10F47000E5E72046FFF74EFEE1E73846BDE8F840F5
:10F4800000F07EBDFEF76EFA05460028C8D100DE0A
:10F49000C6E700BF38B58B690C4605467BBBFEF757
:10F4A00075FA2E23A061037194F834200121002302
:10F4B00084F823102363218D4AB1B1FBF2F313FBCF
:10F4C00002F3E28C9BB29A429CBF23851946238F9C
:10F4D000994204D340F2E24202FB03F3236328463D
:10F4E000FDF78CF82B8D06331844A08400222146AA
:10F4F0002846FFF78DFF4FF60B73638138BD00DEA2
:10F50000CDE700BF38B504460D4600F031FD20B907
:10F5100029462046FEF71EFA30B910212046FEF794
:10F520003BFA0923AB7238BD04F1E000FEF73AF96B
:10F530000028F2D12046FDF70BFA0028EDD029462D
:10F540002046FEF70FFAE861FEF718FA10B90C230F
:10F55000AB7238BD29462046FFF79CFF204610219C
:10F56000BDE83840FEF72CBA70B506460C4600F0F0
:10F57000FFFC10B10623A37270BD0546214630463C
:10F58000FEF7E8F90028F5D0112221463046FFF7B2
:10F590003FFF304600F078FE237A092B04D1044B5C
:10F5A0001A68964208BF1D600023A37270BD00BF99
:10F5B000C0370020F8B5294A136806460C468BB1BF
:10F5C00083420FD002238B7200F0D2FC054620B993
:10F5D00021463046FEF7BEF968BB2046BDE8F8403C
:10F5E000FEF7FAB9218DF38C16609942628DA08DD9
:10F5F00012D0A5690023A36175B303232F792B7162
:10F60000B38CEB8005F11C012046FFF755FD2E2F32
:10F610001DD00423A372F8BD338D9342E9D1B6F80F
:10F6200092318342E5D12046FEF7E4F9002205231A
:10F63000A261A372F8BD4FF4726321462384304661
:10F64000FFF792FF2046FEF7D5F9A561F8BD2868BF
:10F650002946F9F745FEDCE700DECEE7C03700209B
:10F660002DE9F0412C4E336804460D462BB1834200
:10F6700003D00123AB72BDE8F0812046FFF7D2F939
:10F680000028F6D1204600F069FC07460028F0D19A
:10F6900029462046FEF75EF90028EAD02046FCF70E
:10F6A000ADFF01218046204600F050FCA5F83680D1
:10F6B000D5F81C8085F834703460EF61B8F1000F24
:10F6C0001BD008F104012846FFF7F6FC98F8073034
:10F6D0006B7341462046FEF75BF92B7A092B08D065
:10F6E00094F83730DB0901D100DEC4E704236B81D5
:10F6F000C1E72046FFF7A6F9F2E729462046FEF7C4
:10F7000031F980460028DCD100DE04212846FFF7CD
:10F71000D3FC98F80730FFDEC0370020F0B50C4668
:10F72000897A83B005460C2900F2FC80DFE811F0ED
:10F7300012001E004E00570063006E007C00FA00AD
:10F740007F00F0008A00C9000D00002A00F0EF8061
:10F7500003B0F0BD002AFBD1237A082B00F0F9801A
:10F76000092B40F0DF800123A372F1E7012AEFD1DA
:10F7700019462046FFF7FCFCE38C228DA08D618D9D
:10F7800094F83460052B17D9B2F5486F14D893421A
:10F7900012D8B1F5FA7F0FD2A0F10A039BB240F65E
:10F7A0007647BB4208D84B1C9BB202FB03F3B3EB7A
:10F7B000800F01D2B2420BD240F61E732384214641
:10F7C000284603B0BDE8F040FFF7CEBE012ABFD8FF
:10F7D0002146284603B0BDE8F040FFF7EBBE002A03
:10F7E000B6D10192FEF7CAF8019A002840F0CC8009
:10F7F0000323A372ACE7032A00F09680042AA7D162
:10F800000F22062384F82120A372A1E7002A9FD1AA
:10F8100095F93730002B80F29A8094F8203043B16C
:10F820000F2384F82130CAE7002A91D1C7E7002AC4
:10F830008ED1284600F09CFB002800F08D80082324
:10F84000A37285E7022A83D195F83720C2F3C0114D
:10F85000D20900F0908019462046FFF7D1FC218D97
:10F86000628DA68D8B1F9BB240F67A40834200F2D8
:10F870009E80B2F5FA7F80F09A80A6F10A039BB2CF
:10F8800040F67640834200F29280531C9BB201FB0B
:10F8900003F3B3EB860F80F08A802846FCF7AEFEB8
:10F8A000A38C1B1A47F6FE729BB2934240F2A480CF
:10F8B000282385F86431284600F0E6FC0023A37273
:10F8C00046E7002A7FF444AF2846FCF78FFEA38C5E
:10F8D000C01A03043FF53CAF21462846FFF772FDEE
:10F8E000237A092B65D094F82260002E6BD1204634
:10F8F000FEF780F8A661284600F0C6FC237A092BA3
:10F90000DCD1454B1A689542D8D100221A60D5E760
:10F91000002A7FF41DAF2146284603B0BDE8F04021
:10F92000FFF7F0BD00DE13E70523A37210E7FEF733
:10F9300025F800283FF40CAF21462846FFF7AAFD22
:10F940001021284603B0BDE8F040FEF739B8A261A7
:10F95000E1E70A23A372FBE621462846FDF7FAFFFA
:10F9600000283FF46CAF102221462846FFF750FDD7
:10F970000A236381ECE684F84C10284600F0F8FA7C
:10F9800048B30D23A372E3E6A669A261002E41D01D
:10F99000032337793371AB8CF38006F11C012046C9
:10F9A000FFF78AFB2E2F22D00423A372D0E61E235A
:10F9B0007FE7284600F0EAFA237A092B93D194F8DE
:10F9C0002030002B8FD0002384F820302146284699
:10F9D000FFF7D0FC8FE721462846FDF7BBFF002844
:10F9E000CFD0072221462846FFF712FD83E7306873
:10F9F0003146F9F775FCD7E72046FDF7EDFF0B23FD
:10FA0000A3722846FCF7FAFDA38CC31A1A043FF52B
:10FA10009FAE61E700DEBBE7C0370020F8B50C46BB
:10FA2000897A06461546062909D8DFE801F0043030
:10FA3000080838670A001DB9237A092B29D000DE8F
:10FA4000F8BD002DFCD1FCF7D1FDA38CC01A030436
:10FA5000F6D42946304600F079FA21463046FFF7C1
:10FA6000B1FC237A092B00F0998094F82250002DE4
:10FA700040F0A0802046FDF7BDFFA5613046FFF7AE
:10FA800087F8237A092B6BD00023A372F8BD002DD1
:10FA9000D6D121463046BDE8F840FFF7E1BD032D41
:10FAA00077D0042D67D0022DCAD119462046FFF722
:10FAB000A7FB228D608DB4F82CC0931F9BB240F63B
:10FAC0007A418B4222D8B0F5FA7F1FD2ACF10A03FB
:10FAD0009BB240F676418B4218D8431C9BB202FB86
:10FAE00003F3B3EB8C0F11D22946304600F02EFA07
:10FAF0002046FDF771FF0623A372F8BD002D9FD1AC
:10FB0000FEF790FF50B10523A372F8BD00213046E7
:10FB100000F01CFA1E2386F86431AFE72146304618
:10FB2000FDF718FF0028EED02946304600F00EFA07
:10FB3000E769E561002F45D094F8202094F8211062
:10FB4000381DFFF75FFAFB79637339463046FDF7DE
:10FB50001FFF237A092B91D13046FEF773FF8DE703
:10FB600096F93730002B27DB1F4B1A6896428BD152
:10FB700000221A6088E7D0F840311A2223F00203ED
:10FB8000C0F84031214684F820203046FFF7F2FBD0
:10FB900074E75B7984F820302146F6E73046FEF7BB
:10FBA0005BFF237A092B7FF460AF94F82030002BA1
:10FBB0003FF45BAF0023EDE73046FEF7E3F90028A2
:10FBC000D2D061E721463046FDF7CCFE074600283B
:10FBD000B2D100DE042094F8202094F82110FFF721
:10FBE00011FAEB79FFDE00BFC037002020B592F894
:10FBF0001FC082B0054602F11C03BCF1110F0AD8E8
:10FC0000DFE80CF02D090909090909260909090984
:10FC1000090909091E17242380F864310191FEF7B0
:10FC2000B7FF01990B7A092B20D000238B7202B009
:10FC300020BD0322284602B0BDE82040FFF7EEBEFB
:10FC40008B7A012BF3D9043B022BF0D900DEEEE7CF
:10FC50000422284602B0BDE82040FFF7DFBE0222A2
:10FC6000284602B0BDE82040FFF7D8BE95F93730EE
:10FC7000002B06DB074B1A689542D6D100221A608A
:10FC8000D3E728460191FEF77DF901990028F1D0CC
:10FC9000CBE700BFC037002013460022FFF7BEBEEF
:10FCA00070B5D57F02F11C0335B10F2D09D1BDE828
:10FCB00070400122FFF732BDBDE870400222FFF71D
:10FCC0002DBD24230E4680F86431044600F0DCFA92
:10FCD000337A092B05D1044B1A68944204BF0022E1
:10FCE0001A600023B37270BDC03700201346002293
:10FCF000FFF714BD00230322FFF710BD00230422E9
:10FD0000FFF70CBDD37F012B70B505460C4607D01D
:10FD1000242380F8643100F0B7FA0023A37270BD89
:10FD20008B7A012B04D013F0FD0FF8D000DE70BDEC
:10FD300002F11C012046FFF77BFA2846268CFCF7CF
:10FD40005DFC361AB6B247F6FE739E4202D8022315
:10FD5000A37270BD282385F86431284600F094FA18
:10FD60000023A37270BD00BF38B58B7A012B04D07D
:10FD7000022B0C4602D09BB100DE38BD0546FCF7D5
:10FD800035FC238CC01A0304F7D404F12201284661
:10FD9000FCF742FC284600F077FA0023A37238BD36
:10FDA00001238B7238BD00BF70B5D0F808510446EE
:10FDB0001DB394F81431012B03D1022384F81031C0
:10FDC00070BD29462046FDF7C5FD0028F5D029461F
:10FDD0002046FDF7C7FD064688B1311D2846FEF7CF
:10FDE0007FFFF3796B7331462046FDF7D1FD012388
:10FDF000AB73002384F8103170BD00DED9E700DE5C
:10FE0000EBE700BF70B5D0F808510446A5B394F8ED
:10FE10001431012B03D1012384F8103170BD294620
:10FE20002046FDF797FD0028F5D029462046FDF72E
:10FE300099FD064678B32046FEF7A6FD2A7A037A96
:10FE4000934206F1040019D0082B19D02A2194F806
:10FE500030311BB1D4F840315B0716D4FFF7C6F838
:10FE6000F3796B7331462046FDF792FD0123AB73A6
:10FE7000002384F8103170BD00DEC8E72321E6E7D7
:10FE8000092A14BF2A212321E1E70A4694F8171111
:10FE9000FFF7B8F8E4E700DECDE700BF8B7BA3B146
:10FEA000D0F80831994211D18A69CAB910B4D0F892
:10FEB0000C411A68C0F808219C4208BFC0F80C2108
:10FEC0005DF8044B0846FDF73DBD704700DE8A69CA
:10FED00032B9D0F80831002BE8D10846FDF732BD21
:10FEE00013792E2BF5D100DEF3E700BF38B5D0F83B
:10FEF00008512B7A013B04460B2B25D8DFE803F091
:10FF00000606060615151A1010061F0600222946B9
:10FF1000FEF77AFC29462046BDE83840FFF7BEBF11
:10FF200000222946FFF7E2FEF4E700222946FCF70B
:10FF300065FFEFE700222946FDF7E6FBEAE700222E
:10FF40002946FFF711FFE5E700DEE3E780F8161129
:10FF5000704700BF704700BF0020704790F8150140
:10FF6000003818BF01207047D0F80801704700BF63
:10FF700090F81401A0F10100B0FA80F04009704738
:10FF8000B0F81831A0F81231704700BF0023A0F874
:10FF90001231704738B5D0F80841A4B10546D5F8FC
:10FFA0000C212368C5F808319442214608BFC5F8E2
:10FFB0000C312846FDF72EFD2046FDF7C3FCD5F891
:10FFC0000841002CEBD138BDF8B505460C4631B1DF
:10FFD000042903D1FFF7DEFF85F81041F8BDD0F802
:10FFE0000861002EFAD0337A90F8167190F837E055
:10FFF000112B12D83149012000FA03FC0CEA01014F
:020000024000BC
:10000000E9B10A2B14D05BB185F815412846FFF7FA
:100010006DFF032385F81031F8BD00DE337AF0E779
:10002000D37F86F84C302846BDE8F840FFF7BCBEC9
:100030002846FFF75BFF052385F81031F8BD1CF457
:10004000386FEAD00A2BF3D0002BE9D00FB9044661
:10005000DAE71EF0800F10D1012F20D0022FBDD182
:100060002846FEF791FC327A037A934221D0082B7E
:100070001DD02A2385F86431F8BD012FEED1284622
:10008000FEF782FC08B1FF23C372012385F8153106
:100090002846FFF72BFF032385F81031F8BDD37FE7
:1000A00085F817312846BDE8F840FFF7ABBE092AAE
:1000B000DFD1232385F86431F8BD00BF7FF403004E
:1000C00038B50C468969054610461A46237AD9B1D7
:1000D0000C2B55D8DFE803F00D070707073A3A461F
:1000E0004040074C070021462846FEF705FBA16962
:1000F00021B10B792E2B1CBF0023A361214628467A
:10010000BDE83840FFF7CABEA26120610C2B37D88A
:1001100001A151F823F000BF7D010400E7000400B5
:10012000E7000400E7000400E70004004D010400BC
:100130004D01040065010400590104005901040047
:10014000E700040071010400E7000400214628468E
:10015000FCF70AFEA169CBE721462846FFF7A0FD80
:10016000A169C5E721462846FDF7B0FAA169BFE7B6
:1001700021462846FFF7C6FDA169B9E71146B7E752
:1001800000DEA169B4E700BF38B50B7A072B0C4637
:1001900005461CD00C2B01D1FEF7F6FAA37B0022FA
:1001A00062619BB1D5F808319C4213D1A269CAB9EA
:1001B000D5F80C111A68C5F808218B4208BFC5F89C
:1001C0000C212046BDE83840FDF7BCBB38BDFDF72B
:1001D0009FFAE3E700DEA26922B9D5F80831002BC7
:1001E000EFD0E5E713792E2BF7D100DEF5E700BF5E
:1001F00038B50B7A072B0C46054616D0A37B9BB16E
:10020000D5F808319C4213D1A269CAB9D5F80C11AE
:100210001A68C5F808218B4208BFC5F80C21204692
:10022000BDE83840FDF78EBB38BDFDF775FAE5E750
:1002300000DEA26922B9D5F80831002BEFD0E5E73E
:1002400013792E2BF7D100DEF5E700BF042200233F
:1002500080F81021A0F81231704700BF90F81031DB
:10026000052B0ED8DFE803F0060907030603D0F8D4
:10027000083123B97047FFF797BDFFF7C3BDFFF7FC
:1002800035BE00DEF6E700BF90F81031052B04D82C
:10029000DFE803F004151305040500DE7047D0F80D
:1002A0000821002380F815315AB100230121A0F85C
:1002B0001231917380F810317047FFF775BDFFF769
:1002C000A1BD00DEF1E700BF90F81031052B04D886
:1002D000DFE803F004090B04050400DE7047002387
:1002E00080F810317047FFF78DBDFFF75DBD00BF8F
:1002F00090F8103110B50446052B12D8DFE803F052
:10030000030D09030803FFF745FE042384F81031A9
:1003100010BDBDE81040FFF747BDBDE81040FFF736
:1003200071BD00DE10BD00BFF0B5044683B00E46BF
:1003300015467BB1D37F1B2B36D8DFF8D8C090F899
:1003400037100CEB4307C9097F781AB201238B40A1
:100350003B404AD11846FDF789FB074610B30023FE
:100360000360D4F80C310BB31860C4F80C0194F896
:100370001031052B4CD8DFE803F01E2C03060606CF
:100380002046FFF711FD39462046FFF787FDD4F8D8
:10039000081139B12B463246204603B0BDE8F04083
:1003A000FFF78EBE03B0F0BD0023D3E7C4F8080109
:1003B000C4F80C01DBE72A4600212046FFF704FEC3
:1003C00039462046FFF76AFDD4F808110029E1D12B
:1003D000E8E72046FFF716FD39462046FFF75EFDA9
:1003E000D4F808110029D5D1DCE71CF812300A2B0B
:1003F000B0D10193FFF7CEFD0022A4F8122184F8BA
:10040000152184F810212046FEF738FC019BA1E756
:1004100000DEB8E70C57050010B50446FFF7BAFD3B
:100420000023A4F8123184F8153184F8103110BD7E
:1004300000B9704700DE704730B991F8D4306FF3DF
:10044000000381F8D430704700DE91F8D4306FF3A8
:10045000000381F8D43070472DE9F843099E9DF8D8
:1004600020800746B08C4FF6FF7188422DD0394668
:10047000304691461C46FBF7B1FE30BB3378013362
:10048000DBB233702BB3144DB6F86001AA7A2C811D
:1004900068F30002013406F1100104440F4BAA7204
:1004A0000022E960A6F8604111460120C5E9007903
:1004B0009D60F6F715FF50B9FF20FBF7ADFE304603
:1004C000FF21BDE8F843FBF777BFBDE8F88300DE06
:1004D000F2E700DED7E700BFAC3A0020240C002092
:1004E000012800D0704700B583B00191F8F780FF74
:1004F0000199814202D103B05DF804FB00DEFAE706
:10050000C38D23B190F8D42012F0010300D07047BE
:1005100010B542F0010288B00B4C80F8D4200531B0
:100520000122CDE902320690CAB2CDE90434CDE908
:10053000003303211846F8F729F910F0FD0F01D117
:1005400008B010BD00DEFBE73904040038B50C46E6
:100550001546FBF733FB48B11CB1BDE83840FDF749
:1005600061BC2946BDE83840FDF736BC022038BDE5
:1005700038B50C461546FBF721FB58B190F93730DA
:10058000002B05DA2A462146BDE83840FDF758BB66
:100590000C2038BD022038BD064B074A10B41F207E
:1005A0004FF0FF3425211C60187111705DF8044B69
:1005B000704700BFBC3A0020C146002030B5044659
:1005C00000789DF80C5002FB01111F4A014482FB88
:1005D00001020A44521102EBC20002EB80028A1AA5
:1005E000D0B2C1082070595C02F0070241FA02F251
:1005F00012F001021FD1B0FBF5F405FB1404E4B2C4
:100600005D1E1046043300F1080E15F8011F5FFA55
:100610008EFE024611F0010F02F1010C4FEA51016A
:1006200002D04CB1013CE4B25FFA8CF27245F1D1D8
:1006300010469D42E7D130BDC11D891AC9B20729B4
:100640001046F6D830BD00BFA7C867DD42880088D5
:1006500050407047F0B5344D344C48404FF0030CD7
:10066000060A5FFA80FE0EEB8E2E06EB862004EA69
:10067000401705EA400605EA4E0004EA4E1E3E43D6
:1006800040EA0E0000EB002706EB062E06EB0E26D6
:1006900000EB0720360CC0F3074040EA062000EBD1
:1006A00000100CF1FF3C08441CF0FF0C80B2D7D1C5
:1006B00041401F48A0FB01400C1A00EB54004009C8
:1006C00000EBC00400EB8400081AC0F3C40400F07F
:1006D0000705145D2C41E407C0B21CD401FB03F3F1
:1006E000561EC3F307430432604600F1080516F8AE
:1006F00001CFEDB201461CF0010F01F101044FEAF8
:100700005C0C02D043B1013BDBB2E1B2A942F2D1B1
:1007100008469642E9D1F0BD0730401AC0B207281A
:100720000846F6D8F0BD00BF102102004084080042
:100730004D91CFBA00F046BA684620F007018D46C9
:1007400001B501F06BFFEEF735FFBDE801408546CE
:10075000704700BF08B50A4BD3F840213AB90120D1
:10076000F6F71CFEBDE808400220F6F717BE002091
:10077000C3F84001D3F84031F7F772FFEFE700BF4D
:1007800000B000400020F6F709BE00BF90B90E4B44
:100790000E4A197810788842CBB20DD10C480D4919
:1007A00090F800C0013313700B78634507D00378CD
:1007B0000B70704700DEEAE700DE1378EEE700DE3C
:1007C00003780B70704700BFC2460020C34600206C
:1007D000C7460020C64600200B4A0C4B117893F800
:1007E00000C08C450DD012781A70094A094B18B90F
:1007F00011781878884202D012781A70704700DE9B
:10080000FAE700DEEFE700BFC5460020C44600203F
:10081000C2460020C346002002F00AB808B50B48C3
:100820000B4B027819788A420CD00A4B01700022D7
:100830000399996001201146F6F752FD00B908BDF1
:1008400000DE08BD00DE1978EFE700BFC2460020D9
:10085000C3460020340C00202DE9F041304A314DD0
:1008600012782B789A428AB00E4605D12E4B2F4A29
:100870001B7812789A424BD03768DFF8C88007F1AE
:100880002D0424F07F44D8F800102046F8F71EF815
:1008900010F4000002D10AB0BDE8F081244A254BD3
:1008A00011781A7891421CD03046234BC168C8F8A1
:1008B00000400022CDE90732204BCDE90322CDE9EB
:1008C0000531CDE901222D2300932C780134E4B2C7
:1008D0003B46114610462C70F7F7DCFE0AB0BDE827
:1008E000F081114A1149127809789142DCD01A78C6
:1008F0000132D2B21A700022114B009211461046FA
:10090000F7F75CFF10F0FD0FCED000DE00DECBE786
:100910000768DFF8308007F12D0424F07F44C4E736
:10092000C6460020C7460020C2460020C34600201D
:10093000C4460020C54600208D0704001D080400A1
:10094000D9070400CC3A00207A4A9368002B00F0C3
:1009500096802DE9F04F136889B08146002B46D070
:100960004FF0FF338DF80A300DF10A00F8F784FEDE
:10097000044600283BD0037F9907F5D1857A15F00E
:100980000205F1D1C3684B4555D00668A8462F46ED
:100990000DF10A00F8F770FE8346F0B1027F92076E
:1009A000F6D1827A9307F3D4C268B8F1000F21D050
:1009B0004A4558D0DBF800A031465046F7F786FF8D
:1009C00000F4000000280DF10A001CBF5F465646E7
:1009D000F8F752FE83460028E0D1002F08BF2746D3
:1009E00039463846FFF738FF30F0020339D109B0F5
:1009F000BDE8F08F4A458046DCD1237FE16843F0B3
:100A0000020323772046A3699847FF238DF80A3015
:100A10000DF10A00F8F730FE04460028E7D0037F06
:100A20009F07F5D1837A9E07F2D4C3684B4502D065
:100A300000DED4F80C903F4A4846D2E9001303AADE
:100A400098470646002843D010F1100F59D0394A74
:100A5000002093681168984716F10B0F10D08C3660
:100A6000C5D000DEC3E7227FE16842F002022277B0
:100A70002046A2699047D8457FF472AFC5E770471A
:100A80002C4A0023D2F80890D2E9004802261360CD
:100A9000FF278DF80B700DF10B00F8F7EDFD90B10D
:100AA000037F9A07F7D40DB9DB07F4D4C368A342D8
:100AB000F1D1037F826943F0020303772146904717
:100AC0008DF80B70E7E70125AE420AD02E46E0E72D
:100AD000237FA269E16843F0020323772046904711
:100AE00085E70022CDE904220692039B0096494641
:100AF000404604AA0794F8F777FD00287FF477AF03
:100B0000AFE7A37A43F00203A3720DF10A00F8F7EE
:100B1000B3FD014600283FF46AAF037F9D07F4D17F
:100B2000837A9C07F1D4FFF797FE30F002033FF47D
:100B30005EAF96E7D03A002010B5174812F0A7FF35
:100B400030B3164B00249C6000F084FA00281EDBB2
:100B5000214601202246EFF733F822460B200121DF
:100B6000EFF72EF8214622461820EFF729F80C4B14
:100B70001022C3F804230120EEF7F2FF0B20EEF75A
:100B8000EFFF1820EEF7ECFF01F062FD204610BDEC
:100B90006FF0120010BD00BFE4460500D03A0020FF
:100BA0000010004008B500F065FA002809DB0120BC
:100BB000EEF7E4FF0B20EEF7E1FF1820EEF7DEFF83
:100BC000002008BD034603488AB2194683681B68A3
:100BD000184700BFE446050030B4074DAB685C68B9
:100BE00034B18AB2A44601460023284630BC60478F
:100BF0006FF0850030BC7047E446050030B4074D07
:100C0000AB685C6834B18AB2A4460146002328462A
:100C100030BC60476FF0850030BC7047E44605008B
:100C20000020704730B5044683B078B31D4B1A6876
:100C3000824225D0FF250DF107008DF80750F8F707
:100C40001BFD38B91AE0A1420AD00DF10700F8F7F0
:100C500013FD98B1037F9B07F7D4C168002CF2D134
:100C6000037F826943F00203037790470DF1070089
:100C70008DF80750F8F700FD0028EBD103B030BD28
:100C80009B686BB1014600209847D3E7054A9368FB
:100C9000002BCFD011680029CCD000209847C9E79D
:100CA00000DEC7E7D03A00200020704710B50446A8
:100CB000F8F7D4FC8CB90D4B9A68AAB11C680022D5
:100CC0009A601A6004B124680020F8F7EFFC20460F
:100CD000F8F77CFD28B1002010BD0028F3D100DE1C
:100CE000F1E700DE002010BD00DEE7E7D03A00208B
:100CF000054A136892681B1A18BF0123B2FA82F0E2
:100D00000B704009704700BFD03A00202D2070477B
:100D100010B51446F7F7D8FD2146F7F7D7FD03467F
:100D200010F4000004D10333092B88BF184610BD0E
:100D3000002010BD262810B504461DD0272813D04A
:100D4000252809D00A281FD9272822D900DE2046C5
:100D5000BDE8104001F0D0BC022001F0C7FC2046E5
:100D6000BDE8104001F0C8BC502001F0BFFC204697
:100D7000BDE8104001F0C0BC1A2001F0B7FC2046CD
:100D8000BDE8104001F0B8BC0230400001F0AEFCFC
:100D9000E5E70330400001F0A9FCE0E701F00ABDFF
:100DA00001F010BD08B501F043FDBDE8084001F0B9
:100DB00093BE00BF08B501F03BFD01F08DFEBDE81C
:100DC000084001F051BE00BF08B501F031FD01F04F
:100DD00083FE01F067FEBDE8084001F045BE00BF9C
:100DE00008B50146114801F029FC01F04DFD60B144
:100DF00001F038FF01F064FC00F080F900280EDB00
:100E0000BDE808400020FFF751BF01F0EFFC01F002
:100E100029FF01F055FC00F071F90028F0DA00DE3E
:100E20000020BDE80840FFF741BF00BF19080400DB
:100E300010B5044601F0FCFC01F04EFE01F032FE5C
:100E400001F012FE2046BDE81040FFF7C9BF00BF09
:100E500010B5044601F0ECFC0D48214601F0EEFB14
:100E600001F012FD40B100F049F900280ADBBDE8AD
:100E700010400020FFF71ABF01F0B8FC00F03EF967
:100E80000028F4DA00DE0020BDE81040FFF70EBFB6
:100E9000190804002DE9F04F89B01F469DF848B0AD
:100EA000FF238046894692468DF81F300DF11F00C2
:100EB000F8F7E2FB002866D0037F9D07F6D1837A1E
:100EC0009C07F3D405683E689DF81F3005930446DF
:100ED00029463046F7F7FAFCBBF1000F4CD0BC4274
:100EE00008BF002426460DF11F00F8F7C5FBD0B15E
:100EF000027F9107F7D1827A9207F4D402680490B6
:100F0000294610460392F7F7E1FC039A049B00F48C
:100F1000000000280DF11F001CBF15461E46F8F703
:100F2000ABFB0028E4D1059B8DF81F30314B9A684C
:100F30007ABB76BB24B1BBF1000F48D1BC4244D18F
:100F4000FA681A60C3E901893846D04704460DF1B2
:100F50001F00F8F791FB014650B1037F9A07F6D1C5
:100F6000837A9B07F3D4FFF777FC30F002033FD17D
:100F7000204609B0BDE8F08F0002B0D5FF2335460A
:100F800005935C46AEE71B4B9A680446002AD7D00F
:100F900026464946CDF800B0534640463A46F8F753
:100FA00023FB014678B1BBF1000F09D1BB7A98074A
:100FB00006D4C6B13046FFF74FFC30F0020310D123
:100FC0006FF07604D4E700DEEDE700DEB8E7CDF899
:100FD00000B053463A4649464046F8F705FB00281C
:100FE000EED100DEECE7002C14BF26460E46E1E70A
:100FF00000DEBDE7D03A002001F1100008F040BA51
:1010000070B505468AB00C460122002104A812F0F2
:101010001AFF0F4B019300260323694628460396C7
:1010200002930DF009FD002810DB4FF40043314618
:1010300040F2E730E4FB03014FF47A720023E7F754
:101040000DF802460B4604A808F054FA0AB070BD29
:10105000F90F040010B5012003F094FC04490023AB
:1010600001244B608C60CB60BDE810400DF0E4BC07
:10107000E03A002010B5012003F084FC0449044646
:101080000DF055FD2046BDE810400DF02CBD00BF11
:10109000E03A00200C4B1A780AB10020704710B5D6
:1010A0000120187003F06EFC4FF4FA710446FFF74C
:1010B000A7FF38B920460DF016FD02280CBF00200E
:1010C0006FF0040010BD00BFC846002008B50A4BF1
:1010D000BFF35B8F53E8002F511C43E8001000283A
:1010E000F8D1BFF35B8F002A01DD002008BD03F0BB
:1010F00051FC002008BD00BFDC3A002008B50E4BB3
:10110000BFF35B8F1A68BFF35B8F002A11DDBFF35B
:101110005B8F53E8002F511E43E800100028F8D1E0
:10112000BFF35B8F012A01DD002008BD03F048FCFE
:10113000FAE76FF0770008BDDC3A002032207047F4
:10114000014B33F8100070475457050010B50446A2
:10115000FFF73AFE01F09CFC2046BDE81040FFF787
:101160003FBE00BF38B5044601F08CFBFFF71AFE06
:10117000962001F0C1FC002318461A46194601F0DA
:10118000F3FB0120F8F7D4F9F0B11C3001F006FBB5
:1011900001F064FB00BB2146104801F04FFA01F05A
:1011A000B5FD00210446084601F00EFB002105466E
:1011B000084601F005FB2C44CB34201A01F05EFDFB
:1011C000BDE8384001F094BD00DE1C3001F0E6FAC5
:1011D00001F044FB0028DED000DEDCE7211604002D
:1011E00010B50446FFF7F0FD01F052FC2046FFF772
:1011F000F7FD054B0021012208469C60F6F770F8C8
:1012000000B910BD00DE10BD440C0020814208B5BD
:101210000ED00B7ADB0702D46FF08B0008BD0C4BAD
:101220001360FFF753FF00280FDB6FF00A0008BDC3
:101230000B7B01EB83010B691B7803F00F03012B80
:1012400014BF6FF08B00002008BD00DEEDE700BF8B
:101250004D15040010B548B10C46FFF74FFF0028AC
:101260000BDB2046BDE81040FFF720BD044801F02D
:10127000E5F9BDE8104001F0B9BA00DEF1E700BFC2
:101280004D110400084B042210B598182821F5F7D9
:101290002DFF064B00249C8102222146044812F0B7
:1012A000D2FD204610BD00BF203B0020103B002097
:1012B000F83A0020084B042210B598182821F5F7B9
:1012C00015FF064B00249C8102222146044812F09F
:1012D000BAFD204610BD00BF203B0020103B00207F
:1012E000F83A002010B504460548F5F725FF20B16F
:1012F000034600205870636010BD6FF00B0010BDF6
:10130000203B0020034600201870587098607047FA
:1013100038B51E4D2B7B6A7B9A4202D055F823408C
:1013200034B91B48F5F708FF044680B1204638BDA4
:10133000184808F005F92B7B6A7B9A42F6D00133F6
:10134000DBB2032B08BF00232B73204638BD1148A6
:101350004FF42032002308F0CDF8A0B90D4808F072
:10136000EFF82A7B6B7B93420BD0531CDBB255F812
:101370002220032B08BF00232B7312B114462046F2
:1013800038BD00DED2E700DEE8E700BF103B0020FA
:10139000203B0020F83A002010B5027843789A42AA
:1013A00014D0D4B244700278944204D05A1C4370D2
:1013B000D3B2022B0ED01A4600EB82040B70606889
:1013C00000B110BDFFF7A4FF606010BD0133DBB2B8
:1013D000022BF0D100221346EEE700BFF8B50278E9
:1013E00043789342044625D0D5B2154A00EB8507D1
:1013F000507B92F80CC0431CDBB2032B08BF0023C8
:101400009C450E46796806D042F8201053730D486B
:1014100008F036F800216B1CDBB2022B0ABF002259
:101420001A46134679602370012104EB820431705F
:101430006068F8BD1A4604EB82046068F8BD00BF1E
:10144000103B0020F83A002030B5037AC3F30213B2
:101450000446002B93FAA3F0B0FA80F008BF4FF0D7
:10146000FF3083B000F101003AD0217A5A1E1340B8
:1014700063F3061124302172FFF75CFC00230DF1A9
:10148000070104F10C008DF80730FFF7A7FF0546B0
:1014900020B3284601F088F92B7803F00F03022BC4
:1014A00013D00DF1070104F11800FFF797FFE0B129
:1014B00021460F4801F0C2F8962001F01DFB0020E4
:1014C00003B0BDE8304001F007BA0A48214601F0F8
:1014D000B5F803B0BDE8304001F0A6BA00DED8E7A9
:1014E00000DE237AC3F30213BFE700DEE0E700BFAC
:1014F00065110400F914040010B5044601F0C2F9A6
:10150000FFF762FC237A03F07102012A05D1C3F3CD
:10151000420262F306132372DBB213F0700F05D0A0
:10152000636853B193F82C309B0706D501F0B0FAED
:101530002046BDE81040FFF753BC2046FFF784FF6C
:1015400001F04EF9BDE8104001F0D2BB70B5C368A0
:1015500004461E68F7F7B8F905463046FFF7D6FB94
:1015600000232D1AC4E9005323812046BDE87040B2
:10157000E8F76ABE10B582B00446FFF7A7FD002861
:1015800009DB084A0849094800940023F8F74CF998
:1015900018B902B010BD00DEF3E77730F9D000DEF5
:1015A000F7E700BF49A20200551204000D12040023
:1015B000F8B5079D9DF818709DF820400E462DB196
:1015C0000C78B2EBD41F16D00020F8BD417A01F0A0
:1015D0000301012901D9002CF6D03178B2EBD11FDB
:1015E000F2D1062206F10801184609F005FEB0FA0C
:1015F00080F04009F8BD18460622083109F0FCFDCC
:101600000028E1D1C4F38014BC42DED10622B11C13
:10161000284609F0F1FDB0FA80F04009F8BD00BF9E
:10162000F0B587B0044601F023F9C0B250B9FFF716
:10163000CBFB5E48214601F001F807B0BDE8F04061
:1016400001F0D4B801F036F9054601F035FAEDB2F3
:10165000064601F03BFA01F011FAFFF7B5FB002D49
:10166000E7D0FF2301208DF81730F7F761FF05461B
:10167000002800F09580237B95F81CE004EB8303A1
:1016800005F11C011869034613F802CB0CF00F0793
:10169000012F08BF00F10807CCF38012F0B24FEA27
:1016A000DC160EF00F0C18BF0027BCF1030F4CD056
:1016B000BCF1050FBDD16D7F222DBAD16568002D1B
:1016C000B7D095F82C50AD07B3D40DF11705CDE97F
:1016D0000170009620460395FFF76AFF0028A8D006
:1016E0000420F7F725FF0028A3D03148214600F059
:1016F000A5FF01F07BF801F0B1F8002852D1626833
:1017000092F82C3043F0010382F82C30F7F72AFFCF
:1017100017224FF6FF730271C3808460054601F003
:101720009BFA286101F0ECFA00210446084601F01A
:101730004BF8241A6C61F7F715FFE8602868294612
:1017400007B0BDE8F040F7F737BF697F0C297FF499
:1017500070AF002F7FF46DAF617ACE0702D50028FD
:101760003FF467AFB2EBDE1F7FF463AF062205F1F3
:101770002401184609F040FD00287FF45AAF0B48B9
:10178000214600F05BFF01F04FF9237E04EB830359
:10179000D86901F009F801F061F828B907B0F0BD87
:1017A00000DE68E700DEAAE700DEF7E7F9140400D0
:1017B000E111040000B9704700DE70470021E8F72E
:1017C000DBBD00BF08B5064B0398986000221146A8
:1017D0000120F5F785FD00B908BD00DE08BD00BF9A
:1017E000640C002010B50446FFF7EEFA23796FF37E
:1017F000000323719B0617D5962001F07DF9002385
:1018000018461A46194601F0AFF80120F7F790FE86
:1018100088B11C3000F0C2FF01F016F921460748DC
:10182000BDE8104000F00ABF01F0FEF80120F7F714
:101830007FFE0028EDD100DEEBE700BF211A040097
:1018400010B50446FFF7C0FA01F022F92046BDE8C2
:101850001040FFF7C5BA00BF08B5FFF7C3FF00F09F
:10186000B9FFBDE8084001F043BA00BF70B50546B6
:10187000FFF798FA01F0D8F80120F7F759FEF0B118
:101880001C3000F08BFF00F0E9FF00BB01F03EFAD6
:1018900000210446084600F097FF0021064608464E
:1018A00000F08EFF3444CB34201A01F0E7F901F048
:1018B000CBF829460748BDE8704000F0BFBE00DE07
:1018C0001C3000F06BFF00F0C9FF0028DED000DE06
:1018D000DCE700BF211A040010B50446FFF782FFC1
:1018E00023792279C3F34103013303F00303032B6C
:1018F00008BF002363F3420214BF03F12500252033
:101900002271FFF717FA002001F076F9BDE81040C8
:1019100001F0EEB970B5C36804461E68F6F7D4FF4F
:1019200005463046FFF7F2F900232D1AC4E90053AB
:10193000238120460121BDE87040E8F71DBD00BFAE
:10194000814208B50DD00B6913B16FF08B0008BD53
:10195000084B1360FFF7BAFB002809DB6FF00A00A1
:1019600008BD054800F06AFE00F040FF002008BDF9
:1019700000DEF3E715190400D918040010B548B1CA
:101980000C46FFF7BBFB00280BDB2046BDE81040F0
:10199000FFF78CB9044800F051FEBDE8104000F09C
:1019A00025BF00DEF1E700BFAD19040030B50446E5
:1019B00085B0FFF709FA0DF10F012046FFF798F9FE
:1019C00008B105B030BD054601F062F822790095F6
:1019D000C2F34103013303F00303032B08BF0023C9
:1019E00063F3420222712B46032229462846F6F76A
:1019F000E5FE94F90430002B04DB2046FFF7F0F9F4
:101A000005B030BD054B0122294628469C60F5F7FC
:101A100067FC0028F1D000DEEFE700BF540C002087
:101A20002DE9F843044600F023FFC0B248B9FFF7A0
:101A3000CBF92146864800F001FEBDE8F84300F0EE
:101A4000D5BE00F037FF054601F036F8074601F035
:101A50003DF801F013F8EDB2064600F0F3FFFFF792
:101A6000B3F9002DE5D00120F7F762FD0546002807
:101A700000F0C18023791A07C3F3C10866D42A7F16
:101A800012F00F01F6B266D16A7F052AD1D9252A54
:101A9000CFD803F02103202B40F0A380962001F043
:101AA0002BF8002000F018FF0320F7F741FD074650
:101AB0000028BED0F7F756FD4FF6FF73FB800523D5
:101AC0003B71002E40F0BE807F227B7E3A766FF322
:101AD00000037B7639463868F7F76EFD00F0F8FEB4
:101AE0000278032161F3030202702A7F0178C2F3B6
:101AF000801262F3C7110C22017042702279C9B2C0
:101B0000C2F3801262F38611024602F8021BD4F877
:101B10000510C0F80210B4F809109180D5F81E2005
:101B200082606A8C828100F03FFE00F097FE002800
:101B300040F08C8001F0DCF82379464843F0010343
:101B400023712146BDE8F84300F078BDFFB2002FB5
:101B50003FF46FAF93E7062996D04527CF4017F0A3
:101B600001073DD1012948D004297FF462AF6A7F83
:101B7000063A1F2A3FF65DAFDB077FF55AAF00F04C
:101B8000A7FE2B7F0278C3F38013B3EBD21F7FF441
:101B900050AF0830062205F11E0109F02DFB002888
:101BA0007FF447AF6B7F002B3FF443AF0320F7F781
:101BB000BFFC054600283FF43CAFF7F7D3FC4FF6D7
:101BC000FF73EB8005232B718EB97F206B7E287607
:101BD00067F3000328686B762946F7F7EDFC28E7E2
:101BE0006A7F063A1F2A3FF624AF0027DEE700F09F
:101BF00035FFC0B2EAE700DE3CE7697F0C297FF4DD
:101C000018AFC3F38013B3EBD21F4FEAD21910D031
:101C1000B8F1010F7FF60DAFB9F1000F3FF409AF36
:101C200095F8293003F0C003402B7FF402AF012761
:101C3000BCE7062205F12401601D09F0DDFA002849
:101C4000B4D0E5E700F00AFFC2B23EE700DE71E77C
:101C5000591804006D1804000020704700207047D8
:101C600010B582B00446FFF731FA002809DB084AB4
:101C70000849094800940023F7F7D6FD18B902B0C7
:101C800010BD00DEF3E77730F9D000DEF7E700BFE4
:101C9000BD1704007D19040041190400F8B505467C
:101CA000FFF792F8F7F784FD044600283FD0214B58
:101CB000214A1B781178A27920485B0001F00101CC
:101CC00003F002030B4322F0030213431C4A018872
:101CD0001278A18001202070A371227219B195F9A8
:101CE0002730002B04DB2846BDE8F840FFF778B822
:101CF00095F82C30C3F30213022B16D0042B0CBF23
:101D00004FF4BC77282700F0E7FF064600F0EAFF13
:101D1000361AE660EA6BC4E904270023EB636B64C0
:101D20002846BDE8F840FFF75BB81827EBE700DE70
:101D3000BDE700BFCB460020CC4600201246002065
:101D4000C946002008B500F0BFFD02780346012116
:101D500061F301021A70002008BD00BF0020704727
:101D6000704700BF30B40849084A094D094C0A4879
:101D700000230B8013700949094A2B8023700370DC
:101D80000B70137030BC704712460020CD46002007
:101D900014460020CC460020CB460020CA46002036
:101DA000C9460020814207D091F82C305B070BD543
:101DB0000B4B188840B97047094A0A4B12881978AA
:101DC0001AB941B100DE03E0064B1B78002BF9D1B4
:101DD0006FF08B00704701221A706FF00F00704790
:101DE00014460020CA46002038B50D4678B3044694
:101DF000FFF784F9002847DBE2682389518B93833E
:101E000001330B4492F927105383002913DBF7F7B2
:101E1000CFFC002836D0837923F00303002243F05F
:101E20000203012101708280837102722846BDE89D
:101E30003840FEF73BBF2089136B916B00FB0333E7
:101E40000B44516B8B4228BF0B469363DFE791F93C
:101E50002730002B0ADB0D48294600F0EFFB00F08D
:101E6000C5FC95F87E301B0708D438BD084B1B888D
:101E7000002BF0D1074B01221A70ECE7BDE8384087
:101E800001F018B800DEC6E700DEB5E79D1C0400CF
:101E900014460020CB460020F8B506460120F7F78F
:101EA00047FB024670B30021517796F86750B6F8A9
:101EB0005A7005F00705284602F11C0400F002FCE8
:101EC00096F87E301B074FEA850210D5391D42F087
:101ED0000102C9B2082000F037FC2246294606F16B
:101EE0007F0000F019FFBDE8F84000F057BCF9B2E0
:101EF000082042F0010200F027FC2046BDE8F8402F
:101F000000F04CBC00DECEE738B50446FEF74AFFD1
:101F1000244AA08913880133138000F0EDFD94F862
:101F2000662094F86700C2F3C00300F0070002F0D7
:101F30000702002100F018FD2046FFF7ADFF00F07A
:101F40008DFC60BB00F0E2FE258A034694F8670032
:101F50000D35012100F007001D4400F035FC94F818
:101F6000673003F00703022B054416D0042B0CBF87
:101F70004FF4BC73282394F86600C0F3C00100F04E
:101F800007001D4400F01CFC281A00F077FE2146D3
:101F90000548BDE8384000F051BB1823EBE700DEF0
:101FA000D0E700BF14460020C1200400F8B50F465A
:101FB00090F86610B0F8586001F007040546C1F3C8
:101FC000C001204600F07EFB95F87E30A200DB06C3
:101FD00042F00102F1B20DD50431C9B2082000F07F
:101FE000B3FB394605F1A00000F0EEFEBDE8F84075
:101FF00000F0DABB082000F0A7FB3846BDE8F84047
:1020000000F0D2BBF0B5054683B001AA806E0F4642
:10201000E96EF5F7F7F895F87E305A07064638D49A
:1020200048B3019C95F87D3095F87C2004341C441D
:1020300012B9627885F87C2033B12378012262F3EB
:102040000103237095F87D3095F87C20D31A6370D6
:102050002846FAF79FFA637883422AD960700121F3
:10206000237803F00F03002243EA01132370A270C8
:102070003C6003B0F0BD43F0040385F87E3000F00F
:1020800023FC044623786FF3041323703C6003B0F1
:10209000F0BD43F0040385F87E3000F015FC0446E3
:1020A000002EEFD0037843F0100303703C6003B0C0
:1020B000F0BD3268EB6E9A42D1D10021D0E700BF6B
:1020C0002DE9F04182B0044600F0D2FBC0B250B915
:1020D000FEF770FEAA48214600F0B0FA02B0BDE853
:1020E000F04100F083BB00F0E5FBC5B200F0C6FC98
:1020F000FEF760FEA34A1388012003441380F7F71C
:1021000017FA8046002800F0E9802DBB9E4B1F780F
:10211000002F6AD1012201A920461A70FFF772FF31
:1021200094F92730002BC0F2958100273D46974B4C
:102130001B78002B62D1E08900F0DEFC94F8670088
:1021400000F0070000F0C8FB9148214600F076FA45
:1021500000F0CEFD019E58E094F87E3098F81C20E7
:1021600003F00101C2F38000884200F0938094F9EB
:10217000272081F0010161F30003002A84F87E30FA
:1021800005DA94F82C3043F0080384F82C3094F8E6
:102190007E305D0700F1A780D4E91A0101AAF5F7A6
:1021A00031F80546002800F0A48094F87D20019BBA
:1021B0001344597971B194F87E30D8060AD5D4F811
:1021C000B0300133C4F8B030D4F8B43043F1000378
:1021D000C4F8B43094F87C300A44D2B29A42C0F0C9
:1021E000948000F0B98000DE83E0013FFFB201A9D6
:1021F00020461F70FFF706FF002F91D1019E604817
:10220000214600F01BFA00F00FFC94F87E20337892
:1022100062F3C303337094F87E303278C3F3400323
:1022200063F38202327031462046FFF7BFFE00F0B2
:1022300015FB002867D100F04FFD78B1A5B1A08A49
:102240004FF6FF73984200F084802946FAF72EF982
:1022500077B902B0BDE8F041F7F7A6B900F030FD5C
:1022600000F034FD002DEAD117B902B0BDE8F081CD
:10227000F7F778F9032388F80430A38AD8F8000028
:10228000A8F806304146F7F77FF902B0BDE8F04103
:10229000F7F78AB90025C2F3C002C3F340039A429C
:1022A00036D00027384A3B4B0021117020460122CE
:1022B00001A91A70FFF7A6FE94F92730002B1EDB48
:1022C00098F81C30DA063FF532AF019E3378DB0612
:1022D0003FF52DAF7378002B91D028E700DE002D5D
:1022E0003FF414AF38E76FF3820384F87E3000F0D8
:1022F000EBFA94F87E3098F81C200025CBE7636C4D
:10230000002BDDD07AE700DE95E784F87D20F0E74A
:102310000320F7F70DF90028C3D094F87E3083F03E
:10232000020384F87E3098F81D30002BB9D094F861
:102330007E30190730D40127B4E700F0C1FC00F06B
:10234000C5FC002D91D0A08A4FF6FF7398424FD163
:10235000002700DEA08A78E70022A4F87C20E06E47
:1023600004F16801F4F756FF019B1B682B60019B89
:102370001D60019D94F87E3098F81C208BE700BF0B
:102380009D1C040012460020CD460020CA460020B5
:10239000091F0400CC46002000F05AFD002857D049
:1023A00000F07EFD002840D1D4F88F30D4F893207F
:1023B000134305D198F81C3003F00303032B1DD001
:1023C000284B2948022221461A7000F037F900F004
:1023D0000DFA00F043FA78B900F07EFC0028ACD08A
:1023E000002D3FF442AFA08A4FF6FF7398422CD0E5
:1023F0002946FAF75BF82CE700DEEDE700F068FA13
:102400004378272B0146DBD80333DAB208F11C00EE
:10241000E5F7A6F8D4F88F30D4F89320013BC4F840
:102420008F3042F1FF33C4F89330D4F88F300D4A27
:102430000133C4F88F30D4F8933004F18F0143F1A5
:1024400000034B600123137075E700DEA08ACFE71D
:1024500000DEA5E7676C0FB93D4668E600273D46FC
:10246000CCE600BFC94600209D1C040010B582B018
:102470000446FEF72BFE002809DB084A08490948F4
:1024800000940023F7F7D0F918B902B010BD00DEB0
:10249000F3E77730F9D000DEF7E700BF11A50200BF
:1024A000E91D0400A51D04004FF080530246D3F837
:1024B000A410013107D04FF08051D1F8A00010F0E6
:1024C000010009D17047D3F8A8304FF6FF719BB2D5
:1024D0008B42F0D100207047D1F8A4301360D1F8BE
:1024E000A8301371C3F3072363F03F035371D1F88E
:1024F000903001331CD0D1F89430013318D0D1F88A
:102500009830013314D0D1F89C30013310D0D1F879
:102510009030C2F80630D1F89430C2F80A30D1F8C1
:102520009830C2F80E30D1F89C30C2F8123008E072
:102530000023C2F80630C2F80A30C2F80E30C2F8E2
:1025400012300120704700BF00234FF0805203601B
:1025500043608360C360D2F88030013318D0D2F872
:102560008430013314D0D2F88830013310D0D2F83F
:102570008C3001330CD0D2F880300B60D2F884302C
:102580004B60D2F888308B60D2F88C30CB607047CB
:1025900000230B604B608B60CB607047054B4FF4A2
:1025A00080320021C3F80815C3F84423C3F804237C
:1025B000704700BF00B00040054B1878421C1A70ED
:1025C00018B9044B01221A6070470120704700BF00
:1025D000CE46002000B00040074B187848B10138C3
:1025E000C0B2187018B9054B01225A60704701201B
:1025F000704700DE1878F2E7CE46002000B00040B9
:10260000014BD3F80405704700B00040024B00F5C1
:10261000A87043F82010704700B00040044BD3F876
:10262000103123B1034A044B10681B6818477047E8
:1026300000100040E83E0020EC3E0020024A034B20
:1026400011601860704700BFE83E0020EC3E00209B
:102650004FF080434FF0FF320021C3F8002EC3F843
:10266000042EC3F8081EC3F80C2EC3F8101EC3F8BE
:10267000142EC3F8182EC3F81C2EC3F8202EC3F84E
:10268000242EC3F8282EC3F82C2EC3F8302EC3F8FE
:10269000342E7047084B094810B44FF49051002471
:1026A0004FF41052C0F81845C3F80018C3F80428B6
:1026B0005DF8044B704700BF00F00140001000407F
:1026C000704700BF054B02280CBF0421032140F2D4
:1026D0000122C3F81015C3F85026704700100040BF
:1026E000014BC3F80C05704700100040014BC3F8C4
:1026F0000805704700100040084B00F07F00C3F849
:102700005405D3F8182522F00072C3F81825D3F821
:10271000182542F00072C3F81825704700100040D9
:10272000084A00210123C2F82C15C2F83035C378BD
:10273000C2F824358178038843EA01431B02C2F8BA
:102740001C35704700100040C2F38203A3F102035E
:1027500002F00302B3FA83F3013A5B091B06022A73
:1027600098BF43F4801300F00F000A4A184340F466
:102770008070C2F81405D2F81805074B0340C2F860
:102780001835D2F81835194341F44031C2F81815FC
:10279000704700BF001000400000F8FE014BC3F876
:1027A0000405704700100040014BC3F80405704752
:1027B0000010004002280CBF28202920704700BFCD
:1027C000012070472920704702280CBF05200A20ED
:1027D000704700BF014B01225A6070470010004053
:1027E000014B01221A607047001000400C4B0D484D
:1027F0000D4910B44FF41064C3F8084501224FF49A
:1028000080245A60DA60C0F84843084CC3F8084591
:102810000020C1F800020A615DF8044B704700BF58
:1028200000F0014000B0004000100040C001700EF8
:10283000094B0022C3F80021D3F80011C3F804218A
:10284000D3F80411C3F80C21D3F80C11C3F81021EC
:10285000D3F81031704700BF00100040034BD3F88D
:102860000001003818BF0120704700BF0010004071
:10287000034BD3F80C01003818BF0120704700BF8C
:102880000010004001207047034BD3F85005B0FA08
:1028900080F04009704700BF00100040044B40F238
:1028A0000312C3F83425C3F83805C3F83C15704744
:1028B00000100040034BD3F80004003818BF01207B
:1028C000704700BF0010004000487047E83D0020FE
:1028D00000487047E43C0020F0B41D4B1D4D1E4ED7
:1028E0001E4C1F4F0322C3F800222A78C6F86875D1
:1028F00002F10C03DBB2D000DB00910003F1804356
:1029000000F1804003F5F83300F5F83001F1804123
:10291000C6F86C0501F5104104EB82041148C3F8B8
:102920001045C3F81405D1F840352D2B8ABFD1F8D6
:10293000403501232D3BC1F840350132064B4FF4A1
:10294000106102F00102C3F804152A70F0BC704750
:1029500000100040CF46002000F0014040910040B0
:102960000C110040041000402DE9F041284E294C84
:10297000294FDFF8ACE0DFF8AC800323C6F8003263
:102980002178CEF8688501F10C03DBB2DB00CD00C5
:1029900003F1804303F5F83305F1804507EB810728
:1029A00005F5F835CEF86C554FEA810CC3F8107573
:1029B00049F63465C3F814654AF2B813022A18BF01
:1029C0001D460CF1804C42F2B84241F28833022895
:1029D00018BF13460CF5104C104A2B44A2FB0323DE
:1029E000DCF84025B2EB931F85BF9809DCF8403531
:1029F00001231B1ACCF840350131094B4FF410620A
:102A000001F00101C3F804252170BDE8F08100BF89
:102A100000100040CF46002040910040D34D62108E
:102A200000F001400C1100400449054B03204FF415
:102A30001062C1F80002C3F808257047001000407A
:102A400000F0014000207047034AD2F8003243F4FE
:102A50008873C2F80032704700100040014BD3F871
:102A60004805704700100040034B0022C3F81C21AA
:102A7000D3F81C31704700BF00100040034BD3F85F
:102A80001C01003818BF0120704700BF0010004033
:102A9000034AD2F8403623F0FF03C2F840367047AD
:102AA00000100040034B0022C3F81421D3F8143166
:102AB000704700BF00100040034BD3F814010038EA
:102AC00018BF0120704700BF00100040014BD3F831
:102AD00010047047001000400449054B054A4FF4AC
:102AE0008020C1F84803C3F80825704700B00040B3
:102AF00000F00140C001700E034B044A1B7803F53F
:102B0000A87342F823007047CF4600200090004091
:102B1000F0B4A2F574232F4DA3F51073AB42044615
:102B200006D902F1E87202F5D432013902F5A57234
:102B3000294B2A482A4D2B4E0127DF600027C3F876
:102B40000475A0FB02020427C3F81075900C02273D
:102B5000C3F80875244AC3F84005C5F848154FF472
:102B60008021C5F844134021C2F84065C2F84435BD
:102B7000C2F804154CB34FF48013C2F804351B4A55
:102B8000012100240423D160C2F80445C2F81035A5
:102B9000154BC2F8084511601549C3F850150C32A1
:102BA000C3F8542502F5AF32124CC3F8584502F56C
:102BB000FC7201F50041C3F85C2538310832C3F8D6
:102BC0006015C3F86425F0BC70474FF40013C2F8D9
:102BD0000435D4E7BFBDF07F0080004083DE1B4397
:102BE00000B0004048B1004000F0014000900040BB
:102BF0000C1100404091004070B4154B0122DA6482
:102C0000D3F84C25E8B103F5B8334FF48011C3F87D
:102C100004150F4B11460026012502E0D3F8404170
:102C20006CB9C2EB4102C3F84061501CD3F84011AB
:102C3000C3F84005DD64D3F84C158A42EED370BC6E
:102C40007047044B4FF40011C3F80415E1E700BFCF
:102C50000080004000F00140014BD3F84805704768
:102C600000B000400349044A01234B600B615360EC
:102C70001361704700800040009000400449054BFC
:102C8000C1F844054FF08862C3F80425704700BFBF
:102C90000080004000F00140054B06480649074A05
:102CA000C3F84805C3F84C15C3F80425704700BFA6
:102CB00000F001400011004040800040800000040E
:102CC000014BD3F84405704700800040014B186069
:102CD000704700BFE03C0020014B1868704700BF00
:102CE000E03C0020014BD3F84005704700800040D5
:102CF000024B4FF00062C3F80425704700F001401A
:102D0000014BD3F84805704700800040014BD3F8D1
:102D10004805704700800040244B30B40024C3F8BD
:102D200000450224A142C3F80045054634D003F50E
:102D300080334FF000711E4CC3F804151B491D4B26
:102D4000C1F80445D3F81835DBB21F2B03D9FF2B8C
:102D500029D0191F00E01B21144B1748C3F8181580
:102D600000241649C3F80855C3F80C05C3F810250C
:102D7000C3F81415C3F80042C3F80041D3F800218A
:102D8000C3F80441D3F80421C3F808410122D3F861
:102D900008111A6030BC7047094B0A4C4FF00071A3
:102DA000C3F80415CAE7FB21D6E700BF00F00040D6
:102DB0000100000100100040E43C0020D43B002052
:102DC00000F001400100010130B41C4B1C4C1D4AB5
:102DD0000025C3F8005505460220C3F80005C3F8D6
:102DE0000445D2F81835DBB21F2B03D9FF2B22D0B4
:102DF0001A1F00E01B22114B1348C3F818250024AA
:102E0000C3F808550122114DC3F80C15C3F810057D
:102E1000C3F81455C3F80022C3F80041D3F80011D9
:102E2000C3F80441D3F80411C3F80841D3F80811DA
:102E30001A6030BC7047FB22DDE700BF00F00040A5
:102E40000000010100100040E43C0020D43B0020C1
:102E500038B5114C0223C4F80433D4F8043163B9F3
:102E60002025EFF3118085F31288BFF36F8F0CF0EC
:102E700007F9D4F80431002BF3D0074B074A02209E
:102E80004FF40041C3F80803C2F88011D3F80801D9
:102E9000B0FA80F0400938BD00F0004000E100E0E9
:102EA000034BD3F80004003818BF0120704700BF5F
:102EB00000F00040034B012100229960C3F8002577
:102EC000704700BF00F000400139012905D80B20F0
:102ED0000AB1ECF745BEECF751BE00DE704700BF0B
:102EE00029B10139012905D80B20ECF75BBE182068
:102EF000ECF758BE00DE0020704700BF88420FD0BC
:102F0000012807D002280DD1A1F10100B0FA80F00C
:102F100040097047A1F10200B0FA80F04009704703
:102F20000120704700207047012904D0022902D0F7
:102F300039B100DE7047064B4FF40062C3F8002140
:102F40007047034B4FF08072C3F80021704700BFF9
:102F500000E100E008B511F065F808BD032803D8CA
:102F6000054B185C28B1704700DE034B185C002845
:102F7000F9D100DE704700BFAC580500013810B42D
:102F80001C46042806D8DFE800F009131D270300BB
:102F9000042935D000DE5DF8044B70470429F9D1CF
:102FA0001B4B9C605DF8044B02210020F4F798B99C
:102FB0000329EFD1174B01219C605DF8044B0846B3
:102FC000F4F78EB90429E5D1134B9C605DF8044BEE
:102FD00002210120F4F784B9032909D00429D9D1A9
:102FE0000E4B02219C605DF8044B0846F4F778B95B
:102FF0000B4B9C605DF8044B01210220F4F770B983
:10300000084B9C605DF8044B02210320F4F768B97B
:10301000C40C0020B40C0020A40C0020840C002060
:10302000940C0020740C002001460020FFF7EEBA3B
:10303000124B30B40121044600205960C3F8044506
:10304000C3F80001C3F80401196005E0D3F80421B6
:1030500032B9D3F804251AB1D3F80021002AF5D0EB
:103060005960D3F80421002AE7D1D3F80455002D84
:10307000E3D0C3F8042530BC704700BF00E0004037
:1030800070B5114C0126D4F8045566600E20ECF79B
:1030900075FDD4F8040140B10021C4F80411D5E94C
:1030A0000E323046BDE870401847D4F8003143B1C5
:1030B000C4F80001D5E90E3205F12001BDE87040E9
:1030C000184700DE70BD00BF00E0004070B58CB056
:1030D0000E4615460146102268461C46F4F760F875
:1030E00010220DEB02003146F4F75AF86846FFF75C
:1030F0009FFF25B1102208A92846F4F751F82CB1FA
:1031000008AD0FCD20606160A260E3600CB070BDBF
:10311000F8B50369BFF35B8F03F1A005D3F8A030C6
:10312000BFF35B8FC3F38003994200AF0C4617D106
:10313000174A184B6E4688B0002908BF13466A46E6
:103140001549C2E905134FF400739383134B42F8FA
:10315000103F134800234FF4E451EBF717FDB54639
:10316000BFF35B8F5CB155E8003F43F0040345E8D3
:103170000032002AF7D1BFF35B8FBD46F8BD55E89A
:10318000003F23F0040345E80032002AF3D0F6E7BD
:10319000787F05003F8105007F7F05000300000167
:1031A000244D05002DE9F0470546D0F808A08946D2
:1031B00090461F460EF0D6FF0446D0B1067FF307B7
:1031C0000AD590F820301848184A01210BF036FE35
:1031D0006FF07700BDE8F0873B46424649460EF067
:1031E0007BFF48B994F82030114A0F4801210BF0B9
:1031F00025FE6FF01200EDE79DF8203084F8218065
:1032000026F00606678484F824302677DAF818302A
:10321000214628469847227FB0FA80F35B0963F382
:1032200000022277D6E700BF244D0500917F0500FC
:10323000AB7F050070B5054686680EF093FF044627
:10324000D8B1037FDB0709D490F820300C480D4A31
:1032500001210BF0F3FD6FF0770070BD0146F369BB
:103260002846984738B1237F03F00103227F63F398
:1032700000022277F1E70346F8E76FF01200ECE76F
:10328000244D0500CD7F0500F8B587680546FB6B2A
:103290000C46984728690EF053FFD8B121462846BE
:1032A0000EF060FF0646C0B1037F9B0706D090F882
:1032B00020300B4A0B4803210BF0C0FD346824B1C9
:1032C000BB68314628469847044628463B6C9847D9
:1032D0002046F8BD4FF0FF34F7E76FF01204F4E733
:1032E000E87F0500244D05002DE9F341D0F8088062
:1032F0001746D8F83C3005460E4698470C48002241
:1033000000233946ECF78AFF044670B9094A0A4897
:1033100000963B4601210BF09BFD2846D8F8403033
:103320009847204602B0BDE8F0810676F5E700BF79
:10333000B013002009800500244D05002DE9F84355
:103340000E460C7E497E0569C907D5F88020D5F860
:10335000A43000AF3ED5002C4BD1F268B2F8068005
:103360000BB32E4A2E4803210BF068FDD5F8A4308C
:10337000012B15D1E94688B0D5F8A8306A4629490D
:10338000C2E90513032342F8103F254823464FF4B2
:10339000C651EBF7FBFBCD46D5F8A800ECF7BCFF18
:1033A0000023C5F8A430C5F8A860B8F1000F2ED0EE
:1033B000F3681C78E4090134D5F8A4309C4204D1A8
:1033C000194A174802210BF030FDC5F8A440BD464C
:1033D000BDE8F8836CB9012B1BD0042B14D1338AC0
:1033E000002BE9D0114A02210D480BF01EFD0624E6
:1033F000E2E7052B0FD0022B04D182F0040202F089
:103400000404D9E7032B06D0094A0121ECE7032481
:10341000D2E70524D0E70024CEE700BF33800500C3
:10342000244D05004D800500918005006480050055
:10343000718005004FF08053D3F83021082A06D15F
:10344000D3F83431052B04D8034AD05C70470020F0
:1034500070470120704700BF3282050010F0080F4E
:103460000B4B42B20CD100F00F00002A4FF01402B7
:1034700002FB0033B4BFD3F80806D3F8080770473F
:10348000002AB4BFD3F8A806D3F8A807704700BF36
:1034900000700240F8B50246EFF31185202383F354
:1034A0001288BFF36F8F00F008070FF048F901266C
:1034B000864012F07F0F1E4B6FEA060432D057B1E0
:1034C0001A6822401A601B4BC3F86C6485F311889C
:1034D000BFF36F8FF8BD184F396821FA00F0C007AD
:1034E0000AD419682140196014490B68120654BFA8
:1034F000234033430B60E6E72140396051B2C943B2
:1035000022F08000C90F00F2DA30090101EB40011E
:103510000848C0F80018D0F8041841F00201C0F8BB
:103520000418DEE7196821401960002FCBD1DBE7D2
:10353000783F002000700240743F00207C3F002054
:10354000EFF31180202383F31288BFF36F8F0A4BB0
:10355000D3F8001C032261B949F27531C3F8001C8D
:10356000C3F8142DC3F8001C80F31188BFF36F8FCC
:103570007047C3F8142DF7E700E00640EFF3118021
:10358000202383F31288BFF36F8F0A4BD3F8001CFC
:1035900061B949F27532C3F8002CC3F8141DC3F8A1
:1035A000002C80F31188BFF36F8F70470022C3F89F
:1035B000142DF6E700E0064070B502460FF0BFF8A4
:1035C000EFF31185202383F31288BFF36F8F531E0F
:1035D0000124062B04FA00F40FD80E4E0E4B31686E
:1035E0001B680B43C34013F0010306D10B4802F5DF
:1035F0009472214340F822303160094A1368234312
:103600001360084B8022C3F8042185F31188BFF3AF
:103610006F8F70BD743F00207C3F0020007002401F
:10362000783F002000E100E0F8B50306044623D40B
:1036300010F0080720D100F00F02920002F1804242
:1036400002F51C32D2F84434B3B1EFF311862023D3
:1036500083F31288BFF36F8F0FF071F8084DC2F833
:10366000A074012303FA00F12B6823EA01032B6005
:1036700086F31188BFF36F8F024BC3F81845F8BD6E
:103680007C3F00200070024008B591F820300122F4
:1036900003F00F0013F0800F02FA00F2134B14D066
:1036A000D3F8100510421AD091F820301A070AD426
:1036B0000E4AC2F80C3543F48073C2F80C3591F809
:1036C0002000FFF7B1FF002008BDD3F81405104219
:1036D000EAD1D3F814050243C3F81425E4E7D3F87C
:1036E00010050243C3F81025DEE700BF007002405A
:1036F00091F82030054A13F07F0F0BBF012343F4EC
:1037000080735365C2F8183500207047007002407E
:1037100038B504460D460FF004F8A8B129462046F6
:103720000EF0EAFF20460EF0F5FF10B12846ECF748
:10373000F3FD29462046FFF701FE064B1B7813B91F
:10374000054B01221A6538BD20460EF0F1FF002816
:10375000E4D1E7E7D64600200070024008B5054AEC
:10376000054803210FF01FF80FF0F7FF04F034F9BC
:10377000002008BDA88005002C4D050038B545681F
:103780002C4654F8040B01F0FDF80B4B0022186096
:1037900001212720ECF714FA204604F0E3F805F1A4
:1037A000080004F025F90FF0D1FF044A0448032172
:1037B0000EF0F9FF002038BD303F0020B180050039
:1037C0002C4D05000146014810F0C6BE58120020DD
:1037D00008B5054B1970054B1B7813B10420FFF792
:1037E000F1FF002008BD00BFD4460020D5460020D0
:1037F0002DE9F04F514AD0F81080064689B0504864
:1038000003210EF0D0FF4F4B1E6008F1840010F032
:1038100031FA00220023CDE9062300246FF00703CC
:10382000CDE90334CDE90144474B484900964FF4B4
:103830000072474806F004F9464F47494448DFF80C
:1038400038B110F0F5FBBA69444B134043F48203DE
:1038500043F04003BB61B9464FF0280A87F8204087
:10386000394630460EF090FC3D4A054678B13D4A57
:10387000334801210EF097FF284609B0BDE8F08FCC
:103880008B690BEA030313438B612837E6E70134A6
:10389000092C10D00AFB0491082C8B7E43F04003C6
:1038A0008B76EDD1D9F858312F4919402F4B0B4366
:1038B000C9F85831E9E72E4C2E4BA269DFF8A8A0D1
:1038C000DFF8A8B0134043F4041343F04003A361AE
:1038D0000746A14667F07F0384F820302146304632
:1038E0000EF052FC244A05460028C0D10137092FAA
:1038F0001AD0282101FB0791082F8B7E43F020036B
:103900008B7608D1D9F858310AEA030343EA0B034E
:10391000C9F8583106E08B69134043F4C02343F0E3
:1039200040038B612834D5E798F8803023F0760384
:1039300043F0760388F880309EE700BFBD80050025
:103940002C4D0500803F0020153B0400805B0020CB
:10395000B8200020EC400020C58005000000BEFF1C
:1039600040000600CE8005000000F7FFFF010800C0
:10397000843F00200000DEFF0000F9FF38B50D464F
:103980002846114614460EF033FC95F82000802896
:1039900009D1238A3BB9637E5B0704D54020FFF73A
:1039A00011FF002038BD0EF0CAFE014602480EF09D
:1039B00008FF0120F3E700BF5842002008B5074A7E
:1039C00091F82030C2F80C3543F48073C2F80C35FE
:1039D00091F82000FFF728FE002008BD007002408B
:1039E00010B591F820404FF0FF324FF0FF331248EE
:1039F00005F080FD2046FFF74DFD04F00F02012386
:103A000093400E4A14F0800F14BFD2F81015D2F86C
:103A100014156FEA030315BF0B400B40C2F81035B5
:103A2000C2F81435044805F02BFD054B8022C3F87D
:103A30000421002010BD00BF1012002000700240C1
:103A400000E100E00346024A024801210BF0F6B90A
:103A5000EA8005002C4D0500012810B5014602D072
:103A6000022807D0A0B90C4BBDE81040186800220E
:103A70000EF0D0BB094B0A4C00221A70094BC4F857
:103A800000332720ECF76CF80123C4F8043510BD8F
:103A9000BDE81040FFF7D6BF803F0020D34600208E
:103AA00000700240FDFFDF0170B5054691F820600F
:103AB0000C464FF0FF324FF0FF33124805F01AFD6D
:103AC0003046FFF7E7FC0F4805F0DAFC0E4B80228A
:103AD000C3F8042120460EF072FB014650B16FF08E
:103AE000700228460EF0A2FB204600210EF047FB94
:103AF000002070BD94F82030044A054803210BF0E3
:103B00009DF9F1E71012002000E100E001810500BD
:103B10002C4D05002DE9F04FC74FC84D85B0044628
:103B20004FF0FF384FF0FF390022CDE900894FF008
:103B3000FF31384610F017FD4FF0FF31384610F0D6
:103B40000EFD10F0080F824633D0BD4ABD48032158
:103B50000EF029FEBC4842464B4605F0CBFCEFF385
:103B60001182202383F31288BFF36F8FB74B1B782A
:103B70007BB1D5F8003413F400730AD10121C5F8E4
:103B80002C15D5F82C15D5F80014890548BFC5F8B3
:103B90002C3582F31188BFF36F8FAB4805F070FCB2
:103BA00001212046FFF7B4FA0022032120460EF03F
:103BB00031FB1AF0100F0DD0A54AA24803210EF0D8
:103BC000F2FD00212046FFF7A3FA00220221204641
:103BD0000EF020FB1AF0200F0DD09E4A99480321C9
:103BE0000EF0E1FD00212046FFF792FA00220221AB
:103BF00020460EF00FFB1AF0020F52D11AF0010FFF
:103C000010D0BFF35B8F944B002253E8006F43E862
:103C100000210029F9D1BFF35B8F4FF00108002E7E
:103C200040F0B4801AF0400F0AD0802120460EF0F8
:103C300099FA0EF0C0FA014610B12046FFF768FD70
:103C40001AF0040F3FF46CAF002120460EF08AFA00
:103C50008021804620460EF085FA064640460EF04A
:103C6000AEFA08B1ECF758FB30460EF0A8FA08B1EE
:103C7000ECF752FB002140460EF081FA304600215D
:103C80000EF07DFA0822002120460EF0F5FB0646D4
:103C9000002840F09280714A6A4801210EF083FDAD
:103CA0003EE76F4BBFF35B8F002253E8008F43E882
:103CB00000210029F9D1BFF35B8F4FF00109B8F162
:103CC000000F9BD098FAA8FBBBFA8BFB09FA0BF309
:103CD000BBF10F0F28EA030816DDABF11006F6B2B0
:103CE000314620460EF03EFA02900EF064FA83460A
:103CF00098BB5C4A5348334601210BF09FF831468C
:103D000020460EF03AFDDAE74BF0800631462046B9
:103D10000EF028FA02900EF04EFA50B9524A494875
:103D2000334601210BF08AF8314620460EF00FFD94
:103D3000C5E70390002102980EF021FA039BBBF126
:103D4000000F04D119462046FFF7E2FCECE7002201
:103D5000194620460EF06AFAE6E7029800210EF0B6
:103D60000EFA6EB920465946FFF7E8FA20460EF0E3
:103D7000D8FC0028C3D0594620460EF052FCBEE7BE
:103D80000022594620460EF051FAB8E796FAA6F3FB
:103D9000B3FA83F308FA03F20F2B26EA020606DDD4
:103DA000A3F11001C9B220460EF0E7FC37E743F05B
:103DB000800120460EF0CBFC31E70EF01BFAD5F85F
:103DC0008014F368C9B21970D5F88424D2B25A703D
:103DD000D5F88804D5F88CC440EA0C2058801FFA26
:103DE00080FED5F89004D5F894C440EA0C20988061
:103DF000D5F89804D5F89CC440EA0C201FFA80FC42
:103E0000D8801A4809B9052A0DD0DFF868C0002209
:103E10000270D5F870149CF800C08C4534D1144B56
:103E200000221A7040E001220270BCF1000F23D082
:103E30003046ECF771FA73E6581200200070024029
:103E40001A8105002C4D050010120020D3460020D9
:103E50003181050047810500584200207C81050022
:103E6000544200205F81050001810500D6460020F4
:103E7000D5460020D44600200EF07F025A8083F8F9
:103E800004C083F805C0CAE7DFF8A4C01A70012196
:103E90008CF80010017005215970D5F87014598004
:103EA0001A715A719A71DA71082106F10C000BF03F
:103EB000B2F920463146FFF741FA20460EF023FCC6
:103EC00020B31A4B4FF0000883F80080F368414696
:103ED0002046B3F806A00EF045F941468146524609
:103EE00020460EF0C9FA014648B148460EF080F966
:103EF000414620460EF041FC0123EB6410E66FF0D2
:103F00000B02314620460EF091F909E620460EF0EC
:103F100001FC30B1054B802220461A700EF0A7FB41
:103F2000FEE520460EF0C9FBFAE500BFD2460020B0
:103F3000D54600204FF08053D3F83031082B02BF14
:103F4000024B0022C3F81C2C704700BF00700240D7
:103F50002DE9F04105464FF0FF324FF0FF33414865
:103F600005F0C8FA404B8022C3F884212720EBF7E4
:103F700019FEA8B13D4F3E4B3C681B68240C24043D
:103F80001C434FF00108002C37D13A4E40F2FF138A
:103F90003B602720C6F80445EBF7F0FDC6F8004368
:103FA000354A13788BB1334B0021C3F80811012136
:103FB000C3F80026C3F804165960D3F80811002985
:103FC000FBD00021C3F8081111702A4B0024C3F85C
:103FD0000045FFF7AFFF234805F052FA2146284677
:103FE000FFF728F9F0B1254A254801210EF0DBFB47
:103FF0006FF004052846BDE8F08194FAA4F6B6FAFD
:1040000086F60F2E3346C6BFA6F11003D8B243F092
:104010008000030701D4FFF73DFA08FA06F624EA08
:104020000604B0E728468021FFF704F9054600287A
:10403000D9D1144B14491E6830460AF078FD10F1AE
:10404000780F044603D130460AF04DFD0446002C9B
:10405000D0DA0E4A0A48234601210AF0EFFE25462F
:10406000C8E700BF1012002000E100E07C3F002004
:10407000783F002000700240D04600209981050062
:104080002C4D0500303F0020203F0020BC81050062
:104090002DE9F04F414BDFF83081D3F8542187B040
:1040A000C2B10022C3F85421D3F80423910211D5E0
:1040B000D3F8C034002BD8F8003014BF4FF00122E1
:1040C0004FF480721343364AC8F80030136823F067
:1040D00001231360314BD3F8604134B10022C3F89F
:1040E0006021D3F86C44C3F86C44D3F828214AB15A
:1040F0000022C3F828212B4B18780EF020FB012357
:1041000083401C43284B1D7893F900102B0732D4B1
:104110000029B4BF254B264B05F00F029200134433
:104120001A68002A5BD000221A602846FFF796F929
:10413000204B1A7800F0010050401870FFF7FAFE8B
:104140001D4B28461A680EF0FAFAC240D7070646F9
:104150003CD4002916DA882D06D1014617480EF006
:1041600030FB0220FFF72EFB0D4A01231168B340FC
:104170000B43136030E0124B124A13EA210338BF9D
:104180001346CDE701460D480EF01BFB0220FFF75A
:1041900019FB013D062DE7D91EE000BF007002406B
:1041A000743F0020D2460020D14600200871024012
:1041B00030710240D0460020783F00205442002059
:1041C0002C710240507102407C3F0020002D40F0D5
:1041D000FE80B54B0122DA64B44805F051F99CB178
:1041E000D8F80030B24AB34FDFF8E49224F001214E
:1041F0000B43C8F80030136823EA01031360A4B22C
:104200000126002C40F0E780A74BD3F800217AB1BB
:104210000024C3F80041A84BA84AA9481C700321F8
:104220000EF0C1FAA34B2246186804210DF0F2FFEC
:104230009D4BD3F858212AB30022C3F85821D3F854
:104240000044C3F80044E00505D59B4B012208203B
:104250001A70FFF7B7FAA10505D5974B0022102079
:104260001A70FFF7AFFA62050CD5934B1A784AB172
:1042700000221A708C4B0122C3F8082520209A6571
:10428000FFF7A0FA884B8F4CD3F85C31F3B1874B22
:104290009B681BB98C4B1B785B0617D0824B0022A6
:1042A000C3F85C212368824A23F001132360D8F805
:1042B000003023F4803343F00103C8F80030136862
:1042C000042023F001131360FFF77CFA2568D8F867
:1042D00000301D4078D0744BD3F82C45002C73D19E
:1042E00072480022002305F005F900286CD115F072
:1042F000012314BF93FAA3F595FAA5F5B5FA85F550
:104300000F2D88BFA5F110096A4B8CBF5FFA89F9A0
:1043100045F08009186849460DF024FF04900DF01F
:1043200065FF4FFA89F3039309F008030593039B94
:10433000002B064609F00F0A80F28C80049B048A49
:104340005B8CC768C3F30A039C4207F0604B73D9C8
:10435000BBF1005F1C4605D039465C485B4F1A46EE
:10436000E3F7FEF84FF080530121D3F83031082BEA
:1043700002BF4D4B8222C3F81C2CD8F80030059A9E
:1043800001FA05F523EA0503C8F800304E4B83F81F
:104390000090454B002A40F0B180039A002A4FF06C
:1043A000140202FB0A32A9BF0AF10A0A03EB8A03CC
:1043B000C2F80077C2F80447AFBF43F82A10C2F82A
:1043C0000076C2F80446596007B0BDE8F08F0029B6
:1043D000BFF6DFAEC8E694FAA4F5B5FA85F506FA9D
:1043E00005F345F080052946386824EA03040DF0FA
:1043F000B9FE0DF0FBFE82462846FFF72FF8014676
:104400000AF10C000AF040FFBAF81030002B7FF4DC
:10441000F8AE50460DF0F5FE18B150460DF0F5FE21
:10442000EFE628460EF08BF9014648460EF0C9F932
:104430000220FFF7C7F9E4E60DF0E3FEBBF1005FF1
:10444000064605D039462148204F2246E3F788F832
:1044500016B387E7038A56F80C7F059A1F44124B60
:10446000002A37D0D3F8C0B41BF4803F36D0304692
:104470000AF02EFF4FF0000B214630460AF0CBFE2B
:10448000049B5A8CC2F30A025A4505D130460AF001
:104490001FFF00287FF466AF0A4901220B68AA407B
:1044A00023EA02030B605DE7007002401012002057
:1044B000743F0020803F0020D3460020D3810500B8
:1044C0002C4D0500783F0020D1460020343F0020CD
:1044D000544200200AF5947253F822B030460AF094
:1044E000F7FE5845044607D20C4A00905B460C483C
:1044F00001210AF0ADFCBFE75C46BDE7039A002A44
:10450000B5BFC3F8A076C3F8A077C3F8A446C3F834
:10451000A447B4BF5962996456E700BFD98105002A
:104520002C4D0500EFF31183202282F31288BFF394
:104530006F8F174A12781AB3164AD2F82C15F9B1B0
:104540000021C2F82C154FF08052D2F83021082AF1
:1045500005D083F31188BFF36F8F002070470E4A98
:10456000D2F8000CC02140B949F27530C2F8000CF5
:10457000C2F8141CC2F8000CEBE7C2F8141CE8E700
:1045800083F31188BFF36F8F6FF00A00704700BF8D
:10459000D34600200070024000E0064073B50022C0
:1045A0000092114640230446FEF7FCFD024648B146
:1045B000604A614801210EF0F6F86FF004042046CD
:1045C00002B070BD0090402320468021FEF7EAFD36
:1045D00004460028ECD15949594B4860C86001266F
:1045E00018688E600AF028FA051E07DA554A524804
:1045F0002B4631460AF022FC2C46E0E7EFF311850A
:10460000202383F31288BFF36F8F4F4B4FF4006268
:10461000C3F80024FEF70EFF08B1FEF791FF4FF03C
:104620008053D3F83031082B18D1EFF311802023B9
:1046300083F31288BFF36F8F444BD3F8001CC02262
:10464000002970D149F27531C3F8001CC3F8142C4D
:10465000C3F8001C80F31188BFF36F8F3A4B01221F
:10466000C3F80025D3F800241205FBD54FF40062EF
:10467000C3F800244FF08053D3F83031082B17D102
:10468000EFF31180202383F31288BFF36F8F2F4B3A
:10469000D3F8001C002949D149F27532C3F8002C27
:1046A000C3F8141CC3F8002C80F31188BFF36F8F7C
:1046B000FEF7C0FE30B1FEF761FFFEF7BBFE08B1AA
:1046C000FEF73EFF4FF08053D3F83031082B1E4BDE
:1046D0000AD140F2E372C3F800284022C3F804284C
:1046E000BFF36F8FBFF34F8F8022C3F81C250122C9
:1046F000C3F83025164B40F2FF121A60154B00210B
:104700001960154B1960154B1970FFF713FC144B0A
:104710001970FEF78FFE08B1FEF730FF85F31188A0
:10472000BFF36F8F4BE7C3F8142C93E70022C3F855
:10473000142CB9E7F88105002C4D0500203F00201E
:10474000303F00201A8205000070024000E0064061
:104750007C3F0020783F0020743F0020D04600209E
:10476000D2460020084B70B5C31A0D4607499B106E
:1047700004465943064840220EF03FF82B460146B6
:104780002046BDE87040184770420020B76DDBB688
:104790005446050073B50C4C0C4A4023041B00938F
:1047A0000D460B460A49A4106143064609480EF01F
:1047B0004FF8011E05DA30462B4602B0BDE87040C6
:1047C000184702B070BD00BF70420020B928050034
:1047D000B76DDBB65446050010B5EFF31184202306
:1047E00083F31288BFF36F8F074A136823F0020127
:1047F000DB07116002D401200EF006FF84F311885C
:10480000BFF36F8F10BD00BFC0420020002270B503
:10481000012104461046EBF7D3F90F4802F00CFCD7
:104820000E4B984215D102F017FC26690C49304610
:104830000AF0EFF800280BDB0125356424690849EC
:1048400004F11C000AF0E5F8002801DBE564002013
:1048500070BD6FF00400FBE7694904000000AD0B78
:104860001C5905007FB500220123CDE9022304ABCA
:10487000CDE90433094ACDF800D06B46CDF804D019
:104880000EF013F8002805DB4FF480420023684641
:1048900004F030FE07B05DF804FB00BFD928050026
:1048A00030B4104B0C2202FB003301460020D3E948
:1048B0000E529863EFF31180202484F31288BFF323
:1048C0006F8F1C6C04F0C00444F002041C6480F37D
:1048D0001188BFF36F8F1DB12B46034830BC1847BA
:1048E00030BC7047704200205446050010B4EFF30E
:1048F0001182202383F31288BFF36F8F1848016859
:1049000041F002040460C80708D482F31188BFF3A1
:104910006F8F01205DF8044B02F0B6BB4FF0804171
:10492000D1F80C04D1F80C14C907EED5EFF31180BF
:1049300083F31288BFF36F8F0A490B6C03F0C00337
:1049400043F002030B6480F31188BFF36F8F82F38F
:104950001188BFF36F8F00205DF8044BFFF7A0BFF5
:10496000C04200207042002010B1012804D07047DE
:10497000034B1B6C5B0701D1FFF792BF704700BF71
:1049800070420020024AC3B21C2003FB0020704783
:1049900070420020094BBFF35B8F53E8002F42F0B9
:1049A000010143E800100028F7D1BFF35B8F9307A4
:1049B00002D4012002F068BB704700BFC042002053
:1049C00010B5EFF31184202383F31288BFF36F8FA8
:1049D000074A136823F001019B07116002D40120EC
:1049E0000EF012FE84F31188BFF36F8F10BD00BF6D
:1049F000C04200202DE9F0413849BFF35B8F0746E4
:104A0000012251E8003F41E800200028F9D1BFF31E
:104A10005B8F33B9324933484B60CB608A600AF010
:104A20000BF87B1E012B2BD8012F07D14FF08043B1
:104A3000D3F81C3403F00303012B21D00FF0F2FA5A
:104A40000546F8B9284B1B78E3B14FF080430222AA
:104A5000C3F808230646DFF894804FF08044D4F86A
:104A60001824D4F81834D20315D503F00303012B0E
:104A700001D0012F0FD155B386F31188BFF36F8F8B
:104A8000BDE8F081EFF31186202383F31288BFF392
:104A90006F8F0125DFE7ADB130460AF0F1FAD4F8A7
:104AA0001835002BDBD1D4F80421002AD7D0C4F864
:104AB0000431D4F804310123C4F81835C8F8803122
:104AC000A360CCE7002121200FF06AFBE7E74FF05D
:104AD00080430222C3F80423D2E700BF6C420020C7
:104AE0005C4200208C4200200B47002000E100E0E7
:104AF00008B507480EF0CBFF38B10648EBF7F4FADB
:104B00000448E9F7FFFB002008BD6FF01200FBE747
:104B1000C0460500194B04000A2838B5074D044665
:104B200004D1AB680D215B6828469847AB68034801
:104B30005B68E1B29847204638BD00BFC04605001B
:104B4000EFF31182202383F31288BFF36F8F0A4B98
:104B5000D3F8001161B10021D3F80805C3F80011A2
:104B6000D3F80031C0B282F31188BFF36F8F704762
:104B70006FF00A00F7E700BF00D00040F0B5034631
:104B800010469C7893F803C0EFF31182202585F33B
:104B90001288BFF36F8F1F7893F801E0E41B04EADB
:104BA0000C04A04288BFA0B23E180CEA06063D469F
:104BB0001E7082F31188BFF36F8F0A188A4216D1D4
:104BC00077450CD1EFF31182202181F31288BFF3D6
:104BD0006F8F1978597082F31188BFF36F8F1B792B
:104BE000241AA34222BF064B01221A60F0BD5E19AF
:104BF0000135767901F8016B05EA0C05DEE700BFA7
:104C000000D00040DB432DE9F04713F001050E46CC
:104C1000144604D02248FFF7B1FFBDE8F0879AB3ED
:104C2000EFF31188202383F31288BFF36F8F0D20D9
:104C3000EAF7B8FF07460D20EAF7A0FF88F31188CE
:104C4000BFF36F8FDFF85CA0DFF85C80CAF800511B
:104C5000DAF800314FF400590123CAF80030254634
:104C6000C8F88091DAF8003183B1FFF769FF031EBD
:104C7000C8F88091F6DB013DADB27355002DF1D13E
:104C800017B10D20EAF76CFF2046C6E7EFF311805D
:104C9000202383F31288BFF36F8F0AF0F1F9E1E765
:104CA000F442002000D0004000E100E02DE9F04196
:104CB000124F0D46144607F1450814B92046BDE8C9
:104CC000F0814FF0FF334FF0FF32384604F012FC12
:104CD000224629464046FFF751FF0646384604F073
:104CE000CFFB3EB94FF0FF324FF0FF33044804F0E2
:104CF00001FCE6E7A41BA4B23544DEE7C442002071
:104D0000DC42002038B5194C0122114620460FF034
:104D10009AF80122002104F118000FF094F840F2F3
:104D20000743A4F848304FF0706323630C2384F8E2
:104D3000343000250E4B84F84550A4F84650D3F883
:104D4000042542F00102C3F804250121C3F80051F3
:104D5000D3F80021C3F804132A4619600D20EAF79E
:104D60002FFF0D20EAF7FCFE284638BDC442002084
:104D700000D0004010B5FFF7E3FE002820DB174B02
:104D800093F8322093F8314093F83310141B31EA32
:104D90000404C0B20DD193F8472093F8464093F82D
:104DA0004810141B31EA04040BD10D4B01225A6048
:104DB0000EE09C180132114084F8350083F832105F
:104DC00010BD9C180132114084F84A0083F8471046
:104DD0000448BDE8104004F053BB00BFC4420020AB
:104DE00000D00040DC420020F0B516464268107B3F
:104DF00001F01F0444EA4014106987B0002872D003
:104E0000B6F5001F02F1100506D1214628460EF026
:104E10008CFC002007B0F0BD01A80027B6F5800F7C
:104E20000197476039D1B3F1007F14BF05230423F4
:104E30008DF804300023CDE904030393936823FA2B
:104E400001F111F001010DF103073ED1B6F1A07F90
:104E50003BD104F01F03620903F5E07328D0012A57
:104E600047D1254A52F82330DB072ED43A46214653
:104E7000284602F0F3FB214B98421CD0029703AA6C
:104E80002146284602F0AAFA1D4B98422ED1012253
:104E90002146284602F03AFCBBE7B3F1C06F05D0CB
:104EA000B3F1007F14BF01230223C1E70323BFE74F
:104EB0004FF0A042D6E73946284602F01FFC104BBF
:104EC0009842DBD06FF00B00A4E73A462146284613
:104ED00002F0C4FB0A4B9842D1D19DF8031028463A
:104EE00002F004FCCBE76FF0850093E76FF015004C
:104EF00090E751F82330FFDE000300500400AD0BB3
:104F00000000AD0B70B545682B690646B3B110358E
:104F1000284602F0E1FB044680B90146284602F02B
:104F2000B7FB0B4B98420FD10A492246284602F0A4
:104F30008FFB224605210620EAF742FE304606494D
:104F4000BDE870400AF045B86FF0040070BD00BFC6
:104F50000000AD0B5D4F040089290500420970B5C2
:104F6000034602D0012A17D070BD0D4E3269516838
:104F70000029F9D003F01F0301250C689D4000298A
:104F8000F2D08A682A4002D04B68304698472CB14C
:104F9000236821461C46F2E7024EE7E72346F8E77E
:104FA0009C460500784605002DE9F043466840F22E
:104FB0000635D006337B87B002EA050554BFC2F33D
:104FC0004010032001F01F07B5F5837F144647EA20
:104FD00043178DF8030045D00FD8062D18D007D8F9
:104FE000B5B1022D40D06FF0150007B0BDE8F083D9
:104FF000B5F5807FF7D101250AE040F20222954203
:1050000034D0B5F5407F33D0B5F5007FEBD1022524
:105010000123220303FA01F12CD57368C3F80815A4
:10502000326982BB07F01F037F0929D0012F77D196
:105030003E4A02EB830284F48033D2F80017C3F3B4
:105040000043C4F3404444EA430421F4E16144EAE8
:10505000800421F0070144EA05230B43C2F800371E
:105060000020C2E70725D3E70425D1E70525CFE7D0
:105070000325CDE7630344BF7368C3F80C15CFE77E
:105080004FF0A042D5E710360DF102023946304606
:1050900002F0E4FA14F4403F80460CD13946304621
:1050A0000EF041FB224B9845DAD19DF802103046B4
:1050B00002F01CFBD4E701AB4FF0000903AA39460C
:1050C0003046CDE90439CDE90199CDF80C9002F0D4
:1050D00085F9174B984286D114F4003315D09DF80A
:1050E00003308DF80E3084F48034C4F300444B4612
:1050F00003AA394630468DF80C508DF80D4002F069
:1051000029FA0B4B9842CDD06DE7CDE9043303AAC1
:105110000DF1030339463046039302F05FF9F0E7DF
:1051200003F5E07352F82330FFDE00BF00030050A8
:105130000000AD0B02780B69012A08D0022A08D0C2
:105140004AB9064A5A6303F11C0004F099B9044AAB
:10515000F8E7044AF6E7044AF4E700BF0000AD0BA5
:105160000100AE0B0200AE0B0100AD0B2DE9F04FBC
:10517000D0F81090D0F8048085B005460C4617464C
:10518000029309F1040A4FF0FF324FF0FF3350460B
:1051900004F0B0F909F11C0B00230022584604F07A
:1051A000A9F9404602F0D6FF7B1E00260393B742C2
:1051B00001D8002322E0039B217AB34283BF237DE1
:1051C00083F00403C3F3800300230193029B009345
:1051D000D4E90023284600F093F8034670B94FF451
:1051E00080420023584604F085F998B1404602F009
:1051F000C1FF284600F072F86FF0040340460293A6
:1052000002F0B8FF504604F03BF9029B184605B087
:10521000BDE8F08FD9F83430034A934204F10C040E
:10522000EAD10136C3E700BF0000AD0B80B500AF87
:1052300088B06A46094BC2E905304FF40073938386
:10524000074B42F8103F074800234FF4E251E9F7BB
:105250009DFC6FF00F00BD4680BD00BFD1820500F0
:1052600003000001944C050010B504464068234635
:10527000826900F1080102F029FF054B984204D031
:105280002068BDE81040FFF7D1BF002010BD00BF6F
:105290000000AD0B08B5CA07436800690AD4C1F322
:1052A0004202012A09D0022A0FD00A4A0A480121E3
:1052B00009F0BBFD6FF0150006E01B684FF0CC72E3
:1052C000C3F824250160002008BD1B684FF0CD62A3
:1052D000F6E700BFF1820500944C050008B543686D
:1052E0001B68D3F80805D3F80C1503F08DFC034BAD
:1052F000984214BF6FF00F00002008BD0000AD0BF6
:105300002DE9F04186B00C4647689DF8348015467B
:10531000002112220DF106001E4606F01DF8BDF810
:1053200030208DF8052004F0010314F008028DF8F8
:1053300004300296049509D0124A1348012109F05D
:1053400074FD6FF0850006B0BDE8F081A10705D4BB
:10535000B8F1000F11D1002BF3D1202201A938465A
:1053600002F056FF094B984209D00B3398420CBF0C
:105370006FF00F006FF00400E5E74022EEE7002039
:10538000E1E700BF03830500944C05000000AD0B6E
:1053900002780B69012A08D0022A08D04AB9064AC5
:1053A0001A6303F1180004F06BB8044AF8E7044AE2
:1053B000F6E7044AF4E700BF0000AD0B0100AE0BB6
:1053C0000200AE0B0100AD0B2DE9F04F89B002AF2A
:1053D0009346BB6003693B614368D3F828A09B8B6D
:1053E000FB604FF0FF324FF0FF3305460C460DF0E7
:1053F0004DFB3B6918337B6100237869002200264E
:1054000004F078F833465E4501D3002340E0207A6B
:10541000010700F1958001365E45D4F800E00BD21B
:10542000820709D4227D80EA020C0CF0010C02F004
:1054300004025CEA020C08D023B90EF06042B2F11B
:10544000005F3FD04FF0000801E04FF001086268B4
:10545000F96803EB020C8C4524D96C468CB02868A3
:1054600002A9394ECA61C1E90563FB680A46C1E970
:10547000083040F203530B85344B42F8103F0023B1
:1054800033484FF45151E9F781FB6FF01B03A546F8
:1054900028467B610DF0FDFA7B691C371846BD4636
:1054A000BDE8F08FC10706D40AEB030071467B60AC
:1054B000E2F756F87B6862681A4493B2B8F1000FBD
:1054C00027D1D3B9D4F80090A3884FF00008BA6868
:1054D000217A009228464A4600F08AF8031ED7DB5C
:1054E0004FF480427869002304F004F840B1284664
:1054F00000F032F86FF00403CAE79846D146E6E7B9
:105500003B69144A1B6B9342F4D1237ADB0702D424
:1055100000230C3477E7CA45FAD123460AE0A8EB0A
:105520000201D8687B601FFA81F819FA81F1E2F76D
:1055300017F87B685A689045A3F10C03EFD2E7E7B0
:105540006FF08503A4E700BF298305000600000172
:105550009C4C05000000AD0B73B5446823680DF149
:105560000701D3F80855D3F80C6509F01DFD9DF827
:10557000073013B9204602F0B3FF3146284603F046
:1055800043FB9DF80710054629B9606A0DF084FABF
:10559000204602F095FF044B9D4214BF6FF00F00B0
:1055A000002002B070BD00BF0000AD0B08B5CA07F7
:1055B00043680AD4C1F34201012909D002290ED05F
:1055C000094A0A48012109F030FC6FF0150005E096
:1055D0001B684FF0CC72C3F82425002008BD1B685F
:1055E0004FF0C862F7E700BFF18205009C4C050050
:1055F000F0B589B047680C461646002112220DF11D
:105600000E001D4605F0A8FE04F001038DF80C30D5
:10561000BDF838308DF80D30BB8D0495AB42069641
:105620000AD210480093104A2B46012109F010FCC1
:105630006FF01B0009B0F0BD84F00202C2F340021B
:10564000520103A9384602F0ADFF084B984207D03B
:105650000B33984214BF6FF004006FF00F00E9E7BE
:105660000020E7E79C4C05000F8405000000AD0B0F
:10567000B0B5456800AF2B6A04469847686A0121B7
:105680000DF00AFA2346AA6905F10801284602F03E
:10569000DDFE104B984217D023686C4688B06A46EE
:1056A0000D49C2E905134FF4007393830B4B42F885
:1056B000103F0B4800234FF4E251E9F767FA6FF00F
:1056C0000400A546BD46B0BD0649204609F081FC50
:1056D000F8E700BF0000AD0BD18205000300000118
:1056E0009C4C0500E32A050013B50DF10701446841
:1056F00009F05AFC9DF8073003F0FD03012B08D098
:105700000648074A012109F090FB6FF00F0002B034
:1057100010BD204602F018FF0020F8E79C4C050061
:1057200056840500036803F01F025B09026004D081
:10573000012B034818BF002070474FF0A04070476E
:10574000000300502DE9F04FDFF89491DFF894A1A9
:1057500085B01546834600EB810140F2FF1859459C
:1057600003D1002005B0BDE8F08FDBF800305E0407
:10577000C3F3C322C3F3080400F1AC801B0E19F875
:105780000270444508BF4FF0FF34222B00F2A58081
:10579000DFE803F012191F22252B22A3A3A3A33BAA
:1057A00068A3A3A3A3A3A3A3A3A36B818487A3A399
:1057B000A38A9194979A9D00C5F80C45601C5ED110
:1057C0000BF1040BCBE7C5F81445621CF8D000269A
:1057D0005FE0C5F80845F1E7C5F81045F5E7631C3B
:1057E000C5F80845ECD0002604E0661CC5F80C4559
:1057F000E6D0012603A80394FFF794FF039B012240
:1058000002FA03F3C0F80C3508E0C5F80845002F8C
:10581000DBD1631CD4D0002632460627DBF80030EB
:10582000019303F40040002818BF002203A800924F
:1058300018BF01260394FFF775FF039C019B009A94
:1058400000EB8400C3F3412CD0F800473B0243EA4D
:105850008C03134304EA0A04234343EA4603C0F8D3
:105860000037ADE7C5F80C45D1E7C5F86045601CC9
:10587000DBF80030A4D0C3F30043002BB9D003A859
:105880000394FFF74FFF039B012606FA03F3C0F8CA
:1058900008353246C2E7C5F86445E8E7C5F868450B
:1058A000E5E7C5F86C45E2E7C5F82445621C87D0FA
:1058B00000220126B2E7C5F828457FE7C5F8304544
:1058C000F4E7C5F83445F1E7C5F83845EEE7C5F823
:1058D0003C4573E76FF0150044E76FF0850041E742
:1058E00064840500F0F8FCFF38B570B1074C084A35
:1058F0004FF400450021E0FB054100232046E2F77C
:10590000ADFBBDE838400EF04BBC38BD3F420F0048
:1059100040420F00F0B583B0446800AF05460DF07B
:1059200001F9A06A002854D00EF0B1F80346C0B9BE
:10593000A26A6C4688B011686A462748C2E9050128
:105940004FF400719183254942F8101F24484FF409
:10595000E251E9F71BF96FF01200A5460C37BD467E
:10596000F0BDE38DA06A94F82C1043F40032D0F817
:1059700010C0D0F808E013F0010F4FF00106DCF87A
:10598000003006FA01F614BF3343B343CCF80030BD
:10599000DEF8003098470028E0DBA06A94F82C403D
:1059A00006698368391D5B689847002807D0D5DBF6
:1059B000011E18BF012128460DF02DF9CEE77B68A6
:1059C00032685A400123A3401A4214BF012000202C
:1059D000EEE70146EFE700BF6C840500030000011D
:1059E000F44C0500014B01221A60704700C00040D2
:1059F0000C2903690BD1DB6A064907484B4393FB2B
:105A0000F0F100FB113311605360002070476FF01C
:105A10008500704790D0030040420F00044B00699E
:105A20000022C3F80021D3F8003103F029BD00BFE4
:105A300000C000407FB505692B6B63B3422901D0DC
:105A40000C292BD105F118064FF0FF324FF0FF3330
:105A5000304603F01BFC134B0193286B03230024F7
:105A600069460394029308F0E7FF4FF0FF324FF0CE
:105A7000FF33284603F03EFD286B09F034F80A4B4B
:105A8000D3F80825EA6201225A60304603F076FC1A
:105A9000204604B070BD6FF00A00FAE76FF0850091
:105AA000F7E700BFE559040000C0004010B50469E5
:105AB0000020FEF767FF20634FF0FF3200212046F1
:105AC0000EF0C1F904F118000EF0D4F80022012103
:105AD0000C20EAF775F80C20EAF742F8024B012295
:105AE000C3F80423002010BD00C00040064A002374
:105AF00032F8021B814201D11846704701330C2B4A
:105B0000F6D16FF015007047F85E050070B50569B5
:105B10002A6A0B01D6680C4603F0F003F02211212B
:105B2000B047002809DB0B2C96BF054B41F6082334
:105B300033F81430EB84002070BD6FF00400FBE7F5
:105B4000F85E050070B505692A6A0B01D6680C4637
:105B500003F0F003F0221021B047002809DB0B2CE2
:105B600096BF054B41F6082333F81430AB84002070
:105B700070BD6FF00400FBE7F85E050073B5436885
:105B80001B6804469847051E05DA3A4A3A4801213F
:105B900009F04BF910E025692B6ADE6880231A466C
:105BA00012212046B047002809DA344A3248012140
:105BB00009F03BF96FF00405284602B070BD48F6C5
:105BC000B8000DF048FF2B6A0DF107029B680F210A
:105BD000204698470028E8DB9DF807306A2BE4D17F
:105BE000002120460DF0CFF80028DEDB244BEB60CF
:105BF00000212046FFF7A6FF0028D6DB042120461F
:105C00000DF0D1F80028D0DB1E4BEB6100212046BF
:105C1000FFF77CFF0028C8DB2B6A0722DE680A2119
:105C200000232046B0470028BFDB2B6A4622DE68EF
:105C3000122144232046B0470028B6DB2B6ADE68D9
:105C400010231A4615212046B0470028ADDB2B6AE9
:105C5000DD6880231A4616212046A8470028A4DBC9
:105C6000204600F0D1F8051E01DA074A8EE700252C
:105C7000A2E700BFFB840500F44B05001B8505006F
:105C80000000744200B8884535850500F8B5064621
:105C900007690D46E1B101292FD1B88CFFF726FF26
:105CA000C1B23046FFF74EFF041E06DA144A15480B
:105CB000012109F0BAF82046F8BDF88CFFF716FF6D
:105CC000C1B23046FFF722FF041EF4DA0E4AEEE7B7
:105CD0003B6AF022DC680B461021A047041E01DA63
:105CE0000A4AE4E73B6AF022DC6811212B46304681
:105CF000A047041EDFDA064AD9E76FF08504DAE729
:105D000055850500F44B0500748505008A8505005E
:105D1000AA85050008B502694368054911625868FB
:105D20000DF0B5FE00280CBF6FF01200002008BD7A
:105D30008C5A050030B4034600295A8AC068197C81
:105D40000CBF4FF400144FF0B86402F0400222433D
:105D5000836805699C697CB1130206D52D6801230F
:105D60008B402B4218BF82F0C062044BA446134004
:105D700030BC02F0B072604730BC70474000000693
:105D80002DE9F3414568D0F81080EB6804460F46D2
:105D900016464BB91A481B4A012109F046F86FF024
:105DA000850002B0BDE8F08100212846FFF7C2FF60
:105DB000C8F83C600EB3C8F8387060680121FFF77E
:105DC000B9FFE8682D7C0669836801A95B6898477C
:105DD00040B9019B32685A400123AB401A4214BFBC
:105DE00001200020002808DD256960680021FFF7F8
:105DF000A1FF05F1400003F037FD0020D1E700BF0F
:105E0000F44B0500D8850500F8B5466805690446D9
:105E1000F0680DF03CFE38B92748284A012109F006
:105E200004F86FF01200F8BD738AF068317C43F417
:105E30008032D0F810C0D0F808E013F0010F4FF016
:105E40000107DCF8003007FA01F714BF3B43BB43FE
:105E5000CCF80030DEF800309847337C184A012730
:105E600007FA03F3C5E90C23F0688368DB6905F1E1
:105E70002C013BB9134A01210F4808F0D6FF6FF0FF
:105E80000400D0E73A4698470028F3DB2B6ADE6827
:105E900003231A460D212046B047002802DA0A4A99
:105EA0003946E9E7094BAC626B6460683946FFF735
:105EB00041FF0020B7E700BFF44B0500EF85050068
:105EC0002F30050005860500228605004B300500B1
:105ED000014909F09EB800BF293305002DE9F041C2
:105EE000044647680D460EF09DF888B14FF0200833
:105EF000EFF311810E4688F31288BFF36F8F60684D
:105F00000DF072F950BB81F31188BFF36F8FEFE78B
:105F1000194B1B78002BE9D04FF0200864266068ED
:105F20000DF062F970B901200DF060FB013EF6D171
:105F3000002121200EF034F9F0E781F31188BFF33E
:105F40006F8FF5E7EFF311810E4688F31288BFF3E8
:105F50006F8F60680DF048F90028EED0BB691D70A6
:105F6000B969012220460DF023F986F31188BFF3A9
:105F70006F8FBDE8F08100BF0B470020F8B500220D
:105F8000054601210220E9F71BFE0220E9F7E8FDA2
:105F90006C680121E0680DF0B8F96B681A68236934
:105FA000C2F82435617D237D0B43A17D0B43C2F8EC
:105FB0006C356E68D6E9004313F001032BD02F69CE
:105FC00007F10C000DF01EFB244B98423DD1387BAD
:105FD00004F10C0204F590710DF00AFB387B0127E7
:105FE00007FA00F000F0C0FF0823C4F80035B369D9
:105FF000C4F844350023C4F84835A760D4F85831B4
:10600000002BFBD00023C4F8003528461449BDE816
:10601000F84008F0DEBF0822C4F80025B269C4F8D1
:106020004425C4F848350123A360D4F82031002B5F
:10603000FBD00023C4F82031D4F820310123E360E1
:106040004FF48073C4F80433D8E7064A06480121A8
:1060500008F0EBFE6FF00400F8BD00BF0000AD0BD0
:1060600029330500498605001C4D05002DE9F8433C
:1060700045680669286A00AF00210DF0FEF9041E8C
:1060800011DB696A481C1AD005F1280000F022FBD8
:1060900010F1130F04460AD1304A314801210DF0A6
:1060A000D2F96FF012042046BD46BDE8F883411DC9
:1060B00005D12C4A2A4801210DF0C5F9F3E7EB6917
:1060C0009847B5684FF00108D6E9023203EBC203E6
:1060D0009D4204D330460DF00DFA0024E3E7286812
:1060E0000DF0D5FC0346B0B92A68297910686C46D2
:1060F0008AB06A461C4DD1614FF4007111841B496E
:10610000C2E9055042F8101F15484FF41151E8F745
:106110003DFDA546C5E728682979EB88D0F810C071
:10612000D0F80890DCF80040DA0754BF43F4B0130D
:1061300083F4D01323F4801208FA01FEDB074CBF6E
:106140004EEA040424EA0E04CCF80040D9F80030EA
:106150009847041EA7DB0835B6E700BF8686050012
:10616000044D0500B1860500CE860500040000013F
:106170007FB50546406829698A6D0B6E0ABBABB1D5
:106180004C6D8B6616461A46C96D0291CDE90046E4
:1061900011B3002B18BF134600226946039301F088
:1061A000BFFD0E4B98420AD06FF004032C692364A4
:1061B00004F1280003F064F9002384F86C3004B083
:1061C00070BD4C6D13B19A4228BF1A46002C8A66E6
:1061D00014BF16460026D7E70B46DDE70000AD0BDF
:1061E00038B503780C4663B98D6E5DB94B6E1C698A
:1061F0006FF07303236404F1280003F041F984F87D
:106200006C5038BD8B6D33B19D4213D9224A23485F
:1062100001210DF018F9236EA26E33B19A4221D9F3
:106220001D4A1E4801210DF00EF9606EBDE8384090
:10623000FFF79EBF5B1B8B6573B94B6C08334B64D8
:106240008B6C013B8B6401F1580204F1440048312E
:106250000DF000F96065DEE74B6D002BDBD02B44C1
:106260004B65D8E79B1A23667BB9E36C0833E3647C
:10627000236D013B236504F1600204F1500104F138
:106280004C000DF0E7F8E065CFE7E36D002BCCD0D4
:106290001344E365C9E700BFF2860500044D05001D
:1062A0002DE9F04F8BB000AFC7E9023243687B6045
:1062B0008B88046989469904804631D44FF0FF32B7
:1062C0004FF0FF3304F1100003F014F9C4F8049008
:1062D000D8F810A0D8F804B09AF86D3023B1DAF8E5
:1062E0000030994500F0DE80B9F8046016F40063D0
:1062F0001DD0B34AB34801210DF0A5F86FF0850514
:10630000236813B19B889B0405D40023636004F1C8
:10631000100003F0B5F828462C37BD46BDE8F08FD5
:10632000A369002BCAD163689945C7D1D0E7F207AA
:1063300016D56D4688B0D8F800106A46A248C2E962
:1063400005014FF400719183A04942F8101F9D4848
:106350004FF4E251E8F71AFCAD466FF01505CFE7B0
:10636000350705D59A4A974801210DF06CF8F4E7F6
:10637000C6F34513082B01D0964AF4E7D9F800502C
:10638000954B9D4201D8954AEDE70BF1080EBEE80A
:106390000F0007F1140CACE80F00DEF80030CCF869
:1063A00000308F4B9D4256D98E4B9D4256D98E4B15
:1063B0009D4256D98D4B9D4256D98D4B9D4256D903
:1063C0008C4B9D422CBF4FF000454FF08045B007ED
:1063D000FD6106F004034DD5002B14BF03230223F7
:1063E00087F82030C6F3001387F82130DBF800303F
:1063F000D3F80835591C12D016F0020F03F01F0015
:10640000C6F340014FEA53134FF0010239D1ABB349
:10641000934240F03781784B8240C3F80C259AF8BC
:106420006D302BB1584601F043FC00238AF86D30E3
:10643000724A534607F11401584601F005FC704AB0
:106440009042034629D06F4A5E48012108F0F6FCCD
:106450006FF0040554E74FF00075B8E74FF0806522
:10646000B5E74FF00065B2E74FF08055AFE74FF06A
:106470000055ACE7003B18BF0123B1E74FF0A04344
:10648000CAE73BB1012B40F000815B4B8240C3F86F
:106490000825C4E74FF0A043F8E701238AF86D30E0
:1064A000CAF80090012384F86C307B68596A4A1C52
:1064B0000AD003F128000DF047F8743004D1524A95
:1064C000404802210CF0BFFFFB68002B40F0A08089
:1064D00063640023A36404F1580204F1480104F149
:1064E00044000CF0B7FFBB686065002B40F099805A
:1064F000E3640023236504F1600204F1500104F118
:106500004C000CF0A7FFE06520680023236448B12D
:10651000037D3BB1012108300CF0D8FF23681869D6
:106520000DF099FA4046FFF723FE0023A06C1A46AF
:1065300082427FD10022256D1146A94240F0818020
:106540009342264638BF13464FF4FA5202FB03F536
:1065500056F8283B4FF4004C1B68B5FBF3F540F2AE
:10656000E730C83500214FF47A720023E5FB0C01B7
:10657000E1F774FD02460B46304602F0BBFF0028EF
:1065800066D0224A0F4801210CF05DFF4FF0000950
:106590007868C4F8689001F08BFB84F86D90D8F8A7
:1065A00010506FF07308C5F8408005F1280002F024
:1065B00067FF85F86C90304602F0C2FF45464BE01D
:1065C00010870500044D05002A870500030000011F
:1065D0004C8705006B87050047E801009A87050096
:1065E0008FD003001FA107003F420F007F841E00D1
:1065F000FF083D0000127A0000030050E161040032
:106600000000AD0BCB870500F28705001C88050054
:10661000FB681B686364002B3FF45BAFFB685B683F
:1066200058E7BB681B68E364002B3FF462AFBB68AC
:106630005B685FE7616C01EBC201013249680B44A2
:1066400076E7E06C00EBC10001314068024474E77A
:10665000256C15F1740F99D02368002B3FF450AED0
:106660001A7D002A3FF44CAE998811F480567FF4CD
:1066700047AE18690DF0EFF92068314608300CF08C
:1066800025FF3DE6C1F80C15FFDE0023C3F80835F1
:10669000FAE700BF00F01F0240090DD001280ED11B
:1066A0000A4B03EB82030A4AD3F80007024042EA8E
:1066B0008102C3F8002770474FF0A043F1E702F5CD
:1066C000E072002353F82230FFDE00BF00030050C9
:1066D000F0F8FCFFF0B587B001238DF802300223FB
:1066E0008DF804306B4403930F4601AB0DF10301A9
:1066F0000024049305460291059400F0FFFF0C4B23
:10670000984206460FD103AA3946284600F066FE95
:10671000B0420BD09DF80310284600F0E7FF6FF061
:10672000040007B0F0BD6FF01200FAE72046F8E76A
:106730000000AD0B70B5012383400E4ABFF35B8FA1
:10674000DC4352E8001F01EA040542E80056002E2F
:10675000F7D1BFF35B8F4FF4803282400648C0F818
:106760000823BFF35F8FBFF36F8F0B4214BF01206D
:10677000002070BD1C4400200010014070B40E4980
:10678000D1E90034D01AC31844F1000422F07F4646
:10679000C1E90034A6F50013B3F5400F09D2074B49
:1067A0001B681A0A1B069C19054B42F10005C3E938
:1067B000004570BC03F004BEA0210020204400204E
:1067C000A821002011B3BFF35B8F0123104A83403F
:1067D00052E800CF4CEA030C42E800C10029F7D18F
:1067E000BFF35B8F0B4A4FF480338340C2F804330E
:1067F000094BBFF35B8F1B68BFF35B8FC340DB07A5
:1068000042BF064B4FF40032C3F80021704700BF6F
:106810001C440020001001401844002000E100E06A
:106820000D4B1868010A0006BFF35F8F0B4BD3F8BE
:106830000435181841F10001B3F5801F0AD2084B46
:10684000D3E90023904271EB030303D210F180706F
:1068500041F10001704700BF2044002000100140BA
:10686000A82100202DE9F04F85B016461F469DF85F
:1068700040A00446FFF75EFF0190FFF7D1FFB04252
:1068800071EB070354D23E4B301A67EB010198427B
:1068900071F100014FD23B4B03EB0413D3E9022308
:1068A0009F4208BF96425ED037494FF4803804F1CA
:1068B000500508FA04F8AD00C1F848832046ADB28F
:1068C0000CF06AFE26F07F4B05F1804504F5A873B5
:1068D00005F58835DC464FF003090293029A2CF047
:1068E0007F4341F82230C1F84483D1F80435274A68
:1068F0006FF00200C01A604420F07F40904232D90D
:10690000286868B1D1F804350393A3EB0B0020F09D
:106910007F40B0F5000F26D920460CF03DFE039BCA
:10692000BAF1000F07D109EB030C09F10109D5E712
:10693000BAF1000F09D06FF0150520460199FFF755
:1069400041FF284605B0BDE8F08F0123104ABFF390
:106950005B8FA34052E8000F184342E80001002972
:10696000F8D1BFF35B8F07490E98230101EB0412A6
:10697000C8500F9B5360C2E902670025DDE700BFE6
:10698000010080009021002000100140FDFF7F00E9
:10699000184400207FB51C4C1C4BC4F80833C4F8C5
:1069A00048331B4B00254FF0FF304FF0FF31C4F848
:1069B0000855C3E902014FF48033C4F80433154B82
:1069C00002264FF400320121C4F804631120C3F8F9
:1069D00080212A46E9F7F4F81120E9F7C1F80E4AB8
:1069E0000123A360236013600C4B0D4A0093CDE993
:1069F000015500232846FFF735FF3046FDF7FAFF23
:106A0000284604B070BD00BF0010014003000F0015
:106A10009021002000E100E01C4400207D6704007C
:106A2000FFFF7F002DE9F7432F4CD4F8043399077B
:106A30000BD5D4F8043143B12C4A0023C4F80431F7
:106A4000D4F80431136801331360D4F80433DA0343
:106A500029D5BFF35B8F264B53E8002F22F00101AD
:106A600043E800100028F7D1BFF35B8FD30702D4AF
:106A7000D4F84031BBB10025C4F84051D4F84031BE
:106A8000FFF7CEFEEFF31182202383F31288BFF3CA
:106A90006F8F184BD3E90267B042B94106D282F337
:106AA0001188BFF36F8F03B0BDE8F0834FF0FF385C
:106AB0004FF0FF39C3E90289D3E900101D604FF49C
:106AC0008033C4F84833C4F84051D4F8403182F3DD
:106AD0001188BFF36F8F0029E5D0009032463B4606
:106AE00028468847DFE700BF00100140204400200F
:106AF000184400209021002030B5431C124C85B072
:106B000005D08442A8BF0446012CB8BF0124FFF77A
:106B100087FE0E4B0C4DD3E90013401AB0F5000F61
:106B200010D22218AA4228BF2A4652184FF000005D
:106B300007490091CDE9010043F10003FFF792FE00
:106B400005B030BD2A46F0E7FFFF7F00A0210020FE
:106B50007D67040008B5FFF763FE024B1B68C01A8F
:106B600008BD00BFA021002010B5084C01236360C0
:106B70001120E9F703F8064BC4F80833C4F848338A
:106B8000044B4FF40032C3F8802110BD00100140C7
:106B900003000F0000E100E037B503460D461C6915
:106BA000406894F825303BBB0B7B022B27D10B6848
:106BB000FBB994F824204B68C2B9144A591E91427B
:106BC00017D823620DF1070101F0BEFF104B984268
:106BD00018D0AB689DF807000BB144F8203094F84A
:106BE0002430013384F8243003B030BD226A9A4245
:106BF000E8D06FF01500F7E76FF00F00F4E76FF0E3
:106C00008500F1E76FF00B00EEE700BFFEFFCF0756
:106C10000200AD0B30B585B00469456800230193CF
:106C2000CA070393236A02935CBF012301938B0776
:106C300058BF019B01A958BF43F00803284658BF1D
:106C4000019301F05BFF074B984208D1284601F001
:106C50006FFF012384F82530002005B030BD6FF0B0
:106C60000F00FAE70000AD0B10B5002244680121C7
:106C70001020E8F7A5FF00231946054A204601F039
:106C800023FF044B984214BF6FF00F00002010BD8B
:106C9000996C04000000AD0B2DE9F0410B4E0C4F38
:106CA0000C464FF001080CB9BDE8F08194FAA4F548
:106CB000B5FA85F556F8253013B129463846984778
:106CC00008FA05F524EA0504EDE700BF2444002096
:106CD0002C4705004FF08053D3F83021082A06D105
:106CE000D3F83431052B02D8024AD05C704700201B
:106CF000704700BF7D880500024AD2F80034002B9F
:106D0000FBD0704700E0014010B54FF08053D3F83E
:106D10003021082A4ED14FF080420021C2F80C11D8
:106D2000C2F81011C2F8381502F54042D3F8041425
:106D3000C2F82015D3F80814C2F82415D3F80C149F
:106D4000C2F82815D3F81014C2F82C15D3F814146F
:106D5000C2F83015D3F81814C2F83415D3F81C143F
:106D6000C2F84015D3F82014C2F84415D3F82414FF
:106D7000C2F84815D3F82814C2F84C15D3F82C14CF
:106D8000C2F85015D3F83014C2F85415D3F834149F
:106D9000C2F86015D3F83814C2F86415D3F83C145F
:106DA000C2F86815D3F84014C2F86C15D3F844340F
:106DB000C2F87035FFF78EFF18B1414B414AC3F856
:106DC0008C26FFF787FF18B13F4BFB22C3F818252D
:106DD000FFF780FF70B14FF080414FF08053D1F842
:106DE000E42ED3F8583222F00F0203F00F031343BE
:106DF000C1F8E43EFFF76EFF20B1344B4FF4007250
:106E0000C3F840264FF08053D3F83031082B09D116
:106E10004FF08043D3F80024D20744BF6FF0010243
:106E2000C3F800242A4AD2F8883043F47003C2F829
:106E30008830BFF34F8FBFF36F8F4FF08053D3F87D
:106E40003021082A0ED1D3F83431052B02D8214A3B
:106E5000D35C3BB14FF01023D3F808224FF08043AE
:106E6000C3F858254FF01023D3F80022002A03DB83
:106E7000D3F80432002B22DA174901234FF01020F7
:106E8000C1F804351224FFF737FFC0F80042FFF7BE
:106E900033FFC0F80442FFF72FFF0023C1F8043589
:106EA000FFF72AFFBFF34F8F09490C4BCA6802F462
:106EB000E0621343CB60BFF34F8F00BFFDE710BD0F
:106EC000005000404881030000F000400090024064
:106ED00000ED00E07788050000E001400400FA05BD
:106EE00030B50468CCB1BFF35B8FB4FA84F3C3F15F
:106EF0001F03DBB201229A4024EA020250E8005F3D
:106F0000A54204D140E8002CBCF1000FF6D1BFF33C
:106F10005B8FE6D102480B7030BD0248FCE700BF32
:106F20000000AD0B0200AD0B10B50368CB40DB07D2
:106F300014D401238B400268BFF35B8F43EA020144
:106F400050E8004F944204D140E8001CBCF1000F0F
:106F5000F6D1BFF35B8FEED1014810BD0148FCE7CD
:106F60000000AD0B0400AD0B014BC3F804057047E6
:106F700000F00140F7B50546F8B101281BD1042205
:106F80004FF4807301464FF0804003440244C0F840
:106F900008130026012111601E608D421B688DF8C8
:106FA000071008BF0DF1070642F210744FF080473A
:106FB00045B1012D29D003B0F0BD0C224FF48273EE
:106FC0000221E0E7D7F8183403F4803366B9002BC8
:106FD000F1D001200CF00AFB013CF3D1EBE70CF0FF
:106FE00005FB013CE4D1E6E7D7F8182402F00302E0
:106FF0003260002BDFD09DF807000128EFD0012D73
:10700000D9D10C4B00225A71D5E7D7F80C3403F4D0
:1070100080333EB9002BF4D001200CF0E7FA013C9C
:10702000F3D1C8E7D7F80C2402F001023270002B2C
:10703000E1D1E6E74C440020044B1A7922B9012241
:1070400018609A8002487047024870474C440020FC
:107050000000AD0B0C00AD0B08B5094B1B682BB144
:107060000020E8F79FFD08B9E8F77AFD4FF080436C
:107070000022C3F81825034B01221A7008BD00BF77
:107080004C4400200947002010B510B1012843D01E
:1070900010BD4FF08043D3F81814D3F81824C80358
:1070A00021D502F00303012B04D013B10020FFF718
:1070B00061FF00234FF080420220C2F818350822F9
:1070C0004FF4827303F180430021196002F1804282
:1070D0001C6801241460154A12680AB34FF08043FB
:1070E000C3F80403D4E7D3F81424D107E1D5D3F8C7
:1070F0001C249207DAD40D4A12681AB10222C3F88E
:107100000423C5E7D3F80421002AFBD00022C3F8EA
:107110000421D3F80431BBE700224FF48073D1E798
:107120001A68002AFCD019601B68B1E74C440020A3
:10713000F8B54FF080431C4ED3F8044301250027D7
:1071400004B9F8BDB4FA84F0C0F11F00830003F560
:1071500080739BB203F1804305FA00F2196892B282
:1071600024EA02040029EBD01F601B684FF0804323
:10717000012AC3F8082305D0022A08D03368C0B218
:107180009847DDE77379002BDAD17271F6E7D3F80F
:107190001814D3F818148907F0D1C3F81855C3F898
:1071A00004239D60CCE700BF4C440020036803F03B
:1071B0001F025B09026004D0012B034818BF0020A6
:1071C00070474FF0A040704700030050034A430946
:1071D00000F01F00D35C1844C0B2704783880500DC
:1071E00070B50546FFF7F2FF0C4C08300E4634F838
:1071F0001030DA0508D5C3F3432304EBC302284655
:1072000054F8333052689847A3682BB1E26831468E
:107210002846BDE87040184770BD00BF54440020A8
:1072200008B5FFF7D3FF034B083033F81000400BCD
:1072300008BD00BF5444002008B5FFF7C7FF034B4B
:10724000083033F81000C0F3400008BD544400205B
:1072500008B5FFF7BBFF034B083033F81000C0F34D
:10726000401008BD54440020034611F0010010B541
:10727000CCB20DD1A207C4F3400012D5094AD2F80E
:1072800020055860C2F82005003818BF012008E02A
:107290004FF0A041D1F820251A60C1F82025002A1E
:1072A000E8D010BD0003005010B5FFF78FFF124A61
:1072B000083032F81030D9051CD5C3F3432123F42C
:1072C000F85322F8103002F10E04002034F8023F87
:1072D00013F4807F03D0C3F3432399420AD00130D3
:1072E0003028F3D1002342F831300448BDE8104083
:1072F000FFF71ABE10BD00BF54440020CC4400204C
:1073000001F18051F0B501F5C2510446114A002047
:107310008900012506468A420BD10F4BD3F87C2108
:1073200032B10022C3F87C21D3F87C3140F0004018
:10733000F0BD02F14043A3F5C2439B0805FA03F3F5
:107340001C4204D0176817B116601768184304323E
:10735000E1E700BF0061004000600040F7B506466D
:107360000846FFF733FF194F00F108050C4637F8C0
:107370001530DB0727D530460CF0B1F92046FFF772
:1073800067FF40B12046FFF74BFF316800F5A27060
:10739000002341F820302046FFF786FF002301A894
:1073A00027F815300194FFF701FF019B00EB8300E4
:1073B000074BD0F80027134043F00203C0F8003712
:1073C000044803B0F0BD0448FBE700BF544400206C
:1073D000F0F8FCFF0000AD0B0400AD0B2DE9FF4100
:1073E000164680460846FFF7F1FE0C463168054612
:1073F00009B32046FFF720FF18B12046FFF728FF0A
:1074000010BB0023CDE900338DF80E308DF80F301E
:107410000DF10F020B4620460DF10E010CF0F6F8AF
:10742000484A05F1080132F8113023F0020343F015
:10743000010322F8113073685BB320461F78596846
:10744000FFF7FAFE10B1C9B13F4825E03D4A05F10A
:10745000080C32F81C3023F02003DB04DB0C22F88C
:107460001C3059B1032FEFD87168D8F80000496873
:107470000978A7B901F5A27140F82170314A05F1E8
:10748000080132F8113023F01C0343EA870322F885
:107490001130B3686BBB2D4804B0BDE8F08100EB40
:1074A000810043EA4133D0F810E52EF0030EC0F816
:1074B00010E5D8F8000000EB810E43F02003DEF861
:1074C000100522F81C3020F44F3020F44070CEF824
:1074D00010052002DEF8108500F47C5040EA0740D9
:1074E00040EA0800CEF8100502EB4100A0F87C400D
:1074F000C4E7D3E900672046FFF7D6FE002ECAD0C6
:10750000104CD4E90023964203D19F4201D10022BE
:1075100009E00F480DF10F01FFF7E2FC0B4B984219
:10752000BAD19DF80F2044F8326004EBC20308354D
:107530005F6034F8153043EA422343F4807324F843
:107540001530A8E7544400200400AD0B0000AD0B3B
:10755000CC4400202DE9F0430C4685B080462046FF
:1075600011461E46FFF732FE054629B32046FFF7B7
:1075700063FE18B92046FFF76BFE18BB314F05F1CB
:10758000080937F8193013F01C0F02D04B78012B83
:1075900018D001238DF80F300023CDE900134A1CC9
:1075A0008B1C20460DF10F010CF030F837F8193024
:1075B00043F0030327F81930002E41D02046FFF78F
:1075C0003BFE18B9204805B0BDE8F08396F800C02E
:1075D000D8F800301B4F0CF5A272002143F822109E
:1075E00005F1080237F8121021F02001C904C90C76
:1075F00027F8121075781DB3D8F80000B67800EBA4
:107600008C002D04D0F8103523F4991323F4F8538B
:10761000C0F81035230203F47C5305F440353605D9
:10762000D0F810E52B4306F4801641EA4C31334381
:1076300041F0200143EA0E0327F81210C0F810357C
:107640000248C0E7544400200400AD0B0000AD0B1D
:10765000014BC3E9021270475444002010B508469C
:107660001446FFF7F5FD50B10846FFF7AFFD054B97
:10767000083033F8103004485B0B237010BD03480A
:10768000FCE700BF544400200000AD0B0400AD0B2C
:1076900070B50E4C94F88C500646A5B96022294668
:1076A00004F1100003F058FE3068C0F87C51D0F8A7
:1076B0007C3140F30730E8F753FA0123044884F89B
:1076C0008C30A36770BD0348FCE700BF5444002022
:1076D0000000AD0B0C00AD0B034B93F88C00003891
:1076E00018BF0120704700BF544400200079024BAE
:1076F00003EB8000FFF718BCC40E00200079024B9A
:1077000003EB8000FFF7ECBBC40E0020F7B5054685
:1077100008461646FFF79CFD0C462968F0B1204646
:10772000FFF78AFD0746C8B92046FFF779FD04B286
:10773000A40004F580728F508A5829682144D1F83A
:10774000102542F00102C1F810252EB1296801224E
:1077500002FA00F3C1F8043303B0F0BDD1F80433EA
:10776000002BA4BF4FF00043C1F804332046FFF7BD
:107770002DFD0F4B083033F81030C3F38203042B78
:1077800012D0052B12D001A80194FFF70FFD019A2A
:10779000D0F81035D34003F00103991C204603B004
:1077A000BDE8F0400BF07BBF0321F7E70221F5E7CE
:1077B000544400202DE9F04F654BD3F80403C0B2C8
:1077C00087B0082140F00040FFF79AFD051E2BDA34
:1077D0000023032104A8CDE90433FFF745FDDFF8BA
:1077E00080A10DF110084FF000094FF0010B1AF8BD
:1077F000013B5849DA0803F007038A5C22FA03F3D5
:10780000DA071CD408F10408B9F1000F14D00021E4
:107810004FF00040FFF774FD032104A8FFF724FD9B
:107820000028DCD125F00045494E4B4F0124002DA6
:1078300078D107B0BDE8F08F4FF00109D7E7474B8B
:107840004B440093D8F800100029DBD0009B91FA3C
:10785000A1F11C78B1FA81F141EA44142046FFF706
:10786000B5FC3D4B0394083033F81070C80801F0A4
:10787000070118F800200BFA01F122EA0102BB0807
:1078800008F8002003A80193FFF790FC039A019BDE
:1078900002F5E072C7F3820650F822205B073746F4
:1078A000C2F3014223D520463946D6B2FFF798FCF1
:1078B00003A80394FFF77AFC039B03F5E07350F8E9
:1078C0002330C3F301439E4207D1002120460BF031
:1078D000E6FE314620460BF0E2FE03A80394FFF7D4
:1078E00065FC039B0BFA03F3C0F82035AAE7022AD4
:1078F0000CD1032120460BF0D2FE06F00503012B2C
:10790000EBD139462046FFF76BFCE6E70221204623
:1079100001920BF0C4FE032EF3D0019A032ADCD1AE
:10792000022EEDE795FAA5F3B3FA83F304FA03F216
:1079300025EA020503F5A27207EB430356F822106D
:10794000B3F87C00C1F30141FFF74AFC6FE700BFC9
:1079500000600040605B05005444002093880500EF
:107960009388050010B5184C237853BB0278C2F3F6
:107970004003920712D54FF08053D3F83021082AE4
:107980000BD1D3F83431052B07D8104AD35C23B17F
:107990004FF080430122C3F8382601234FF0804284
:1079A000C2F88035037803F00103C2F8783500206F
:1079B000E8F7F8F808B9E8F7D3F80123044823708A
:1079C00010BD0448FCE700BF0A4700209588050069
:1079D0000000AD0B0C00AD0B4FF080434FF4607214
:1079E000C3F80823014B00221A607047E4440020CA
:1079F00008B5FFF7F1FF03680BB1014A136008BD3A
:107A0000E444002010B54FF08043D3F804436207EC
:107A100007D54FF484700BF08DFE10B11E4B1B6820
:107A20009847A30608D54FF48A700BF083FE18B16F
:107A30001A4B00201B689847600608D54FF48C70DD
:107A40000BF078FE18B1154B01201B6898472106F2
:107A500008D54FF48E700BF06DFE18B1104B00205E
:107A60001B689847E20508D54FF490700BF062FE52
:107A700018B10B4B01201B689847A3050AD54FF49A
:107A800092700BF057FE28B1054BBDE810401B6803
:107A90000220184710BD00BFEC440020E84400203D
:107AA000E444002001460148FFF71ABAC80E00203E
:107AB000036803F01F025B09026004D0012B034836
:107AC00018BF002070474FF0A040704700030050DF
:107AD00007B5019001A8FFF7EBFF019B00EB8300C6
:107AE000054BD0F80027134043F00303C0F80037DC
:107AF00003B05DF804FB00BFF0F8FCFF73B5CB7B6F
:107B00000446002B38D10B7B0878012B77D80BF07B
:107B10003FFE0B78019301A8FFF7CAFF019B00EB22
:107B200083003C4BD0F80027134043F00103C0F81A
:107B300000374878FF2804D00BF02AFE4878FFF77A
:107B4000C7FF8B78FF2B0FD001A88D7B0193FFF728
:107B5000AFFF019B00EB83002E4BD0F800271340B2
:107B600043EA8503C0F80037C878FF2804D00BF03B
:107B700002FEC878FFF7ACFF23792748CA7828258A
:107B800005FB03039A770B7C9BB94B7825680E782D
:107B9000FF2B18BF1A468B78C5F8086508BF4FF051
:107BA000FF32FF2B08BF4FF0FF33C5F80C25C5F897
:107BB000103523688A68C3F824254B7B0A7B256827
:107BC000003B18BF0123022A1CD0032A1DD0012A22
:107BD00001D143F00203C5F85435237949792822AD
:107BE00002FB0303D97723795343C35883B1206839
:107BF00040F3073002B0BDE87040E7F7B1BF0BF0CB
:107C0000BAFD86E743F00403E5E743F00603E2E745
:107C100002B070BDF0F8FCFFF044002007B5019001
:107C200001A8FFF745FF019B00EB8300054BD0F84F
:107C30000027134043F00203C0F8003703B05DF89B
:107C400004FB00BFF0F8FCFF2DE9F04190F8048040
:107C5000144C4FF0280C0CFB08FC04EB0C060746F8
:107C600096F81CE0BEF1000F19D144F80C207360A7
:107C700041B1CB7B86F82530CB78B3774B79F3775E
:107C8000FFF73CFF3A6808480123C2F80035282274
:107C900002FB0844002262772377BDE8F0810348A5
:107CA000FBE700BFF04400200000AD0B0C00AD0B63
:107CB00070B50679194C056828237343E35833B12E
:107CC00045F30730E7F75AFF0423C5F808330023CC
:107CD000C5F80035282303FB064393F82530BBB9CC
:107CE000D5F80805FFF79AFFD5F81005421C01D01A
:107CF000FFF794FFD5F80C05431C01D0FFF78EFF6A
:107D0000282303FB0643987FFF2801D0FFF786FF57
:107D1000282303FB06440023237770BDF044002092
:107D20002DE9F8430779394C28237B439046E21824
:107D30000E46517F8146002966D1E3580BB10123DD
:107D4000537796E80F00282505FB074505F10C0C35
:107D50008CE80F00A87F0023FF2885F8243001D08D
:107D60000BF016FD2823B8F1000F06D003FB0743E4
:107D7000002227485A77BDE8F883D9F8005003FB62
:107D800007430422C5F80823C3F82080C5F80881FA
:107D9000D5F8082172689AB133681B78C5F81C358C
:107DA0007368012B0ED933685B78C5F81C3528231E
:107DB0007B43E65876B10423C5F804331548DAE767
:107DC000DB7FEBE7F368012BF1D9282303FB0743A3
:107DD000DB7FEAE707EB870104EBC101D5F8083147
:107DE000002BFBD0C5F808612846D5F808310BF008
:107DF000DCFC0028F2D1282303FB0744A07FFF28E6
:107E0000DCD00BF0B8FCD9E70348B4E7F04400201D
:107E10000300AD0B0000AD0B0B00AD0B10B50C4813
:107E20000C490023C0F80831D0F808310BF0BDFC34
:107E300068B9887FFF2801D00BF09DFC00234B77A9
:107E40000B72BDE81040D1E900310348184710BD5E
:107E500000300240F0440020F844002030B500F02B
:107E60001F04400911D0012812D10C4800EB8400F6
:107E70001B02D0F800570A4C43EA82022C4042EA27
:107E800041012143C0F8001730BD4FF0A040EDE79D
:107E900004F5E074002353F82430FFDE00030050A3
:107EA000F0F8FCFFCB7B10B433B9D1E90042036892
:107EB000C3F80845C3F80C2503688A68C3F824256D
:107EC00003793C225343064AD35833B100685DF826
:107ED000044B40F30730E7F743BE5DF8044B7047AF
:107EE0001845002013B53B4B01930023C0F8043123
:107EF000D0F80421C0F82431D0F82421C0F81C3176
:107F0000D0F81C21C0F80831D0F80821C0F80032A0
:107F10004B6381F82F300123036291F82D209A42A0
:107F200018BF83604B6B8A6A934204460ED24A6A3A
:107F3000D35CC0F81C350B6803B340F286238B601A
:107F40008B682548C4F8043302B010BD91F82C307A
:107F500013B10123C361EEE70B6A13F0400F4FF03A
:107F6000010316BFC361436181F82D30E3E720466A
:107F70000BF04EFC28B1019B013B0193019B002BB0
:107F8000F5DC91F82F305BB91348019B002BDBDC4B
:107F90000023C4F8003505231048C4F80035D3E7A2
:107FA000D4F8C434C4F8C4348BB10D4A0B4813F070
:107FB000010F18BF104613F0020F02F1010218BFA3
:107FC000104613F0040F074B18BF1846DDE70348AF
:107FD000DBE700BFA08601000000AD0B0100AD0B88
:107FE0000000AE0B0200AE0B13B5334B0193002320
:107FF000C0F80431D0F80421C0F82431D0F824218D
:10800000C0F81C31D0F81C21C0F80831D0F8082184
:108010004B6381F82F308B6A012B044617D10B6A12
:108020005B0614D40223C4F800320123236291F8C2
:108030002D20022A18BF23600B688BB140F28623E3
:108040008B608B681D48C4F8043302B010BD012357
:10805000E9E720460BF0DCFB28B1019B013B0193D3
:10806000019B002BF5DC91F82F305BB91348019B85
:10807000002BEADC0023C4F8003505231048C4F8BF
:108080000035E2E7D4F8C434C4F8C4348BB10D4AE7
:108090000B4813F0010F18BF104613F0020F02F146
:1080A000010218BF104613F0040F074B18BF184603
:1080B000DDE70348DBE700BFA08601000000AD0B51
:1080C0000100AD0B0000AE0B0200AE0B2DE9F84332
:1080D00090F804901C4E07463C2000FB09F0351830
:1080E0000C4695F82E1061BBA96032506B6085F884
:1080F0002D1085F8311085F83010CCB1637B85F8F0
:10810000383094F80E8085F83980B8F1000F0BD123
:108110002068062303224146FFF7A0FE606806237D
:1081200003224146FFF79AFE21463846FFF7BAFE82
:108130003C2303FB09660548012386F82E30BDE881
:10814000F8830348FBE700BF184500200000AD0B93
:108150000C00AD0B036802790521C3F80015044B30
:108160003C2101FB0233022283F82E20704700BF1E
:108170001845002003680B4A0179C3F80823D3F897
:10818000002222F00302C3F800220022C3F80025D7
:10819000054B3C2000FB0133012183F82E1083F8AE
:1081A000302070478642040018450020F8B5077952
:1081B000164D3C237B430446EB5823B1006840F343
:1081C0000730E7F7DBFC2046FFF7D4FF3C2303FB37
:1081D000075393F8392092B993F838607EB9236831
:1081E0003246D3F8080501213346FFF737FE2368EE
:1081F0003246D3F80C0501213346FFF72FFE3C230E
:1082000003FB0755002385F82E30F8BD18450020E4
:108210002DE9F047314F0479D0F800903C2303FB5F
:1082200004730D4693F82D30012B944604D10B783E
:10823000012B06D12A4811E0022B02D10B78012B29
:10824000F8D13C26274BC9F8083306FB047696F88C
:1082500030302BB1B3682448C9F80433BDE8F08747
:108260008CF00403C3F3800386F83030C6F820C0D6
:10827000A846B8E80F0006F10C0EAEE80F00D8F8DB
:108280000030CEF800306B68B362EB6873626B78D5
:10829000C9F888352B78C4EB041A012B07EB8A0A3E
:1082A00017D09BB9CCF3401C3C2303FB047351460D
:1082B000484683F82CC0FFF715FE3C235C433A196F
:1082C0003B59002BCAD182F83030C7E74FF0010C80
:1082D000EAE751464846FFF787FEEEE718450020DB
:1082E0000500AD0B864204000B00AD0BF0B5334C1E
:1082F00087B021464FF040200BF08AFA00285BD16E
:1083000094F82F7007BB227B931E012B1CD8606A48
:10831000A369984218D1E36963626369A362236A1F
:1083200084F82D70C3F34013032A84F82C304FF0E7
:10833000402004D107B0BDE8F040FFF7D3BD07B03F
:10834000BDE8F040FFF750BE1D4E0FCE01AD0FC58A
:1083500033682B604FB34FF04022D2F8C434C2F8D8
:10836000C43413F0020106D001238DF8003000233D
:1083700084F8303007E013F0040209D002238DF8AE
:10838000003084F83010D4E900316846984713E093
:1083900013F0010305D003238DF8003084F830205A
:1083A000F1E704228DF80020E2E7236A8DF80070DF
:1083B0005B0784F83070E6D507B0F0BD18450020A3
:1083C0002445002030B500F01F04400911D00128D9
:1083D00012D10C4800EB84001B02D0F800570A4C65
:1083E00043EA82022C4042EA41012143C0F80017CF
:1083F00030BD4FF0A040EDE704F5E074002353F8E2
:108400002430FFDE00030050F0F8FCFF10B4CC7BFA
:108410008A6803682CB9D1E90041C3F80845C3F85C
:108420000C15C3F82425037928225343064AD35850
:1084300033B100685DF8044B40F30730E7F790BBB9
:108440005DF8044B704700BF544500202DE9F04112
:1084500090F80480164E0746282000FB08F03518D7
:108460000C4695F82210F1B9A96032506B6085F87E
:10847000251085F824106CB1A37B85F827302046A1
:108480000BF08FFA88B1637B85F826302146384699
:10849000FFF7BCFF282303FB08660648012386F884
:1084A0002230BDE8F0810448FBE70448F9E700BF4B
:1084B000544500200000AD0B0C00AD0B0400AD0BCB
:1084C000036802790621C3F80015044B282101FB3B
:1084D0000233022283F82220704700BF5445002057
:1084E00010B5164B0479282202FB0432002191605A
:1084F00002681349C2F80813D2F8001221F4BC51E3
:10850000C2F800124FF08051D1F83001082809D18B
:10851000D1F83411052905D80A48415C11B1092167
:10852000C2F800150021C2F80015282202FB04330E
:10853000012283F8222083F8241010BD5445002026
:1085400002029C019B880500F8B504460779006883
:10855000134D40F30730E7F711FB2046FFF7C0FF4C
:10856000282303FB075393F8272092B993F826603A
:108570007EB92368D3F80805D3F80C453246334654
:108580000121FFF71FFF3346324601212046FFF746
:1085900019FF282303FB0755002385F82230F8BD77
:1085A000544500202DE9F84FB04D90F80490046830
:1085B000282303FB09539046002283F823204B68AD
:1085C0000E4633B1CB6803F06043B3F1005F40F077
:1085D00085813378023B012B06D8336903F0604371
:1085E000B3F1005F40F07A81A14BC4F8083328232F
:1085F00003FB095393F8241001F0FF0239B19B6883
:10860000DFF878B2C4F804335846BDE8F88F18F0A4
:10861000140F0CBF0121002183F82410317883F856
:108620002010717883F82110F168D96071681961A0
:1086300031695961B1689961C8F3001183F8251057
:10864000C3F81C807378C4F88835C4F86021D4F866
:108650006031C4F84821D4F84831C4F82421D4F852
:108660002431C4F80421D4F8043118F0010318BFF0
:108670000123C4F8503518F0020318BF0123C4F8D1
:108680004035337809EB890705EBC707032B00F268
:10869000A380DFE803F0799862024FF48073C4F896
:1086A0000032D7E90323C4F84425C4F84835012330
:1086B000A3604FF4801120460BF096F90028F8D102
:1086C000D7E90523C4F84425C4F84835282303FB1B
:1086D00009534FF480229A60DFF8A4B1282202FBEC
:1086E00009F218F0080AAB5805EB020013D13178F3
:1086F000032910D0012940F085802160002B6ED025
:10870000282202FB09F27168AA5821B9002A00F058
:10871000BB8001226261282202FB09F2A918AA5833
:10872000002A00F0B18018F0040F1CBF00228A60FC
:1087300018F0400F06D1282202FB0952916841F03F
:1087400002019160282202FB0952916841F40071F4
:1087500091609268C4F8042356E7D7E90323C4F86C
:108760004425C4F84835D7E90523C4F83425C4F8AE
:1087700038354FF48453C4F8003201232362282390
:1087800003FB09530222A6E7D7E9032318F0200FC1
:10879000C4F84425C4F848354FF0280315BF4FF4FA
:1087A00080724FF4007203FB095303FB095315BF9A
:1087B000C4F80022C4F800224FF4802202229A60FA
:1087C0000123236288E7D7E90323C4F83425C4F8DA
:1087D00038354FF48053CEE7DFF8A8B07EE7026962
:1087E00002B961612349DFF890A020460BF0FCF844
:1087F000012210F4007F18BF626110EA0A0F1D49C0
:10880000F3D07DE70121A160002B7FF479AF0069EF
:1088100018B3194B1AEA030F7FF472AF15492046BB
:108820000BF0E2F810F4007F8246F2D04FF0807136
:1088300020460BF0D9F8D4F8001280B111F4007082
:1088400003D10122226282466261CB05E1D54FF459
:10885000802120460BF0C8F804E06161D9E70122CD
:10886000226262614FF0000AD3E700BF5445002046
:1088700002029C0102020400020004000B00AD0B86
:108880000000AD0B0400AD0B2821D4F8C424C4F8BB
:10889000C42401FB0955002185F824108AB111492F
:1088A000114B12F0010F14BF8B469B46013112F0A1
:1088B000020F18BF8B4612F0040F0C4A18BF9346E4
:1088C000A2E618F0400F7FF49FAE394620460BF029
:1088D00037F8054A002808BF934695E6DFF810B040
:1088E00092E600BF0000AE0B0100AD0B0200AE0B24
:1088F0000A00AD0B70B55C4D5C4C86B00221284679
:108900000BF072F84FF40071064628460BF06CF835
:10891000D8B1E6B9A368C5F808330223A360A368F9
:10892000C5F804334FF0807128460BF05DF818B19C
:10893000D5F800329B0503D44B4B01221A625A61D1
:10894000012384F8233006B070BD002E57D0E569AE
:108950006E060AD494F823303BB9444942480AF0E1
:10896000EFFF80F0010084F8230015F0040524D106
:108970003D4B94F82520C3F86051D3F86011C3F83B
:108980005C51D3F85C1112B194F8232052B100224B
:10899000C3F80022A260364AC3F80823354B0822E8
:1089A000C3F88021238CADF80430E3680493236975
:1089B000029363690593A36903932B4AD2F8C434E5
:1089C000C2F8C434980749D4590749D4DA0749D4BE
:1089D00094F823309B00DBB28DF8003094F82530FA
:1089E0000BB984F82430E3695B0703D594F823308E
:1089F000002BA8D0D4E9003168469847A3E74FF48C
:108A0000802128460AF0F0FF94F82030A3B994F8AA
:108A100025304BB9C5F80032A360154BC5F80833B3
:108A2000144B0822C3F8802100238DF8043094F8F9
:108A300021308DF80530B8E74FF40073C5F80032E7
:108A400040F20223A36003F1CE73C5F80833A36894
:108A5000C5F804330123AB602B6274E70123BBE745
:108A60000223B9E70323B7E7003000405445002054
:108A700002029C0100E100E038B5D1E90051044652
:108A80004FF47A720023C803490CDFF7E7FA236832
:108A9000C3F80C55C3F8040522790A4B0C2101FBDD
:108AA00002335B6863B124680023C4F8003144F3E7
:108AB0000730D4F80031E7F753F80123C4F8043342
:108AC00038BD00BF7C450020F8B50479084E0C275E
:108AD0007C433719C7E90123335D33B9012333558B
:108AE00009B1FFF7C9FF0348F8BD0348FCE700BF21
:108AF0007C4500200000AD0B0C00AD0B08B50379E0
:108B00000C225343064AD35C2BB1022B05D0FFF74E
:108B1000B3FF044808BD0448FCE70448FAE700BF77
:108B20007C4500200000AD0B0500AD0B0B00AD0B2C
:108B300002680379012111600C225343014A02218A
:108B4000D15470477C45002030B50279EFF3118491
:108B5000202383F31288BFF36F8F0D4B0C2505FB89
:108B600002335A78072A10D80A70511C59700168CC
:108B70000123D1F80805934003430648C1F808359E
:108B800084F31188BFF36F8F30BD0348F8E700BF4F
:108B90007C4500200000AD0B0200AD0B0368034ACA
:108BA00001F5C07143F82120704700BF3546526E71
:108BB00010B40B4BD3F80414D3F800216AB100228F
:108BC000C3F80021D3F80031064BD3E901424FF43A
:108BD000807023465DF8044B18475DF8044B7047DE
:108BE000000001407C450020036803F01F025B0980
:108BF000026004D0012B034818BF002070474FF0DB
:108C0000A040704700030050F7B506460AF016FF73
:108C100008460AF013FF01A80196FFF7E5FF019B44
:108C20002E4D00EB83000C46D0F80037019440F243
:108C30000D612B400B43C0F8003701A8FFF7D4FFAC
:108C4000019B00EB83000127D0F800372B400B433A
:108C5000C0F8003704200AF0C9FC092501A80194D6
:108C6000FFF7C2FF019AD0F81035D340DB0715D4C7
:108C700001A80196FFF7B8FF019B07FA03F3C0F8BC
:108C80000C3504200AF0B2FC30460AF0D7FE013D54
:108C900004200AF0ABFC15F0FF05DFD101A8019418
:108CA000FFF7A2FF019A01239340C0F80C3504207E
:108CB0000AF09CFC20460AF0C1FE04200AF096FC53
:108CC00001A80194FFF790FF019AD0F810350448ED
:108CD000D34003F00103C01A03B0F0BDF0F8FCFF6D
:108CE0000100AD0B014B9868743070478845002037
:108CF00010B50446E5F77EFE0348044A012106F05C
:108D000094F820460AF0CEFEE44C0500A188050048
:108D10002DE9F843044600AF0D46EFF311882023F8
:108D200083F31288BFF36F8F0428294A98BF294B19
:108D30009668117C94BF53F82030274BE9468AB0DF
:108D40006A462648C2E9073140F201339384244B36
:108D5000C2E9050442F8103F224800234FF4315184
:108D6000E5F714FFCD4645B1EB69C3F3080323B122
:108D70001D4A1C48012106F058F82EB130460BF070
:108D80005AF908B1037803B91848E9468AB06A4627
:108D9000174BD061C2E9053640F201331384154BFD
:108DA00042F8103F00230F484FF41151E5F7EEFE53
:108DB0002946CD462046FFF79BFF88F31188BFF375
:108DC0006F8F3046E6F75AFEBD46BDE8F88300BF18
:108DD00088450020645B0500B0880500BE8805005A
:108DE00005000001E44C0500E68805008F6F0500D2
:108DF000078905000400000138B50A4B53F82040EC
:108E0000013053F82050A54200D838BD606830B119
:108E1000037FDB0701D40AF022FE0834F3E723685E
:108E20009847FAE7785B050070B52A4B2A4C2B4D22
:108E3000012286B003201A70FFF7DEFF01F07AFCF2
:108E40000420FFF7D9FF2646AE4204F1300410D3C8
:108E500000F0C6FF204C224EAC4226D300F0D4FFD7
:108E6000E4F7EEFB1F4A137B23F00103137306B0F4
:108E700070BD54F80C3C059354F8103C049354F81E
:108E8000143C039354F8183C029354F81C3C01938F
:108E900054F8203C009354E90A2354E90C0100F0F3
:108EA0008DFD54F8303C5E65CDE7D4E90A23B3F17B
:108EB000FF3F08BFB2F1FF3F05D052EA030120682F
:108EC00003D101F05DF83034C6E73146183001F0C7
:108ED000E7F9F8E70B470020144A0500144A05009B
:108EE000354105008822002070B5154E154D1649F4
:108EF000D82386B003FB006601220023CDE90423BA
:108F00000F22CDE902320193182303FB00550446DA
:108F100001EB40210D4B00954FF4C072304600F03C
:108F20004DFD737B0A4AEE6023F0040373734FF424
:108F3000086304FB033313442C746B6006B070BDEC
:108F4000B02100208845002080660020273C0500D5
:108F5000005E0020BFB50020FFF74EFF294B83F3D2
:108F60000888294C294F636943F400736361002525
:108F7000E02384F82230E57725766576A57684F8B7
:108F80002050636A43F4E023636284F82350E6F7D9
:108F900043FDE6F70BFF4FF0FF33A362E362E6F712
:108FA000E5FFE6F727FFE5F781FC1948194C00F0CB
:108FB00073FD0120FFF720FF0220FFF71DFF00F0E7
:108FC00057FF154B15499C61154B05930123CDE9BE
:108FD00003534FF400623B46CDE90155009520460E
:108FE00000F0ECFC627B064622F00402204662732D
:108FF0000BF05DF82846FFF777FF3A4631462046EA
:10900000E6F7AEFE8066002000ED00E0298E040049
:1090100058240020882200208845002080680020F5
:109020006989050038B5064C064DAC4201D30020D5
:1090300038BDD4E9011220460AF07EFD1434F4E76D
:10904000A4110020B811002030B585B0DDE9084535
:10905000034B0293CDE900450AF02CFD05B030BD6D
:109060004DE1040038B5064C064D0020AC4200D35B
:1090700038BD20460AF085FD0028F9DB1C34F5E7F1
:1090800034110020A411002073B50C46EFF31181B8
:10909000202585F31288BFF36F8FC5685DB1256009
:1090A0002B68C360836901338361002081F31188D9
:1090B000BFF36F8F11E052EA030603D125606FF012
:1090C0000B00F3E7CDE900230246083000F0CEFDA7
:1090D00018B9034B9B681B69236002B070BD00BFC9
:1090E000884500202DE9F34104460E469DF82000F6
:1090F00004F10808EFF31187202181F31288BFF3F0
:109100006F8F256AE1688D4246D22568AC4218D03F
:10911000BDB128460AF092FD05F118000BF0BDF82C
:10912000A26828693146DEF71BFA0023C5F88C30A7
:1091300028460AF0BCFF4046394600F02BFE0020CE
:1091400037E0A268D8B1E0693146DEF709FAE36991
:10915000A26813446269E361934201D12369E36128
:10916000236A01332362102104F124000BF074F907
:109170000028E0D187F31188BFF36F8F19E0A16950
:109180002369994204BF6369A361A069801AA06141
:109190003146DEF7E5F9E3E752EA03010CD008496E
:1091A000896840460E61CDE900233946224600F029
:1091B0005DFD02B0BDE8F0816FF02200DAE700BF8C
:1091C00088450020F7B5044604F108070846EFF388
:1091D0001186202181F31288BFF36F8F216A002945
:1091E0003AD0A268A169DEF7BBF9A369A268256835
:1091F00013446269A361934204BF2369A361236A94
:10920000AC4203F1FF33236234D02846002D32D024
:109210000AF014FD05F118000BF03FF8A268296967
:10922000E069DEF79DF9E369A26813446269E361CE
:10923000934204BF2369E361236A0133236200245C
:109240002846C5F88C400AF032FF3846314600F017
:10925000A1FD204603B0F0BD52EA030110D00A4937
:1092600089680861CDE9002331462246384600F07E
:10927000FDFCEFE7002086F31188BFF36F8FE9E76D
:109280006FF02200F7E700BF884500202DE9F34189
:10929000044617461E46EFF31188202383F31288F5
:1092A000BFF36F8FC368334A7BB18068916888428F
:1092B00019D057EA060318D188F31188BFF36F8FCE
:1092C0006FF00F0002B0BDE8F081916891F90E10C7
:1092D00021610133E3609368A36088F31188BFF3D1
:1092E0006F8F0020EEE72169F2E791F90E1090F9F7
:1092F0000E309942A8BF19466FF07E029142B8BF66
:1093000011468B422DDD0AF0ADFC0546CDE9007615
:1093100019482246414600F0A9FC0028E1D0EFF3AD
:109320001186202383F31288BFF36F8FA068D0B11A
:10933000236821699C420AD04BB193F90E309942BF
:10934000A8BF19466FF07E039942B8BF19460AF0CC
:1093500089FC40B10848314600F01CFD6FF00A005E
:10936000B0E70025D2E7002DF4D186F31188BFF3D2
:109370006F8FF3E7884500200C470020F8B583681D
:109380000546002B40D0234A926893423FD1C368E0
:10939000012B03D9013BC3600020F8BDEFF3118717
:1093A000202383F31288BFF36F8F016980680AF06E
:1093B00059FC2C68AC4207D10023C5E9023387F37E
:1093C0001188BFF36F8FE7E7002CF5D0D4E90032A6
:1093D00013605A60637B002623F002036373C4E9C1
:1093E0000066A66004F118000AF057FFAC6094F91B
:1093F0000E302B612046C4F88C600AF058FE0648F7
:10940000394600F0C7FCC7E76FF01500C5E74FF01D
:10941000FF30C2E7884500200C47002037B51146D1
:10942000EFF31185202282F31288BFF36F8F046857
:109430009CB12368426823F003039442036008BF91
:109440004360012120460AF09AFC044685F3118806
:10945000BFF36F8F204603B030BD51EA0302F5D051
:1094600000F10802CDE900131046294600F0FEFB8A
:109470000028EFD1014B9B681C69EBE78845002071
:1094800070B5EFF31186202383F31288BFF36F8F3B
:109490000468A0421BD0D4B1D4E9003213605A60F2
:1094A000637B002523F00203C4E900556373A560C4
:1094B00004F118000AF0F1FEC4F88C5020460AF0BE
:1094C000F6FD31460A48BDE8704000F063BCD0E9C3
:1094D00002329A4218BF01338360022110300AF031
:1094E000BBFF0028EDD186F31188BFF36F8F70BDED
:1094F0000C47002013B5EFF31181202484F3128868
:10950000BFF36F8F846844B1013C846081F311889C
:10951000BFF36F8F002002B010BD52EA030406D1E2
:1095200081F31188BFF36F8F6FF00F00F3E7CDE980
:1095300000230246014800F099FBECE70C470020AD
:109540002DE9F8430546EFF31188202383F31288B1
:10955000BFF36F8F002637466FF00A092C68A542CB
:1095600016D0ACB1D4E9003213605A60637BA760B7
:1095700023F002036373C4E9007704F118000AF0D2
:109580008CFEC4F88C9020460AF091FD0126E5E798
:109590000023AB60022105F110000AF05DFF30B935
:1095A0002EB988F31188BFF36F8FBDE8F883414669
:1095B0000248BDE8F84300F0EDBB00BF0C470020B7
:1095C00007B5074B0093074907484FF0FF334FF4A7
:1095D000806200F04FF9002003B05DF804FB00BF8B
:1095E000905B050000710020602300202DE9FF4101
:1095F0004F4E04462027EFF3118887F31288BFF3FC
:109600006F8FD4F8DC50F5B9022104F1F4000AF0B0
:109610002AFC002868D004F1EC050022012128462C
:109620000AF0DFFD0028F8D1002302934FF0FF324B
:109630004FF0FF33CDE90023414604F1E4023D48F9
:1096400000F068FDD7E7D4F8E0202B68C4F8DC30E0
:10965000954208BFC4F8E030D4F8F43043F0020378
:10966000C4F8F430EB6823F0040343F00103EB602B
:109670006B6888F31188BFF36F8F28469847EFF324
:10968000118887F31288BFF36F8FEB68D80623F039
:10969000010236D4EA60EB689A0716D5306823F0E9
:1096A0000203EB6088B10368002170B14268954203
:1096B00035D1036869BB72683360824200D1736040
:1096C000002340F8083BFFF7DBFED4F8F43023F02A
:1096D0000203C4F8F43088F31188BFF36F8FDB0501
:1096E00089D400F0CDFB86E7D4F8F430D9069BD5B9
:1096F000C4F8F40088F31188BFF36F8F04B0BDE89D
:10970000F08123F01103EB6005F11000FFF7B8FEC4
:10971000C1E70B607368834208BF7160D0E723B173
:109720001A68014618461346BFE71A46F9E700BF14
:10973000AC4500200C470020F8B5C3689A070446E2
:109740000F46C3F340062ED45B071CD40B680BB93D
:1097500083680B60E368DD0744BFA3683B603D6836
:109760004CBF02260126002D3CD0204B9A68D5F82C
:10977000D8309A420AD0D5F8F430D807C3F3800223
:1097800014D46FF0120600233B6025E00AF04AFC77
:10979000D5F8F4300028F0D1D907C3F3C002F0D5D2
:1097A00052B15B0708D46FF00F06ECE7002AFAD13C
:1097B000C3F3C003002BF6D100232360D5F8E030BB
:1097C00063B9C5E9374428460AF068FBE36843F00B
:1097D0000403E3603B68A3603046F8BD1C60C5F835
:1097E000E040F0E76FF01506CDE700BF88450020A8
:1097F000F8B5C36803F00503002B06460C4614BFFA
:10980000012700271CD085680122002104F11000E7
:109810000AF019FB134920460AF098FBE36843F06D
:109820001003E360F3685B0712D5336823606BB9FC
:10983000D5F8E03033B9C5E9374428460AF02EFBA5
:109840003846F8BD1C60C5F8E040F6E73460F4E740
:10985000D5F8DC302360D5F8E030C5F8DC40002BCB
:10986000EBD1F0E77D3E0500014601480AF08ABBD6
:1098700060230020F0B589B004460020C4E9370019
:109880000E9D04F1E400C4E9390004F1EC00C4E9E0
:109890003B0055B32879002840F2011008BF012091
:1098A000C4F8F40000204FF0FF364FF0FF37CDE949
:1098B0000330CDE90100CDE906670D4B0094204649
:1098C00000F0BEF855B1296811B120460AF0B0FB8E
:1098D0006B791BB1237B43F001032373204600F017
:1098E0004FFBC4F8D84009B0F0BD0120D8E700BF55
:1098F000ED95040037B501900846EFF3118420215F
:1099000081F31288BFF36F8FC16811F01E0F16D15B
:1099100053EA020508D101A9FFF70EFF84F311886D
:10992000BFF36F8F03B030BD41F00801C1600199F2
:1099300081620449103000F0B3FC0120EEE7002002
:10994000ECE700BF113F050001460148FFF7D2BF19
:1099500060230020F7B50C46019016461D46EFF334
:109960001187202383F31288BFF36F8F08460AF014
:1099700086FA55EA060309D101A92046FFF7DCFE65
:1099800087F31188BFF36F8F03B0F0BDE368074919
:1099900043F00803E360019BA36232462B4604F1C7
:1099A000100000F07DFC0120EAE700BF113F050038
:1099B00001460148FFF7CEBF60230020F0B5073213
:1099C00085B022F007020446FF320E9D0D9E2573DE
:1099D000583022F07F02C4E91600042500207F2AB7
:1099E000A673C4E90600A0606573E07301F1800707
:1099F000A2F1800605D880F31188BFF36F8F284647
:109A000002DFC4E91E768D1800260C9AC4F8806027
:109A100002920B9A01920A9A009220462A46E6F791
:109A20001BF9064B66659B6884F870600BB1D3F830
:109A30008430C4F88430284605B0F0BD8845002045
:109A4000F0B587B000250595109D04950F9D0395F1
:109A50000E9D0295DDE912760D9D01950C9D0095F8
:109A60000446FFF7ABFFB6F1FF3F08BFB7F1FF3F7A
:109A700005D056EA070305D1204600F081FA2046BA
:109A800007B0F0BD3A46334604F11800014900F032
:109A900007FCF4E73541050040F201138381002300
:109AA000C0E91E33C0F88430014B9860704700BF96
:109AB000884500200A4A93686FF00A01C3F88C10A9
:109AC0000849C3F888004B6843F080534B6000237B
:109AD00083F31188BFF36F8F9368D3F88C007047BE
:109AE0008845002000ED00E070B590F90D20437B23
:109AF000002A36DBD90634D11B4C63F07F032246A3
:109B0000437352F81C3F216A934207D1C0E90021F8
:109B10000860206211E09942F8D01B68002BF5D054
:109B200090F90E5093F90E60B542F4D0AE42F2DDDA
:109B30005968C0E9003108605860E569954200D075
:109B400005B9E568A3685A7BD20604D1DA897F2A71
:109B500001D9AA6932B1AB4202D0284600F01AFB03
:109B6000A56170BDA361FCE78845002038B590F978
:109B70000D20437B002A014604DA03F07F03437380
:109B80000AF05BFA0D4D2A46AB6852F81C4F94421E
:109B900000D004B9EC688B4207D05A7BD20604D1BE
:109BA000DA897F2A01D9A2692AB1A34202D02046CC
:109BB00000F0F0FA2346AB6138BD00BF88450020B5
:109BC000B3F1FF3F08BFB2F1FF3F03D002491830A5
:109BD00000F066BB704700BF3541050070B590F9D5
:109BE0000D20437B002A014604DA03F07F03437310
:109BF0000AF023FA4B7B1C4C63F07F0322464B7325
:109C000052F81C3F206A934207D1C1E9002001604D
:109C1000216211E09842F8D01B68002BF5D091F931
:109C20000E5093F90E60B542F4D0AE42F2DD5868A2
:109C3000C1E9003001605960E569A368954200D030
:109C400005B9E5688B4207D05A7BD20604D1DA8980
:109C50007F2A01D9AA692AB1AB4202D0284600F076
:109C600099FA2B46A36170BD88450020F8B50E4BCC
:109C70000C4611460D4A98681060DDE90667EFF35F
:109C80001182202282F31288BFF36F8F9D682846CD
:109C90000AF0E5F9284632463B46FFF791FF204699
:109CA000BDE8F840FFF706BF88450020B445002016
:109CB000F8B50446EFF31187202383F31288BFF32E
:109CC0006F8F437B03F01F02002A0CBF0126002682
:109CD00049B239D103F07F0343730AF0AEF92C4D3A
:109CE000437B817363F07F032A46437352F81C3F22
:109CF000934227D1286AC4E9002004602C620FE057
:109D00009842F8D01B68002BF5D093F90EC061453E
:109D1000F6D08C45F4DD5968C4E900310C605C6014
:109D2000EC69944200D004B9EC68AB689C4202D064
:109D3000204600F02FFAAC6187F31188BFF36F8FD4
:109D40003046F8BD286ADEE79B071ED585680AF015
:109D500074F981732B689D4209D16B68C4E9005383
:109D60001C606C60E8E76A689342F6D01B68002BC1
:109D7000F3D093F90E209142F5D08A42F3DD5A6870
:109D8000C4E9003214605C60D6E78173D4E700BF99
:109D90008845002049B9EFF3058030B9054B9A6931
:109DA0009B689A4201D0FFF785BE81F31188BFF30B
:109DB0006F8F704788450020034648B9EFF305824E
:109DC00032B9064A91699268914201D0FFF772BE9A
:109DD00083F31188BFF36F8F704700BF8845002061
:109DE000EFF31181202383F31288BFF36F8F054BAC
:109DF0009A68D37B013BD37381F31188BFF36F8FD4
:109E0000704700BF8845002070B5EFF3118620230E
:109E100083F31288BFF36F8F144DAB68DA7B013286
:109E2000DA732A4652F81C4F944200D004B9EC6809
:109E30005A7BD20604D1DA897F2A01D9A2692AB1D4
:109E4000A34202D0204600F0A5F92346AB6186F379
:109E50001188BFF36F8FEFF31180202383F31288F3
:109E6000BFF36F8FBDE87040FFF7A6BF88450020A5
:109E7000024B03F11C02C3E907227047884500200A
:109E800070B5EFF31186202383F31288BFF36F8F31
:109E90001B4CA168206A0B68814214BF1A4600223D
:109EA00049680B605960A368216A2AB9154AC3E959
:109EB00000210B6023620CE093F90E0092F90E5022
:109EC000A84218D0854216DD5168C3E900210B6015
:109ED0005360E5690B4B9D4200D005B9E568A36866
:109EE0009D4202D0284600F055F9A5613046BDE8F4
:109EF0007040FFF7DFBD8A42D8D01268D5E700BFB7
:109F000088450020A4450020F8B550EA0103064624
:109F10000C4603D1FFF7B4FF0020F8BDEFF3118723
:109F2000202383F31288BFF36F8F124D124BA86862
:109F30001860FFF71BFEA868104923463246183008
:109F400000F0AEF9AA68537B43F004035373044650
:109F50003846FFF7AFFDAB68D3E90A23B3F1004FF2
:109F600008BF002AD8D10AF0C0F9201A20EAE07010
:109F7000D3E700BF88450020B445002035410500E7
:109F800038B50446EFF31185202383F31288BFF31D
:109F90006F8F437B5B070FD518300AF07EF9637B28
:109FA00023F0040320466373FFF79EFD294605480E
:109FB000BDE83840FFF7EEBE85F31188BFF36F8F21
:109FC00038BD00BF0C470020014B9868704700BFA8
:109FD000884500202DE9F8430446077BEFF31185FF
:109FE000202383F31288BFF36F8F437B190705D5B6
:109FF00085F31188BFF36F8FBDE8F883D90943F06B
:10A0000008025DD14273A36813B120460AF01DF81F
:10A0100004F118000AF041F9A66D04F15808B045A2
:10A0200011D04FF0000976B130460AF00EF806F173
:10A0300018000AF032F9C6F88C903046FFF754FD4C
:10A04000A66DB045EFD1DFF8C880D8F808309C4243
:10A050003ED1EFF30589B9F1000918BF4FF00109AE
:10A06000D8F81C60284A964200D00EB9D8F80C6087
:10A07000B34202D0304600F08DF82046C8F8186090
:10A0800004F0E8FFB9F1000F02D02048FFF704FD0B
:10A09000D8F808309C4231D1EFF3058373BB227BA3
:10A0A000D20718D42846FFF705FDFB07A4D50023E7
:10A0B00083F31188BFF36F8F0423184602DF9BE7F9
:10A0C00003F07F0343F00803437309F0B6FF9AE7F8
:10A0D0004FF00009C4E785F31188BFF36F8F83F356
:10A0E0001188BFF36F8F0423184602DFEFF311804E
:10A0F000202383F31288BFF36F8FD4E785F3118891
:10A10000BFF36F8FD1E700BFA44500205824002083
:10A1100088450020D3B5DDE90667089CCDE90067D6
:10A12000FFF7A4FD1CB1034B9B681B69236002B0C1
:10A13000D0BD00BF88450020044BC01A044BC0109E
:10A140005843044B01221A54704700BF30250020A9
:10A15000ABAAAAAA0C470020C3897F2B12D80A4BAE
:10A160001B6863B1094B90F90E201B689A4209DB0A
:10A17000437BDB0606D1064BC31A18BF012303F04D
:10A18000010070470023FAE7CC0E0020B8450020FC
:10A19000B021002070B50E4B0E4C1E7C06EB460322
:10A1A00004EBC304054620460AF077F80A4B002268
:10A1B00028469A55FFF7D0FF48B1084B08491A685E
:10A1C000013A2046D317BDE8704000F069B870BD71
:10A1D00088450020302500200C470020CC0E0020B0
:10A1E00039A1040038B5EFF31185202383F31288D9
:10A1F000BFF36F8F104B114A9C681068A04206D1C4
:10A20000FFF7C8FF85F31188BFF36F8F38BD0021BA
:10A210001B7C11600A4AD35C002BF3D02046FFF769
:10A220009BFF0028EED0637BDB0602D12046FFF7C0
:10A23000D5FC2046E4E700BF88450020B445002057
:10A240000C470020024B1868984208BF0020704756
:10A25000D00E0020034B1B680BB9FCF77BBC002021
:10A26000704700BFBC45002030B570B10B4B5B6838
:10A2700098420AD0036843B1D3E90421D0E90445E8
:10A28000121941EB0501C3E90421D0E90032136042
:10A290005A600023C0E9003330BD00BFD00E00205B
:10A2A000B3F1FF3F08BFB2F1FF3F2DE9F84F04467D
:10A2B000994615461F467AD08160EFF31188202316
:10A2C00083F31288BFF36F8FB9F1000FDFF8E8A0B6
:10A2D00020DBFFF7BFFFDAE90027013549F100096C
:10A2E0002D1849EBE073C4E90453AD18064643EB5F
:10A2F00007074FF00109FFF7A5FFDFF8C0E0DEF820
:10A3000004A00346EBB9C4E900EACAF80040CEF85D
:10A31000044028E0DAE900126FF001035B1A4FF005
:10A32000FF3161EB02025B1B62EB0902012B72F150
:10A330000001BCBF01230022C0E904324FF0000934
:10A34000D9E7D3E9041CD4E904208A4270EB0C0B52
:10A3500024DA891A5A686CEB0000C3E90410C4E9D6
:10A36000003214605C60FFF76DFF84420ED1114B28
:10A370001B685BB9B9F1000F02D1FFF76BFF06460E
:10A38000304609F073FF0021FCF7B6FB88F3118813
:10A39000BFF36F8F28463946BDE8F88F521A60EB3D
:10A3A0000C009A45C4E90420ADD01B68AAE700253B
:10A3B0002F46EFE7BC45002048250020D00E0020A6
:10A3C0002DE9F047EFF31185202383F31288BFF3C3
:10A3D0006F8F264F264E3860FFF734FF4FF000088E
:10A3E0004FF000093B68D6E9001E4FEAE37C50B10C
:10A3F000D0E90442A3427CEB020A1ADAE41A62EBC7
:10A400000C02C0E904425B184FF000044EEB0C0252
:10A410002046C6E900323C6009F028FF2146FCF7DF
:10A420006BFB85F31188BFF36F8FBDE8F047FFF733
:10A43000D9BE61184EEBE473C0E90489C6E9001384
:10A44000FFF712FF85F31188BFF36F8F836898477A
:10A45000EFF31185202383F31288BFF36F8F3B68DE
:10A460001B1B3B60FFF7EEFEBCE700BFBC450020B6
:10A470004825002010B5EFF31184202383F31288C0
:10A48000BFF36F8FFFF7E6FE054A0346D2E90001EE
:10A49000181841EBE37184F31188BFF36F8F10BD7F
:10A4A00048250020F8B50646EFF31187202383F3F3
:10A4B0001288BFF36F8F026822B187F31188BFF350
:10A4C0006F8FF8BDD0E90A54691C44F100030229DA
:10A4D00073F1000334D3013D44F1FF34002CBCBFC1
:10A4E00015462C4609F005FF013041F100014019E5
:10A4F00044EB0101012871F100014ADB09F0F9FE8A
:10A50000013041F100016FF00203401944EB0101F9
:10A5100083426FF000438B4140DB09F0EAFE0130DB
:10A5200041F100016FF00102401944EB01044FF0CA
:10A53000FF33121A63EB04031A493046FFF7B0FEEB
:10A54000336B01333363336A6BB187F31188BFF325
:10A550006F8F336A30469847EFF31187202383F3D8
:10A560001288BFF36F8F334653F8184F9C42A4D024
:10A57000002CA2D0204609F0A9FD0023C4F88C309D
:10A5800087F31188BFF36F8F2046BDE8F84009F0CC
:10A590008EBD6FF001024FF0FF33CDE700224FF088
:10A5A0000043C9E7A5A404002DE9F04105461C4677
:10A5B00090461F46EFF31186202383F31288BFF3E2
:10A5C0006F8FB4F1FF3F08BFB2F1FF3F05D186F3B3
:10A5D0001188BFF36F8FBDE8F081002C09DB012AE1
:10A5E00074F10003BCBF0122002412F1FF3844F1D2
:10A5F000FF37284609F051FEDDE90623C5E90A23A5
:10A6000000232B6342463B4628460249FFF748FE9B
:10A61000DDE700BFA5A4040038B50346EFF31185BC
:10A62000202282F31288BFF36F8FC1600121816005
:10A630000068834206D185F31188BFF36F8F002431
:10A64000204638BDD0E9003213605A600023C0E9CB
:10A65000003309F0BEFE294604460248FFF79AFB84
:10A66000EEE700BF0D4700202DE9F04385B04FF025
:10A6700000090546CDF8049000F10C07EFF31188AE
:10A68000202383F31288BFF36F8F8368594003EA56
:10A6900002060A4053400E4901AACDE9023909F0E9
:10A6A000C3FD019C3CB1C4F88C9020460021646E2F
:10A6B00009F01DFDF6E7DDE9023223EA0203384620
:10A6C000AB604146FFF766FB304605B0BDE8F0835E
:10A6D0001D450500F8B507460C46164609F0A2FCD4
:10A6E00008B10020F8BD0E4B9B68D3F88450002DB4
:10A6F000F7D0221DF5D2EFF31184202383F31288C3
:10A70000BFF36F8F47F004012846B04784F31188E8
:10A71000BFF36F8F0028E4D040F8045BE2E700BF8E
:10A72000884500200146024A0020FFF7D3BF00BF42
:10A7300047E10400014803F021BE00BF7A8905000B
:10A7400000F052B808B52DED028BF0EE408AB0EE65
:10A75000608A00F0F1F80E4B93F9003001330BD012
:10A76000F4EE488AF1EE10FA06D6DFED0A8AB4EE6E
:10A77000688AF1EE10FA02D0BDEC028B08BD04F03D
:10A78000D0FC88EEA80ABDEC028B2123036008BD33
:10A79000CC1000200000000008B52DED028BB0EEBB
:10A7A000408A00F07BF90E4B93F9003001330BD057
:10A7B000B4EE488AF1EE10FA06D6DFED0A8AB4EE5E
:10A7C000E88AF1EE10FA02D4BDEC028B08BD04F069
:10A7D000A8FC88EEA80ABDEC028B2123036008BD0B
:10A7E000CC1000200000000010B582B0CDED010AB1
:10A7F000019B23F00042B2F1FF4FF0EE407A30D8D7
:10A8000010EE100A20F00041B1F1FF4F29D8B3F14A
:10A810007E5F42D09C1704F0020444EAD07431B346
:10A820007AB3B2F1FF4F40D0B1F1FF4F29D0891A6E
:10A83000B1F1F45F4FEAE15234DA002B42DA3C32F4
:10A8400040DA9FED340A012C4ED0022C43D064B183
:10A850009FED317ADFED317A30EE070A30EE670A8C
:10A8600003E09DED017A37EE270A02B010BD022CFD
:10A8700010D09FED2B7A032C08BFB0EE470A02B030
:10A8800010BD9FED280ADFED287A0028B8BFB0EE92
:10A89000670AEAE79FED210AE7E702B0BDE810404A
:10A8A00000F000B99FED1F0ACDE7B1F1FF4F04F1B1
:10A8B000FF3420D0022C26D81C4B03EB840393EDED
:10A8C000000AD2E79DED017A87EE870A00F0C0F911
:10A8D00000F0E8F8B7E79FED107ADFED107A30EE80
:10A8E000070A37EEC00AC0E710EE103A03F1004342
:10A8F00000EE103AB9E7022C08D80D4B03EB8403A5
:10A9000093ED000AB1E79FED030AAEE79FED090A58
:10A91000ABE700BF000000002EBDBB33DB0F49409A
:10A92000DB0F49C0DB0FC93FDB0FC9BF9C5B0500D4
:10A93000A85B0500DB0F493F70B582B0CDED010A81
:10A94000019921F00040431EB3F1FF4F42D210EEB7
:10A95000104A24F00045B5F1FF4F3BD285423FDB62
:10A9600004F0004C3ED014F0FF4F01F0FF4659D1E7
:10A970002B02002BC8BF6FF07D0279DD5B00002B3E
:10A9800002F1FF32FADC002E5DD103024DD46FF0EC
:10A990007D0E5B000EF1FF3EFBD512F17E0F57DB03
:10A9A000C4F3160444F400031EF17E0F46DA6FF080
:10A9B0007D01A1EB0E0100FA01F1B2EB0E0204D110
:10A9C00017E00FD04300013A13D0581A0028F8DAE4
:10A9D0005B00F8E7DDED017A60EE277A87EEA70AE3
:10A9E00002B070BD2C4B03EB5C7393ED000A02B018
:10A9F00070BD591A58BF0B461BB9F3E75B000EF147
:10AA0000FF3EB3F5000FF9DB1EF17E0F26DBA3F549
:10AA100000030EF17F0E43EA0C0343EACE5300EE2F
:10AA2000103ADDE7EA157F3AADE712F17E0F2BDA37
:10AA30006FF07D0EAEEB020305FA03F3C1F31601CE
:10AA400041F40001B9E74FEAE05EAEF17F0EA4E702
:10AA50006FF07D039B1A05FA03F3A5E76FF07D0203
:10AA6000A2EB0E02134143EA0C0300EE103AB7E7E3
:10AA700036B14FEAE05EAEF17F0E6FF07D028FE7F8
:10AA800003026FF07D0282D5C4F3160444F4000380
:10AA90006FF07D0ED2E700BFB45B0500B1EEC00AD7
:10AAA000704700BF38B510EE105A25F00044B4F1DD
:10AAB000A14FF0EE407A0DD3B4F1FF4F5BD8DFED3C
:10AAC000517A9FED517A002DCCBFB0EE470AB0EE1F
:10AAD000670A38BD4D4B9C425CD8B4F1445F4DD3FE
:10AAE0004FF0FF3327EEA76A9FED495A9FED497A51
:10AAF000DFED495ADFED494A66EE066A5A1CA6EEBA
:10AB0000857AE6EEA54A9FED465ADFED465AA7EE56
:10AB1000265AE4EEA65A9FED447ADFED444AA5EEAC
:10AB2000267AE5EEA64A9FED425ADFED425AA7EE9D
:10AB3000265A9FED417AA4EEA67AE5EE265A27EE34
:10AB4000267AA5EE867A27EE877A38D03B493C4AAA
:10AB500001EB8301D1ED006A37EE667A02EB8303E5
:10AB6000D3ED006A37EE677A002D36EEC70AB0DA09
:10AB7000B1EE400A38BD30EE000A38BD9FED317AA3
:10AB800030EE077AF7EE006AB4EEE67AF1EE10FAEC
:10AB9000A6DD38BD00F05CF82B4B9C4212D8A3F523
:10ABA000D0039C4223D8F0EE007ABFEE007AA0EEEC
:10ABB000277A002330EE270AC7EE007A92E737EEB5
:10ABC000C70A38BD214B9C420BD8F7EE087AB7EE86
:10ABD000007AA0EE277A022330EE670AC0EE077AE9
:10ABE00080E7BFEE007AC7EE007A03237AE7F7EE3C
:10ABF000007A30EE677A30EE270A0123C7EE007A3A
:10AC000070E700BFDB0FC9BFDB0FC93FFFFFDF3EAF
:10AC1000D769853C59DA4B3D21A215BD6BF16EBD5C
:10AC2000356B883D95879DBD6E2EBA3D388EE3BD50
:10AC30002549123EABAAAA3ECDCC4CBEBC5B05005A
:10AC4000CC5B0500CAF24971FFFF973FFFFF1B4035
:10AC500010EE103A23F0004300EE103A704700BFA8
:10AC6000024B0146186800F00BB800BFE00E002050
:10AC7000024B0146186800F0B9BD00BFE00E00208D
:10AC80002DE9F04F01F10B05162D83B0064624D8AF
:10AC9000102900F2B08000F0B1FB102518224FF00F
:10ACA000020CBC4F3A44A2F1080354689C4200F0E5
:10ACB0000B816368E268A16823F003032344CA6040
:10ACC00091605A6842F0010230465A60083400F040
:10ACD0009BFB204603B0BDE8F08F35F0070500F17F
:10ACE0008A80A94200F2878000F088FBB5F5FC7FDE
:10ACF000C0F058816B0A00F08280042B00F20B81B7
:10AD0000AB0903F1390C03F138044FEACC03A14F2E
:10AD10003B44A3F108005B68984206D10CE000298F
:10AD200080F2C080DB68984206D05A6822F00302A5
:10AD3000511B0F29F3DDA446DFF864823C694445CA
:10AD400000F09D80636823F00309A9EB05030F2B36
:10AD500000F32D81002BC7E9048880F20E81B9F53C
:10AD6000007FD7F804E080F0B6804FEAD9010131C6
:10AD70004FEA5919012303FA09F357F83120A26069
:10AD80004EEA030E07EBC103083BE360C7F804E09B
:10AD900047F83140D4604FEAAC0301209840704539
:10ADA00033D810EA0E0F07D12CF0030C400010EA44
:10ADB0000E0F0CF1040CF9D007EBCC0A5346E14618
:10ADC000D9680EE04A6822F00302A2EB050EBEF13C
:10ADD0000F0F0C46C96800F3AC80BEF1000F80F283
:10ADE000BF808B42EED109F1010919F0030F03F185
:10ADF0000803E5D123E10C233360002469E74FF415
:10AE000000734FF0400C3F2481E7BC68636823F077
:10AE10000308A84503D3A8EB05030F2B32DC5E4BD8
:10AE20001A685E4B196801312A4404EB080A00F0E5
:10AE30006B8102F580520F3222F47F6222F00F0202
:10AE400011463046009200F0E5FAB0F1FF3F009A5B
:10AE5000524B814605D0824540F2C480BC4200F08E
:10AE60000481BC68626822F00302AA42A2EB0503D7
:10AE700001D30F2B06DC304600F0C6FABDE7D7F849
:10AE800004E088E7621943F0010345F001056560BD
:10AE90003046BA60536000F0B7FA0834204603B079
:10AEA000BDE8F08FD3E902411A44E1608C6051683B
:10AEB00041F001013046516003F1080400F0A4FAAA
:10AEC000204603B0BDE8F08FD468A2427FF4F1AE13
:10AED0000CF1020C30E7B9F5206F4FEA59227AD312
:10AEE000142A00F22D8102F15C03DB005B32F918B9
:10AEF000FB580839994203D108E19B68994204D074
:10AF00005A6822F003024A45F7D8D968C4E90231E9
:10AF10008C60DC603FE7142B40F28580542B00F2FC
:10AF200018812B0B03F16F0C03F16E044FEACC0375
:10AF3000EDE63046A668631945F001056560F160ED
:10AF40008E604EF00101C7E90433C3F80880C3F8EE
:10AF50000C80596044F802E000F056FA0834B8E674
:10AF600022443046536843F00103536054F8083FCD
:10AF7000D9608B6000F048FAABE6A1443046D9F8BE
:10AF8000043043F00103C9F80430083400F03CFAFF
:10AF90009FE600BF88020020F0450020D80E002068
:10AFA000900200204FEAD50C05F1080279E66219FB
:10AFB00043F0010145F0010565603046C7E9042210
:10AFC000C2F80880C2F80C80516044F8093000F0E3
:10AFD0001BFA08347DE64FEA991202F13903DB00CF
:10AFE000383284E7DFF80CB2DBF800101144CBF8FC
:10AFF0000010084640D1C9F30B0CBCF1000F3BD147
:10B00000D7F80890424442F00102C9F80420774B77
:10B010001868884238BF1960754B1868884238BF75
:10B0200019604C461FE703F15C0C03F15B044FEA27
:10B03000CC036CE65AF80839534540F0D5801CF033
:10B04000030F0CF1FF3CF5D17B6823EA00037B6022
:10B05000400098423FF6D9AE18B9D6E6400009F153
:10B0600004091842FAD0CC46A6E6DFF888B1DBF82E
:10B0700000001044CBF80000196801311BBFA9EB98
:10B080000A031B18C3F80090CBF8003019F007032F
:10B0900045D0C3F108018944C3F580514A440831C1
:10B0A000891AC1F30B0A514630460193009200F011
:10B0B000B1F9421CDDE900237AD0A0EB090000EBD6
:10B0C0000A02DBF80030C7F8089042F001020AEBF0
:10B0D0000301BC42C9F80420CBF8001097D0B8F1A6
:10B0E0000F0F41D96268A8F10C0323F0070302F0A7
:10B0F00001021A436260E21805200F2B5060906035
:10B100004CD8D9F8042082E7103299E69210012039
:10B1100000FA02F24EEA020EC7F804E0F6E609EB86
:10B1200002014942C1F30B0A514630460193009295
:10B1300000F070F9431CDDE90023BED19A46C0E758
:10B14000542A15D84FEA193202F16F03DB006E3230
:10B15000CDE6B3F5AA7F15D8EB0B03F1780C03F11C
:10B1600077044FEACC03D2E50123C9F8043082E624
:10B17000B2F5AA7F23D84FEAD93202F17803DB0077
:10B180007732B4E640F25452934223D8AB0C03F129
:10B190007D0C03F17C044FEACC03B8E504F108010F
:10B1A000304600F023FBD7F80890DBF80010A8E742
:10B1B000083B1A44A2EB09024FF0000A81E740F273
:10B1C00054539A420CD84FEA994202F17D03DB00B6
:10B1D0007C328CE64FF47E734FF07F0C7E2496E534
:10B1E0004FF47E737E2282E67B6831E7EC450020D7
:10B1F000E8450020C0450020032A70B511D940EA77
:10B2000001039B071FD104460B4602E0043A032AC0
:10B210001DD91946204653F8045B54F8046BAE421E
:10B22000F4D0541EB2B1421E013901E0C3180CD053
:10B2300012F801EF11F801CFE645A4EB0203F5D0B7
:10B24000AEEB0C0070BD541EEDE7184670BD2046F5
:10B250001946E6E7104670BD88420ED98B18834226
:10B260000BD900EB020C002A6ED0624613F801CD18
:10B2700002F801CD9942F9D170470F2A0FD8034641
:10B2800002F1FF3C002A5FD00CF1010C013B8C4421
:10B2900011F8012B03F8012F6145F9D1704740EAFD
:10B2A00001039B0751D1A2F1100370B501F1200CED
:10B2B00023F00F0501F1100E00F11004AC441B093E
:10B2C0005EF8105C44F8105C5EF80C5C44F80C5CB2
:10B2D0005EF8085C44F8085C5EF8045C44F8045CC2
:10B2E0000EF1100EE64504F11004E9D1013312F01D
:10B2F0000C0F01EB031102F00F0400EB031328D035
:10B30000043C24F003064FEA940C1E441C1F8E4696
:10B310005EF8045B44F8045FB442F9D10CF1010417
:10B3200002F0030203EB840301EB840102F1FF3C12
:10B330004AB10CF1010C013B8C4411F8012B03F8CC
:10B34000012F6145F9D170BD704702F1FF3C034602
:10B350009AE72246EAE700BF830730B547D0541E7C
:10B36000002A3ED0CAB2034601E0013C39D303F8BB
:10B37000012B9D07F9D1032C2CD9CDB205EB052566
:10B380000F2C05EB054535D9A4F1100222F00F0C66
:10B3900003F1100EE6444FEA121C1A461560556080
:10B3A0009560D56010327245F8D10CF1010214F0AD
:10B3B0000C0F03EB021204F00F0C13D0ACF10403DA
:10B3C00023F003030433134442F8045B9A42FBD195
:10B3D0000CF003042CB1C9B21C4403F8011B9C42BD
:10B3E000FBD130BD64461346002CF4D1F9E7034687
:10B3F0001446C0E71A46A446E0E700BF014803F040
:10B4000088BE00BFB8110020014803F088BE00BF0D
:10B41000B811002038B5074D0022044608462A60BE
:10B42000E4F794FE431C00D038BD2B68002BFBD002
:10B43000236038BDF44500200CB410B51F4B002923
:10B440001C689CB035DB4FF40273ADF814300290E9
:10B4500006901FAB18D001394FF6FF720491079187
:10B46000ADF8162002A91E9A01932046DFF7C0FA14
:10B47000421C01DA8B232360029B00221A701CB04D
:10B48000BDE8104002B070474FF6FF72049107917B
:10B49000ADF8162002A91E9A01932046DFF7A8FAFC
:10B4A000431C01DA8B2323601CB0BDE8104002B0BE
:10B4B00070478B2323604FF0FF30F5E7E00E00204C
:10B4C00080EA0102844612F0030F4FD111F0030FFE
:10B4D00032D14DF8044D11F0040F51F8043B0BD05C
:10B4E000A3F101329A4312F0803F04BF4CF8043BB1
:10B4F00051F8043B16D100BF51F8044BA3F10132BF
:10B500009A4312F0803FA4F101320BD14CF8043B76
:10B51000A24312F0803F04BF51F8043B4CF8044BA7
:10B52000EAD023460CF8013B13F0FF0F4FEA332318
:10B53000F8D15DF8044B704711F0010F06D011F8F7
:10B54000012B0CF8012B002A08BF704711F0020FE5
:10B55000BFD031F8022B12F0FF0F16BF2CF8022BD0
:10B560008CF8002012F47F4FB3D1704711F8012BF3
:10B570000CF8012B002AF9D1704700BFB2B340EAA2
:10B5800001039B0730B5844618D1032A16D9044617
:10B590000B4606E0043A2BD01EF0803F28D1032A48
:10B5A0002AD92068194653F8045BA0F1013EA8424D
:10B5B000A4462EEA000E04F10404EBD09CF800002F
:10B5C0000C78844216D1012A12D0E64668B11EF8E2
:10B5D000010F11F8014FA2EB0E03A04203F1FF335C
:10B5E00008D11CEB0303F1D1184630BD104670475B
:10B5F000002030BD001B30BDA4461946DEE700BF69
:10B6000071B1034600EB010C01E0634506D01A4618
:10B61000013311780029F8D1101A7047181A7047B1
:10B62000084670472DE9F04F03690C69A34283B0C7
:10B63000C0F28A80013C01F1140500F1140855F8AC
:10B64000243058F8242001339A428E4681464FEA2E
:10B65000840105EB840708EB840AB2FBF3F63AD3C6
:10B66000CDE900150022AC46404613465CF8041BA9
:10B6700005681FFA81FB06FB0B22090C4FEA124BEF
:10B6800006FB01BB92B2A9B2891A19441FFA8BF3C7
:10B69000C3EB214303EB154389B241EA03416745FC
:10B6A00040F8041B4FEA1B424FEA2343DED2DDE998
:10B6B000001558F8013073B9AAF1040AD04504D333
:10B6C00007E0D04504F1FF3403D25AF80439002BC7
:10B6D000F7D0C9F810407146484600F011FC002828
:10B6E0002EDB4146002255F8040BD1F800C01FFAAA
:10B6F00080FE1FFA8CF3A3EB0E031344020CC2EB83
:10B70000234202EB1C429BB243EA0243AF4241F8A0
:10B71000043B4FEA2242E6D258F8242008EB840387
:10B720006AB9043B984504D307E0984504F1FF3417
:10B7300003D253F80429002AF7D0C9F81040013683
:10B74000304603B0BDE8F08F002003B0BDE8F08FB5
:10B75000F8B5234F0C460646FFF750FEBB685D6800
:10B7600025F0030505F6EF73191B21F47F6121F025
:10B770000F01A1F58054B4F5805F07DB002130464E
:10B78000FFF748FEBB682B44984204D03046FFF7D1
:10B790003BFE0020F8BD61423046FFF73BFE013022
:10B7A0000DD0104ABB682D1B45F001055D60136884
:10B7B00030461B1B1360FFF727FE0120F8BD002158
:10B7C0003046FFF727FEBA68831A0F2BDEDD43F001
:10B7D00001035360044B03491B68C01A0860D5E796
:10B7E00088020020C0450020D80E002000297CD00F
:10B7F0002DE9F0410C468046FFF700FE54F8043C6A
:10B80000764FA4F1080523F001016818BE6842686C
:10B81000864222F0030200F08380DE07426000EBE4
:10B82000020C33D454F8084CDCF804302D1B2144AE
:10B83000AC6807F1080C644503F0010364D0D5F847
:10B840000CE0C4F80CE0CEF80840002B00F081803A
:10B8500041F001036B600160B1F5007F22D278688E
:10B86000CB080122490901338A40024357F83310BB
:10B870007A6007EBC302083AC5E9021247F8335071
:10B88000CD604046BDE8F041FFF7BEBDDCF80430B6
:10B89000DB072BD541F00103B1F5007F44F8043CF0
:10B8A0000160DCD3B1F5206F4FEA512353D28B09ED
:10B8B00003F1390003F13802C300F818FB580838C7
:10B8C000984203D163E09B68984204D05A6822F002
:10B8D00003028A42F7D8D868C5E902308560DD6086
:10B8E0004046BDE8F041FFF78FBD7047114407F1B6
:10B8F000080C836863453FD0C268DA60936041F00A
:10B9000001036B606950A7E7002B61D10A44D0E9BD
:10B910000213CB60996042F001036B60AA50B0E75C
:10B92000DB070A4407D454F8083CED1A1A44D5E959
:10B930000213CB60996042F001036B60284BBD603D
:10B940001B6893429DD8274B40461968FFF700FFBC
:10B9500097E71144CDE7142B08D9542B1FD80B0BB4
:10B9600003F16F0003F16E02C300A6E703F15C0070
:10B9700003F15B02C300A0E741F001033D617D617B
:10B98000C5F808C0C5F80CC06B60695079E77968E4
:10B990009210012404FA02F20A437A609CE7B3F59C
:10B9A000AA7F06D8CB0B03F1780003F17702C3001E
:10B9B00083E740F25452934206D88B0C03F17D008A
:10B9C00003F17C02C30078E74FF47E737E2274E7B4
:10B9D00041F001036B60016053E700BF8802002063
:10B9E000DC0E0020F045002000487047D40F0020F6
:10B9F000C36C70B505460C464BB153F8240080B1BA
:10BA0000026843F824200023C360036170BD212233
:10BA1000042100F0B5FC0346E8640028EDD10020C5
:10BA200070BD012101FA04F6721D9200284600F053
:10BA3000A7FC0028F3D0C0E90146E4E731B1C36CAC
:10BA40004A6853F82200086043F82210704700BF8C
:10BA50002DE9F0410D6907460E461C4601F1140E12
:10BA60000020DEF800108BB202FB03434FEA134CB8
:10BA7000090C02FB01CC01309BB203EB0C43854265
:10BA80004EF8043B4FEA1C44EBDC3CB1B368AB42DC
:10BA900007DD06EB850301355C6135613046BDE8A5
:10BAA000F081716838460131FFF7A2FF8046A8B1E6
:10BAB0003269023206F10C0192000C30DBF750FDC6
:10BAC000FB6C726853F82210316043F822604646DE
:10BAD00006EB850301355C613561DFE7024B034806
:10BAE0004246B52100F02CFC505D0500BC5D050010
:10BAF000B0F5803F034636BF030400201020B3F1A9
:10BB0000807F3CBF1B020830B3F1805F3CBF1B014C
:10BB10000430B3F1804F03D3002B06DB01307047B4
:10BB20009B0003D45B0003D4202070470230704791
:10BB300003307047036813F00702014607D0DA07A5
:10BB40001FD4980721D55B080B600120704798B27D
:10BB5000A0B11046DAB20AB908301B0A1A0704BFAE
:10BB60001B0904309A0704BF9B080230DA0703D48C
:10BB70005B0800F1010006D00B6070471B0C102021
:10BB8000E8E700207047202070479B080B600220E8
:10BB9000704700BF38B5C36C04460D464BB15868BA
:10BBA000B0B102685A60002201234561C26003619E
:10BBB00038BD2122042100F0E3FB0346E0640028A5
:10BBC000EDD1094B094800224FF4A07100F0B8FBF9
:10BBD0001C220121204600F0D3FB0028F1D00122D5
:10BBE000022342608360DEE7505D0500BC5D050016
:10BBF0002DE9F04FD1F810801569A84585B00E46A3
:10BC0000924605DB2A46534645468A4690461E46DE
:10BC1000DAF80830DAF8041005EB0804A342B8BFDC
:10BC20000131FFF7E5FE8446002800F08B8000F12B
:10BC3000140707EB840E774505D23B46002243F8F4
:10BC4000042B9E45FBD8143606EB88080AF114092C
:10BC5000464509EB850566D2A5EB0A03153B23F0A3
:10BC600003030AF1150A043355452CBF9B464FF0D8
:10BC7000040BCDF808E00394AE46E24605E0090C5B
:10BC80002AD1B04507F104074AD956F8041B8DB2F2
:10BC9000002DF4D0CC463C46002301965CF8040B02
:10BCA000216886B28AB2000C05FB0622090C1A44F0
:10BCB00005FB001101EB124192B242EA0142E64556
:10BCC00044F8042B4FEA1143E8D8019E47F80B30A3
:10BCD00056F8041C090CD4D03B68002248461D4687
:10BCE0003C469446028801FB02C202EB15429BB21D
:10BCF00043EA024344F8043B50F8043B25684FEA0A
:10BD0000134CABB201FB0C3303EB124386454FEAF5
:10BD1000134CE7D8B04547F80B3007F10407B4D807
:10BD2000DDE902E4D446002C02DC05E0013C03D04E
:10BD30005EF8043D002BF9D06046CCF8104005B009
:10BD4000BDE8F08F034B0448624640F25D1100F0FD
:10BD5000F7FA00BF505D0500BC5D050012F003035B
:10BD60002DE9F041144607462CD10D46A4101CD0F5
:10BD7000BE6C86B3E3074FF0000806D4641014D0FD
:10BD80003068A8B10646E307F8D53246294638465A
:10BD9000FFF72EFF35B1FB6C696853F821202A604C
:10BDA00043F8215064100546EAD12846BDE8F081E9
:10BDB000324631463846FFF71BFF3060C0F800803E
:10BDC0000646E0E7013B0F4A52F823200023FFF725
:10BDD0003FFE0546CAE701213846FFF709FE064641
:10BDE00040B1012340F27122C0E904320023B8645B
:10BDF0000360BFE7044B054832464FF4A07100F0E2
:10BE00009FFA00BF145E0500505D0500BC5D050093
:10BE10002DE9F0470C4690462769A368496807EB6F
:10BE200062177D1C9D4206464FEA621904DD5B00E5
:10BE30009D4201F10101FADC3046FFF7D9FD84464D
:10BE4000002851D0B9F1000F00F114000EDD09F106
:10BE500005024FEA820E03460CEB8202002143F8F2
:10BE6000041B9342FBD1AEF114031844216904F181
:10BE7000140318F01F0803EB81012DD0C8F120092D
:10BE800086464FF0000A1A6802FA08F242EA0A02ED
:10BE90004EF8042B53F8042B994222FA09FAF2D8EF
:10BEA0000B1B153B23F00303043304F115029142ED
:10BEB00038BF042340F803A0BAF1000F00D13D467B
:10BEC000F36C6268CCF8105053F822102160604681
:10BED00043F82240BDE8F087043853F8042B40F8BB
:10BEE000042F9942F9D8EAE7034B0448624640F22E
:10BEF000D91100F025FA00BF505D0500BC5D0500BA
:10BF00000B6984460069C01A16D10CF1140C143167
:10BF10000CEB830210B401EB830301E0944508D2DB
:10BF200052F8044D53F8041D8C42F7D005D24FF05F
:10BF3000FF305DF8044B7047704701205DF8044BFB
:10BF4000704700BF2DE9F04F13690F69FF1A002FEA
:10BF500083B00D46904615D101F11406143202EB60
:10BF6000830206EB830301E09E4276D253F8044D30
:10BF700052F8041D8C42F7D006D22B4601274546C5
:10BF8000984601E0F9DB00276968FFF731FD81463B
:10BF9000002876D02E69C760D8F8100005F1140B80
:10BFA00008F1140E09F1140A05F110010EEB8000DE
:10BFB0000BEB860257464FF0000CCDF804B05EF84C
:10BFC000044B51F8045F1FFA84FBABB2A3EB0B03E5
:10BFD000240C6344C4EB154404EB23449BB243EAB2
:10BFE0000443704547F8043B4FEA244CE7D8A0EBE4
:10BFF0000801153989084C1CDDF804B008F1150852
:10C00000A400404538BF04240BEB0405AA42544465
:10C0100030D92746284650F8043B1CFA83FE190CF9
:10C02000634401EB2E419BB243EA0143824247F84D
:10C03000043B4FEA214CEED8013A521B22F0030296
:10C04000144423B954F8043D013E002BFAD048466D
:10C05000C9F8106003B0BDE8F08F0021FFF7C8FCFD
:10C060008146A8B101220023C0E90423484603B059
:10C07000BDE8F08F8900404538BF00210AEB01047C
:10C08000DFE7074B07484A464FF4107100F058F9B4
:10C09000034B04484A4640F2322100F051F900BFF8
:10C0A000505D0500BC5D05002DE9F0430E4683B0F0
:10C0B000012159EC108B1546FFF79AFC0446002825
:10C0C00046D0C9F30A57C9F313030FB143F48013E1
:10C0D0000193B8F1000313D101A8FFF72BFD019BD9
:10C0E00063610122203022610FB3A7F23347074476
:10C0F000C0F1350037602860204603B0BDE8F0830A
:10C1000068460093FFF716FD019BF8B10099C0F156
:10C11000200203FA02F2C3400A430193002B62613A
:10C120000CBF01220222A3612261002FDDD104EBAA
:10C130008203A0F2324030601869FFF7D9FCC0EBEF
:10C1400042102860204603B0BDE8F083009AE5E77E
:10C15000034B0448224640F20A3100F0F1F800BFD8
:10C16000505D0500BC5D050053EC102B70B5154EFD
:10C1700023F000410025B142044605601FD8164651
:10C180000E431CD0104E1E4018465EB9104619468C
:10C1900000220E4BDBF73AFC6FF0350502460846ED
:10C1A00021F0004120F0FF40091520F4E000A1F249
:10C1B000FE3140F07F53294443F40013216043ECE7
:10C1C000102B70BDFFFFEF7F0000F07F0000504399
:10C1D00040EA01039B0710B501D1032A17D8844612
:10C1E00001F1FF3E07E01EF8011F03F8011B541E7A
:10C1F00029B19C4622466346002AF4D110BD9444DE
:10C20000002CFBD003F8011B6345FBD110BD8E460B
:10C210008446DEF80040A4F1013323EA040313F05E
:10C22000803F71460EF1040EDAD1043A032A4CF82D
:10C23000044BEED87146D3E72DE9F04F93681768A9
:10C2400083B09246002B74D04FF0000B8B680A68C5
:10C2500081460C465D4645E0B4F90C3013F4906F0E
:10C260002CD0D4E90401161A01EB410202EBD27280
:10C27000711C52102944914292BF904688460A464A
:10C280005B0539D511464846FEF7FAFC01900028B7
:10C290003DD032462169DBF763F9A289019B22F484
:10C2A000906242F08002A2819819A8EB0606A6606F
:10C2B000C4F8148023612060A8462E4632465946B1
:10C2C000FEF7CAFFDAF80810A3682268A3EB080398
:10C2D0003244491BA3602260CAF8081049B3D7E969
:10C2E00000B5083798461046002DF8D09D421E46EE
:10C2F000B2D2A8462E46E1E70146484600F09AF839
:10C3000003460028D0D121694846FFF76FFAA38978
:10C310000C2243F04003C9F800204FF0FF30A38106
:10C3200000220023CAF80820CAF8043003B0BDE890
:10C33000F08F00200023CAF8043003B0BDE8F08F6E
:10C3400000B50B4C25681446EE681A4685B00346C6
:10C350000D464CB107490095CDE901143046064918
:10C3600000F03EF8E3F706FF04490C46F3E700BF90
:10C37000E00E0020205E0500305E0500205605001E
:10C3800010B502FB01F1FEF77BFC044668B150F8E2
:10C39000042C22F00302043A242A18D8132A06D8BF
:10C3A00002460023136053609360204610BD0023B3
:10C3B0001B2A036043600FD9242A8360C36011BF26
:10C3C00000F1100200F1180203614361E9E7002166
:10C3D000FEF7C2FF204610BD00F10802E1E700BFF2
:10C3E0000EB410B583B005AB064C53F8042B019383
:10C3F0000146206800F0C0F903B0BDE8104003B06A
:10C40000704700BFE00E002082B049B15AB16BB155
:10C4100013780B601278101E18BF012002B070470D
:10C4200001A9002AF3D1104602B070476FF0010055
:10C43000F4E700BF2DE9F84F1646002900F096807A
:10C440000C46804606F10B05FEF7D8FF54F8041C95
:10C45000162DA4F1080921F0030758D81025AE4283
:10C4600058D8AF4260DABE4B9A6809EB070C6245B8
:10C47000DCF8040000F0908020F0010363445B6866
:10C48000DA0768D420F003003B189D4247DDCB0754
:10C4900012D454F8083CA9EB030BDBF8043023F06A
:10C4A0000302104400EB070A554540F3F68007EB02
:10C4B000020A554540F3CC8031464046FEF7E0FB8A
:10C4C0000646002800F0208154F8043C23F00103C4
:10C4D0004B44A0F10802934200F0B4803A1F242A92
:10C4E00000F2D780132A00F2A28003462246116888
:10C4F00019605168596092689A6021464046FFF77A
:10C5000075F94046FEF780FF3046BDE8F88F35F0FC
:10C510000705A4D50C23C8F80030002618E01F46F4
:10C52000DCE90223D3609A60D9F804307A1B0F2A21
:10C5300003F0010309EB07001DD83B43C9F80430A1
:10C54000436843F0010343604046FEF75DFF264623
:10C550003046BDE8F88FC907AED454F8083CA9EBC3
:10C56000030BDBF8043023F00302A0E7BDE8F84F2B
:10C570001146FEF785BB09EB05012B4342F0010292
:10C58000C9F804304A60436843F00103436008314E
:10C590004046FFF72BF9D7E720F00300C21905F159
:10C5A000100C624580F29180CA0785D454F8082C9B
:10C5B000A9EB020BDBF8042022F00302104400EB8D
:10C5C000070AD4453FF773AF5E46DBF80C1056F808
:10C5D000080F3A1F242AC160886000F2AE80132A37
:10C5E00040F2A9802168CBF808106168CBF80C10E4
:10C5F0001B2A00F2A88008340BF110022168116098
:10C6000061685160A16891600BEB0501AAEB05021E
:10C6100042F0010299604A60DBF8043003F0010344
:10C620002B434046CBF80430FEF7EEFE90E723683C
:10C630000360636843601B2A3CD804F1080200F1E0
:10C64000080354E750F8043C23F003031F446BE74E
:10C650003A1F5E46DBF80C3056F8081F242ACB60E0
:10C66000996022D8132A1ED92368CBF80830636852
:10C67000CBF80C301B2A3BD808340BF1100322688E
:10C680001A6062685A60A2689A6034465746D94672
:10C690004AE72146FEF7E0FD2FE7DCE902133A1FE7
:10C6A000CB609960D5E73346E9E721463046FEF78F
:10C6B000D3FDEAE7A3688360E368C360242A27D038
:10C6C00004F1100200F1100311E709EB0501996074
:10C6D000531B43F001034B6054F8043C03F0010387
:10C6E0002B43404644F8043CFEF78EFE26462FE7D7
:10C6F000A368CBF81030E368CBF81430242A10D0AC
:10C7000010340BF11803BAE74046FEF77DFE04E74C
:10C71000236903616169416104F1180200F11803A2
:10C72000E5E62369CBF818306369CBF81C30183480
:10C730000BF12003A3E7324660E721463046FEF7BF
:10C740008BFD074B60E7A168CBF81010E168CBF8D0
:10C750001410242A06D010340BF118024EE700BF43
:10C76000880200202269CBF818206269CBF81C20CF
:10C7700018340BF1200241E72DE9F04FBDB0CDE9AF
:10C7800006031C460491914618B1836B002B00F000
:10C790003482049A536EB2F90C20D80702D4910562
:10C7A00040F1AE85130740F1ED80049B1B69002B1F
:10C7B00000F0E88002F01A030A2B00F0F28013ABBD
:10C7C00010930023CDE91133CDE90B3309930DF11B
:10C7D0004C0A0A93039399F80030002B00F0C281B1
:10C7E0004C4604E014F8013F002B00F0F880252BA4
:10C7F000F8D1B4EB090540F0F6802378002B00F067
:10C80000B1814FF000038DF83B3062780023029332
:10C8100004F101094FF0FF389B4609F10109A2F12B
:10C8200020035A2B00F20C81DFE813F0EF020A011B
:10C830000A01EA020A010A010A016A000A010A0160
:10C84000DF02D9020A01D400C0020A01BB025B0068
:10C850005B005B005B005B005B005B005B005B0000
:10C860000A010A010A010A010A010A010A010A0170
:10C870000A01D90185000A010A010A010A010A0117
:10C880000A010A010A010A010A0147020A010A0112
:10C890000A01BC010A0111020A010A0172050A011A
:10C8A0000A010A010A010A010A010A010A010A0130
:10C8B0000A01D90187000A010A010A01AE028700B4
:10C8C00080000A01A1020A0193026805FA028000B1
:10C8D0000A01BC017D0066050A010A0190050A01F2
:10C8E0007D00A2F13003002119F8012B01EB810139
:10C8F00003EB4101A2F13003092BF5D902918EE738
:10C90000069D2846FFF770F843680B931846DAF740
:10C91000F7FB0C9004462846FFF766F883680A93F5
:10C92000002C40F0CA8499F8002076E799F800209E
:10C930004BF0200B71E74BF0100B1BF0200F00F0B9
:10C940002281079B073323F0070319465A6851F8E1
:10C95000083B07911146002AC0F25B81B8F1FF3F06
:10C9600000F0628153EA01022BF0800B40F05C8101
:10C97000B8F1000F40F07B85CDF80480CDF814802D
:10C980003CAC91E1049D0698294600F00DFE00287C
:10C9900040F09285B5F90C2002F01A030A2B7FF4BF
:10C9A0000EAF0499B1F90E30002BFFF608AF4B6EB5
:10C9B000DD0702D4900540F15D8504990698234671
:10C9C0004A463DB0BDE8F04F00F0A0BD029A079383
:10C9D0005242029299F800204BF0040B1DE7B4EB91
:10C9E000090500F0BF80119B129A01332A44072BDE
:10C9F000CAE900951292119305DC0AF1080A039B1B
:10CA00002B440393F9E61AB911920DF14C0AF6E79B
:10CA10000499069810AA00F073FF0023CDE91133A2
:10CA20000028F2D0049B5A6EB3F90C30D10740F1C4
:10CA3000A0805B0600F14C8503983DB0BDE8F08F07
:10CA4000002A00F08F8000238DF83B3001238DF801
:10CA50008C200193059323AC4FF000081BF00206D5
:10CA600002D0019B02330193DDE911201BF0840306
:10CA700002F1010C6146089305D1DDE901535D1B0C
:10CA8000002D00F336839DF83B50002D00F0FB8114
:10CA90000DF13B020130CAF8002007294FF00102D6
:10CAA000CDE91110CAF8042040F3E98148B110AA79
:10CAB0000499069800F024FF0022CDE911220028F5
:10CAC000B0D1002E00F0F28102200FAB149013932E
:10CAD00001210DF14C0A0A460AF1080A0131089BAE
:10CAE000802B00F0ED81059BA8EB0307002F00F3DE
:10CAF0003082059BCAF8004018440729CDE911107F
:10CB0000CAF8043040F37482002840F0CF821190BC
:10CB10001BF0040F00F0AC82DDE901239C1A002C0D
:10CB200012980DF14C0A00F36F82DDE9022301999E
:10CB30008A42ACBF9B185B18039350B104990698C6
:10CB400010AA00F0DDFE0023CDE9113300287FF4A8
:10CB500069AF0023119399F800300DF14C0A002BB6
:10CB60007FF43EAE129B002B40F093840023119380
:10CB700058E79A053FF55DAF049CA06D02F0CFFA2F
:10CB8000B4F90C3055E7079A1BF0100F52F8043B2C
:10CB9000079239D11BF0400F32D043F3C0310A461F
:10CBA0001BB2D8E6079D55F8044B00268DF83B6074
:10CBB000002C00F03484B8F1FF3F00F0FC834246C3
:10CBC00031462046DAF77CFC002800F05884031B2D
:10CBD000059323EAE3730795B046019364E0079B4E
:10CBE00000228DF83B2053F8042B079301238DF886
:10CBF0008C200193059323AC2EE700F0FBFDC8E5E4
:10CC00001BF4007F40F02884D9170A46002ABFF69B
:10CC1000A5AE5B4261EB41012D22B8F1FF3F8DF8DB
:10CC20003B2001D02BF0800B0A2B71F1000280F029
:10CC3000E2823033DBB28DF8EF304346012BB8BFD0
:10CC400001230193012305930DF1EF042CE04BF038
:10CC5000100212F0200100F0BF82079B073323F07F
:10CC600007031846596850F8083B07900020B8F1B0
:10CC7000FF3F8DF83B0000F0CB8353EA010022F028
:10CC8000800BD1D10120B8F1000F38D100287FF4FA
:10CC900073AE12F00102059200F0FC8230238DF891
:10CCA000EF3001920DF1EF049DF83B30002B3FF483
:10CCB000D5AE019B01330193D0E64BF0100212F088
:10CCC000200100F07A82079B073323F00703184600
:10CCD000596850F8083B07900020B8F1FF3F8DF8E5
:10CCE0003B0022F4806B12D022F4906453EA0102DC
:10CCF00040F08C835A46A346B8F1000FC6D00128F5
:10CD000000F0B58300230228194600F0DC813CAC1A
:10CD100003F00702DB0843EA4173C908303253EAE3
:10CD20000105204604F8012DF2D11BF0010F00F09F
:10CD3000D881302A00F0D5813023023804F8013C34
:10CD40003CAB1B1A43450593B8BF434604460193C9
:10CD5000AAE71BF0200F00F0BE82079B039A1B6816
:10CD60001A60D2175A60079B0433079333E599F88A
:10CD700000206C2A03BF99F801204BF0200B09F129
:10CD800001094BF0100B48E599F80020682A03BF11
:10CD900099F801204BF4007B09F101094BF0400B9D
:10CDA0003BE599F800204BF0800B36E5494611F839
:10CDB000012B2A2A00F09E83A2F13003092B894619
:10CDC0004FF000083FF62BAD19F8012B08EB88084F
:10CDD00003EB4808A2F13003092BF5D91FE52B23FB
:10CDE00099F800208DF83B3017E5079B53F8042B8A
:10CDF0000292002AFFF6EAAD99F8002007930CE5AD
:10CE000099F800204BF0010B07E59DF83B3099F8AD
:10CE10000020002B7FF401AD20238DF83B30FCE493
:10CE2000079A52F8043B079247F63002ADF83C20CF
:10CE3000B64A09924BF0020B00214FF00002B8F104
:10CE4000FF3F8DF83B2000F03E8153EA01022BF0BA
:10CE5000800040F037815A468346022013E70028BD
:10CE600040F08A829DF83B200121002A00F0808258
:10CE70000DF13B02149113920DF14C0A08460A463B
:10CE80000AF1080A0131002E3FF429AE0FAB02303F
:10CE9000CAF8003007294FF00203CDE91110CAF893
:10CEA00004307FF718AE002840F07B81089B0022F9
:10CEB000802B4FF0010110460DF14C0A7FF413AEA8
:10CEC000DDE901535F1B002F7FF70DAE102F40F3FC
:10CED000F082D6468E4DCA460026C146A046069C24
:10CEE00007E0103F102F02F1020C0EF1080E0A4667
:10CEF00017DD511C103010230729CDE91110CEF891
:10CF00000050CEF80430ECDD10AA002840F0B980C3
:10CF1000103F0022102F4FF0010C10460DF14C0E67
:10CF2000E7DC4446C846D146F2463844BCF1070F18
:10CF3000CAE90057CDE911C000F3B081059BA8EB09
:10CF40000307002F0AF1080A0CF1010162467FF77E
:10CF5000D0AD6F4D102F2ADD2B46D4462546069EB8
:10CF6000DDF810A04FF010081C4607E0103F102F0E
:10CF700002F102010CF1080C1A4614DD531C1030AA
:10CF8000072BCCE90048CDE91130EFDD10AA0028CD
:10CF900040F08180103F0022102F4FF00101104619
:10CFA0000DF14C0CEADC2346E2462C461D46384483
:10CFB0000729CDE91110CAF80050CAF8047003DC43
:10CFC0000AF1080A013194E550B10499069810AAB3
:10CFD00000F096FC0023CDE9113300287FF422AD48
:10CFE0000598139401231490129011930DF14C0A9B
:10CFF0001BF0040F3FF499ADDDE901239C1A002CCE
:10D000000AF1080A7FF791AD102C119A40F34E8275
:10D01000404F069EDDF810B010254FF0000807E0E5
:10D02000103C102C02F102010AF1080A1A4614DD24
:10D03000531C1030072BCAE90075CDE91130EFDD24
:10D0400010AA002840F0A380103C0022102C4FF0C2
:10D05000010110460DF14C0AEADC20440729CAE917
:10D060000074CDE911107FF760AD002840F0968183
:10D07000DDE9022301998A42ACBF9B185B18039338
:10D0800067E50499204600F03BFCCDE911660028D5
:10D090003FF43EAFC6E45146304600F031FC002379
:10D0A000CDE9113300283FF475AFBBE4049906982D
:10D0B00010AA00F025FC0023CDE9113300283FF42D
:10D0C00027ADAFE4834609983CAC03F00F021B097F
:10D0D000825C04F8012D43EA0173090953EA010255
:10D0E000F3D13CAB1B1B43450593B8BF43460193AB
:10D0F000DAE5102D40F3CA810D96D446054F049E03
:10D10000CA461023C146A046089C0EE0F05C05000C
:10D11000705E0500805E0500103D102D02F1020ECC
:10D120000CF1080C0A4613DD511C10300729CCE91C
:10D130000073CDE91110EFDD10AA3146F0B9103DB2
:10D140000022102D4FF0010E10460DF14C0CEBDCBF
:10D150000D9E4446C846D146E2462844BEF1070F1C
:10D16000CDE911E0CAF80070CAF804503FF777AE75
:10D170000AF1080A0EF10101724684E4069800F0F3
:10D18000BFFBCDE9114410230028D8D04AE459460A
:10D19000304600F0B5FBCDE9118800283FF454AFCC
:10D1A00040E40499069810AA00F0AAFB0023CDE9F8
:10D1B000113300283FF47AAE34E4079850F8043B6A
:10D1C000079012F010007FF487AD12F0400400F0D9
:10D1D00036819BB201467FE5079850F8043B0790E3
:10D1E00012F010007FF442AD12F0400400F02D81E7
:10D1F0009BB201463AE5CDF81480B84FDDF828809F
:10D20000CDF804B00BF480664FF0000C3CAC05E0A8
:10D210000A2B71F1000136D35B4629465A1842F1B8
:10D220000002A7FB020525F0030000EB9500121A8F
:10D23000981A4FF0CC3561F1000E05FB00F507FBA5
:10D240000E55A0FB07B005440BF0010E0520AEFB08
:10D25000000E80184FEA5B0B303004F8010C4BEAEB
:10D26000C57B0CF1010C013C6D08002ED0D098F864
:10D2700000206245CCD1BCF1FF0FC9D00A2B71F15F
:10D28000000180F0B480CDF82880DDF804B0DDF82E
:10D29000148026E7CDF804803CAC05E5002840F07A
:10D2A0009480059BA8EB0307002F7FF799AE002021
:10D2B000024601210DF14C0A4CE60A9B99F8002028
:10D2C000002B3FF4AAAA1B78002B3FF4A6AA4BF42C
:10D2D000806BFFF7A2BA1BF0100F40F09B801BF091
:10D2E000400F40F0BF801BF4007F00F09380079B4D
:10D2F000039A1B681A7036E55A46AAE45A46DEE4D9
:10D30000049DA86D01F005FFB5F90C20FFF74ABA9E
:10D31000734B09931BF020011DD0079B073323F0AB
:10D3200007031846596850F8083B07901BF0010F97
:10D3300009D053EA010006D08DF83D2030224BF091
:10D34000020B8DF83C202BF4806B76E5654B09933E
:10D350001BF02001E1D1079850F8043B07901BF027
:10D360001000E3D11BF0400463D09BB20146DDE71F
:10D3700010460DF14C0A86E510AA0499069800F0B3
:10D38000BFFA0022CDE9112200287FF44BAB9DF8B3
:10D390003B200121002A7FF46BADE9E70499069850
:10D3A00010AA00F0ADFA0023CDE9113300283FF4B4
:10D3B0005FAEFFF737BB20460795D9F7A1FE20EAFD
:10D3C000E073B046059001936EE40499069810AAA4
:10D3D00000F096FA0023CDE9113300287FF422AB48
:10D3E000059BA8EB0307002F7FF7FAAD5FE70C9BC7
:10D3F0000B99E41A1A462046FEF7EAFE98F8013027
:10D400000BB108F101084FF0000C05E7A3467EE4DC
:10D41000934609E4079B039A1B681A60A3E44346FA
:10D42000062B28BF0623304C059307950193FFF781
:10D4300013BB1BF400711CBFDBB2214676E712F46C
:10D4400000711CBFDBB2214646E412F400713FF4C8
:10D450000DACDBB2214609E443F3C0110A465BB2CE
:10D46000FFF779BA079B039A1B681A807BE4302385
:10D47000FFF7E1BB886D01F052FEFFF79EBACDF8D1
:10D480000480CDF81480079580460DE4174FE646DA
:10D4900063E60499069810AA00F032FA0023CDE959
:10D4A000113300283FF462ABFFF7BCBA0F4F511C99
:10D4B000D3E50F4D8C4638E5049B5B6EDF0707D440
:10D4C000049B9B899E0503D4049B986D01F027FE65
:10D4D0004FF0FF330393FFF7AFBA00BFCDCCCCCCF6
:10D4E000045D0500F05C0500185D0500805E050028
:10D4F000705E0500079B99F80120894653F8041BCC
:10D50000079341EAE178FFF788B900BFF0B51F46FD
:10D510008B89ADF26C4D23F00203ADF80C304B6EED
:10D520001993CB89ADF80E30CB6907934B6A0993F9
:10D530001AAB009304934FF480631546064602939A
:10D54000059316A800230C46069301F0D6FD2A4643
:10D550003B4669463046FFF70FF9051E07DB694673
:10D56000304600F013F9002818BF4FF0FF35BDF822
:10D570000C305B0603D5A38943F04003A3811698C2
:10D5800001F0C5FD28460DF26C4DF0BD49B1FF2AF2
:10D5900002D80A70012070478A2303604FF0FF30E1
:10D5A00070470846704700BF38B52F4B1B680546CB
:10D5B0000C460BB19A6B02B3B4F90C30180723D5A3
:10D5C00022695AB313F0010107D061690020494272
:10D5D000A060A1613AB1002038BD980758BF6169C9
:10D5E000A160002AF7D1190658BF1046F4D543F0C0
:10D5F0004003A3814FF0FF3038BD184600F0FAF821
:10D60000B4F90C301807DBD4D90628D55A0712D440
:10D61000226943F00803A381002AD3D103F42071C7
:10D62000B1F5007FCED02146284600F00DFBB4F9BD
:10D630000C302269C6E7216B51B104F140029142DE
:10D6400004D02846FEF7D2F8B4F90C300022226349
:10D6500022690021C4E9002123F02403D9E709222B
:10D660002A6043F04003C4E7E00E0020B1F90C301B
:10D670001A072DE9F0410C4680463DD44A68002A3D
:10D6800056DDA56A002D34D00022D8F80060C8F815
:10D69000002013F48052E16957D101234046A84786
:10D6A000431C024661D0B4F90C30A56AE1695F07FA
:10D6B00005D56368D21A236B0BB1E36BD21A002332
:10D6C0004046A847451C42D000236360236923607D
:10D6D000A389D90400D52065216BC8F8006041B149
:10D6E00004F14003994202D04046FEF77FF8002340
:10D6F00023630020BDE8F0810E69002EF9D09B075E
:10D700000D6808BF4B690E6018BF0023AD1B8B600E
:10D710000BE02B463246E169676A4046B847B0F1F4
:10D72000000CA5EB0C05664406DD002DF1DCE0E7FE
:10D73000CA6B002AA5DCDCE7B4F90C3043F04003E7
:10D74000A3814FF0FF30BDE8F081226DAFE7D8F83C
:10D750000020B4F90C309AB11D2A01D0162AEDD15F
:10D7600023690022C4E90032B6E7D8F80030002B64
:10D7700099D01D2B01D0162BDED1C8F80060B8E778
:10D78000626022692260DA04A5D4A5E738B50C46A8
:10D79000054608B1836BA3B1B4F90C00B8B1636E50
:10D7A000DB0701D4810515D528462146FFF75EFF2A
:10D7B000636EDA07054602D4A3899B050ED5284679
:10D7C00038BD00F017F8B4F90C000028E7D1054681
:10D7D000284638BDA06D01F09CFCE5E7A06D01F086
:10D7E0009EFC284638BD00BF014900F009BA00BFC1
:10D7F0008DD704002DE9F0478246394801F089FCB5
:10D80000DAF83840002C66D1DAF80450354ACAF804
:10D810003C200323CAE95343DFF8DC90DFF8DC80C7
:10D82000314F324E04230AF5AC72CAF85421214616
:10D83000EB60C5E90044C5E90444AC606C660822AD
:10D84000AC6105F15C00FDF787FDC5E90759C5E945
:10D850000987EE6205F1580001F04FFCDAF8085034
:10D86000234BEB602146C5E90044C5E90444AC60A4
:10D870006C66AC61082205F15C00FDF76DFDC5E941
:10D880000759C5E90987EE6205F1580001F035FC3A
:10D89000DAF80C50174BEB602146C5E90044C5E9A6
:10D8A0000444AC606C66AC61082205F15C00FDF7D5
:10D8B00053FD05F15800C5E90759C5E90A76C5F8D1
:10D8C000248001F01AFC0123CAF838300448BDE86E
:10D8D000F04701F024BCBDE8F047014801F01FBC4F
:10D8E000CC110020E9D7040071DD040095DD0400AF
:10D8F00009000100120002000DDD040031DD04000A
:10D900009368002B00F0F8802DE9F04FB1F90CC0BE
:10D910001CF0080F83B0904681460C4631D00B694D
:10D920007BB31CF00207D8F8006038D00027D4F889
:10D9300024B0E169DFF8C4A23D4655452B463A467E
:10D9400028BF53464846C5B1D847002840F3CA808F
:10D95000D8F808301B1A07442D1AC8F80830002BD5
:10D9600000F0B68055452B46D4F824B0E16928BFB5
:10D9700053463A464846002DE6D1D6E900750836AA
:10D98000DBE721464846FFF70FFE002840F0AF8056
:10D99000B4F90CC0D8F800601CF00207C6D11CF026
:10D9A000010A63D12368A168574618468B46002FA9
:10D9B00058D01CF4007F00F0B580B9420A4600F24E
:10D9C000E1801CF4906F2FD0216962695D1A02EB2F
:10D9D000420202EBD2726B1C52103B44934292BF44
:10D9E00093469B461A461CF4806F00F0EA8011466D
:10D9F0004846FDF745F9002800F0F9802A462169DC
:10DA00000090D9F7ADFDA289009B22F4906242F00C
:10DA10008002A2815819ABEB0505C4F814B023614C
:10DA2000A5602060BB463A4651460092FDF714FCC3
:10DA3000A1682368009AA1EB0B011A443D46A1603E
:10DA400022600027D8F808305B1BAA44C8F80830C9
:10DA5000002B3DD02368A168B4F90CC018468B4652
:10DA6000002FA6D1D6E900A708369EE73846BB4668
:10DA70003D460097002D41D0002846D0009A2068EE
:10DA8000A168D4E90473AA4228BF2A46B84204D93F
:10DA900001EB030A524500F38580934275DCE1698E
:10DAA000676A5A464846B847B0F1000A1ADD009B3B
:10DAB000B3EB0A0300930FD00120D8F80830A3EB92
:10DAC0000A03D344A5EB0A05C8F80830002BD1D1CE
:10DAD000002003B0BDE8F08F21464846FFF756FE10
:10DAE0000028EAD0B4F90C3043F04003A3814FF092
:10DAF000FF3003B0BDE8F08F0020704775683346F3
:10DB00000836002DFAD0D3F800B02A460A2158462C
:10DB1000D9F7D6FC002867D00130A0EB0B030093A7
:10DB20001A46ACE722699A4214D36269BA4211D804
:10DB30006FF00043BB4228BF3B46656A93FBF2F39C
:10DB4000E16902FB03F348465246A847051EC9DDBA
:10DB50007F1B77E7B94228BF39460D4618460A466B
:10DB60005146FDF779FBA1682368491B2B44A1604E
:10DB700023600029ECD121464846FFF707FE002824
:10DB8000E6D0AFE7BB463A464EE759460192FDF76D
:10DB900063FB019AA3689B1AA36023681344236064
:10DBA000924684E759465246FDF756FB2368534494
:10DBB000236021464846FFF7E9FD00283FF477AF90
:10DBC00090E74846FEF736FC034600287FF422AF74
:10DBD00021694846FDF70AFEB4F90C300C2223F007
:10DBE0008003C9F800207FE76A1C009247E70C22F7
:10DBF000B4F90C30C9F8002076E700BF00FCFF7FC5
:10DC00002DE9F8430746884600F5A6764FF000094F
:10DC1000D6E90154013D11D4A389012B05F1FF354B
:10DC200008D9B4F90E300133214603D03846C04735
:10DC300049EA00096B1C04F16804EDD13668002E36
:10DC4000E6D14846BDE8F883F0B5B1F90C300C4692
:10DC5000990797B007D504F143030122C4E90432C0
:10DC6000236017B0F0BDB4F90E10002905462EDB75
:10DC70006A4600F0BBF8002827DB019E06F47046D8
:10DC80004FF48067A6F50056B6FA86F63946284660
:10DC90007609FCF7F5FF38B3A3891B4AEA6343F022
:10DCA0008003C4E90407A3812060002ED9D0B4F911
:10DCB0000E10284600F0B0F80028D2D0A38923F037
:10DCC000030343F00103A381CBE7B4F90C3013F055
:10DCD000800F0CBF4FF48067402739462846002646
:10DCE000FCF7CEFF0028D7D1B4F90C309A05B8D490
:10DCF00023F0030304F1430243F002030121C4E9CA
:10DD00000421A3812260ACE7E9D7040010B50C46DA
:10DD1000B1F90E1000F0A8F8002803DB236D0344CE
:10DD2000236510BDA38923F48053A38110BD00BFD8
:10DD30002DE9F0410C46B1F90C101F46CB05054604
:10DD400016460BD421F48051A1813B46B4F90E1044
:10DD500032462846BDE8F04100F020B8B4F90E1074
:10DD60000223002200F06AF8B4F90C10EAE700BFC1
:10DD700010B50C46B1F90E1000F060F8B4F90C3093
:10DD8000421C0EBF23F4805343F480532065A381CB
:10DD900010BD00BFB1F90E1000F016B838B50C4632
:10DDA000084D8446114620461A4600232B606446DF
:10DDB00001F090F9431C00D038BD2B68002BFBD03C
:10DDC000236038BDF445002038B5074D00220446D5
:10DDD00008462A6001F082F9431C00D038BD2B6848
:10DDE000002BFBD0236038BDF445002070B50C46F5
:10DDF000084D03460026204611461C462E6001F0C1
:10DE000077F9431C00D070BD2B68002BFBD023603A
:10DE100070BD00BFF445002038B5074D0022044610
:10DE200008462A6001F05FF9431C00D038BD2B681A
:10DE3000002BFBD0236038BDF445002038B50C46DC
:10DE4000084D8446114620461A4600232B6064463E
:10DE500001F047F9431C00D038BD2B68002BFBD0E4
:10DE6000236038BDF445002038B50C46084D844683
:10DE7000114620461A4600232B60644601F026F91D
:10DE8000431C00D038BD2B68002BFBD0236038BD6D
:10DE9000F44500207047F0B403460A461979DB8840
:10DEA00000681343066987683468DA0748BF83F45B
:10DEB000402301258D4023F48012DB074CBF2C4307
:10DEC000AC4334603B68F0BC184700F0AEBF00F0D4
:10DED000B5BF034600681B790121994003691B689F
:10DEE000194283680CBF1B69DB68184783681B698C
:10DEF000184700EBC100408840087047F8B503465A
:10DF0000FFF7F7FFB0FA80F0C0F11F0003EB800CC1
:10DF1000CA00DCF81060171D0C4606328DB256B9E7
:10DF2000012101FA00F0D9680143D960CCF8104012
:10DF3000DD539D52F8BDF1000431585AD85303EB1C
:10DF4000C0009E52C5805D52F4E710B500EBC104DD
:10DF5000E388994202F104010AD1012303FA02F293
:10DF6000C36823EA0203C360002340F8213010BDD8
:10DF7000A28840F8213000EBC20100EBC300CB8047
:10DF80008280F4E708B50346FFF7B3FFB0FA80F2EA
:10DF9000C2F11F021846BDE80840FFF7D6BF2DE9C1
:10DFA000F843B1FA81F5C5F11F0900EB8908034672
:10DFB000D8F810200E46C2B10327D8F810401846F2
:10DFC0002146FFF796FFB04206D34A461846FFF7B0
:10DFD000BCFF2046BDE8F88303EBC404013FE088A2
:10DFE000C8F8100001D08242E7D1C5F120024FF0FD
:10DFF000FF349440DA681440EBD094FAA4F2B2FAF9
:10E0000082F2111D53F821402146DFE738B503465F
:10E01000FFF76FFF0D46044611461846FFF769FFEC
:10E0200003EBC5050444600068801846FFF761FFF4
:10E03000014423F8314038BD38B50346FFF759FF96
:10E040000C46A51A511A03EBC4040544480060802D
:10E0500003EBC2006C00448023F8321018461146CE
:10E06000FFF747FF014423F8315038BD38B5054666
:10E07000FFF73FFF0C46014405EBC1035B88DA075D
:10E080000AD42846FFF77EFF21462846FFF731FFD6
:10E0900022182846FFF7BAFF35F83410611A05EB4D
:10E0A000C1035B88DB070CD42846FFF76BFF35F80C
:10E0B00034102246611A2846FFF7A8FF35F834309D
:10E0C000E41A21462846BDE83840FFF717BF61B182
:10E0D00000680439091A21F007030344C9085A8863
:10E0E00022F001025A80FFF7C1BF704770B5056882
:10E0F00009B9002070BD01F007030B33CC0804EB15
:10E10000D304AB689C4228BF1C4621462846FFF733
:10E1100046FF06460028ECD001462846FFF7E9FEF8
:10E12000A04207D932192846FFF786FF1146284634
:10E13000FFF7E4FE05EBC6021046538843F00103E7
:10E1400053800430D6E71146FFF7D0BF2DE9F843DE
:10E1500001F1FF3919EA010906680F4614460CD08F
:10E160004B420B40042B1A464F4628BF04229946C7
:10E1700064B900252846BDE8F883042904D8BDE821
:10E18000F8431146FFF7B2BF0422F1E7BA1A04F0D0
:10E19000070302F007010B330B44E10801EBD20146
:10E1A00001EBD301B368994228BF19463046FFF707
:10E1B000F6FE80460028DCD009F1040505EBC00519
:10E1C0007B1E35441D44B5FBF7F57D43A5EB0905E2
:10E1D0002C442B1F07349B1B24F00704A41BB0EB1B
:10E1E000D30F4FEAD3074FEAE40408D201463A4678
:10E1F0003046FFF721FF41463046FFF77FFE3946A4
:10E200003046FFF776FE3844844207D23046224635
:10E21000FFF712FF21463046FFF770FE06EBC706F8
:10E22000738843F001037380A4E7043A2DE9F041B9
:10E23000CC1D114424F0070421F007010E1BF70840
:10E24000B7FA87F2C2F12405AD004FF00008073598
:10E25000C2F12002ED0804604146A760C4F80C80BA
:10E26000920004F11000FDF777F86B0043F0010312
:10E27000638004EBC5027B1B5900A4F80080518029
:10E28000A21924F83550A2F80280A35304EBC70367
:10E2900029465A8842F001025A802046BDE8F041E2
:10E2A000FFF72CBE2DE9F04706460D461746984667
:10E2B0002BB398F8004093F80190DB78A40004EBAE
:10E2C000430498F802301C4444444FF0000ACA4505
:10E2D00009D3D8F8042008F1080339463046AC4683
:10E2E000BDE8F047604714F8013B48F8234020465A
:10E2F000D8F706FF013004440AF1010AE7E76FF09E
:10E300001500BDE8F08770B5002502462846144682
:10E3100014F8013B0BB9184609E098B18D4207D1BA
:10E32000702B04D0A3F140023A2A0BD8002070BD14
:10E33000A3F140063A2E05D853780135941C002BE2
:10E34000E9D00020252B08BF80F001002246DEE73F
:10E350000020704730B50C688B6814B14A689A4247
:10E3600002DC01338B6030BD013A9A4214BF05468E
:10E370000025E5548B68F4E700F0D4BC0FB407B572
:10E3800004A951F8040B019100F0CCFC03B05DF836
:10E3900004EB04B070470CB407B504AB53F8042B7E
:10E3A0000193DFF7B5FF03B05DF804EB02B07047EF
:10E3B000044608B5084611461A46A047FBF704FE76
:10E3C000E1F75CFBD0E9002130B54FF03333A2FB1D
:10E3D0000324D51843EB0405A1FB0313521844EBA7
:10E3E0000304521944F10002891843F10003C0E903
:10E3F000001330BD10B50A68002A03460FDD013A4C
:10E400000A601A6844680A20A2FB001200FB04227A
:10E41000100F22F07042C3E90012303010BD3020DE
:10E42000FCE72DE9F0410746884615461E4614468E
:10E43000B44205D30EB1601B08E02378002BFAD05C
:10E4400014F8010B4146B8470028F1DABDE8F08125
:10E450000FB407B504A951F8040B0191FFF78CFF25
:10E4600003B05DF804EB04B0704710B503690246D1
:10E4700013F0080009D11368D4689C4297BF126A50
:10E48000E31AD31A01200B6010BD00231846FAE7E7
:10E4900013B501A90446FFF7E8FF20B1019BE2682C
:10E4A000013B13440193206A019BC01A013802B05A
:10E4B00010BD10B5044650182269236AD20702D550
:10E4C000013B184010BD984228BFC01AFAE710B5AA
:10E4D00004460A46C168FFF7ECFF2369E06023F0B9
:10E4E0000803236110BD38B50D46C2698B00016871
:10E4F00043F0020342F82130044601682A46FFF740
:10E50000D8FFE36861682060984202BF236943F046
:10E51000080323612A462046FFF7CBFF606038BD21
:10E520002DE9F74FC768C6699B4606EB8703009342
:10E5300016F8273003F00303022B04468846914661
:10E540004FF000030BD01360CBF8003023699B071A
:10E5500013D44FF0000A504603B0BDE8F08F56F8D0
:10E56000271013608908CBF80030EFD0FFF7AFFF1A
:10E57000E368A3604FF0010AEDE7A36900989847AC
:10E5800016F8272012F0010A0546E2D012F0020226
:10E590001FD0B8F1000F03D041462046FFF7A3FF7C
:10E5A00061682A462046FFF784FFD4E902219142A0
:10E5B000606006D12A462046FFF77BFF4FF0000A35
:10E5C000A060A2682260E260226942F00802226133
:10E5D000C1E7014620460192FFF779FFE368A36097
:10E5E000B8F1000F04D02168E369019A43F82120B3
:10E5F00005EB0802CBF8002021682046FFF759FF01
:10E600002369206043F00803236116F827306FF375
:10E61000000306F82730009BC9F80030AAE770B560
:10E6200004461546FFF745FF2368834205D1236959
:10E63000216023F00803236170BDE269AB0043F061
:10E64000020342F82130204661682A46FFF731FF75
:10E650006060F1E738B503695B07044606D5456A93
:10E66000FFF716FF85422CBF6562606238BD38B582
:10E670000D4604461C220021FCF76EFEEB68A361E8
:10E68000AB6863612B68E3616B682362002262629E
:10E690002A6923B1591E194208BF42F001022261C2
:10E6A000012204F128000021BDE8384005F0CBBB71
:10E6B0002DE9F04F87B000250093036A03958B4244
:10E6C00004460E4692460595A94639D3EFF3118BC1
:10E6D000202383F31288BFF36F8F059AD8462AB19F
:10E6E00029462046FFF79BFF0023059304A92046F7
:10E6F000FFF7BBFE0499B14207462AD32268E369BB
:10E7000013F8221021F0030103F8221003EB820911
:10E71000216832462046FFF7CCFEE368206098422D
:10E7200012D0002788F31188BFF36F8F039929B1A6
:10E7300062690AB12046904700230393002FC5D198
:10E74000484607B0BDE8F08F236943F00803236112
:10E75000E7E718B12046FFF7C6FEE3E7009B5AEA59
:10E7600003021CD0019105F05DFC0199B8B9BBF121
:10E77000000F14D187F31188BFF36F8F009B5246AF
:10E7800004F12800FAF7B6FEEFF31188202383F393
:10E790001288BFF36F8FB0FA80F77F09C2E705AB2D
:10E7A00003AA20462568FFF7BBFE0746BAE770B507
:10E7B0000446836908460D4698470246EFF31186E2
:10E7C000202383F31288BFF36F8F2B7843F001036C
:10E7D0002B7061682046FFF76CFE60602046FFF7F3
:10E7E00039FF86F31188BFF36F8F70BD2DE9F041BB
:10E7F00004462027EFF3118687F31288BFF36F8F4B
:10E80000236913F0080FA36802D16268934200D90C
:10E81000226AE169D21A32B986F31188BFF36F8F89
:10E820004FF0000833E011F8232012F0030001EB51
:10E830008308F1D0022803D151F82350AD0805D147
:10E84000D00712D4A369404698470546A1682A46D6
:10E850002046FFF72EFE2946A0602046FFF737FE30
:10E8600086F31188BFF36F8FC4E742F0020201F80C
:10E8700023204046A369A5689847294602462046BA
:10E88000FFF717FEA06086F31188BFF36F8F404635
:10E89000BDE8F081F8B50446836908460D469847FF
:10E8A0000646EFF31187202383F31288BFF36F8F9F
:10E8B0002B786FF300032B7023699B0705D5E26863
:10E8C000E36903EB82039D421AD12B786FF3410376
:10E8D0002B70D4E90231994204D132462046FFF729
:10E8E000E8FDA06031462046FFF7F1FD87F311886F
:10E8F000BFF36F8F04F12800BDE8F840FAF7C0BD00
:10E900002B6860F39F032B60F0E7EFF31181202366
:10E9100083F31288BFF36F8F036913F0080F8368C6
:10E9200002D14268934200D9026AD31A81F3118856
:10E93000BFF36F8F181E18BF0120704703680022B5
:10E940000BB9184670478B4210D10B6842B9426828
:10E950000360914200D1436000230B6001207047A7
:10E9600013604368994208BF4260F5E71A461B6886
:10E97000E6E7038B13F0070305D10368002B0CBFF8
:10E98000002003207047022B05D1408BB0FA80F0A5
:10E99000400980007047012B05D10368002B0CBF94
:10E9A0000020052070470020704710B50C4600B1CC
:10E9B00011B96FF0150010BD081D00F0D3F8002844
:10E9C000F9D1A368032BF6D9F3E72DE9F0410D4601
:10E9D00007461946281D90461E4600F0D7F8044603
:10E9E00038B13346424629463846A446BDE8F04190
:10E9F0006047BDE8F08110B4EFF31182202484F366
:10EA00001288BFF36F8F41615DF8044B0121DFF77E
:10EA10000FBD38B50C46054658B151B10B6843B12E
:10EA20004B6833B11C220021FCF796FC2C610020BE
:10EA300038BD6FF01500FBE770B505460E46FFF7D1
:10EA4000B4FF041E14DBEFF31182202383F312883A
:10EA5000BFF36F8F6B8B2C8B4FF6FF718B4204F0E3
:10EA6000070407D182F31188BFF36F8F6FF00A0498
:10EA7000204670BD022C0CD101336B8382F31188C8
:10EA8000BFF36F8F0023224631462846FFF79DFFD4
:10EA9000EEE7062C14D8DFE804F004131313041A6D
:10EAA0000400002333606B683BB9C5E90066ACB96C
:10EAB00002212846DFF7BCFCDAE71E606E60F6E74D
:10EAC00082F31188BFF36F8F6FF00404D0E782F3F5
:10EAD0001188BFF36F8F6FF08504C9E782F3118847
:10EAE000BFF36F8FC4E710B5EFF31182202383F3D8
:10EAF0001288BFF36F8F048B04F00704022C0AD036
:10EB0000012C0CBF6FF004006FF0850082F31188B8
:10EB1000BFF36F8F08E0438B013B9BB2438323B964
:10EB20002146DFF785FC204610BD2046EEE738B5CC
:10EB3000A8B1A1B1EFF31185202282F31288BFF3AF
:10EB40006F8F048BFFF7FAFE30B104F0070085F3F6
:10EB50001188BFF36F8F38BD6FF07700F7E76FF064
:10EB60001500F8E7034640B1426802F00302022AAA
:10EB700006D0032A04D0012A05D06FF01500704793
:10EB80001A68002AF9D000209860704710B54268D2
:10EB9000816002F00302022A03464FF0000407D00E
:10EBA000032A02D05C60002001E018685C6010BDA0
:10EBB00018685C600028F6D0FBF72EFDF3E770B50F
:10EBC0000C8806468888241A3069A4B2844285B22B
:10EBD00024BF641BA4B22D1BA8B2984228BF1846BC
:10EBE0003368234413600B8803440B8070BD70B4FA
:10EBF000838985880669ED1AADB2731B934228BFDD
:10EC0000134670BC0A46011DFFF7D9BF70B40E460B
:10EC10000146C58831F80A3FEC1AA3B2934228BFD7
:10EC20001346324670BCFFF7CABF10B54B880C883C
:10EC3000E41AA4B294420ED31A4492B28B884A804A
:10EC40000A800069D21A92B2824201D2002010BD1D
:10EC500003448B80FAE76FF01500F8E72DE9F341E4
:10EC600006460F4615464FF000082A4601A93046D1
:10EC7000FFF7BDFF044640B1024639460198D8F778
:10EC80006FFC2D1BA0442744EFD14246311D304676
:10EC9000FFF7CBFF404602B0BDE8F0812DE9F3411C
:10ECA00007460E4615464FF000082A4601A9384689
:10ECB000FFF7ACFF044648B12EB102460199304639
:10ECC000D8F74EFC26442D1BA044EED1424607F156
:10ECD0000A013846FFF7A9FF404602B0BDE8F081BF
:10ECE000704703785B075FBF03684288C3F34A231A
:10ECF00003EB12105DBF173020F0070080080020E2
:10ED000070470020704704F053BC0346BFF35B8F8D
:10ED100053E8000F421C43E800210029F8D1BFF35B
:10ED20005B8F70471FB50023CDE90201CDE90033A9
:10ED30001A4619461846DFF7ADFF05B05DF804FB2B
:10ED40000120DFF759BD002070474368DA7143683E
:10ED50001960436801225A71DFF740BD70B515464E
:10ED60000C4669B1D2E901369B1B99420AD8136857
:10ED70000A4601469819D8F7F3FBAB682344AB6009
:10ED8000204670BD6FF01B00FBE770B50E461546C0
:10ED90001946044618B9BDE87040DFF72DBD33B100
:10EDA000C2F34A231030120D1844D8F7D9FBC4E936
:10EDB00000562046BDE87040DFF7C8BE2DE9F3419C
:10EDC0005F1C4FEA8708064608F1170020F007008D
:10EDD00080080C461546DFF791FD0023ADF805309D
:10EDE0008DF807308DF8047068B10346019A43F836
:10EDF000102FA8F104012A46294452F8045B43F875
:10EE0000045F8A42F9D1A20102F4E07242EA482288
:10EE100022F07F4222F47002002322F03F023146AA
:10EE200002B0BDE8F041FFF7B0BF07B50123019282
:10EE300001AAFFF7C3FF03B05DF804FB07B5CDE9F6
:10EE4000002302236A46FFF7B9FF03B05DF804FB15
:10EE50001FB5CDE90123069B039301AA0323FFF706
:10EE6000ADFF05B05DF804FBF8B506460D46144647
:10EE70001F4604B9F8BD214628463A46B047241A31
:10EE80000544F6E710B5426881680446D2E90023DC
:10EE90000068FFF7E9FF636800221A6010BD13B530
:10EEA00000240094D9F79CFA02B010BD38B54B6825
:10EEB0001A68CB689A4205460C4602D10846FFF70D
:10EEC000E1FF6368BFF35B8F53E8002F511C43E8F9
:10EED00000100028F8D1BFF35B8FA3689D54002079
:10EEE00038BD0A2838B504460D4602D10D20FFF77B
:10EEF000DDFF29462046FFF7D9FF002038BD2DE968
:10EF0000F043054687B008460E8891F80090D1F886
:10EF100008800C461746DFF70DFF011EC6F3821668
:10EF2000C9F3C2091EDB4846DFF722FE034621462D
:10EF3000608851F8102B0196C2F34A22002A01EB97
:10EF40000204C0F30B1008BF00210022CDE9040722
:10EF5000CDE90214009241462846DFF717FF07B0BB
:10EF6000BDE8F0830023E2E743681B685B6800208C
:10EF70009961704743681B681A685268536070470C
:10EF800043681B681868E0F76FB870B543681D6880
:10EF90006B6898690C46DFF70BFC214603460F228D
:10EFA0002868BDE870401847036A1BB11B790B70D5
:10EFB000002070476FF057007047036A3BB1DB6871
:10EFC0002BB11B6A1879B0FA80F040097047012014
:10EFD000704770B5056A04460E460DB103232B71C8
:10EFE0002046FFF7EAFF98B103212046B0470028EA
:10EFF00002DA10F1860F0BD1012125B920463346E4
:10F00000BDE87040184729712046B04700232B7196
:10F0100070BD036A1B7903F0FD03012B14BF6FF071
:10F020000F0000207047FCF797B9D8F799BA01464E
:10F030000068E0F72BBA08B5E0F7B8FABDE8084079
:10F04000E0F7B8BA0A460121FFF7EFBE0021012020
:10F05000E0F71CBAE0F760BE61B662B680F31188D3
:10F06000BFF36F8F704772B6002383F31188BFF32D
:10F070006F8FBFF34F8F30BF62B6BFF36F8F704794
:10F0800072B6002383F31188BFF36F8FBFF34F8FE6
:10F0900020BF80F31188BFF36F8F62B670472028BE
:10F0A00009D9B0F1004F08D80138B0FA80F0C0F1AA
:10F0B0001F0040007047082070473E207047002026
:10F0C00070474FF0FF3070470020704708461146E8
:10F0D000E1F710B808461146E1F720B84FF0FF30CD
:10F0E0007047002070470228CCBF002001207047E5
:10F0F0004FF400534B600020704710B504461420B5
:10F10000FBF7AEFD2060BDE8104004F0B3BDFBF797
:10F11000AFBD4FF0FF324FF0FF33FAF7B7B8FAF751
:10F120002DB9F9F7DFBD7047002303824369C3603F
:10F130007047416A8968E1F771B8EFF311822023C3
:10F1400083F31288BFF36F8F00230B60436833B9DA
:10F15000C0E9001182F31188BFF36F8F7047196007
:10F160004160F7E710B50346EFF31181202282F3E7
:10F170001288BFF36F8F006828B15C6802681A605C
:10F18000A04208BF5A6081F31188BFF36F8F10BD92
:10F19000027A013202727047034618465B68002B00
:10F1A000FBD17047426810B52AB10B461C465B681C
:10F1B000002BFBD16260416010BD10B5044620B940
:10F1C0000B7A01330B72084610BD034618465B6884
:10F1D000002BFBD1FFF7E6FF2046F5E710B508B19D
:10F1E0004B6843604C68002308464B60E1F794F895
:10F1F000204610BD92B281600160C280828070475B
:10F2000083680B440360704703680B6043684B607E
:10F2100083688B6070478388026819448180D018A6
:10F22000704730B484880568A3188380281930BCDF
:10F23000D8F796B910B5838802685C1C8480D154D5
:10F24000D01810BD8388026830B5D4189D1C858005
:10F25000D154090A617030BD83885B1A9BB28380E8
:10F26000006818447047034600689A88401A1144A1
:10F270001860998070470268531E036083880133C9
:10F28000838002F8011C70478288521A03468280EC
:10F290000068084418607047034600689A88521A4C
:10F2A00001449A801960704710B503681C780121E9
:10F2B000FFF7EAFF204610BD10B503681C88022145
:10F2C000FFF7E2FF204610BD02688068101A704701
:10F2D0008388C2888168D21A03685B1AD01A704783
:10F2E0004FF0FF324FF0FF330430F9F7CFBFFAF79A
:10F2F00045B890F86800C0F341107047F8B504466F
:10F300001E460D461746FFF7EBFF94F868309B0743
:10F3100015D425B1012D10D06FF0150508E0E16E70
:10F320000029F9D09DF818300F714E718B710025AE
:10F33000201DFFF7DCFF2846F8BD216FF0E76FF0D6
:10F340007705F5E790F86800C0F38000704738B59E
:10F350000446FAF745FD2046FFF7C2FFA06940B911
:10F360006FF01205201DFFF7C2FFFAF74DFD28468A
:10F3700038BD94F86830DB0716D404F088FB002809
:10F38000EED02046E1F7BEFD05460028EAD1014651
:10F39000282204F12000FBF7DFFF94F8683043F0E7
:10F3A000010384F86830DDE76FF07705DAE738B5F8
:10F3B0000546FAF715FD2846FFF792FF95F86830E5
:10F3C000DA071CD59B071DD4A86903F07BF8044617
:10F3D00038B9284600F0A2F9044648B1A86903F0FC
:10F3E0009EF8281DFFF783FFFAF70EFD204638BD73
:10F3F00095F8683043F0020385F86830F1E74FF084
:10F40000FF34EEE76FF07704EBE70246034652F86D
:10F41000600F904201D1002070470028FCD0027A92
:10F420008A42F9D05A6E8242F5D000680028F6D19F
:10F43000704738B504460D46FFF752FF94F8683020
:10F44000DB0718D42B690BB9EB68BBB1236E1BB972
:10F4500004F16003C4E918332B6893B9626E04F1B8
:10F460006001C5E90012156065661D46201DFFF7A5
:10F470003EFF284638BD4FF0FF35F7E76FF0150522
:10F48000F4E76FF07705F1E710B50446034654F84A
:10F49000480FA0420DD100200DE0447D8C4204D1E4
:10F4A000032909D1047A944205D0DC6CA042F2D041
:10F4B00000680028F1D110BD0F29F5E72DE9F041D2
:10F4C00005460C46061D4FF0FF324FF0FF33304625
:10F4D000F9F7DCFEEF6E002F6DD095F86830DB0792
:10F4E00069D4AB6C1BB905F14803C5E91233236835
:10F4F000002B63D1637D0F2B09D1237A012B0CD014
:10F50000EB6C05F14802C4E900231C60EC64637DE8
:10F51000032B0FD04FF0000806E0E1682846FFF704
:10F5200088FF80460028EBD03046F9F727FF404699
:10F53000BDE8F081AA6C05F1480090421ED100237D
:10F5400029E091F815C0BCF1030F10D001332372EC
:10F550004B68C4E900131C604C60637A022B24D012
:10F56000032B25D0012BD5D1237ABB73D2E791F899
:10F5700008C00CF1FF3C6345E8D11268002ADED0D8
:10F58000537DE96C032B0DD18A42137A02D01168A6
:10F590000029D6D101332372EB6CC4E900031C604F
:10F5A000EC64DAE78A42E8D1C9E7237AFB73B1E772
:10F5B000237A3B74AEE74FF0FF38B5E76FF077087A
:10F5C000B2E70346006800B1187A70470346C08866
:10F5D00008B11878C009704770B50C46154600F0A0
:10F5E0002BFB40B1406883681B6823B12A46214643
:10F5F000BDE87040184770BDF8B503698668BFF371
:10F600005B8FD3F8A030BFF35B8F9B0704460D469A
:10F6100017460ED5B36A7BB1F36B9847B36A294698
:10F620003A4620469847336C054620469847284678
:10F63000F8BD4FF0FF35FAE76FF08505F7E770B5D5
:10F6400003698668BFF35B8FD3F8A030BFF35B8F8D
:10F650009B0704460D460BD5F36B9847736A294602
:10F6600020469847336C054620469847284670BD8B
:10F670004FF0FF35FAE72DE9F04190F8203003F024
:10F680001F03012B04460F4600F120061BD0022B5E
:10F6900005D0FBB990F8211000F0F1FA03E0818C5D
:10F6A000C9B200F0C9FA0546A0B13046FFF78EFF97
:10F6B0000246686883685AB99B6893B13A463146F6
:10F6C000BDE8F0411847818CC9B200F09CFAEAE726
:10F6D000DB68F2E794F821102046FFF796FE024619
:10F6E00028B9FFF71EFD6FF08503036010E0304678
:10F6F000FFF76CFF78B9D2F81080B8F1000FF0D0A6
:10F70000FFF70FFD3A46054631462046C0472860C0
:10F710000020BDE8F081D2F80C80EEE7034600201F
:10F7200083F82C009862704738B590F82C30022B83
:10F730000D4604D100F07AF908B1C46804B938BDA7
:10F740002B78032B07D0052B0CD0022B08D1606837
:10F7500083689B6902E0606883685B6903B19847CE
:10F760002468EBE760688368DB69F7E70B0644BF52
:10F7700021F080011031C84000F0010070472DE9F0
:10F78000F8434FF0010805460C464646206800281D
:10F7900039D068F07F02D2B211465FFA88F7FFF7DE
:10F7A000E5FFB0B1D5F8009011464846FFF7DEFFFF
:10F7B00018B96FF01500BDE8F88322F0800210320E
:10F7C00006FA02F229EA02032B60236823EA020305
:10F7D000236020683946FFF7C9FF78B12A683946A7
:10F7E0001046FFF7C3FF0028E3D006FA08F122EA2B
:10F7F00001022A60236823EA0103236008F101085B
:10F80000B8F1100FC2D10020D5E72DE9F04F836980
:10F81000C26E1B6993F88030C3F34113022B8DB085
:10F8200081460ED0032B0ED0012B0CBF10230823D2
:10F83000D371D9F850800026B8F1000F05D14246A7
:10F84000ACE02023F4E74023F2E7D8F80430D8F8FE
:10F850000C4003930A9604967CB9049B039A0933DF
:10F860009BB293701B0AD3701671D8F80C40002C11
:10F8700040F0B080D8F80080DDE7606800230B938B
:10F8800083681B6B002B00F0A380002198470028A1
:10F8900000F09E800023C4E90333031F0293354622
:10F8A000029A52F8043F02920BB11A7822B9B5427B
:10F8B00078D86FF0150271E05A780B2A08BF9D7056
:10F8C000029B1B685A78042A10D1E2680B990A43FC
:10F8D000E260DA78002A55D19D7023690122AA409E
:10F8E000134301352361EDB200230B93029B1F6884
:10F8F0007B78052BD4D1D9F8183007936FF012021A
:10F900004FF0010B79793B7943EA0123ADF82630BA
:10F9100097F902305FFA8BFA002B0A9B0593B8BF68
:10F920004AF0800A51461846FFF720FF88BB0B9B20
:10F93000069351461846FFF719FF50BBBB79FA787A
:10F940000798009351460DF1260302F087FC02460A
:10F95000F8B91AF0800F18BF2AF080014FF00103A8
:10F960001CBF10318B4005980699BDF8262087F8FA
:10F9700002A008BF03FA0AF319431843CDE90A01AC
:10F98000BA808DE76A1E9A700BA90AA8FFF7F7FEE6
:10F99000AAE70BF1010BBBF1100FB3D110460DB06C
:10F9A000BDE8F08FE3680B9A1343E36060688368F7
:10F9B0009B6ADBB1984702460028EFD10146606898
:10F9C00000F001F9049B2468034404932E4643E7A6
:10F9D0003546EBE7E368A36004F10C010AA8FFF7E2
:10F9E000CEFE02460028D9D1246840E76FF0850298
:10F9F000D4E74FF0FF324FF0FF330430F9F746BC45
:10FA0000F9F7BCBC21B101290DD000231B68FFDE32
:10FA10005030006848B143685B79934205D0006874
:10FA20000028F8D170475830F3E7704710B590F8C8
:10FA30002C30022B044609D1FFF75BFC94F83420EC
:10FA400001462046BDE81040FFF7DCBF002010BD96
:10FA500008B5FFF7D7FF003818BF012008BD2DE912
:10FA6000F04104460E46FFF744FC94F834308046DB
:10FA7000CBB9002E3BD0324641462046FFF7C2FFAD
:10FA80000746A8B10246204600F0D3F9054688B9DA
:10FA900084F83460FC6864B3606883681B6A03B1EF
:10FAA00098472468F7E72046FFF7C0FF074620B9CC
:10FAB0006FF03C052846BDE8F0810146204600F085
:10FAC0008EF910220546002104F13600FBF744FCB4
:10FAD000002384F83430FF6817B9002DC9D0E9E756
:10FAE000786883685B6A03B198473F68F4E784F8F5
:10FAF00034600025DEE7F8B504460E465768154623
:10FB0000FFF777FF94F86830D9074FD4012E08D05B
:10FB1000FB799A060CD5A3691B69D3F880309B0743
:10FB200006D46FF08506201DFFF76AFF3046F8BD4A
:10FB3000002EF6D1A36D53B9226D62B9E36E6A68E7
:10FB40005B7C0133DBB25371E26E53740EE09D4275
:10FB50002FD01B68EFE7954222D12A68D3B9636D95
:10FB600022659D4200D1626500232B60A96849B1DE
:10FB70002046FFF7A3FC06460028D4D1A868FFF76B
:10FB800020FDB87100232B60636D63B9C4E914557F
:10FB90000026C8E71A60626D954208BF6365E3E717
:10FBA00013461268C9E71D606565F1E76FF00F063F
:10FBB000B9E76FF01506B6E74FF0FF324FF0FF33AD
:10FBC0000430F9F763BB08B583681B6B0BB198472A
:10FBD0000346002023B153F8042B0AB1127802B96E
:10FBE00008BD1044F6E710B51C46FFF70BFF48B1FF
:10FBF0000122C06802FA04F320B10269134201D164
:10FC00000068F9E710BD10B50C46FFF70FFF48B1CB
:10FC10000123C06803FA04F120B10369194201D13C
:10FC20000068F9E710BDD1F81A0083681B6903B1B9
:10FC300018476FF08500704770B501F07F0311F031
:10FC4000800F18BF103301259D4090F82C30022BF7
:10FC5000044601D0002070BD90F83460FFF749FBE6
:10FC6000324601462046FFF7CDFE0028F2D0C0689C
:10FC70000028EFD083681D42EDD10068F8E738B561
:10FC80000C46FFF7D3FE80B1C06870B14368DA68F4
:10FC90001AB111790023994201DC0068F5E7156873
:10FCA000ED5CA54201D00133F5E738BD2DE9F04107
:10FCB00005461E460846002A42D1E1F73BF90446B4
:10FCC00000283DD02846FFF777FF95F86830DA071F
:10FCD00007D56FF00F04281DF9F750FB2046BDE84B
:10FCE000F0816768BFF35B8F6369BFF35B8FDB07EE
:10FCF00004F11408EDD47B680BB1AB42E9D1324674
:10FD000000212846FFF77EFEB8B100232360036977
:10FD100083B9C0E90344BFF35B8F58E8003F43F069
:10FD2000010348E80032002AF7D1BFF35B8F0024BB
:10FD30007D60D0E71C600461EDE76FF03C04CAE72A
:10FD40006FF01204CAE72DE9F8434C689DF8209043
:10FD50000D46984606461746FFF7CBFAA3681B6B7D
:10FD600001461BB96FF01500BDE8F883204698479F
:10FD70000028F7D0041F0C35002054F8043F0BB1C5
:10FD80001A782AB900280CBF6FF03C000020EBE77E
:10FD90005A78042A0BD100BB9A784245EDD1DA7823
:10FDA0004A45EAD11B79002BDED00120E5E7052A80
:10FDB000E3D10028E1D0012F997806D0022FF4D1A9
:10FDC000B0692A4600F0C4F804E0B0692A46194632
:10FDD00000F0A2F80028E8D0C6E70020C4E7F8B594
:10FDE000CC6806460CB9204622E004F10C07012538
:10FDF000E268AAB165F07F03D9B203F07F03103344
:10FE0000DA40D2070ED4E368EB40DB0705D5B069D2
:10FE10003A46E9B200F09CF850B90135102DE7D10F
:10FE20002468DFE7B0693A4600F092F80028EAD08B
:10FE3000F8BD2DE9F3475768002497F8058005467B
:10FE40000E46A1463B79A34203DC002002B0BDE888
:10FE5000F0875FFA84FA3146534642462846FFF758
:10FE6000C2FE014650B1CDF800905346012228460B
:10FE7000FFF769FF0028E9D10134E3E76FF03C00A8
:10FE8000E4E72DE9F74380460D461746FFF7BBFE32
:10FE9000064628B96FF00104204603B0BDE8F083A0
:10FEA0000F2DF7D808EB0509014699F83640009761
:10FEB0002B4600224046FFF746FF0028EAD1009477
:10FEC0002B46022231464046FFF73DFF04460028FC
:10FED000E2D100972B46012231464046FFF733FF1F
:10FEE00004460028D8D1706883685B6813B13A462D
:10FEF0002946984789F83670CEE711F0800F18BF71
:10FF000021F0800102684FF0010318BF10318B40CF
:10FF100022EA03030360704737B58B7900938B881F
:10FF20000C461546CA78897802F0DDF970B994F963
:10FF30000230A1782A68002BB8BF21F080014FF071
:10FF40000103B8BF10318B4013432B6003B030BDA9
:10FF5000F8B506460D46174602F0EEF9044658B9C4
:10FF600029463846FFF7C9FF29463046F3F78CF992
:10FF7000044608B9F9F784FF2046F8BD2DE9F041A1
:10FF80000B7E5E0605460C462FD1190624D5FFF7D9
:10FF9000D9F970BB2846D5F86C80268AEF8CFFF71C
:10FFA000A8F9F8B1421E534253419B01228A9AB1EB
:10FFB000BE42E98C324628BF3A4691420CD9B2FB88
:10FFC000F3F103FB11223AB994F91830002BBEBFAC
:10FFD000637E43F008036376A8692146BDE8F041DB
:10FFE00002F022BA98F80730E0E76FF01500BDE89C
:10FFF000F0814FF0FF30FAE743689869F3F774B97E
:020000025000AC
:1000000070B591F918304668002B05460C4607DBA1
:10001000C4F81A50B0692146BDE8704002F004BA35
:100020003046FFF78FF90028F2D04FF0FF3070BD57
:10003000806902F023BA8069F3F726B938B505461E
:1000400080690C4602F094F960B914F0800F18BF73
:1000500024F080042A6B4FF0010318BF1034A34032
:1000600013432B6338BD70B5054680690E4602F018
:10007000AAF9044620B9314605F13000FFF73DFFEB
:10008000204670BD0B0648BF21F08001006B48BFC1
:100090001031C84000F00100704782B0C3698DF88C
:1000A000001001922BB102AB13E9060002B0E0F799
:1000B0009FBF02B0704782B0C3698DF800100192F3
:1000C0002BB102AB13E9060002B0E0F791BF02B01A
:1000D0007047704703695B68D8687047436803617D
:1000E000037A63B1012B0CBF022303234375437AC8
:1000F0005A1E032A05D8DFE802F00505050501238D
:10010000F4E700230375837A062B09D0072B09D067
:10011000052B0CBF002303238375837EC3757047B3
:100120000123F9E70223F7E7036993F8400030B1B0
:10013000DA6B9388918910695B1A9BB2C01A704779
:10014000036993F838007047036993F8402012B9A7
:1001500093F838007047012070470369C3E907121C
:100160007047BFF35B8F0068BFF35B8F084100F0FF
:100170000100704738B50469BFF35B8F04F188054F
:1001800055E8003F43F0040345E80032002AF7D168
:10019000BFF35B8F636B5A89DB889A4203D004F10B
:1001A0002400F9F761FB04212846FFF7DAFF28B99C
:1001B00004F17800BDE83840F9F756BB38BD10B5FA
:1001C0000469606BFEF76AFD10B1012384F83930D1
:1001D00010BD10B50469606B4289C3889A4202D190
:1001E0004FF0FF3010BD0122FEF758FD0028F7D078
:1001F00004F17800F9F738FB0020F3E738B504691B
:10020000EFF31185202383F31288BFF36F8FE06B28
:10021000FEF724FD85F31188BFF36F8F10B1012322
:1002200084F8413038BD38B5034640681B695D68C5
:10023000AC68A37A84F8223094F82D3084F8233007
:10024000696841B1237C33B9FFF738F918B9686898
:10025000FFF7B7F92074002038BD38B54B78046932
:1002600045682069202B07D0222B18D0FEF759FFB4
:100270006FF08503036010E0CB88072BF6D1D368BD
:100280001A6842609A8802819B798372FFF726FF81
:10029000224608212846FFF70EFF002038BD4B8874
:1002A0008381C3F3400203F00103027643762246C2
:1002B0000921EFE708B51346026910694A78212A37
:1002C00012D12BB9FEF72DFF6FF00B03036009E08D
:1002D000CA88072A00F1040128BF072203F10C0095
:1002E000FEF79FFF002008BDFEF71BFF6FF08503A0
:1002F000ECE701238B40DB43BFF35B8F50E8002F1B
:100300001A4040E800210029F8D1BFF35B8F704705
:10031000006902218830FFF7ECBF006903218830B3
:10032000FFF7E7BF08B50369186900218830FFF7B8
:10033000E0FFBDE808400121FFF7DBBF0369186952
:1003400001218830FFF7D5BF2DE9F04750F8483C30
:1003500000F140055B68074600212846D3F800807D
:10036000FFF7FFFE00284DD001212846FFF7F9FED8
:10037000002847D1BFF35B8F55E8003F43F02002D0
:1003800045E800210029F7D1BFF35B8F9B0639D4E4
:10039000D8F810305B689B68402293F836104046CE
:1003A000FFF72AFE064650B928460521FFF7A1FFB0
:1003B00038462122BDE8F0470023F9F7C5BA814647
:1003C000428A59F80C1F57F80C0CFEF767FC0446DC
:1003D00001464846FEF71FFF24B114F03F0F0CBF43
:1003E0000124002407F82D4C31464046FFF708FE53
:1003F00040B13046DFF790FF28460521BDE8F047C1
:10040000FFF777BFBDE8F087F8B5036947681C6957
:100410005B689B680D4693F83D30097E06462AB31B
:10042000994204D1042104F18800FFF762FF336987
:100430002A7E5B689B6893F836309A4204D1052186
:1004400004F18800FFF755FF33692A7E5B689B68DB
:1004500093F826309A4203D104F18C00F9F770F832
:1004600029463846BDE8F840FFF7E2BD994214D16D
:100470002A8AE968606BFEF7F1FB28B1E3691BB1DA
:1004800004F12400F9F7F0F904F188000421FFF7E2
:1004900030FF04F17800F9F7E7F933692A7E5B68E9
:1004A0009B6893F836309A4215D1E3691BB104F189
:1004B0002400F9F7D9F9052104F18800FFF719FFA5
:1004C000E36B5A89DB889A4205D00022002304F1AD
:1004D0004800F9F739FA33692A7E5B689B6893F81C
:1004E00026309A42BCD104F18C00F8F7C9FFB7E777
:1004F00038B550F8783C5B681D6800F1100302467F
:1005000000211846FFF72DFE002836D0012118469D
:10051000FFF727FE88BB52F8441C8A88888909693E
:10052000121A92B28A1A3F2A27D9BFF35B8F53E877
:10053000002F42F0100143E800100028F7D1BFF36C
:100540005B8FD30619D42B695B689B68402293F8B4
:100550003D102846FFF750FD044670B1438A402BFA
:1005600028BF4023438201462846FFF749FD20B1BA
:100570002046BDE83840DFF7CFBE38BD38B550F86B
:10058000243C5B681A6850F8083C0446002B4BD0AA
:10059000002300F164058382838302212846FFF74C
:1005A000E0FDB8B154E9023110699847637D1BB191
:1005B00004F15400F9F758F905212846FFF7D1FD59
:1005C00098B9637F6BB10022002304F12400F9F78E
:1005D000BBF90AE003212846FFF7C3FD0028E1D15B
:1005E000E4E714F8093C002BEDD102212846FFF77F
:1005F000B8FD38B123695A89DB889A4202D0204677
:10060000F9F732F903212846FFF7ABFD60B1A26983
:100610009388918912695B1A9BB29A4204D0204652
:10062000BDE83840F9F720B938BD08B5036903F1D2
:10063000880202211046FFF794FD28B1596B4889C2
:10064000C988401A18BF012083F8380003211046DA
:10065000FFF787FD40B1DA6B908891891269401AE3
:1006600080B2801A18BF012083F84000012008BD25
:1006700003691B69BFF35B8F883353E8001F41F0A8
:10068000020143E80012002AF7D1BFF35B8F7047E5
:1006900070B503691C69BFF35B8F04F1880555E8E9
:1006A000002F42F0010245E800210029F7D1BFF3F5
:1006B0005B8F02212846FFF754FD10B11846FFF763
:1006C00059FD03212846FFF74CFDA8B1E26B938842
:1006D000918912695B1A9BB29A4205D004F12400F9
:1006E000BDE87040F9F7C0B804F148000022BDE849
:1006F00070400023F9F728B970BD0069BFF35B8F24
:1007000000F1880353E8001F41F0080143E800129C
:10071000002AF7D1BFF35B8FC26B9388918912696E
:100720005B1A9BB29A4202D02430F9F79DB8704709
:1007300010B50C46017822788A428AB00FD06946FB
:10074000E0F74EFD05A92046E0F74AFD10220DF125
:1007500015010DF10100FAF74FFD0AB010BD012A95
:1007600006D0022A07D072B940886388C01AF4E71D
:1007700040686368FAE71022611C01300AB0BDE8E6
:100780001040FAF739BD6FF01500E6E7042A0AD0E9
:10079000102A0DD0022A4FF0000315D103700B88E8
:1007A000438001207047012303700B684360F8E722
:1007B000022300F8013B01F1100351F8042B40F82B
:1007C000042B9942F9D1ECE718467047012310B584
:1007D0000621044600F8013BEFF7ACFF18B9A379F6
:1007E00063F03F03A37110BD0B6803608B888380A7
:1007F0008B798371037823F00203037070470078CC
:10080000C0F34000704738B50446807ADFF7DCFC5F
:100810006169054649B1637ADB0704D4436A1B6802
:1008200020469B6898470023636121462846BDE81F
:10083000384003F0FABA2DE9F04101F10C080C46FA
:10084000054600F10C01404617461E46FEF7DCFC4B
:100850004046FEF739FD012310FA87F068826B727B
:100860002F8239464046FEF70FFDE3687360628AC7
:100870000023E3607281638234602846BDE8F08122
:1008800038B5D1E90032DA600B684A895A820C46E1
:1008900005460868DFF740FD204610220021FAF7E0
:1008A0005BFD2846BDE83840FFF7ADBF438A23B95A
:1008B000C068B0FA80F040097047002070470F28E8
:1008C00007D80D280BD8052808BF032018BF022021
:1008D0007047132803D01A2808BF0120F6E701202B
:1008E0007047FEF7A2BAFEF7A9BA10B50346BFF3E8
:1008F0005B8F53E8000F40EA010243E80024002C1C
:10090000F7D1BFF35B8F10BD0023DEF73FB9BFF314
:100910005B8F50E8003F0B4040E80032002AF8D1DE
:10092000BFF35B8F704738B504460D46E0F7DAFE3B
:100930005F3005D129462046BDE83840E0F7A8BD24
:1009400038BD10B5E2F7CEFC6FF48071044610306C
:10095000FFF7DDFF2046BDE8104000F08AB9C3680C
:10096000DB78012B01D1FFF7ECBF7047C368DB7860
:10097000012B01D1FFF7E5BF70470120704710B58B
:1009800003884288934219D8052B17D9B2F5486FCE
:1009900014D88388B3F5FA7F10D2C088A0F10A0179
:1009A00089B240F67644A14208D801339BB2534342
:1009B000B3EB800F34BF0120002010BD0020FCE706
:1009C000002070470020704770B506460D464FF076
:1009D000FF304FF0FF31E1F769F9044618B9BDE87F
:1009E0007040E0F74BBD03210C30FEF714FC06808D
:1009F0008570214642F22100BDE87040E1F75CBA03
:100A000070B506460D464FF0FF304FF0FF31E1F76D
:100A10004DF9044668B103210C30FEF7FCFB06805B
:100A2000857021460022BDE8704040F20640E1F7A3
:100A30005FBB6FF0680070BDC368187808B1E0F75D
:100A400075BD1846E1F73ABF38B54FF0FF3105469E
:100A50004FF0FF30E1F72AF9044668B102210C306B
:100A6000FEF7D9FB2B88038021460022BDE83840E1
:100A700042F21600E1F73CBB6FF0680038BDF8B5F4
:100A800007460E464FF0FF304FF0FF311546E1F7B5
:100A90000DF9044678B106210C30FEF7BCFB3B880B
:100AA00003804680858021460022BDE8F84042F25E
:100AB0002200E1F71DBB6FF06800F8BD08B500200B
:100AC0000021E1F7A9FA18B1BDE80840E1F7EEB955
:100AD000BDE80840E3F7AEBB033138B5C9B20546FF
:100AE0000E20E2F73FF8032104460C30FEF793FB9B
:100AF00001230370A0F80150204638BD70B50546AB
:100B00000E460F200421E2F72DF8042104460C3094
:100B1000FEF781FB0122067042704580204670BDC1
:100B200008B50722FAF768FBB0FA80F0400908BD63
:100B3000FEF77BB9BFF35B8F0068BFF35B8F704735
:100B400000280CBF08460020704718B111B10846B4
:100B5000E2F748B86FF01500704707B580B9062175
:100B60006846EFF7E7FD40B99DF80530684603F0A9
:100B70003F038DF80530E2F735F803B05DF804FB6C
:100B80006FF01500F9E713B5044680B106216846F9
:100B9000EFF7D0FD48B99DF80530694603F03F03F3
:100BA00020468DF80530FFF7D0FF02B010BD6FF082
:100BB0001500FAE708B5E2F795FB10B11030FFF722
:100BC000B9FF012008BD034610F4004F0CBF0720F9
:100BD0000620DA0348BF00F005009B0348BF00F081
:100BE000FB007047BFF35B8F0068BFF35B8F7047FC
:100BF000012303FA01F15AB1BFF35B8F50E8003FC4
:100C00000B4340E80032002AF8D1BFF35B8F7047F6
:100C1000C943BFF35B8F50E8003F0B4040E8003210
:100C2000002AF2D0F7E770B5064686B00D464FF0C1
:100C3000FF304FF0FF31E1F739F80446B0B10C3026
:100C400095B10121FEF7F6FA06F1100203A920463C
:100C500000950823E1F718F80022214642F20A0025
:100C6000E1F746FA06B070BD2946EBE76FF0680081
:100C7000F8E7183003F0C3B9BFF35B8F0068BFF328
:100C80005B8F7047D0F8B000003818BF0120704764
:100C9000084689691160C2691A60C27A0021183059
:100CA000FAF75ABBFEF7CAB8837A072B01D1E2F7ED
:100CB00095BF70472438E3F713B8036800220BB9D7
:100CC000184670478B4210D10B6842B942680360E6
:100CD000914200D1436000230B60012070471360F4
:100CE0004368994208BF4260F5E71A461B68E6E789
:100CF00010B50446006918B1DFF70EFB002323612D
:100D000010BD10B5BFF35B8FD0F8C430BFF35B8F5D
:100D100000F1C4027BB1BFF35B8F591C52E8004F56
:100D20009C4204D142E8001CBCF1000FF6D1BFF395
:100D30005B8FE7D110BD1846FCE710B5837A023B04
:100D40000446062B16D8DFE803F009041515150B29
:100D50000900417200212046E3F710F9002010BD80
:100D60000088FFF74DFE0028F9D1A37A072BF5D1B3
:100D70000821F0E76FF07F00F1E738B5037A8B4286
:100D80000446154615D100F1700107222846FAF7EE
:100D900033FA80B1E378072243B904F17E01284693
:100DA000FAF72AFAB0FA80F0400938BD04F1770169
:100DB000F5E70020F9E70120F7E78378012B0CBF66
:100DC000703000207047F8B507460D464FF0FF30F1
:100DD0004FF0FF31E0F76AFF0646D0B10E210C302C
:100DE000FEF719FA0E2204460021FAF7B5FA3B88FD
:100DF00023802B8863806B88A380AB88E380EB889B
:100E0000238131460022BDE8F84042F21300E1F7A9
:100E10006FB96FF06800F8BD704710B50446F8F779
:100E2000DFFF234653F8482BD2F8B01061B9A16414
:100E3000D2F8B41061B9C2E92C33F8F7E5FF2068A5
:100E4000BDE81040E3F770B88B42F6D00968EDE7D3
:100E50000B60C2F8B430F0E703682BB141681A6840
:100E600002608B4208BF4260704770472DE9F8432B
:100E7000446B002C55D054F8085905B1083D0027A3
:100E800001E02C461D46D4E900682EB3F8F7A8FF10
:100E9000D6F8B03004F14801002263B1994232D152
:100EA000A36C42BBD6F8B420C6F8B030914201D151
:100EB000C6F8B430A764F8F7A7FF04F130090022A0
:100EC00000234846F8F7AAFA0646F8B9D8F80430DD
:100ED0000BB1204698472760E3680BB1204698473E
:100EE000D8F820300BB120469847D5B1AB68002B1D
:100EF000C7D0083BC5E71360D6F8B430994208BFA5
:100F0000C6F8B420D6E71A461B68C6E7B36923B112
:100F1000F16920686FF06D0298473046DFF7FCF901
:100F2000CDE7BDE8F883F8B50F4600210546164623
:100F300000234FF480320846E3F756FD044620B9FB
:100F40002846BDE8F840E3F71BBD04210C30FEF74E
:100F500062F90570477046802046F8BD406B30B19D
:100F6000838B8B42A0F1080001D08068F7E77047BF
:100F700010B54AB989B2FFF7F1FF28B143689B6900
:100F800013B1BDE81040184710BD38B50D46052116
:100F9000FFF7E4FF00231A462946E3F743FD044622
:100FA00010B12846DFF7B8F9204638BD406B30B1A4
:100FB00083898B42A0F1080001D08068F7E7704771
:100FC00070470346006828B1596802681A60884271
:100FD00008BF5A6070470346002003B970471A8A59
:100FE0005B681044F9E710B5D4682378023113B96F
:100FF0002170012010BD8B42FBD0038A023B03828B
:1010000000201061F6E7FDF710BF2DE9F04104461E
:101010008868FFF7E0FF638D628B934228BF134619
:1010200083420D461DD3A165D1F8088000278F604B
:10103000F8F7D6FE41462046E3F7EAFE064638B109
:10104000C5F80880A765F8F7DFFE3046BDE8F081F7
:10105000618D638B994228BF19462846E5F7F6FF54
:10106000F1E76FF07906F0E708B503680A8A1868B7
:10107000C968E5F73FFF002008BD38B5054601F116
:101080000C000C46FEF718F92D68238AE268014629
:10109000286800F03FFF002038BD38B504460D46F3
:1010A000E3F7B6FE30B1294604F15C00BDE83840F4
:1010B00002F0B0BE38BD70B405686A6A52B31368F6
:1010C00003B1A83BA2F1A8040022114600E0A83B0E
:1010D000844207D0668D648BB14238BF3146A2424C
:1010E00038BF22461C462BB1D3F8A830002BEED1D6
:1010F0008442EFD1438D408B8B4201D890420BD973
:10110000824238BF02469942286838BF194670BCEF
:10111000E5F734BF1146EDE770BC704773B5144670
:10112000014605464FF49572206800F081FE207557
:1011300030B92068294600F002FF20B90823237542
:10114000002002B070BD237AB3B1A3F1180253425C
:1011500053419B000193638A0093AE68238AE2683F
:1011600020682946B047002808DB238A98420CD122
:10117000002323750120E4E70223EBE710F1FF0FC2
:1011800003D34042C0B22075DAE70E20FBE71FB55B
:10119000CDE90123002300931A46E5F741F905B094
:1011A0005DF804FBF8B59368166805460F461446CB
:1011B00063B9506801210C30FEF72DF8A0602B6850
:1011C0001B78002B14BF022301230370A3681B7834
:1011D000012B03D0022B1FD000201CE02B681B78B2
:1011E000002BF9D1606804210C30FEF714F8E060A0
:1011F00007802A68E36852885A806168728D738B11
:10120000088A9A4294BFC0EB0200C0EB0300042896
:1012100094BF00200120F8BD2B681B78022BDBD186
:10122000606812210C30FDF7F6FFE06007802B6844
:10123000E268591C0232113351F8040B42F8040BD6
:101240009942F9D16168728D738B088A9A4294BF72
:10125000C0EB0200C0EB03001228D9E7D068037886
:10126000043113B90170012070478B42FBD09168A3
:101270000B8A0020043B0B821061704770B5044656
:101280000E46002200230846F8F7C8F8054658B174
:1012900001462046E3F7BCFD044618B12946304616
:1012A00002F0C3FD204670BD6FF00104FAE72DE99E
:1012B000F04F044685B0104690469946FFF78BFEE6
:1012C000638B628D934228BF134683428B4640F264
:1012D0009380636803934046FDF75EFF4FF0000A7A
:1012E00006464046FFF777FE628B638D06F10C07DA
:1012F0009A4294BFC0EB0205C0EB03053846FDF7E8
:10130000E7FF854217D24046FFF765FE628B638D8B
:101310009A4294BFC0EB0205C0EB03058DBB98F861
:101320000A00DEF751FF00220023FDF702FF064608
:1013300030B9574636E03846FDF7CAFF0546EDE7B7
:1013400001464046FDF739FF4046FFF744FE628DF7
:10135000638B06F10C079A4294BFC0EB0205C0EB09
:1013600003053846FDF7B4FF85421FD24046FFF71C
:1013700032FE628D638B9A4294BFC0EB0205C0EBD4
:101380000305F168328ACDF80090DBF80470039809
:101390000A44ABB25946B847071E0CDABAF1000F3F
:1013A00018BF5746384605B0BDE8F08F3846FDF700
:1013B0008FFF0546E5E70E9BB3B9394606F10C00F1
:1013C000FDF729FF4046FFF706FE638D628B9342CF
:1013D00028BF1346B9448342BA441FFA89F9A8D9F1
:1013E000AF423FF47EAFA4E70F9A0E9B39463046DA
:1013F00098470028E1D19CE70027D3E70368002243
:1014000003B970478B420FD10B683AB94268036049
:10141000914200D1436000230B6070471360436822
:10142000994208BF4260F6E71A461B68E8E7BFF337
:101430005B8F50E8003F43F0080240E8002100299C
:10144000F7D1BFF35B8FC3F3C00070472DE9F041C4
:10145000064690461F460D46B9B104220121E3F726
:101460000FFE044618B9BDE8F041E3F747BD04217B
:101470000C30FDF7D0FE0570A0F80180C770214642
:101480003046BDE8F041FFF708BEBDE8F08137B552
:101490000C46054601F10C00FDF70EFF228A019271
:1014A000E26800920346132212212846E3F75EFE0B
:1014B00003B030BD37B50C46054601F10C00FDF711
:1014C000FBFE228A0192E268009200220346114646
:1014D0002846E3F74BFE03B030BD2DE9F341176812
:1014E000D7F804800023144613730146064695225C
:1014F000404600F09DFC0546207330B93146404619
:1015000000F01BFD28B908232373002002B0BDE8BA
:10151000F081CDE900553146A388A2683846FFF72F
:10152000C6FE002807DA10F1FF0F26BF4042C0B206
:101530000E202073E9E70120E8E72DE9F341176861
:10154000D7F80480002314461373014606469522FB
:10155000404600F06DFC0546207330B931464046E8
:1015600000F0EBFC28B908232373002002B0BDE88B
:10157000F081A068798D7A8B038A914294BFC3EB86
:101580000103C3EB0203012BEFDD02210C30FDF759
:1015900042FECDE900558046A388A2683146384610
:1015A000FFF785FE031E06DA13F1FF0F26BF5B422D
:1015B000DBB20E23D8E7A8F800300120D6E707B544
:1015C000CA681388528800920C210D22E4F7ECF8C7
:1015D00003B05DF804FB07B5CB6800221B880092BE
:1015E0000A210B22E4F7E0F803B05DF804FB70B5C4
:1015F000CB681E88B3B2162B044629D90321E3F722
:101600008FFF054630B302210C30FDF704FE6FF06A
:10161000040303700123437029462046FFF73DFD74
:1016200040F2FB136383236866851B68BFF35B8FFF
:10163000043353E8001F41F4803143E80012002ACC
:10164000F7D1BFF35B8F2046FFF735FD002070BD5B
:101650000420FCE70E20FAE7F8B50546071F00F165
:10166000500350F8044CBFF35B8F53E8001F21F088
:10167000040143E80012002AF7D1BFF35B8FFCB1ED
:101680006B6D83B9636873B1201DFFF79AFC064642
:1016900001463846FFF7B9FC90B163683360A36830
:1016A000666003B9A66005F158013846FFF7E6FD0C
:1016B00030B104F10C013846BDE8F840FFF7DEBD5B
:1016C000F8BD2DE9F041446A074634B354F8A869DF
:1016D00006B1A83E00231D4607F1040801E0344688
:1016E0001646A26D92B905B983B94046FFF769FC69
:1016F000054650B101462046FFF787FC68B17B687C
:101700002B60BB687D6003B9BD6023462EB1D6F85F
:10171000A820002AE3D0A83AE1E7BDE8F08138B577
:10172000BFF35B8F0B68BFF35B8FDB07054616D5F6
:1017300050F8040C98B16B6D8BB90430FFF741FC85
:10174000044660B10146281FFFF75FFC38B155F829
:10175000043C5A6822609A685C6002B99C6038BD9B
:10176000E4F700BE08B5E4F717FA08B3426A02B31B
:10177000136803B1A83B32F88E0C32F87E2C9042ED
:1017800028BF104643B913E0934228BF134698423E
:1017900038BF1846A1F1A803D3F8A8105A8B5B8D67
:1017A0000029F1D19A4228BF1A46904238BF10460C
:1017B00008BD1046FCE70A8AC9680023E4F708BBA5
:1017C000FFF7F9BFFFF7F7BFFFF7F5BFFFF7F3BF6D
:1017D000FFF7F1BFFFF7EFBFFFF7EDBFFFF7EBBF7D
:1017E000FFF7E9BFFFF7E7BFFFF7E5BF70B5CE68CA
:1017F00033889AB2162A04460D4606D800220423DE
:101800001146BDE87040E4F7E3BA40F2FB124283B0
:101810004385FFF750FC2A8A002331462046F0E733
:1018200070B50E46E4F7B8F9044628B93046DEF73D
:1018300073FD6FF07F0070BD00F10C052846314646
:1018400002F0E8FA606A38B150F8A84904B1A83C3F
:101850002946FFF713FD20B90020ECE71C466FF086
:101860000100002CF8D0D4F8A83023B90230F5D00C
:1018700020461C46ECE7A83BF8E738B505460C4681
:10188000F8F7AEFA2846E4F787F920B9F8F7BCFA7A
:101890006FF07F0038BD0023236083683BB9C0E947
:1018A0000144FFF70EFFF8F7AFFA0020F2E71C60E3
:1018B0008460F6E710B50C46E4F76EF998B1436A18
:1018C0004BB153F8502CD168A142A3F1A80309D021
:1018D000D3F8A830F4E7406828B1C368A34202D027
:1018E0000068F9E7104610BD10600020704710B581
:1018F000029CA36833B1B1F5807F28BF0E21CAB224
:1019000021469847A37DE268013BDBB2A37522B173
:101910001BB92046BDE81040104710BD10609180F3
:1019200000207047B1F5807F009A28BF0E21136810
:10193000C9B2184708B50722F9F75EFCB0FA80F083
:10194000400908BDFDF771BA0B6803608B8883807E
:101950008B7983717047FDF771BA10B50346BFF3F9
:101960005B8F53E8000F40EA010243E80024002C9B
:10197000F7D1BFF35B8F10BD70B50D46064611F869
:10198000010BE2F7A3FE044610B12C89E2F7B0FA8E
:101990006B89A34207D0EB686C8123B121463046A6
:1019A000BDE87040184770BD08B502210C30FDF746
:1019B00032FC6FF00403037001234370002008BD64
:1019C00010B502210C301446FDF725FC2389038055
:1019D000002010BD10B504210C301446FDF71BFC8F
:1019E0002389038063894380002010BD70B51446AD
:1019F000002500F10C066268EBB29A4205F1010580
:101A000001D8002070BDA268304632F81310FDF7EF
:101A100019FCF0E7FFF7EABFF7B5089D06462F6807
:101A20000C4651B973B9002308932A46E1B23046F7
:101A3000BC4603B0BDE8F0406047B1F5807F28BFE9
:101A40000E24F0E7009313462A46B84708942F68FF
:101A500023462A462146EAE710B5144632B900F17A
:101A60007001007AE4F7F6FA00B1846010BDF0B5B9
:101A700087B00D460C9C114606461A465DB983B9DF
:101A8000276800232246E9B23046BC460C9307B0D3
:101A9000BDE8F0406047B5F5807F276828BF0E2578
:101AA000EFE703A8FDF7A6FBBDF81030012B08D81F
:101AB000002300932568224619463046A84707B000
:101AC000F0BD022103A8FDF7E7FB0346BDF8102097
:101AD00033F8027B974228BF1746009725682246B5
:101AE00000213046A847394603A8FDF7D5FBDBE7C0
:101AF00038B5BDF81040A24215460CD84CB16BB1B8
:101B0000A21A8A42A8BF0A4694B222465919D5F7AA
:101B100027FD204638BD6FF00600FBE76FF00D0093
:101B2000F8E730B585B0C96814461D46E4F7C8FA31
:101B300000B10089ADF80E0002230093BDF820200B
:101B40000DF10E0329462046FFF7D2FF05B030BD48
:101B50001FB50C461946E3681C781046BDF81820DE
:101B60003CB110240133069404B0BDE81040FFF7E7
:101B7000BFBF5B88ADF80E30022300930DF10E035A
:101B8000FFF7B6FF04B010BD2DE9F04114461D4625
:101B9000BDF81870E0F786F90646D5F7B1FA80B2BD
:101BA000069033463A4629462046BDE8F041FFF705
:101BB0009FBF30B585B014461D46FEF701FF0223D6
:101BC000ADF80E000093BDF820200DF10E0329465C
:101BD0002046FFF78DFF05B030BD38B500F10C058C
:101BE000022128461446FDF716FB63890380A1896C
:101BF0002846FDF727FB042104F11000FFF7ADFE96
:101C0000002038BD2DE9F041069DBFF35B8F0746EC
:101C10000C4605F1100353E8001F21F0040143E8CE
:101C20000012002AF7D1BFF35B8FECB1E4F75CFA46
:101C3000014640B3836853B11E68002205F1140CBD
:101C40002BB1634508D12B463846E4F715FAB4F5B5
:101C5000807F28BF0E240EE026B130681A46334636
:101C60000646EDE73046F9E7AB8923B92E682346EF
:101C700022462946B0476B682BB12A46E1B2384666
:101C8000BDE8F0411847BDE8F08138B500F10C041B
:101C9000042120461546FDF7BEFA2B8903806B8987
:101CA0004380E9680B782BB949882046FDF7CAFACA
:101CB000002038BD102201312046FDF7B2FAF7E7C7
:101CC00070B500F1700605463146007AFEF77AFEDF
:101CD00004463146287A3CB1E4F7BCF918B1002338
:101CE00003604360836070BDE4F7B4F90028FAD064
:101CF000046044608460F6E7022A10B508D100232E
:101D000000F170011A46007AE4F778FA022010BD5B
:101D1000FFF7D6FFFAE72DE9F84306460D464FF4E4
:101D200070200021DDF8249017469846E4F714F857
:101D3000044660B14560C7609DF820104A463046B1
:101D4000E3F7D8FF054638B92046E4F731F86FF0DD
:101D50000B052846BDE8F883002211460123E4F76D
:101D600067F9A56028463A464946C047054618B176
:101D70002046E4F71DF8ECE721463046FFF77DFDED
:101D800005460028E5D0F3E713B5044610B9002056
:101D900002B010BD00238DF80430006842F6030342
:101DA00001A9ADF80630FEF7C3FC0028EFD1E368C7
:101DB00098880028ECD12046E4F702FB013080B27D
:101DC000E6E770B5CC6888B008461E46A3798DF862
:101DD0000C301546FFF7D8FFADF80D0024682378C6
:101DE0006BB96388ADF80F3005230093BDF8302040
:101DF00003AB31462846FFF77BFE08B070BD631C7D
:101E00000DF10F02113453F8041B42F8041BA342D6
:101E1000F9D11323E9E71FB5CDE90123002300938E
:101E20001A46E4F7FDFA05B05DF804FBFFF79ABC2B
:101E30004B8A12F0010FC3F30E0304D013F0950F79
:101E400010D0486870B112F0020F04D013F4957FDF
:101E50000AD0896841B1134013F4DE7F14BF052016
:101E6000002070470220704703207047F8B50F46E6
:101E700051684B8A03F094030646144613BB0122B3
:101E8000E4F73AFB08B3A2891B2102323046E3F79C
:101E900031FF0546E0B1A1890C300231FDF7BBF9F5
:101EA00020F8027BA289A168D5F75AFBD4E9041275
:101EB00028460123E4F7BCF829463046BDE8F8403F
:101EC000FFF7AEBC4FF0FF30F8BD6FF01500FBE739
:101ED0006FF00B00F8E773B504460D46F7F780FF87
:101EE00029462046FFF7E6FC014620B902B0BDE8CE
:101EF0007040F7F789BF46682046E4F76DF8F7F7BA
:101F000083FF2EB1002300951A460E212046B047CC
:101F100002B070BDF7B50D46044616461F46E4F7FD
:101F2000E3F8014628B1009733462A462046E4F7F5
:101F3000A9FF03B0F0BD01207047012070470120C8
:101F400070470021F8B54FF0FF324FF0FF330546E0
:101F50000846E2F749FD00F10C0704460121384626
:101F6000FDF759F90526067001213846FDF753F9AA
:101F7000002306701A4621462846E2F753FD10B1A9
:101F80002046DEF7C9F90020F8BD6FF085007047E4
:101F9000002070472DE9F041064608461D461746C9
:101FA000E5F788F843681C6864B154F8088C0C3C69
:101FB000B8F1000F04D0A3682A4639463046C0471E
:101FC000E468F1E72846BDE8F08138B50D46E5F74D
:101FD00071F843681C6854B154F80C3C0C3C23B1B4
:101FE0006A1E5042A16850419847E468F3E738BD43
:101FF00038B515460C4689B108B9E5F757F8A5601C
:1020000043680021E160596804F10C0219B9C3E981
:102010000022002038BD0A605A60FAE76FF0150010
:10202000F8E7F0B5064687B01C461546B2B1ABB12D
:1020300011B9E5F73BF801460B681F68002118222B
:102040006846F9F789F9143769463046CDE90175D4
:10205000ADF80C40E4F786FC07B0F0BD6FF015005A
:10206000FAE710B5807A0C46DEF7AEF8436A2146EF
:102070005868BDE8104001F068BDF7B50D46807A9C
:1020800017461E46DEF7A0F82C68436A033424F096
:10209000030258682A600421CDE90076F6F7D4FFE0
:1020A00000B9286003B0F0BD38B50446807ADEF789
:1020B0008BF86169054649B1637ADB0704D4436A4A
:1020C0001B6820469B689847002363612146284689
:1020D000BDE8384001F0A9BE30B50906847E05464A
:1020E00018D414F040001AD0298BC3F30A00C1F3AE
:1020F0000A01884222D802F0030002280DD00328EA
:102100000ED0012815D114F0080217D013F4C05FC7
:1021100005D00BE014F02000E5E7C4F3800030BDEB
:1021200014F00200FBD013F4C05F05D0C4F300101C
:10213000F5E704F00100F2E70120F0E70020EEE708
:10214000BFF35B8FD0F8A000BFF35B8F00F00100FE
:102150007047BFF35B8FD0F8A000BFF35B8FC0F375
:102160004000704701F00F030906026948BF1033B1
:1021700052F823007047007FC0F300107047037FC0
:1021800061F304130377704708B502691046FFF73F
:10219000D7FF68B991F8200000F00F03000648BF90
:1021A000103342F82310084601F0F5FD002008BD69
:1021B0006FF00C00FBE700220023F7F72FB970B592
:1021C000054600220023F7F729F9044610B1064618
:1021D0002B680BB9204670BD002200232846F7F774
:1021E0001DF970600028F5D00646F1E701F027BE22
:1021F00001F010BE437E23F0070343F00103437652
:102200007047407EC0F3C0007047437E6FF3C30346
:10221000437670471FB504698DF80410CDE902209C
:10222000D4F8983001A9984704B010BD1FB50469CF
:10223000034606208DF804002046CDE90213FFF77F
:102240007FFF40B1C1F81E20D4F8982001A918469C
:10225000904704B010BD4FF0FF30FAE72DE9F84386
:1022600004468668894615461F46FFF77BFF804671
:10227000002835D0F36B204698473B882A464946CC
:102280004046FFF729FF28B38BB92369D3F8803084
:10229000DB0758BF402305F0030546BF4FF48063BA
:1022A0004FF400711946022D07D0032D0CD02046A3
:1022B000336C98470020BDE8F883B8F818208A42AC
:1022C00028BF0A463A80F2E7B8F818209A4228BF99
:1022D0001A46F7E72046336C98476FF08500EAE727
:1022E0006FF01200E7E72DE9F3411F464B06D0F8E7
:1022F000088004460D4616461BD0D8F83C30984757
:102300002069FFF726FF88B19DF820300093294609
:102310003B4632462046F0F745FF0546D8F84030A8
:1023200020469847284602B0BDE8F0814FF0FF35BF
:10233000F4E76FF01505F5E770B54B0686680446BF
:102340000D4612D0F36B98472069FFF7F9FE48B1AC
:1023500029462046F0F76EFF0546336C2046984725
:10236000284670BD4FF0FF35F7E76FF01505F7E72A
:1023700070B586680546F36B0C4698472869FFF7E9
:10238000E8FEB8B121462846FFF7ECFE0146A0B1B1
:10239000037FDB0711D590F8213003F00303012BF5
:1023A0000ED0F3682846984704462846336C984771
:1023B000204670BD4FF0FF34F7E76FF01204F4E7EA
:1023C0006FF08504F1E7F8B587680646FB6B0C46AD
:1023D00098473069FFF7BDFEE8B121463046FFF768
:1023E000C1FE0546D0B1037FDB0717D590F8213039
:1023F00003F00303012B14D001463B693046984794
:10240000044618B92B7F60F341032B7730463B6CB1
:1024100098472046F8BD4FF0FF34F7E76FF01204FD
:10242000F4E76FF08504F1E770B586680546F36B55
:102430000C4698472869FFF78CFEB8B1217EA9B1F8
:102440002846FFF78FFE014698B1037FDB0710D5C2
:10245000637E6FF3000363762246736828469847CD
:1024600004462846336C9847204670BD4FF0FF3431
:10247000F7E76FF01204F4E7F0F736BF70B586683F
:102480000D46F36B044698472846DDF745FF204686
:10249000336C9847002070BD70B586680546F36BB5
:1024A00098472869FFF755FE044620B133683BB1D1
:1024B0002846984704462846336C9847204670BD06
:1024C0000124F8E7F8B587680669FB6B044698476E
:1024D0002069FFF735FEE0B12069FFF73AFED8B971
:1024E000C6F8A400FB6A20469847054660B9BFF3CA
:1024F0005B8FA03656E8003F43F0020346E8003207
:10250000002AF7D1BFF35B8F20463B6C98472846E3
:10251000F8BD4FF0FF35F7E76FF07705F4E7F8B552
:1025200087680669FB6B044698472069FFF711FE30
:10253000B0B13B6B20469847BFF35B8F054606F171
:10254000A00353E8001F21F0020143E80012002A13
:10255000F7D1BFF35B8F20463B6C98472846F8BD08
:102560006FF07705F7E72DE9F0410546D0F80880D0
:10257000066914460F4631B32AB3D8F83C30984761
:102580002869FFF7DDFDD8B9C6E926742846D8F8D2
:1025900034309847044660B9BFF35B8FA03656E8E5
:1025A000003F43F0010346E80032002AF7D1BFF3B1
:1025B0005B8FD8F84030284698472046BDE8F08128
:1025C0006FF07704F5E76FF01504F6E7F8B5876864
:1025D0000669FB6B044698472069FFF7BAFDD0B93E
:1025E0002069FFF7ADFDC8B1BB6B20469847BFF32C
:1025F0005B8F054606F1A00353E8001F21F001019F
:1026000043E80012002AF7D1BFF35B8F20463B6CF2
:1026100098472846F8BD6FF00F05F7E76FF077058C
:10262000F4E7F8B54B7E076943F002034B760546A5
:10263000D7F8A8000E46FCF7C0FD002280212846EE
:10264000F0F752FE044678B101463046FCF7B5FD7E
:10265000637E43F0040363760022D7F8A81028466F
:10266000BDE8F840FFF7E2BD6FF00B02F5E7F8B503
:102670000669D6F8A430022B05461BD1D6F8A870FF
:10268000FB688021DA88F0F72FFE044678B1014616
:102690003846FCF792FD637E43F002036376002226
:1026A000D6F8A8102846BDE8F840FFF7BFBD6FF088
:1026B0000B02F5E76FF08500F8BDF8B5066900225A
:1026C0008021D6F8A8700546F0F70EFE044680B1CA
:1026D0001FB101463846FCF770FD637E43F00403EA
:1026E00063760022D6F8A8102846BDE8F840FFF728
:1026F0009DBD6FF00B02F5E74A7E42F004024A7678
:102700000022FFF793BD0369D3F8A400431E58428B
:10271000584170470369D3F8A400831E58425841BA
:1027200070470369D3F8A400431F584258417047CB
:102730000369D3F8A400C31E584258417047C343ED
:10274000C3F3C01300F00F0000EB0310704738B55F
:102750000D46FFF707FD0446FFF70DFD60B9204663
:10276000FFF744FD40B12846F0F726FF204601213F
:10277000BDE83840FFF703BD38BD38B50D46FFF75B
:10278000F1FC0446FFF7F7FC60B92046FFF72EFD89
:1027900040B12846F0F710FF20460121BDE838403F
:1027A000FFF7EDBC38BDFCF740BB006984304FF04B
:1027B000FF324FF0FF33F6F769BD00698430F6F75A
:1027C000DDBD4A09012301F01F018B4000EB8200AF
:1027D000BFF35B8F50E8002F1A4340E80021002927
:1027E000F8D1BFF35B8F70470369C9B20C2201FBBC
:1027F0000233186C00F00700704770B5C9B2036966
:10280000EFF31185202484F31288BFF36F8F0C2619
:1028100006FB0134246C14F0C00408D0A24206D098
:1028200085F31188BFF36F8F4FF0FF3070BD714398
:102830000B4401221A6485F31188BFF36F8F43683C
:102840000B445B6898470020F0E78022FFF7D5BF74
:10285000F8B5069F0469C9B2EFF31186202585F308
:102860001288BFF36F8F0C2569430C44256C05F06B
:10287000070CBCF1010F0BD1276486F31188BFF35D
:102880006F8FC4E90E2343685B5898470020F8BD5A
:1028900005F0C005AF4286F31188BFF36F8F0CBF00
:1028A0006FF077004FF0FF30F1E713B5802400940C
:1028B000FFF7CEFF02B010BD10B40069CBB21C24EC
:1028C00003FB040000215DF8044B10470020F4F7DF
:1028D000DBBB002000F098BE1046F6F7D1BD436880
:1028E0005B68D3F810350B600020704743685B6865
:1028F00002EA010021EA0201C3F80805C3F80C1539
:102900000020704743685B680020C3F808157047D3
:1029100043685B680020C3F80C15704743685A6829
:10292000D2F8043521EA03000B40C2F80805C2F8CA
:102930000C350020704710B503695868F8B188421B
:1029400019D19C6808685860A14200D198600020A5
:1029500008602AB15A680A609A68596002B9996099
:10296000002010E0814206D108682060986881420A
:10297000EDD19C60EBE7044600680028F2D1002A04
:10298000E8D16FF0150010BD0020704713B54FF06F
:1029900080520829136E526E28BF082112BA009285
:1029A0001BBA0C460A4669460193D4F7D9FD204666
:1029B00002B010BD37B50446002201210420DDF726
:1029C000FFF86368DD6901AA0021284600F097F846
:1029D00000280DDB019B2A6819791868F2F7B2FE0E
:1029E000002805DB204603B0BDE83040F2F73CBCD0
:1029F00003B030BD13B501AA044600F080F80028EA
:102A000005DB019B226819791868F2F79BFE02B07A
:102A100010BD70B504464568066989B1012918D111
:102A2000E8690021FFF7E6FF051E07DB2046F2F705
:102A30001BFC316811B12046F2F72CFC284670BD12
:102A40002846F5F7B3FBE8690121BDE87040FFF7C0
:102A5000D1BF6FF08505F1E7F2F746BE00220121F4
:102A60000320DDF7ADB838B50446056901221146EB
:102A7000284601F0E8F9012205F11800002101F0D3
:102A8000E2F92046BDE83840F2F7F2BD0069F6F7FA
:102A900031BD0069F6F7F4BC13B501AA044600F095
:102AA0002EF8002805DB019B226819791868F2F7D7
:102AB00049FE02B010BD10B544680021606AFFF7FE
:102AC000EBFF2046BDE81040F5F7FABC10B54468AE
:102AD0002046F5F705FD606A0121BDE81040FFF7CB
:102AE000DBBF08B529B1012906D1FFF7E4FF0020BB
:102AF00008BDFFF7EBFFFAE76FF08500F8E730B5A8
:102B000043681360057A446804EBC504A34202D30A
:102B10006FF0010030BD5C798C4201D00833F0E7E2
:102B20000020F7E710B50469204601F0A3F8002360
:102B3000636110BDF8B587687C6806469CB1436840
:102B400093F82630DB071DD405694FF0FF334FF0B3
:102B5000FF322846F6F79AFB6B69002B05DC002450
:102B60002846F6F70BFC2046F8BD013B6B61002BB5
:102B7000F5D17B6830469847041EBEBF6B690133B0
:102B80006B61EDE70024EEE7F0B4D0E901631B6967
:102B90003BB177688F4208DB3568954205DCF0BCB5
:102BA00018476FF05700F0BC70476FF01500FAE758
:102BB000F0B4D0E901631B6A3BB137698F4208DB8F
:102BC000F568954205DCF0BC18476FF05700F0BC83
:102BD00070476FF01500FAE770B4D0E90162956AAA
:102BE00003460C46A5B196F8242012B92B4670BCBA
:102BF0001847306A024410F8011BA14202D1214655
:102C00001846F3E79042F6D16FF0850070BC70472C
:102C10006FF05700FAE72DE9F341D0E901470E467E
:102C200094F825100569FF2980460FD194F82610E5
:102C3000C1F38101022914D0D8F808301B6B003988
:102C400018BF01214BB96FF0570003E0FFF7C4FF35
:102C50000028EBDA02B0BDE8F08140469847002832
:102C6000F8DBA268B2F1004F05D011464046FFF7ED
:102C70008BFF0028EEDB6269B2F1004F05D01146F0
:102C80004046FFF795FF0028E4DB2368B3F1004FCF
:102C900014D0D8F808305B69002BD4D001A9404685
:102CA00098470028D6DB2268019B9A421CDD11461A
:102CB0004046FFF769FF002805DACBE762686FF04E
:102CC00000439A42E5D19EB994F826309B0716D06E
:102CD0003B68404698470028BCDBA069F2F704FE39
:102CE0006B6901336B610AE062689342EBDDDEE7FA
:102CF0006B6901336B6194F82630DA0601D4002049
:102D0000A8E74046FFF716FFA4E7012303FA01F105
:102D100003691B68194218BF82F0010212B183686F
:102D2000DB68184783681B69FBE708B54368986A46
:102D300038B193F82C100122FFF7E7FF00EAE070AA
:102D400008BD6FF08500FBE743681868B0F10040EC
:102D500018BF012070470346084631B95B681B68FD
:102D6000B3F1004F01D0136070476FF0150070474A
:102D70004368986A20B193F82C100022FFF7C5BF72
:102D80006FF08500704710B50269126A8B00D46835
:102D900003F0FC030C221021A0470028B4BF6FF001
:102DA0000400002010BD10B503691B6A0429DC680B
:102DB00009D102230E221121A0470028B4BF6FF0D1
:102DC0000400002010BD890001F0FC03F2E738B5D3
:102DD0002DED028B03290569144605D90B1F032B22
:102DE00028D96FF085000FE095ED038A0229B0EE37
:102DF000480A0CD003290CD0012914BF296869683E
:102E00002046D7F7B1FC0020BDEC028B38BDA96885
:102E1000F6E710462968D7F7A7FC6968B0EE480ABC
:102E200004F10800D7F7A0FCA968B0EE480A04F145
:102E30001000E6E795ED078A0629B0EE480A09D0AA
:102E4000072909D0052914BF296969692046D7F7E0
:102E5000B7FCD8E7A969F9E710462969D7F7B0FCAC
:102E60006969B0EE480A04F10800D7F7A9FCA9691E
:102E7000B0EE480A04F11000E9E737B50469236AA7
:102E80006A461D6822210623A847002808DBBDF9F1
:102E900000302361BDF902306361BDF90430A361E4
:102EA00003B030BD37B50469236A6A461D6828211E
:102EB0000623A847002808DBBDF900302360BDF9D0
:102EC00002306360BDF90430A36003B030BD072950
:102ED00010B504460AD0422905D0032909D1FFF7CD
:102EE000E1FF002010BDFFF7DDFF2046FFF7C5FF23
:102EF000F7E76FF08500F5E7F0B40C2707FB021445
:102F0000866814F8045C45F0020504F8045CB468B3
:102F1000A446F0BC604730B589B044688DF807100E
:102F20000DF1070102910121606803911D46002106
:102F300023898DF81010CDE9052502A902228DF80C
:102F40001C20FFF7D9FF09B030BD30B589B0446807
:102F50008DF807100DF107011D46029101216068EF
:102F600023890391CDE90525002107228DF8101052
:102F70008DF81C2002A90222FFF7BEFF09B030BD68
:102F800010B588B043688DF807100DF10701029164
:102F9000012158681B890391CDE9052107228DF88D
:102FA0001C200024022202A98DF81040FFF7A4FF84
:102FB00008B010BD2DE9F0479846436888B0D3F8B3
:102FC000049093F808A08DF80410002301278DF8D1
:102FD00010300DF10303CDE9053707230E461446E3
:102FE00001AD8DF81C300222534602A948460295D5
:102FF0000397FFF781FFB8B99DF8032022EA040385
:1030000004EA08041C43A2420ED0022303938DF865
:1030100010303A46534602A948468DF804608DF8B0
:1030200005400295FFF768FF08B0BDE8F08710B5CE
:1030300051F8043C1C6958680021F2F77BFE04F14A
:103040004000BDE81040F6F70FBC10B550F8184C22
:103050002269D36B13B1916B2046984760680121B8
:10306000BDE81040F2F766BE43681B68D3F88004E1
:10307000C3F88004704742681368D3F8100150B158
:10308000D269002012780A70C3F81001D3F8102119
:1030900001221A6070474FF0FF307047002A0FDDA1
:1030A00042681368D3F8100158B10020C3F810012A
:1030B000D269D3F8100112780A70012018607047A5
:1030C0000020704710B5436819680369EFF3118257
:1030D000202080F31288BFF36F8F18680024847358
:1030E0001B680120D8734FF48003C1F8043382F3C6
:1030F0001188BFF36F8F10BD03691A6801219173A6
:103100001B680022DA737047026911680346C87BA6
:1031100040B15B681B68D3F8580118B100234B61BC
:1031200013689889704743681B68D3F8100100380A
:1031300018BF0120704743681B681022C3F804239E
:10314000704743681B681022C3F808237047436820
:103150001B684FF40072C3F80423704743681B6870
:103160004FF40072C3F80823704738B543681D68F0
:10317000D5F804335B02044605D4D5F8040310F0F7
:10318000100006D138BDFFF7BFFF0028F5D00120A1
:10319000F8E72046FFF7C7FF003818BF0120F1E726
:1031A000012070470369186801601B685A60704706
:1031B00073B543680E460DF107011C681546FBF711
:1031C000F3FE9DF807306BB9C4F84465C4F8485560
:1031D000C4F82031D4F82021C4F85831D4F858313B
:1031E0000123A36002B070BD02680346D2F8580103
:1031F00040B95B68DB0706D4D2F82001003818BF5D
:103200000120704701207047F8B5066933689C8932
:10321000BFF35B8F9442A8BF1446054614330122C6
:1032200053E8000F002803D143E80027002FF7D10F
:10323000BFF35B8F0CBF134600231ED133682246B9
:103240009868D4F78DF9EFF31187202383F3128860
:10325000BFF36F8F6868FFF7C7FF336838B95861ED
:10326000044687F31188BFF36F8F2046F8BD996835
:1032700022462846FFF79CFFF3E71C46F5E710B40B
:10328000436802691B68D3F80413C90517D5D3F83E
:103290002011A1B1EFF31181202484F31288BFF330
:1032A0006F8FD3F8204134B10024C3F82041D3F804
:1032B00020410124DC6081F31188BFF36F8F116816
:1032C000D3F8584171B184B100244C611168C97BB5
:1032D00019B94FF48001C3F8081311688C7B24B12D
:1032E00000238B735DF8044B7047D3F8241121B190
:1032F0000021C3F82411D3F8243112681368002B7D
:10330000F0D051685DF8044B184713B501AA044684
:10331000FFF7F5FB002805DB019B22681979186887
:10332000F2F710FA02B010BD01292DE9F843054665
:103330000E461FD1476805693C68F8680021FFF711
:10334000E4FF0823C4F800353B7A83B9FA69C4F86E
:103350003425C4F83865C4F81031D4F8103126602B
:103360002B6823B11B7C13B11023C4F80433002055
:10337000BDE8F883002963D1D0F80480D8F8004074
:10338000D4F84C3123B30269116851B1D4F8043335
:10339000C3F300130B7413681B7C13B11023C4F820
:1033A000083301236360D4F84431002BFBD00023A1
:1033B000C4F84C31D4F84C21C4F84431D4F8442139
:1033C000C4F81031D4F81021C4F82431D4F82431D1
:1033D0006A68D2E9006313F0010917D14FF48073D2
:1033E000C6F808334FF47A776868FFF7FDFE20B916
:1033F000012000F0FBF8013FF6D1D6F858312BB987
:10340000C6F82031D6F820310123F3604FF47A75E5
:10341000D6F8583123B9012000F0E8F8013DF7D182
:10342000B9F1000F03D14FF48073C6F80433D8F814
:103430000C000121FFF769FF0023C4F8003596E76F
:103440006FF0850094E7FBF7F0BC002201212320F8
:10345000DCF7B6BB10B50B6813B91360184605E06E
:1034600003685C681CB114600368186810BD0833F9
:1034700003600B68013B0B60EDE713B501AA04463E
:10348000FFF73DFB002805DB019B226819791868CE
:10349000F2F758F902B010BD70B50C4606694568E0
:1034A00039B101290FD10021286ABDE87040FFF72A
:1034B000E4BF96F86D3023B12846F4F7F9FB86F89F
:1034C0006D400121F0E76FF0850070BD03460A46AC
:1034D00000681979012303FA01F103691B68194295
:1034E00018BF82F0010212B18368DB681847836855
:1034F0001B69FBE710B5036804464BB11A7D3AB16E
:10350000186900F0A8FA206800210830FFF7DEFFF4
:10351000A36933B9636004F11000BDE81040F5F70A
:10352000AFBF10BD10B5006903688B4206D190F89B
:103530006C4034B9FFF7DEFF204610BD6FF0150078
:10354000FBE76FF00F00F8E7F8B50C46054600F012
:10355000EEF80022214606462846F4F7D7F8032164
:103560002046F3F797F800F023F807462B689B599D
:1035700053B100262146284600F0D7F82046012105
:10358000F3F788F83046F8BD00F012F8C01B0628A3
:10359000ECD96FF07306EDE700F150039B009BB28E
:1035A00003F1804303F5883300221A601B687047DB
:1035B00008B5F3F735F908BD4FF0FF30704708B58F
:1035C000034640681B6993F824208A4207D993F880
:1035D00025303BB1C9B2F5F7E1FA002008BD6FF024
:1035E0001500FBE76FF00A00F8E7004700F033BA78
:1035F000C00000F1804000F5F830C0F81015C0F8A8
:1036000014257047F4F74EBAF3F7B4BCF7B5019040
:1036100001A8DDE9084716461D46F3F7C7FD019BE3
:10362000B6F1000C18BF4FF0010C00EB83000B1E2D
:1036300018BF0123002D43EA4C0314BF4FF00C0CBC
:103640004FF0000C002C43EA0C0314BF4FF4E06C65
:103650004FF0000C002F43EA0C03D0F8002714BFF2
:103660004FF4403C4FF0000C43EA0C0322EA030302
:1036700001B109780EB13678760019430DB12D7875
:10368000AD0031430CB12478240229430FB13F78B7
:103690003F040C433C43C0F8004703B0F0BD1FB5E6
:1036A0000DF10F03019300238DF80F1000931A46BC
:1036B0001946FFF7ABFF05B05DF804FB08B50146FE
:1036C000F3F7C6FD40B10846F3F7AAFD00B280004B
:1036D00000F5807080B208BD4FF4BE70FBE738B5CE
:1036E000054608460C46F3F7B3FDB0B10846F3F7BC
:1036F000A3FD90B90846F3F793FD2A6801238340A0
:10370000C2F808332A6803B202EB8303D3F810250A
:1037100022F00302C3F8102538BD20460021BDE881
:103720003840FFF7BCBFF3F719BEFFF7D8BF084614
:10373000FFF7C4BF00F180431A68002A1FBF0022B0
:103740001A601B68012008BF002070474FF08043BB
:103750004FF46072C3F8042370474FF080434FF476
:103760006072C3F80823704708B5F4F74BF9BDE859
:103770000840F3F7DDBC07B5019001A8F4F798F90C
:10378000019A01239340C0F8083503B05DF804FBAB
:1037900007B5019001A8F4F78BF9019A0123934032
:1037A000C0F80C3503B05DF804FB37B5D0F8183518
:1037B0008A69DBB28DF807300B6A93423EBF4A69D3
:1037C0009DF80740D4540B6A91F824500C695A1C98
:1037D0000A62023335B1A3428C6938BF0B619C4247
:1037E00088BF8B610D699D4205D9CA68D35CC0F85A
:1037F0001C3501200AE08C699C4201D9CB7FF6E799
:10380000AA42F6D3A2422CBF0020012003B030BD53
:1038100030B5D0F804312BB10023C0F80431D0F812
:103820000431012391F82F2022B30022C0F8242173
:10383000D0F82441C0F81C21D0F81C41C0F8082160
:10384000D0F80821002B79D0002281F82D2091F8A2
:103850002F20002A37D14D6B8C6AA5421FBF05234C
:10386000C0F80025C0F80035134683F0010381F845
:103870002F3028E0D0F8244114B1C0F824210EE004
:10388000D0F81C216AB3C0F81C41D0F81C214A6B47
:1038900001324A63D0F8245145B1C0F82441D0F830
:1038A00024210122426181F82F20CBE78C6AA242B9
:1038B00004D24C6AA25CC0F81C25C3E791F82C2006
:1038C0001AB10123C361002030BD0A6A12F0400F13
:1038D0004FF0010203D0C26181F82D20F3E742616D
:1038E000B0E7D0F80841002CACD0C0F80821D0F8DF
:1038F0000841D0F82441002CBFD14A6B8C6AA24207
:10390000A0D24C6AD0F81855A5544A6B8C6A013283
:10391000651EAA424A6308D10A6A540602D40222EA
:10392000C0F80022012202628CE7A242FAD10A6AA0
:10393000520687D5022381F82D30C4E70120C3E762
:1039400091F820200346032A29D8DFE802F0212538
:1039500019028A68500304D5D3F84C2508699042AF
:1039600007D18A6852031AD4D3F84C258969914249
:1039700015D000200622C3F80005C3F800257047C3
:10398000D3F84C2508699042F3D1D3F83C25EDE7F4
:10399000D3F84C250969EAE7D3F83C25FAE701207A
:1039A000704738B5857B04465DB90068062303225D
:1039B0002946F4F707FD6068062303222946F4F739
:1039C00001FD012038BD30B5A2F58075AD08012498
:1039D000AC400C4207D0815829B100218150825857
:1039E0001A6822431A6030BD13B500230C460193B8
:1039F0004FF4A47201ABFFF7E6FF21464FF4827249
:103A0000FFF7E1FF21464FF49272FFF7DCFF2146FA
:103A10004FF4A872FFF7D7FF21464FF4A672FFF7C5
:103A2000D2FF21464FF4B072FFF7CDFF4FF4AE72D4
:103A30002146FFF7C8FF019802B010BD07B50190FD
:103A400001A8F5F7D1F8019A01239340C0F8083591
:103A500003B05DF804FB08B1DCF79EBC704710B5FD
:103A6000436904463BB90020E268537843F0010300
:103A70005370404210BD98470028F4D00028B8BFCA
:103A80004042E368FF28A8BFFF201870ECE740B170
:103A9000C368587810F001001EBF1878B0FA80F0A3
:103AA00040097047EFF31183202383F31288BFF39B
:103AB0006F8FFEE72DE9F04F89B0DDE9126805460A
:103AC00005924346324606A80F4600F014FCDDE995
:103AD000063405F1140ACDE90234EFF311844FF0F6
:103AE000200989F31288BFF36F8F05F10C0B059A3B
:103AF000149B39462846984730B184F31188BFF3A8
:103B00006F8F09B0BDE8F08F56EA0806F5D0DDE901
:103B1000022306A800F014FCDDE906685A46CDE948
:103B2000006821465046F6F7A1F8EFF3118489F3B7
:103B30001288BFF36F8FDAE710B400F10C04C0E90C
:103B400003445DF8044BFAF770BB38B50446EFF355
:103B50001185202383F31288BFF36F8FFAF7B7FA2A
:103B600004F10C0000F008FB30B1294604F1140008
:103B7000BDE83840F6F70EB985F31188BFF36F8FB3
:103B800038BD4169826842EA010313F003030FD193
:103B9000C3600369013B03FB0122002B01DA002013
:103BA0007047C16811604169C260013B521AF4E775
:103BB0006FF0150070472DE9F04105460F46EFF311
:103BC0001188202383F31288BFF36F8FC668FEB974
:103BD0000468A0421CD0DCB1D4E9003213605A6002
:103BE000637BA66023F002036373C4E9006604F1FB
:103BF000180000F052FB2046C4F88C60276100F0EA
:103C000056FA414605F10800BDE8F041F6F7C2B8A2
:103C10003E60AB69EF60013BAB6188F31188BFF395
:103C20006F8FBDE8F08108B52024EFF3118384F392
:103C30001288BFF36F8FFBF716FAF6E7D0E9003270
:103C400013605A60427B002322F00202C0E9003375
:103C500042738360704713B501240094F5F742FA6C
:103C600002B010BD90F90E308B4201D0F6F720B8AB
:103C70000020704703460020C3E90200C3E9003377
:103C80007047D0E9003213605A60427B002322F073
:103C90000202C0E900334273836070472DE9F843A4
:103CA000914604469DF820200D4600F10807EFF3E9
:103CB0001186202181F31288BFF36F8F02B145680E
:103CC000D4F80880474518D0B8F1000F15D0404609
:103CD000FFF7D7FF08F1180000F0DFFA0023C8F85B
:103CE0008C30C8F81090404600F0E1F93846314673
:103CF000F6F750F80020BDE8F883A3B10820F6F7E6
:103D000011FD002838D00122C0F80490026001683B
:103D100001F003015DB922680A4302606268206015
:103D20006AB960600BE0C9F800304846EFE72A68DE
:103D3000032A16D80160616869B9C4E9000004214A
:103D400004F1100000F088FB0028CFD186F3118821
:103D5000BFF36F8FCFE70A6802F0030202430A60E5
:103D6000DFE722F003020A4302602A6802F003023E
:103D700040EA02032B60E2E76FF00B00E6E710B5C4
:103D8000044630B10268930703D0446809B100F0DB
:103D9000EDFB204610BD0023C0E9003300F108030D
:103DA000C0E9023300F11003C0E904337047F8B5ED
:103DB00000F10806EFF31187202383F31288BFF385
:103DC0006F8F8568AE4200F1100418D0BDB128464F
:103DD000FFF757FF05F1180000F05FFA00232846AF
:103DE000C5F88C302B6100F062F90821204600F004
:103DF00033FB39463046BDE8F840F5F7CBBF082124
:103E0000204600F029FB0028F3D187F31188BFF387
:103E10006F8FF8BD07B50123009300230A461946AA
:103E2000FFF73CFF03B05DF804FB07B500230A462B
:103E300000931946FFF732FF03B05DF804FB0068FA
:103E40000021FFF79CBF5AB18A4209D300F1100349
:103E5000C0E90212C0E90000C0E904330020704745
:103E60006FF015007047026801238B4022EA0303BC
:103E7000036022FA01F000F001007047704710B5AE
:103E8000032104460C30FFF7EEFF30B104F11000BF
:103E900000F003FAB0FA80F0400910BD20B1002212
:103EA0001146E43000F09DB9704770B5C368C3F3A4
:103EB00040069B07044616D4856802210C30FFF7A4
:103EC000D2FF80B1D5F8DC206AB194421DD12268BE
:103ED0009EB9D5F8E030C5F8DC209C4201D1C5F888
:103EE000E02000232360E36813F01F001EBF43F0AF
:103EF0000203E36040F0020070BD3260D5F8E020BC
:103F0000944208BFC5F8E060EBE716461268DBE7AD
:103F100073B50446EFF31185202383F31288BFF3B2
:103F20006F8F0023A0F11006032104380193FFF7DF
:103F30009AFF28B1A369019301A93046F5F7FCFB6C
:103F400085F31188BFF36F8F02B070BD38B504469A
:103F50000D4610220021F7F7FFF9656038BD13B553
:103F600001900846EFF31184202383F31288BFF3F6
:103F70006F8F01A9F5F7E0FB84F31188BFF36F8F12
:103F800002B010BD10B5FFF7EAFF041E08DDEFF325
:103F90001180202383F31288BFF36F8FF5F70CFF96
:103FA000204610BD70B50D46EFF31186202383F334
:103FB0001288BFF36F8FF5F71BFC044686F3118858
:103FC000BFF36F8F38B14FF0FF324FF0FF3305F181
:103FD0001000F5F78FFA204670BD08B5F8220021D1
:103FE000F7F7BAF908BD38B5302204460D4600216E
:103FF000F7F7B2F94FF480736560E36038BD38B508
:104000000446EFF31185202383F31288BFF36F8FEB
:10401000FFF735FF2046FFF748FF85F31188BFF310
:104020006F8F38BDEFF30580003818BF012070474F
:104030006FF05700704700207047D0E900321360DE
:104040005A600023C0E90033704708B5FFF7F5FF59
:10405000437B23F0020343730023836008BD38B51C
:1040600004460D46F5F782FD637B43F0020363735C
:10407000E5B1A5602B689D4209D16B68C4E9005386
:104080001C606C6012E06A689A42F6D01B68002BD4
:10409000F3D094F90E2093F90E108A42F3D0914296
:1040A000F1DD5A68C4E9003214605C6038BD10B5B7
:1040B000EFF31184202383F31288BFF36F8FF5F79A
:1040C00013FD84F31188BFF36F8F10BD08B5EFF3B4
:1040D0001181202282F31288BFF36F8F83680BB1A6
:1040E000FFF7B3FF81F31188BFF36F8F08BD38B5B9
:1040F000EFF31184202383F31288BFF36F8F90F8BE
:104100007050427B002380F870302DB121B184F3D0
:104110001188BFF36F8F38BD12F0280FF7D1836875
:104120000BB1FFF792FF437B23F004034373F5F7D2
:10413000DBFCECE701211838FFF7D9BF08B50346CF
:10414000EFF31181202282F31288BFF36F8F006892
:10415000834207D008B1FFF778FF81F31188BFF3DE
:104160006F8F08BD0020F8E710B5FFF7AFFFBDE87F
:104170001040183000F091B838B504680546AC42DC
:104180004FF0000000D138BD002CFCD02046FFF7D6
:10419000EBFF2046FFF78BFF2C680120A542F1E7DB
:1041A00070B505460E46F5F7AFFEB6F1FF3F08BF06
:1041B000B5F1FF3F0446284612D04FF47A7147F616
:1041C000FF730022C4FB0132D80B40EA4240B0F139
:1041D000004F4FEAD23272F1000228BF6FF0004068
:1041E00070BD38B5EFF31185202383F31288BFF338
:1041F0006F8F0468A04213D0A4B1C4F88C10226160
:104200002046FFF722FF04F1180000F046F8204690
:10421000F5F76AFC012085F31188BFF36F8F38BD75
:104220000020F8E72046F6E72DE9F04105460E4666
:104230001746EFF31188202383F31288BFF36F8FA3
:104240000468A0420FD1002088F31188BFF36F8F5C
:10425000BDE8F08139462046B0470028F4D16B68AC
:10426000A342F0D02468002CF4D1ECE708B5024654
:10427000F5F7E8FF70B1D0E904319B1A61EBE27207
:10428000B3F1004F72F1000104DA002AACBF184606
:10429000002008BD6FF00040FBE738B50246EFF3A1
:1042A0001185202383F31288BFF36F8F0368CBB18E
:1042B000F5F7C8FF04461046F5F7D6FF00224FF089
:1042C00000438442C0E9042306D1F5F7C3FFFFF79A
:1042D000CDFF0021F2F710FC002085F31188BFF319
:1042E0006F8F38BD6FF01500F7E708B5F6F7C2F825
:1042F00008BDF6F7BFB8B3F1FF3F08BFB2F1FF3F0B
:1043000070B506461D46144614D01A4316D0002B2D
:1043100008DBF6F7AFF8041941EB0501C6E90041E7
:10432000304670BD6FF001031C1B4FF0FF3363EB91
:104330000501F3E74FF0FF342146EFE70024FBE7E8
:10434000B3F1FF3F08BFB2F1FF3FF8B5074616468D
:104350001C4610D054EA020311D0F6F78BF8B04295
:104360000A46A14103460AD2F31A64EB0204C7E9E4
:1043700000343846F8BD4FF0FF331C46F7E7002302
:10438000FBE70023C0E9081200F11802C0E9062289
:10439000C0E9003303634363704710B50446FFF779
:1043A0007CFFA8B9636A0BB12046984704F1180056
:1043B000FFF7C4FE60B1FFF77AFEEFF31180202310
:1043C00083F31288BFF36F8FBDE81040F5F7F4BC9C
:1043D00010BD2DE9F041846805460E46D4B16378DE
:1043E000012B22D114F8533C9A0711D5A4F1600790
:1043F0003846FFF7B9FE082E0CBF6FF00303002309
:10440000E36214F8533CDB0602D13846FFF74FFE57
:1044100000232370EB68C3F386321643002066F353
:104420009433A860EB60BDE8F081022BF0D12378D3
:10443000002BEDD054F8048CB8F1000FE8D004F153
:104440001400FFF72AFFA4F114070023E3623946A2
:104450004046FFF784FDDBE738B5EFF311852023F5
:1044600083F31288BFF36F8F0468A04211D0D4E9A0
:10447000003213605A600023C4E900332046FFF77E
:10448000A8FF85F31188BFF36F8F201E18BF01208E
:1044900038BD0024F5E72DE9F3470446DDE90A9825
:1044A00015460E4659B302F0010AF5F78DFD074691
:1044B000EFF31181202383F31288BFF36F8FA807D6
:1044C00044BF0023A360A36803EA0600BAF1000F0B
:1044D0000CD086420CD16A0744BF8343A36081F3AA
:1044E0001188BFF36F8F02B0BDE8F0870028F2D1CA
:1044F00059EA080305D181F31188BFF36F8F0020BB
:10450000F1E7C7E91A652246CDE9009804F10C00ED
:10451000F5F7ACFB0028F2D1B86EE4E710B5D0E9AE
:104520001A424B6812F0010F03EA040301D09C42C7
:1045300010D17BB18366520744BF8A681A430B6867
:1045400048BF8A6043660123086080F870301830E5
:10455000FFF7A3FE002010BD0A46F6F785B80A460D
:104560000021F6F781B85200FFF795BF20B1011F77
:0C45700050F8040CFFF7E9BA7047000097
:08457C00C03BFD7F01000000BF
:10458400550303000000000000000000544605002D
:104594002590040000000000659004000000000065
:1045A4000000000078460500000000009C4605005D
:1045B40000000000E4460500000000000847050074
:1045C400000000002C47050000000000C046050064
:1045D400F14A040000000000956904000000000096
:1045E400B1E6020000000000C9F004000000000071
:1045F400C195040000000000000000009847050079
:1046040000000000E047050000000000BC47050072
:10461400000000005047050000000000744705003A
:1046240000000000044805000000000028480500C0
:10463400000000004C480500000000007048050020
:10464400610E030000000000B1F30200000000004E
:104654005E82050028590500CC4A0500D6100020CA
:10466400704200200D48040000000000000000001B
:104674000000000097820500405905001C4A05000F
:10468400DA10002018430020054F04000000000049
:1046940000000000840D0020A58205005859050083
:1046A4001C4A0500DC10002024430020054F0400B0
:1046B4000000000000000000940D0020FC6A0500CA
:1046C400C04F0500244B0500D010002060000020DE
:1046D400D5100300000000000000000000000000EE
:1046E4008782050000000000144A0500D81000204D
:1046F400C4420020054D040000000000000000003A
:1047040000000000688605009C5A0500684B0500FF
:10471400EA1000201C0E00207D5F0400D15E04001E
:10472400000000000C0E00205C880500545B0500AE
:10473400B04A0500EE10002024440020696C0400F7
:1047440000000000000000000000000044540500C8
:1047540000000000C04A0500D21000207032002082
:104764000000000000000000000000000000000045
:104774003882050010590500CC580500D4100020DB
:10478400D40C0020F13704000000000000000000F9
:1047940000000000B782050070590500404A05007A
:1047A400DE100020B40D0020B52905000000000033
:1047B40000000000A40D0020F4830500BC5905008E
:1047C400584A0500E010002030430020672A050005
:1047D400592A050000000000EC0D00204288050065
:1047E400E85A0500A84A0500EC100020540E0020E9
:1047F4006D6004000000000000000000440E002072
:1048040084840500185A0500E84A0500E2100020D7
:10481400644300201559040000000000000000005B
:104824000000000093840500485A0500E84A05008A
:10483400E41000207C43002015590400000000000F
:104844000000000000000000B98405000000000022
:104854008C4A0500E610002094430020AD5A040061
:10486400000000000000000000000000C1850500F9
:10487400785A0500704A0500E8100020C84300205B
:104884007D5B04000000000000000000FC0D00201F
:1048940069370500EB350500000000004DF0040009
:1048A400084705007F320500F5880400EB35050054
:1048B400ED820400EB350500000000004DF004001B
:1048C400B5770400EB350500000000004DF004004E
:1048D400000000004DF00400000000004DF0040052
:1048E400000000004DF00400000000005507040023
:1048F4004C4805001D5A0400C4420020754D0400B4
:104904000000000081300400000000004DF00400AD
:10491400B18B0400EB35050000000000256A04009B
:10492400000000004DF00400000000004DF0040001
:10493400000000004DF00400000000004DF00400F1
:10494400000000004DF00400000000004DF00400E1
:104954000000000085070400000000004DF0040082
:10496400000000004DF00400000000004DF00400C1
:10497400000000004DF00400000000004DF00400B1
:10498400000000004DF00400000000004DF00400A1
:10499400000000004DF00400000000004DF0040091
:1049A400000000004DF004001D7E0400EB350500FE
:1049B400000000004DF00400000000004DF0040071
:1049C400000000004DF0040091400400EB350500A8
:1049D400000000004DF00400000000004DF0040051
:1049E400000000004DF00400000000004DF0040041
:1049F400000000004DF00400000000004DF0040031
:104A0400000000004DF00400000000004DF0040020
:084A1400AD4C0400054C040048
:104A1C00A94F0400DF280500ED2805000529050035
:104A2C00112905001D290500E94D04003729050051
:044A3C000000000076
:104A400095520400000000006D51040000000000B9
:104A500000000000DD520400AD550400000000001D
:104A6000C953040000000000000000005955040074
:104A7000E1A8020000000000815D0400CF2E0500C7
:104A8000CF2D050000000000000000000000000025
:104A90000000000000000000355A0400F159040035
:084AA00000000000000000000E
:084AA800A162040025350500A0
:104AB000156C0400B9350500996B0400BF3505007D
:0C4AC000459B030035990300919803000A
:104ACC00654804004B280500AB28050000000000D9
:0C4ADC00E92705000000000000000000B9
:104AE8002B2D0500712D0500492D0500572D0500BA
:104AF80000000000000000000000000000000000AE
:104B0800000000000000000000000000000000009D
:0C4B180000000000000000000000000091
:104B2400D30105006110030000000000FD01050031
:104B3400BF010500FB0605001B0305002901050054
:104B44007501050011030500000000004101050086
:104B54000000000000000000490105002B060500CC
:104B64005B01050077300500DD5E04006930050057
:104B7400093205009D300500C5300500F9300500F7
:104B840009310500373105004331050009310500BD
:104B9400273105004F3105005D3105006B310500FB
:084BA400A1310500A531050057
:104BAC0005000000CD4903000600000091700300D1
:084BBC0004000000795A030017
:104BC40085D302007DD20200000000000000000036
:084BD4000000000000000000D9
:104BDC006452050004000000B452050007000000F8
:084BEC006853050006000000FB
:104BF400D0850500030000004B760500030000008B
:104C0400457D0500030000006B6B050003000000F8
:104C14004A79050003000000445705000300000022
:104C2400A0550500030000005854050003000000CF
:104C34007C56050003000000726B050003000000B1
:104C4400EF7E0500030000006C7405000300000003
:104C5400F275050003000000D47A0500030000008B
:104C640070760500030000001C7F050003000000AF
:104C7400256405000300000079820500030000009C
:104C8400BE6A050003000000B382050003000000B3
:104C9400C482050003000000018405000300000035
:104CA4006D6405000300000071640500030000004A
:104CB4009965050003000000786305000300000007
:104CC400596A050003000000C56A050003000000DE
:104CD400CD6A0500030000004E82050003000000B9
:104CE4006E89050003000000B065050003000000A4
:104CF400A984050003000000E26A05000300000027
:104D04004F88050003000000C26505000300000091
:104D1400C784050003000000768605000300000038
:104D2400A480050003000000468205000300000083
:084D34006E8805000300000079
:104D3C006C4F05003C09002088650500010000004F
:104D500000000000030000003000000060000000C0
:104D600000000000000000000300000040060000FA
:104D70008007000000000000697305006E730500E5
:104D800072730500767305007A7305007E73050063
:104D900082730500867305008A7305008E73050013
:104DA00092730500967305009A7305009E730500C3
:104DB000A2730500A6730500AA730500000103FF96
:104DC00004FF0200000106020100000000010201D0
:104DD00004040404000100081200000000000000A8
:104DE0000338FDD8704700000080E03779C34143A5
:104DF000176E05B5B5B89346F5F93FE9034F384D41
:104E0000321D30F94877825A3CBF737FDD4F1575EC
:104E1000000000000000F03F0000000000002440FF
:104E200000000000000059400000000000408F40DA
:104E3000000000000088C34000000000006AF84045
:104E40000000000080842E4100000000D012634169
:104E50000000000084D797410000000065CDCD41DF
:104E6000000000205FA00242000000E876483742C0
:104E7000000000A2941A6D42000040E59C30A2425E
:104E80000000901EC4BCD64200003426F56B0C43D3
:104E90000080E03779C3414300A0D885573476437A
:104EA00000C84E676DC1AB43003D9160E458E143DB
:104EB000408CB5781DAF154450EFE2D6E41A4B4450
:104EC00092D54D06CFF08044F64AE1C7022DB54495
:104ED000B49DD9794378EA44071000005C100020A3
:104EE000010100006C100020090300007E63050032
:104EF0009C4605001A0001009C46050006000100C2
:104F00009C4605001E00010048150020000100001D
:104F100041ED0400E3EC040002000000FFEE040099
:104F20000000000000000000000000000000000081
:104F300068650500706505000000000000000000C5
:104F400000000000786505007C65050080650500AF
:104F5000846505005C4F0500D025002041F102006A
:104F6000F025002018460020010000008BEF04000F
:104F700081EF0400EDF0020075EF04000000000076
:104F800069EF0400000000000000002000000000A5
:104F900000000B06020000009C4F0500000000000E
:104FA000A66A05002600020600000020AE6A050081
:104FB00022000B11F90103000000000027F104009A
:104FC000000A00200000000088100020140A0020C1
:104FD00000000000B44F0500E44F0500040200008B
:104FE0000000000028770020B44F0500F84F0500AE
:104FF0002E00000000000000A8900020B44F050023
:105000000C50050002010000000000007C9100200F
:10501000AE730500CC730500E7730500F773050058
:10502000047405000D740500147405001B7405005C
:10503000227405002A74050004740500327405000A
:1050400044740500597405000E030000ED2A0300A6
:105050000F040000B92A03001A010000E512030042
:1050600005040000FD120300130100003D1A0300B7
:105070003E01000061180300011200006D090500E7
:105080000A1E00005F090500FF010000D51903009A
:105090003E010000B5190300050400004913030098
:1050A00010010000F113030002010000F1380300B9
:1050B000011200003D2A03000A1E0000390A050003
:1050C00003090000391B0300040B0000D91403007E
:1050D000060A0000551F0300070A0000C113030061
:1050E0000C0500008D130300B44F0500F8500500B7
:1050F000470000000000000098920020C9780500D9
:10510000D6780500F6780500EA78050001790500F3
:105110001879050028790500857C05003C79050093
:10512000B44F0500305105000000000000000000F1
:10513000B8930020B44F0500445105000902000057
:1051400000000000E0930020190E05006B0E050022
:10515000000000000000000000000000D14C03002F
:10516000000000000000000000000000000000003F
:1051700002020100EF150500040401000D5A0300AE
:10518000060601004D5903000804010039580300C8
:105190000A020100D71505000C040100BF15050027
:1051A0000E0401000D570300200401007156030096
:1051B0001004010081550300120201008F14050044
:1051C0001E000400E917050052020000B514050096
:1051D00001040200555E030003020200ED17050002
:1051E00005010200B717050007040200C1170500FA
:1051F00009010200C51705000B000200C9170500D0
:105200000D000200CD1705000F000200D1170500A8
:1052100021020200D517050011010200D91705006F
:1052200013000200DD17050017040200E117050056
:1052300019000200E51705001B0203007B100500A2
:105240001D02050025510300230403006910050019
:10525000B44F050060520500060200000000000087
:10526000749A0020A65E0500511B05000000000096
:10527000A25E0500000001009E5E0500C31D050042
:1052800000000000EC0A002000000100965E05000E
:10529000000000000000000000000000000000000E
:1052A000925E0500231B050019610300F40A00202B
:1052B00000000300D25E0500511B05000000000045
:1052C000CE5E050000000100CA5E0500C31D05009A
:1052D000000000001C0B002000000100C25E050061
:1052E000891B050000000000000000000000010014
:1052F000BE5E0500C31D050000000000140B002069
:1053000000000100B65E0500B31B050000000000B0
:105310000000000000000100B25E0500C31D050092
:10532000000000000C0B002000000100AA5E050038
:10533000D561030000000000000000000000010033
:10534000000000000000000000000000000000005D
:1053500000000000431F05000000000000000000E6
:105360000000000000000000E25E0500511B050087
:1053700000000000677F050000000100DE5E050000
:10538000C31D050000000000440B002000000100C8
:10539000457F050000000000000000000000000044
:1053A00000000000DA5E0500231B05001961030000
:1053B0002C0B002000000300D65E0500C31D050075
:1053C00000000000240B002000000100237F0500E6
:1053D00000000000951F0500000000000000020012
:1053E000456D70747920484349207061636B657422
:1053F00000000000556E6B6E6F776E2048434920A9
:1054000074797065202575004C4C20696E6974694B
:10541000616C697A6174696F6E206661696C65643C
:105420003A2025640000000042542043544C52208E
:10543000525820707269000042542043544C52204C
:105440005258000062745F6863695F636F6E7472C4
:105450006F6C6C657200000062745F63746C725FE5
:105460006863695F64726976657200005A65706886
:105470007972204F532076342E332E3000000000F6
:105480004E6F2048434920436F6D6D616E64206804
:105490006561646572000000496E76616C69642024
:1054A00048434920434D44207061636B6574206C10
:1054B000656E6774680000004E6F204843492041C4
:1054C000434C20686561646572000000496E766136
:1054D0006C6964204843492041434C207061636BF0
:1054E0006574206C656E677468000000496E7661B3
:1054F0006C6964204843492041434C2044617461F5
:10550000206C656E67746800547820427566666525
:1055100072204F766572666C6F770000496E766117
:105520006C696420547820456E717565756500005E
:1055300068616E646C653A203078253034782C20B0
:105540007374617475733A2025782C2074783A202E
:1055500025782C2072783A2025782E007479706591
:105560003A203078253032780000000072656A6594
:105570006374206F70636F64653A20307825303231
:1055800078000000020000000000000000000000A1
:1055900000000000000001030303030303000000F8
:1055A00062745F63746C725F68636900574553543B
:1055B0005F544F504449522F7A65706879722F7347
:1055C00075627379732F626C7565746F6F74682F71
:1055D000636F6E74726F6C6C65722F6C6C5F737737
:1055E0002F756C6C5F7363616E2E63006572722041
:1055F0003D3D2030207C7C20657272203D3D202D79
:1056000031323000415353455254494F4E204641A8
:10561000494C205B25735D20402025733A25640AA0
:105620000000000009706172616D313A202575201B
:10563000706172616D323A2025750A0057455354E6
:105640005F544F504449522F7A65706879722F73B6
:1056500075627379732F626C7565746F6F74682FE0
:10566000636F6E74726F6C6C65722F6C6C5F7377A6
:105670002F756C6C5F636F6E6E2E630062745F6378
:10568000746C725F756C6C5F636F6E6E000000000F
:10569000BDD70300CDD70300DDD70300EDD703004E
:1056A0000000000000000000FDD70300A5D80300A3
:1056B0000DD8030000000000B5D803000000000072
:1056C0001DD80300C5D80300000000002DD803003A
:1056D000D5D803003DD80300E5D80300F5D8030072
:1056E00005D9030015D9030025D9030035D90300D6
:1056F0004DD8030000000000000000000000000082
:10570000000000000000000095D8030008020B0212
:105710000A03050200000000000000000202000071
:10572000060200000403000000000903000000005E
:10573000010300000C03000007030000000000004C
:105740000000000062745F63746C725F6372797052
:10575000746F0000F401FA00960064004B00320000
:105760001E001400574553545F544F504449522F64
:105770007A65706879722F7375627379732F626CB2
:105780007565746F6F74682F636F6E74726F6C6C75
:1057900065722F6C6C5F73772F6E6F726469632F05
:1057A0006C6C6C2F6C6C6C5F6164762E6300000017
:1057B000300000000925733A2041637475616C2044
:1057C0004556454E545F4F564552484541445F53F8
:1057D000544152545F5553203D2025750A00000066
:1057E000707265706172655F636200005745535463
:1057F0005F544F504449522F7A65706879722F7305
:1058000075627379732F626C7565746F6F74682F2E
:10581000636F6E74726F6C6C65722F6C6C5F7377F4
:105820002F6E6F726469632F6C6C6C2F6C6C6C5F85
:105830007363616E2E630000636F6D6D6F6E5F70DA
:105840007265706172655F63620000005745535472
:105850005F544F504449522F7A65706879722F73A4
:1058600075627379732F626C7565746F6F74682FCE
:10587000636F6E74726F6C6C65722F6C6C5F737794
:105880002F6E6F726469632F6C6C6C2F6C6C6C5F25
:105890007065726970686572616C2E63000000004B
:1058A000707265706172655F6362000001030405D8
:1058B000C0580500A41100200000000000000000F6
:1058C0007B200500000000006320050000000000B0
:1058D0007D390400A93A0400F1360400BD39040002
:1058E0000000000089360400E13904002545040069
:1058F000D1370400000000009D450400513F040022
:105900007D3704005D370400AB270500BB27050089
:105910000000000003000000593A0400954704000D
:105920006547040000000000ED480400D94704006A
:105930006D820500CD280500D3280500738205007F
:10594000FFFF000000030050000000000100000005
:105950000060004000000000FFFFFFFF000000505B
:105960000000000000000000006000400000000097
:1059700000400040000000000000000000000000A7
:105980000000980100000101355104009059050004
:10599000004000409C59050002000000B459050079
:1059A00002000000AC590500020100000480000C58
:1059B0000580000B0400000C0500000B00300040C7
:1059C0000000000000000000000000000000400691
:1059D0000000010191530400100000005D2A050041
:1059E000EC590500D7460020FFFF000000300040C2
:1059F000F859050002000000105A050002000000DE
:105A0000085A0500020100000780000C1B80000BF3
:105A10000700000C1B00000B00000080FFFFFF7F51
:105A20000000008000000080FFFFFF7F000000807A
:105A3000B80B000000000000B984050000FF0A0058
:105A4000784605000800000200000080FFFFFF7F8D
:105A50000000008000000080FFFFFF7F000000804A
:105A60000000000000000000B984050000FF0800ED
:105A7000784605000A000002155D0400BC470500D9
:105A80006A0000009C4605000B0000004B2F05003B
:105A9000172F0500812F0500B52F050000200040BD
:105AA0000100000000000000BC5A05000000D60103
:105AB00000000000E8460020E746002000200040EB
:105AC000C85A050002000000E05A0500020000006C
:105AD000D85A0500020100002B8000002C80000134
:105AE0002B0000002C0600010030024000000000E6
:105AF000000000FF00FF00000000000000000001A7
:105B0000010000004B340500185B0500FFFFFFFF9C
:105B1000000000000000000000300240245B05008F
:105B200002000000405B050003000000345B05003C
:105B3000030100002D8000042F8000052E80000648
:105B40002D0000042F0000052E00000600000000BC
:105B500000000000000001400000000008000000FC
:105B6000030000001F8905002D89050041890500FB
:105B7000508905005C8905008445050084450500C1
:105B8000DC450500E44505004C460500544605008B
:105B90007189050000010000000000000000008085
:105BA000DB0F4940DB0F49C0DB0F49BFE4CB164098
:105BB000E4CB16C000000000000000806937AC3163
:105BC00068212233B40F14336821A2333863ED3EC9
:105BD000DA0F493F5E987B3FDA0FC93F0020202053
:105BE000202020202020282828282820202020208D
:105BF000202020202020202020202020208810105D
:105C000010101010101010101010101010040404B8
:105C10000404040404040410101010101010414176
:105C20004141414101010101010101010101010164
:105C30000101010101010101101010101010424278
:105C40004242424202020202020202020202020234
:105C500002020202020202021010101020000000D4
:105C60000000000000000000000000000000000034
:105C70000000000000000000000000000000000024
:105C80000000000000000000000000000000000014
:105C90000000000000000000000000000000000004
:105CA00000000000000000000000000000000000F4
:105CB00000000000000000000000000000000000E4
:105CC00000000000000000000000000000000000D4
:105CD00000000000000000000000000000000000C4
:105CE000494E4600696E66004E414E006E616E0080
:105CF0003031323334353637383961626364656642
:105D00000000000030313233343536373839414203
:105D10004344454600000000286E756C6C29000065
:105D20003030303030303030303030303030303073
:105D30002020202020202020202020202020202063
:105D4000496E66696E697479000000004E614E000C
:105D500042616C6C6F632073756363656564656431
:105D6000000000002F566F6C756D65732F576F72B2
:105D70006B73706163652F6275696C642F2E627539
:105D8000696C642F61726D2D7A65706879722D650A
:105D90006162692F7372632F6E65776C69622F6E13
:105DA00065776C69622F6C6962632F7374646C69C8
:105DB000622F64746F612E63000000002F566F6CB9
:105DC000756D65732F576F726B73706163652F62AA
:105DD00075696C642F2E6275696C642F61726D2D0C
:105DE0007A65706879722D656162692F7372632FAD
:105DF0006E65776C69622F6E65776C69622F6C696E
:105E000062632F7374646C69622F6D707265632EA8
:105E10006300000005000000190000007D00000084
:105E20002C2066756E6374696F6E3A200000000066
:105E3000617373657274696F6E2022257322206608
:105E400061696C65643A2066696C6520222573225D
:105E50002C206C696E65202564257325730A00006B
:105E600043000000504F5349580000002E0000002E
:105E70003030303030303030303030303030303022
:105E80002020202020202020202020202020202012
:105E90000904000002290000052A0000052A00006C
:105EA000032800000118000000280000042A000058
:105EB000042A000003280000012A0000012A000033
:105EC00003280000002A0000002A00000328000028
:105ED000001800000028000003280000022900002C
:105EE0000328000000280200040008001000010040
:105EF000010008000200040000000C001A00340039
:105F00006800D000A00141038206040D081A0100B8
:105F1000446973636F6E6E65637465642C2072658B
:105F200061736F6E3A2025640A004661696C65648E
:105F300020746F2072657374617274206164766579
:105F400072746973696E673A2025640A0041647649
:105F50006572746973696E672072657374617274B7
:105F600065640A00416363656C20776174636864EB
:105F70006F67206578706972656420E28094207391
:105F8000656E736F72206D61792062652068756E31
:105F90006700436F6E6E65637465640A004D545507
:105FA0002065786368616E6765206661696C656409
:105FB00020746F2073746172743A2025640A004360
:105FC0006F6E6E656374696F6E206661696C65647F
:105FD0003A2025640A004D54552065786368616E47
:105FE000676520646F6E652C204D54553A202564FA
:105FF0000A004D54552065786368616E67652066B8
:1060000061696C65643A2025640A007075626C6988
:10601000630072616E646F6D007075626C69632DF0
:1060200069640072616E646F6D2D696400253032A1
:10603000583A253032583A253032583A25303258BD
:106040003A253032583A2530325820282573290015
:1060500025732829202D204C656E3A2025642C209C
:106060004D6573736167653A20252E2A730A0063B4
:106070006F6C6C6973696F6E00436F6C6C697369E8
:106080006F6E20726563656976656420E280942096
:10609000666C617368696E6720726564005A657228
:1060A0006F20636F6D6D616E6420726563656976E4
:1060B000656400456E61626C656400446973616289
:1060C0006C65640025732829202D2025730A00495A
:1060D0004D55207769746820426C7565746F6F74D4
:1060E00068206F75747075740A0073656E736F72D3
:1060F0003A20646576696365206E6F74207265610D
:1061000064792E0A004661696C656420746F2072A0
:1061100065676973746572204E55532063616C6CBA
:106120006261636B3A2025640A004661696C6564AC
:1061300020746F20656E61626C6520626C75657499
:106140006F6F74683A2025640A004661696C656463
:1061500020746F2073746172742061647665727448
:106160006973696E673A2025640A004661696C6547
:106170006420746F207374617274207363616E6E37
:10618000696E673A2025640A0043616E6E6F742061
:106190007365742073616D706C696E6720667265DB
:1061A0007175656E637920666F7220616363656CDB
:1061B00065726F6D657465722E0A0043616E6E6F55
:1061C00074207365742073616D706C696E672066EE
:1061D00072657175656E637920666F72206779727A
:1061E0006F2E0A005374656572696E672077686563
:1061F000656C20494D5520747261636B6572207324
:106200007461727465640053617475726174696F4E
:106210006E206C696D69743A20C2B1252E316620FA
:106220006465677265657300436F756C64206E6F9B
:1062300074207365742073656E736F722074797047
:106240006520616E64206368616E6E656C0A005340
:10625000656E736F722073616D706C65207570640C
:10626000617465206572726F720A00496E697469A3
:10627000616C697A6174696F6E20636F6D706C65B3
:1062800074650A005461736B207761746368646F8E
:106290006720616464206661696C65643A202564E6
:1062A000005461736B207761746368646F67207357
:1062B00074617274656400416363656C2064617429
:1062C00061207374616C6520E2809420776174634F
:1062D00068646F67206E6F74206665640053746530
:1062E0006572696E6720616E676C653A20252E3491
:1062F00066206465672020287261773A20252E3455
:1063000066292020677A3A20252E34662064656746
:106310002F73007B225374656572696E67416E67E7
:106320006C65223A252E34662C202243756D416E11
:10633000676C65223A252E34662C20224779726FCD
:106340005A223A252E34667D0062745F6E75735F43
:1063500073656E64206661696C65643A2025640A21
:10636000006E6F7469665F656E61626C6564007271
:1063700065636569766564006D6F62696C65494D3A
:10638000550028756E7369676E65642920636861BE
:1063900072202A207573656420666F72202525702F
:1063A00020617267756D656E742E204974277320A5
:1063B0007265636F6D6D656E64656420746F2063D4
:1063C00061737420697420746F20766F6964202A69
:1063D0002062656361757365206974206D61792041
:1063E0006361757365206D69736265686176696F55
:1063F0007220696E206365727461696E20636F6ECE
:1064000066696775726174696F6E732E205374725A
:10641000696E673A2225732220617267756D656E19
:10642000743A25640063627072696E74665F7061AD
:10643000636B61676500286E696C29004661696C51
:10644000656420746F207265626F6F743A20737098
:10645000696E6E696E6720656E646C6573736C79C6
:106460002E2E2E0A006C6F6767696E67006C6F676F
:10647000006C6F675F6D676D74004D657373616766
:1064800065202822257322292064726F707065644C
:106490002062656361757365206974206578636542
:1064A0006564732073697A65206C696D69746174C1
:1064B000696F6E2028257529004D657373616765C6
:1064C0002064726F707065642062656361757365C6
:1064D00020697420657863656564732073697A65E3
:1064E000206C696D69746174696F6E202825752947
:1064F000000D0A001B5B306D00257320005B25300A
:10650000386C755D20005B253032753A2530327568
:106510003A253032752E253033752C253033755D94
:10652000200025732F003C25733E200025733A2060
:1065300000253032782000202020007C00256300D8
:10654000206D657373616765732064726F70706529
:1065500064202D2D2D0D0A1B5B306D001B5B313B24
:1065600033316D2D2D2D20001B5B313B33316D0000
:106570001B5B313B33336D006572720077726E00C6
:10658000696E6600646267006C6F675F6261636B6F
:10659000656E645F75617274006C6F675F756172C0
:1065A000740073757370656E646564006F66660071
:1065B000706D5F6465766963650000010103010029
:1065C00003017461736B5F776474006364635F617C
:1065D000636D5F3000465320436F6E666967757266
:1065E0006174696F6E004344432041434D207365DD
:1065F0007269616C206261636B656E64005A6570DC
:106600006879722050726F6A656374006364635FB7
:1066100061636D5F73657269616C0072302F613107
:106620003A2020307825303878202072312F61329E
:106630003A2020307825303878202072322F61338C
:106640003A20203078253038780072332F61343A80
:106650002020307825303878207231322F69703A16
:106660002020307825303878207231342F6C723AFF
:1066700020203078253038780020787073723A20E6
:106680002030782530387800735B2532645D3A20FD
:10669000203078253038782020735B2532645D3ACD
:1066A00020203078253038782020735B2532645DD7
:1066B0003A20203078253038782020735B253264EA
:1066C0005D3A202030782530387800667073637228
:1066D0003A2020307825303878004661756C74692E
:1066E0006E6720696E737472756374696F6E206172
:1066F00064647265737320287231352F7063293A90
:106700002030782530387800556E68616E646C658D
:1067100064204952516E3A202564002A2A2A2A2AE6
:1067200020425553204641554C54202A2A2A2A2AD1
:10673000002020537461636B696E67206572726F0D
:1067400072002020556E737461636B696E672065FB
:1067500072726F72002020507265636973652064E5
:1067600061746120627573206572726F72002020FF
:106770004246415220416464726573733A20307816
:106780002578002020496D70726563697365206407
:1067900061746120627573206572726F72002020CF
:1067A000496E737472756374696F6E2062757320BD
:1067B0006572726F72002020466C6F6174696E673B
:1067C0002D706F696E74206C617A792073746174B6
:1067D0006520707265736572766174696F6E20658D
:1067E00072726F72002A2A2A2A2A2055534147457D
:1067F000204641554C54202A2A2A2A2A0020204487
:1068000069766973696F6E206279207A65726F00AC
:106810002020556E616C69676E6564206D656D6FD3
:106820007279206163636573730020204E6F20636B
:106830006F70726F636573736F7220696E737472B9
:10684000756374696F6E73002020496C6C656761B5
:106850006C206C6F6164206F66204558435F524521
:106860005455524E20696E746F20504300202049C9
:106870006C6C6567616C20757365206F6620746849
:10688000652045505352002020417474656D70742A
:1068900020746F206578656375746520756E646516
:1068A00066696E656420696E737472756374696F6E
:1068B0006E002A2A2A2A2A204D5055204641554C3E
:1068C00054202A2A2A2A2A002020537461636B69E3
:1068D0006E67206572726F722028636F6E746578C0
:1068E000742061726561206D69676874206265203B
:1068F0006E6F742076616C69642900202044617495
:1069000061204163636573732056696F6C617469BC
:106910006F6E0020204D4D464152204164647265E7
:1069200073733A2030782578002020496E73747292
:10693000756374696F6E2041636365737320566974
:106940006F6C6174696F6E00526573657276656411
:1069500020457863657074696F6E202800537075E8
:1069600072696F757320696E7465727275707420C8
:10697000284952512000535053454C20696E2074D1
:106980006872656164206D6F646520646F65732053
:106990006E6F7420696E6469636174652050535032
:1069A000002A2A2A2A2A2048415244204641554C8E
:1069B00054202A2A2A2A2A00202042757320666140
:1069C000756C74206F6E20766563746F72207461CD
:1069D000626C6520726561640020204465627567A1
:1069E000206576656E740020204661756C742065A4
:1069F0007363616C6174696F6E20287365652062D2
:106A0000656C6F772900415243485F4558434550B4
:106A100054207769746820726561736F6E202578E1
:106A20000A002A2A2A2A2A204465627567206D6F87
:106A30006E69746F7220657863657074696F6E201B
:106A40002A2A2A2A2A002A2A2A2A2A2025732025A5
:106A50006429202A2A2A2A2A006D70750046616955
:106A60006C656420746F20616C6C6F636174652069
:106A70006E6577204D505520726567696F6E2025D1
:106A8000750A00506172746974696F6E2025753AD9
:106A90002073616E69747920636865636B20666139
:106AA000696C65642E00464C4153485F3000535278
:106AB000414D5F300061626F727428290A0067657A
:106AC000746F7074006E65745F627566006E6574D5
:106AD0005F6275665F73696D706C65000000010030
:106AE0000000736F63003031323334353637383954
:106AF000414243444546007573626400626F6172AF
:106B0000645F6364635F61636D5F756172740000ED
:106B1000FFFFFFFFFFFF00000000000000FFFFFF7E
:106B2000FFFFFF0000000000003031323334353603
:106B30003738396162636465660002FB349B5F80AD
:106B400000008000100000000000000104000200AE
:106B5000000002000000000000000500000000002E
:106B6000000000000000000000000562745F627514
:106B7000660062745F6461746100446174612062E4
:106B80007566666572206F766572666C6F77202811
:106B90006C696E6B2074797065203078253032789E
:106BA0002900556E61626C6520746F206C6F6F6B8D
:106BB00020757020636F6E6E20776974682068613D
:106BC0006E646C6520257500556E61626C6520747D
:106BD0006F206C6F6F6B757020636F6E6E20666FC9
:106BE000722068616E646C6520257500486172646E
:106BF00077617265206572726F722C2068617264B1
:106C00007761726520636F64653A20256400436F85
:106C1000756C64206E6F74207375626D6974207278
:106C2000785F776F726B3A20256400556E61626CF5
:106C30006520746F20616C6C6F6361746520627590
:106C40006666657200556E68616E646C6564206589
:106C500076656E7420307825303278206C656E2031
:106C600025753A202573004E6F2070656E64696E3D
:106C700067207065726970686572616C20636F6E01
:106C80006E656374696F6E00556E657870656374C8
:106C900065642073746174757320307825303278A0
:106CA000202573004E6F20636F6D6D616E642073DD
:106CB000656E7420666F7220636D6420636F6D7003
:106CC0006C65746520307825303478004F70436FE0
:106CD00064652030782530347820636F6D706C6582
:106CE00074656420696E7374656164206F662065E5
:106CF000787065637465642030782530347800548A
:106D00006F6F20736D616C6C20282575206279741B
:106D1000657329206576656E742030782530327869
:106D200000496E76616C6964204843492065766548
:106D30006E742073697A65202825752900496E765E
:106D4000616C6964204C45206D65746120657665D1
:106D50006E742073697A652028257529005745537C
:106D6000545F544F504449522F7A65706879722F9E
:106D70007375627379732F626C7565746F6F746865
:106D80002F686F73742F6863695F636F72652E631A
:106D9000006576745F666C61677320262028315524
:106DA0004C203C3C20283029290041535345525463
:106DB000494F4E204641494C205B25735D204020C1
:106DC00025733A25640A00496E76616C6964206215
:106DD0007566207479706520257500496E76616C42
:106DE0006964204843492041434C207061636B65CE
:106DF000742073697A6520282575290041434C2049
:106E000064617461206C656E677468206D69736D70
:106E1000617463682028257520213D20257529008F
:106E2000556E61626C6520746F2066696E642063C4
:106E30006F6E6E20666F722068616E646C652025CF
:106E4000750062745F6863695F6576745F67657417
:106E50005F666C616773286864722D3E657674297D
:106E60002026202831554C203C3C2028312929005F
:106E7000556E6B6E6F776E206275662074797065E3
:106E800020257500556E68616E646C6564207665BA
:106E90006E646F722D7370656369666963206576D1
:106EA000656E7420307825303278206C656E202530
:106EB000753A20257300657674206E756D5F686184
:106EC0006E646C657320283D25752920746F6F20D2
:106ED0006C617267652028257A75203E202575290A
:106EE000004E6F20636F6E6E656374696F6E20660F
:106EF0006F722068616E646C652025750070616337
:106F00006B65747320636F756E74206D69736D614A
:106F100074636800696E74657276616C206578636D
:106F200065656473207468652076616C696420729D
:106F3000616E676520307825303478006C61746547
:106F40006E63792065786365656473207468652075
:106F500076616C69642072616E67652030782530D7
:106F6000347800737570765F74696D656F75742021
:106F700065786365656473207468652076616C6903
:106F8000642072616E676520307825303478007532
:106F90006E6B6E6F776E005B305D00484349207406
:106FA00072616E73706F72743A20257300436F6E56
:106FB00074726F6C6C6572004964656E7469747983
:106FC00025733A202573004964656E746974795B92
:106FD00025645D3A202573004843493A207665725E
:106FE00073696F6E20257320283078253032782918
:106FF000207265766973696F6E2030782530347839
:107000002C206D616E7566616374757265722030D7
:107010007825303478004C4D503A2076657273698B
:107020006F6E202573202830782530327829207320
:1070300075627665722030782530347800556E613F
:10704000626C6520746F2073656E6420746F2064B9
:107050007269766572202865727220256429005550
:107060006E636C65617265642070656E64696E67DD
:107070002073656E745F636D64007375636365731D
:10708000730009636F6D6D616E64206F70636F6470
:1070900065203078253034782074696D656F75749B
:1070A0000A00657272203D3D20300009436F6E7406
:1070B000726F6C6C657220756E726573706F6E7333
:1070C0006976652C20636F6D6D616E64206F7063EF
:1070D0006F6465203078253034782074696D656F71
:1070E00075742077697468206572722025640A00BF
:1070F0006F70636F64652030782530347820737446
:1071000061747573203078253032782025730046FD
:1071100061696C656420746F207265616420444C01
:1071200045206D61782064617461206C656E007427
:10713000785F6F63746574732065786365656473E5
:10714000207468652076616C69642072616E676581
:107150002025750074785F74696D652065786365B6
:10716000656473207468652076616C69642072615F
:107170006E6765202575004E6F6E2D4C452063614E
:107180007061626C6520636F6E74726F6C6C657297
:1071900020646574656374656421004E756D206FAD
:1071A0006620436F6E74726F6C6C6572277320413A
:1071B000434C207061636B65747320213D20414313
:1071C0004C2062745F636F6E6E5F747820636F6EC5
:1071D00074657874732028257520213D2025752934
:1071E0000041434C2042522F45445220627566664E
:1071F000657273206E6F7420696E697469616C6961
:107200007A65640056656E646F7220484349206554
:107210007874656E73696F6E73206E6F742061761B
:1072200061696C61626C6500485720506C617466DE
:107230006F726D3A202573202830782530347829F4
:107240000048572056617269616E743A2025732098
:107250002830782530347829004669726D7761725C
:10726000653A202573202830782530327829205639
:10727000657273696F6E2025752E257520427569BC
:107280006C64202575004661696C656420746F200C
:107290007265616420737570706F727465642076B6
:1072A000656E646F7220636F6D6D616E647300460E
:1072B00061696C656420746F207265616420737508
:1072C00070706F727465642076656E646F7220668C
:1072D000656174757265730048434920647269760C
:1072E0006572206973206E6F742072656164790025
:1072F0004254205258205751004843492064726933
:10730000766572206F70656E206661696C656420B9
:1073100028256429004E6F2070656E64696E6720B1
:10732000636F6E6E20666F722070656572202573C4
:1073300000556E657870656374656420484F5354DA
:107340005F4E554D5F434F4D504C455445445F5043
:1073500041434B4554532C20737461747573203032
:10736000782530327820257300312E306200312E9E
:107370003100312E3200322E3000322E3100332EC9
:107380003000342E3000342E3100342E3200352EB1
:107390003000352E3100352E3200352E3300352E9B
:1073A0003400362E3000362E3100362E3200537423
:1073B000616E6461726420426C7565746F6F74688D
:1073C00020636F6E74726F6C6C65720056656E64CC
:1073D0006F7220737065636966696320636F6E7492
:1073E000726F6C6C6572004669726D7761726520B0
:1073F0006C6F616465720052657363756520696DB9
:10740000616765007265736572766564006E5246E9
:10741000353178006E5246353278006E524635333B
:1074200078006E524635344878006E524635344CFA
:107430007800496E74656C20436F72706F7261746E
:10744000696F6E004E6F726469632053656D696386
:107450006F6E647563746F72004E58502053656D83
:1074600069636F6E647563746F72730062745F68D2
:1074700063695F636F726500574553545F544F50A3
:107480004449522F7A65706879722F7375627379E7
:10749000732F626C7565746F6F74682F686F737487
:1074A0002F6863695F636F6D6D6F6E2E6300636D30
:1074B0006420646973616C6C6F776564004F6E6CF7
:1074C000792072616E646F6D2073746174696320DA
:1074D0006964656E7469747920616464726573733C
:1074E00020737570706F7274656400496E76616C9C
:1074F000696420696E70757420706172616D657465
:10750000657273004661696C656420746F207265F2
:107510006164207075626C69632061646472657374
:10752000730052656164205374617469632041641F
:107530006472657373657320636F6D6D616E642033
:107540006E6F7420617661696C61626C6500466182
:10755000696C656420746F20726561642073746166
:1075600074696320616464726573736573004E6F40
:1075700020737461746963206164647265737365F8
:10758000732073746F72656420696E20636F6E740C
:10759000726F6C6C65720043616E27742073657442
:1075A00020626F7468204944454E5449545920263E
:1075B000204E52504100556E61626C6520746F2000
:1075C000736574206964656E74697479206164649C
:1075D0007265737300556E61626C6520746F207301
:1075E00065742072616E646F6D206164647265738E
:1075F000730062745F696400546F6F206269672072
:107600006164766572746973696E67206461746120
:10761000004661696C656420746F207374617274D4
:107620002061647665727469736572004661696C85
:10763000656420746F2073746F7020616476657266
:10764000746973696E673A2025640062745F6164CF
:107650007600556E657870656374656420656E6448
:10766000206F662062756666657200030502000A77
:1076700062745F7363616E004661696C6564207259
:107680006561642072656D6F7465206665617475EF
:1076900072657320282564290050485920307825C8
:1076A000303278206E6F7420737570706F727465ED
:1076B00064004661696C656420746F207365742092
:1076C00064617461206C656E202825642900556E04
:1076D0006578706563746564206669727374204CA4
:1076E00032434150206672616D6500556E65787059
:1076F0006563746564204C3243415020636F6E743F
:10770000696E756174696F6E004E6F7420656E6F7F
:10771000756768206275666665722073706163655F
:1077200020666F72204C32434150206461746100C6
:10773000556E65787065637465642041434C2066BE
:107740006C616773202830782530327829004143F6
:107750004C206C656E206D69736D617463682028C0
:107760002575203E202575290028756E6B6E6F7774
:107770006E29006E6F207472616E736974696F6E2A
:1077800020257300496E76616C696420282575296F
:10779000206F6C6420737461746500636F6E6E207B
:1077A0002570206661696C656420746F2065737450
:1077B00061626C6973682E205246206E6F69736532
:1077C0003F006E6F2076616C696420282575292042
:1077D0007374617465207761732073657400696EDA
:1077E000636F6D70617469626C652068616E646C52
:1077F000652025750054696D656F75742064697323
:107800006361726465642E204E6F20626C6F636BDF
:10781000696E6720696E2073797377712E004661F7
:1078200074616C206572726F7220282564292E2085
:10783000446973636F6E6E656374696E672025704B
:1078400000466F756E642076616C696420636F6EAC
:107850006E656374696F6E202825702920776974BE
:1078600068206164647265737320257320696E20DB
:107870002573207374617465200053656E64204C19
:107880004520706172616D20757064617465206659
:1078900061696C6564202865727220256429005333
:1078A000656E64206175746F204C45207061726153
:1078B0006D20757064617465206661696C65642013
:1078C000286572722025642900646973636F6E6E87
:1078D000656374656400646973636F6E6E65637479
:1078E0002D636F6D706C657465007363616E2D62DE
:1078F00065666F72652D696E6974696174696E671A
:1079000000696E6974696174696E672D66696C746B
:1079100065722D6C697374006164762D636F6E6E91
:1079200065637461626C65006164762D6469722DB3
:10793000636F6E6E65637461626C65006469736326
:107940006F6E6E656374696E670062745F636F6EFD
:107950006E00556E61626C6520746F20616C6C6F97
:10796000636174652062756666657220666F722059
:107970006F7020307825303278004E6F206176614C
:10798000696C61626C65204C3243415020636F6EBC
:107990007465787420666F7220636F6E6E20257038
:1079A00000457870656374696E6720312072656682
:1079B0002C20676F7420256400616C7265616479A6
:1079C00020686176652076696577206F6E20257066
:1079D000004C32434150206C656E677468206D69BD
:1079E000736D617463682028257520213D202575FD
:1079F0002900496E76616C6964206964656E742043
:107A000076616C756520696E204C32434150205080
:107A1000445500496E76616C6964204C4520636F63
:107A20006E6E20706172616D207273702073697A5E
:107A3000652028257520213D20257A75290052656D
:107A40006A656374696E6720756E6B6E6F776E2002
:107A50004C324341502050445520636F64652030C0
:107A6000782530327800546F6F20736D616C6C2014
:107A70004C32434150207369676E616C696E6720B8
:107A800050445500546F6F20736D616C6C204C3204
:107A900043415020504455207265636569766564A2
:107AA0000049676E6F72696E672064617461206659
:107AB0006F7220756E6B6E6F776E206368616E6E8D
:107AC000656C2049442030782530347800636F6E2F
:107AD0006669670062745F6C326361700041545480
:107AE000206368616E6E656C206E6F7420636F6ECC
:107AF0006E6563746564004572726F7220736967A6
:107B00006E696E6720646174610052616E206F75EA
:107B100074206F6620545820627566666572732003
:107B20006F7220636F6E74657874732E00556E618A
:107B3000626C6520746F2063726561746520657284
:107B400072207273702050445500415454204D549B
:107B5000552065786365656465642C206D617820C7
:107B600025752C2077616E74656420257A75005523
:107B70006E61626C6520746F20637265617465204C
:107B8000636F6E6669726D2050445500556E616278
:107B90006C6520746F206372656174652072737008
:107BA0002050445500546F6F20736D616C6C204100
:107BB00054542050445520726563656976656400AD
:107BC000556E68616E646C65642041545420636F27
:107BD00064652030782530327800496E76616C69B2
:107BE00064206C656E20257520666F7220636F645B
:107BF000652030782530327800556E61626C6520E2
:107C0000746F2063726561746520555549443A204C
:107C100073697A6520257500556E61626C65207404
:107C20006F2063726561746520555549443A20732D
:107C3000697A65202564004E6F20617661696C6108
:107C4000626C652041545420636F6E7465787420B3
:107C5000666F7220636F6E6E202570004E6F20611C
:107C60007661696C61626C6520415454206368617F
:107C70006E6E656C20666F7220636F6E6E2025706D
:107C8000004E6F7420636F6E6E656374656400559B
:107C90006E61626C6520746F2066696E6420415469
:107CA00054206368616E6E656C00476F7420657266
:107CB000722025642C206E6F742063616C6C696E79
:107CC0006720415454206362004E6F204154542079
:107CD0006368616E6E656C20666F72204D5455202E
:107CE000257A75004E6F2070656E64696E6720415D
:107CF0005454207265717565737400446973636FC1
:107D00006E6E656374696E67206661696C65642078
:107D10002865727220256429004154542054696DED
:107D2000656F757420666F7220646576696365207F
:107D300025732E20446973636F6E6E656374696E7C
:107D4000672E2E2E0062745F617474004E6F207374
:107D50007061636520746F2073746F726520434394
:107D6000432063666700756E61626C6520746F20E6
:107D7000736176652053433A206E6F2063666720F7
:107D80006C6566740052656164206D6574686F642B
:107D9000206E6F7420736574004661696C656420A1
:107DA000746F2072656164206174747269627574A5
:107DB00065202570202865727220257A6429004983
:107DC0006E76616C69642072656164206C656E67B3
:107DD00074683A20257A6400434343202570206E5E
:107DE0006F74207772697461626C6500534320720E
:107DF0006573746F726520696E6469636174696F1D
:107E00006E206661696C656400426164207065651E
:107E1000723A2041545420726561642D62792D7547
:107E2000756964207273703A20696E76616C69645A
:107E3000204154545220504455206C656E202575C5
:107E400000496E76616C69642068616E646C6500DF
:107E500042616420706565723A2041545420726515
:107E600061642D62792D75756964207273703A2092
:107E700048616E646C6520307825303478206973F1
:107E8000206F7574736964652072657175657374AC
:107E900065642072616E6765203078253034782DF6
:107EA0003078253034782E2041626F7274696E67A5
:107EB00020726561642E004661696C656420746F90
:107EC00020756E73756273637269626520286572CE
:107ED000722025642900496E76616C6964206461B2
:107EE0007461206C656E202575203E20257500622A
:107EF000745F67617474004E6F20617661696C61B4
:107F0000626C6520534D5020636F6E7465787420E9
:107F1000666F7220636F6E6E2025700062745F73EF
:107F20006D7000029ECADC240EE5A9E093F3A3B5B0
:107F30000200406E029ECADC240EE5A9E093F3A382
:107F4000B50200406E029ECADC240EE5A9E093F360
:107F5000A3B50300406E029ECADC240EE5A9E0939F
:107F6000F3A3B50300406E029ECADC240EE5A9E02F
:107F700093F3A3B50100406E726573756D65005390
:107F8000707572696F7573202573206576656E74E0
:107F90000065702030782530327820616C72656120
:107FA000647920656E61626C656400456E64706F13
:107FB000696E74203078253032782076616C69647F
:107FC0006174696F6E206661696C6564006570201C
:107FD00030782530327820616C7265616479206474
:107FE000697361626C656400657020307825303299
:107FF00078206973206E6F742068616C7465647C8E
:1080000064697361626C6564004661696C656420D3
:10801000746F20616C6C6F63617465206E65745F52
:1080200062756620257A642C2065702030782530B2
:1080300032780053657175656E6365202575206E15
:108040006F7420636F6D706C657465640044726F4B
:1080500070207365747570207061636B657420287F
:10806000257029005A4C50206578706563746564EA
:108070000043616E6E6F742064657465726D696E25
:108080006520746865206E65787420737461676517
:10809000005374617465206E6F74206368616E674D
:1080A000656421007564630073687574646F776E2E
:1080B00000496E697469616C697A65640050726523
:1080C000696E6974007564635F6E726678004661FC
:1080D000696C656420746F2072656769737465727A
:1080E00020656E64706F696E7400556E6B6E6F778D
:1080F0006E20706F776572206576656E74202564DA
:10810000006570203078253032782071756575658E
:1081100020697320656D7074790053555350454E36
:108120004420737461746520646574656374656468
:1081300000524553554D494E472066726F6D20736E
:10814000757370656E640052656D6F74652077613C
:108150006B65757020696E6974696174656400652A
:108160007020307825303278206F6B2C2071756547
:10817000756520697320656D707479004661696C5E
:10818000656420746F20616C6C6F63617465206638
:108190006F72207365747570004661696C65642048
:1081A000746F2064697361626C6520636F6E7472B2
:1081B0006F6C20656E64706F696E74004661696CE7
:1081C000656420746F2073746F70204846584F2088
:1081D0002564005265736574006275666665722079
:1081E000746F6F20736D616C6C3A20723A20257544
:1081F0002C206C3A202575004661696C65642074FA
:108200006F20656E61626C6520636F6E74726F6C57
:1082100020656E64706F696E74004661696C656498
:1082200020746F207374617274204846584F202563
:108230006400000101010101757362644034303053
:108240003237303030007564635F6E7266006E7274
:10825000665F757362645F636F6D6D6F6E00636CF4
:108260006F636B40343030303030303000686663DC
:108270006C6B006C66636C6B00636C6F636B5F634D
:108280006F6E74726F6C0072616E646F6D4034302B
:10829000303064303030006770696F4035303030D6
:1082A00030333030006770696F40353030303030F7
:1082B000303000693263006932634034303030342A
:1082C000303030006932635F6E7266785F74776950
:1082D000004661696C656420746F20696E69746919
:1082E000616C697A65206465766963653A202573F7
:1082F00000756E737570706F72746564207370654D
:1083000065640031302D6269742049324320416434
:1083100064722064657669636573206E6F74207380
:108320007570706F72746564004E65656420746F5B
:10833000207573652074686520696E7465726E615E
:108340006C2064726976657220627566666572205B
:10835000627574206974732073697A65206973206B
:10836000696E73756666696369656E742028257524
:10837000202B202575203E202575292E2041646A5A
:1083800075737420746865207A65706879722C63DF
:108390006F6E6361742D6275662D73697A65206FE7
:1083A00072207A65706879722C666C6173682D62D0
:1083B00075662D6D61782D73697A652070726F70A6
:1083C000657274792028746865206F6E65207769FE
:1083D000746820677265617465722076616C75657A
:1083E0002920696E207468652022257322206E6F13
:1083F00064652E00693263403430303033303030C1
:10840000006932635F6E7266785F7477696D0054DD
:108410007279696E6720746F207472616E7366651D
:1084200072206D6F7265207468616E2074686520BB
:108430006D6178696D756D2073697A6520666F72FC
:108440002074686973206465766963653A202564E1
:10845000203E20256400646576696365206163744D
:108460006976650000010203040506074750494F7D
:1084700020706F72743A202573206E6F74207265BD
:10848000616479006C736D3664733374722D632D7F
:10849000656E006D736D323631643335323668691E
:1084A00063706D2D632D656E00726567756C617408
:1084B0006F725F66697865640074656D7040343012
:1084C0003030633030300074656D705F6E726635C9
:1084D00000617474725F7365742829206E6F742054
:1084E000737570706F72746564206F6E2074686944
:1084F00073206368616E6E656C2E004661696C6501
:108500006420746F20696E697469616C697A652092
:1085100073656E736F7220627573004661696C6576
:108520006420746F20696E697469616C697A652072
:1085300063686970004661696C656420746F2069C6
:108540006E697469616C697A6520696E74657272AE
:108550007570742E004661696C656420746F2072BA
:108560006573756D6520616363656C65726F6D65BC
:10857000746572004661696C656420746F20726571
:1085800073756D65206779726F004661696C65640B
:1085900020746F2073757370656E6420616363650A
:1085A0006C65726F6D65746572004661696C6564B7
:1085B00020746F2073757370656E64206779726FB5
:1085C000006C736D3664733374722D6340366100D2
:1085D0004C534D3644534C0074726967676572732F
:1085E000206E6F7420737570706F727465640047CD
:1085F00050494F20646576696365206E6F74207200
:108600006561647900436F756C64206E6F742073CC
:108610006574206770696F2063616C6C6261636B65
:108620002E00436F756C64206E6F7420656E6162FE
:108630006C6520646174612D726561647920696E76
:10864000746572727570742E004661696C65642081
:10865000746F20616C6C6F636174652050504920A9
:108660004368616E6E656C007561727440343030C1
:10867000303230303000756172745F6E7266785FD0
:108680007561727465004661696C656420746F2061
:10869000616C6C6F63617465204750494F5445208D
:1086A0006368616E6E656C20666F722057414B4542
:1086B000004661696C656420746F20636F6E666943
:1086C000677572652057414B452070696E004353B2
:1086D000204750494F20706F7274202573207069B5
:1086E0006E202564206973206E6F7420726561644A
:1086F000790055706461746520657863656564739D
:108700002063757272656E742062756666657200AC
:1087100048616C662D6475706C6578206E6F74208E
:10872000737570706F7274656400536C6176652048
:108730006D6F6465206973206E6F7420737570703F
:108740006F72746564206F6E202573004C6F6F70BC
:108750006261636B206D6F6465206973206E6F7456
:1087600020737570706F7274656400576F72642047
:1087700073697A6573206F74686572207468616EBE
:108780002038206269747320617265206E6F7420D6
:10879000737570706F72746564004672657175658B
:1087A0006E63696573206C6F776572207468616EA3
:1087B00020313235206B487A20617265206E6F74EB
:1087C00020737570706F72746564004661696C65C2
:1087D0006420746F20696E697469616C697A6520C0
:1087E0006E726678206472697665723A2025303838
:1087F000780057616974696E6720666F722057410F
:108800004B452061636B6E6F776C6564676D656E59
:10881000742074696D6564206F75740054696D65AA
:108820006F75742077616974696E6720666F722056
:108830007472616E7366657220636F6D706C6574BF
:10884000650073706940343030323330303000733B
:1088500070695F6E7266785F7370690077617463C8
:1088600068646F67403430303130303030007764C6
:10887000745F6E7266780000000000000101000065
:1088800000000000203030303030303030303030B8
:108890003030300001000001000000010000000045
:1088A0000048616C74696E672073797374656D003C
:1088B000556E6B6E6F776E206572726F72003E3E02
:1088C0003E205A455048595220464154414C20457B
:1088D00052524F522025643A202573206F6E204358
:1088E0005055202564004661756C7420647572696A
:1088F0006E6720696E746572727570742068616E3F
:10890000646C696E670A0043757272656E742074D8
:1089100068726561643A2025702028257329004318
:10892000505520657863657074696F6E00556E6888
:10893000616E646C656420696E74657272757074C2
:1089400000537461636B206F766572666C6F77009D
:108950004B65726E656C206F6F7073004B65726E45
:10896000656C2070616E6963006D61696E006F7384
:1089700000737973776F726B71002A2A2A20426F15
:108980006F74696E67205A6570687972204F532042
:108990006275696C642076342E332E30202A2A2AA0
:0489A0000A000000C9
:1089A40000000000A9D20200000000000001000045
:1089B40000000000000000000000000000000000B3
:1089C40000000000000000000000000000000000A3
:1089D40000000000610F030000000000000100001F
:1089E4000000000000000000000000000000000083
:1089F4000000000000000000000000000000000073
:108A0400C046050000C2010000000800000000008C
:108A14000000000000000000000000000000000052
:108A24000000000000000000000000000000000042
:108A340000000000EC09002000000000D80900201C
:108A44000000000000000000000000000000000022
:108A54000000000000000000000000000000000012
:108A64000000000000000000000000000000000002
:108A740000000000000000000000000000000000F2
:108A8400000000000000000000000000EC000020D6
:108A9400EC0000200000000001000000FC000020A9
:108AA400FC000020000000000000000000000000A6
:108AB40000000000000000000000000000000000B2
:108AC40000000000000000000000000000000000A2
:108AD4000000000000000000000000000000000092
:108AE4000000000000000000000000000000000082
:108AF4000000000000000000000000000000000072
:108B04000000000000000000000000000000000061
:108B14000000000000000000000000000000000051
:108B24000000000000000000000000000000000041
:108B34000000000000000000000000000000000031
:108B44000000000000000000000000000000000021
:108B54000000000000000000000000000000000011
:108B64000000000000000000000000000000000001
:108B7400D5270300000000000000000000000000F2
:108B840000000000000000000000000000000000E1
:108B940000000000000000000000000000000000D1
:108BA40000000000000000000000000000000000C1
:108BB40000000000000000000000000000000000B1
:108BC40000000000000000000000000000000000A1
:108BD4000000000000000000000000000000000091
:108BE4000000000000000000000000000000000081
:108BF4000000000000000000000000000000000071
:108C04000000000000000000000000000000000060
:108C140000000000504705001F0000000000000095
:108C2400FFFFFFFFFF1F0000000000000000000026
:108C34008802002088020020900200209002002078
:108C44009802002098020020A0020020A002002028
:108C5400A8020020A8020020B0020020B0020020D8
:108C6400B8020020B8020020C0020020C002002088
:108C7400C8020020C8020020D0020020D002002038
:108C8400D8020020D8020020E0020020E0020020E8
:108C9400E8020020E8020020F0020020F002002098
:108CA400F8020020F8020020000300200003002046
:108CB40008030020080300201003002010030020F4
:108CC40018030020180300202003002020030020A4
:108CD4002803002028030020300300203003002054
:108CE4003803002038030020400300204003002004
:108CF40048030020480300205003002050030020B4
:108D04005803002058030020600300206003002063
:108D14006803002068030020700300207003002013
:108D240078030020780300208003002080030020C3
:108D34008803002088030020900300209003002073
:108D44009803002098030020A0030020A003002023
:108D5400A8030020A8030020B0030020B0030020D3
:108D6400B8030020B8030020C0030020C003002083
:108D7400C8030020C8030020D0030020D003002033
:108D8400D8030020D8030020E0030020E0030020E3
:108D9400E8030020E8030020F0030020F003002093
:108DA400F8030020F8030020000400200004002041
:108DB40008040020080400201004002010040020EF
:108DC400180400201804002020040020200400209F
:108DD400280400202804002030040020300400204F
:108DE40038040020380400204004002040040020FF
:108DF40048040020480400205004002050040020AF
:108E0400580400205804002060040020600400205E
:108E1400680400206804002070040020700400200E
:108E240078040020780400208004002080040020BE
:108E3400880400208804002090040020900400206E
:108E44009804002098040020A0040020A00400201E
:108E5400A8040020A8040020B0040020B0040020CE
:108E6400B8040020B8040020C0040020C00400207E
:108E7400C8040020C8040020D0040020D00400202E
:108E8400D8040020D8040020E0040020E0040020DE
:108E9400E8040020E8040020F0040020F00400208E
:108EA400F8040020F804002000050020000500203C
:108EB40008050020080500201005002010050020EA
:108EC400180500201805002020050020200500209A
:108ED400280500202805002030050020300500204A
:108EE40038050020380500204005002040050020FA
:108EF40048050020480500205005002050050020AA
:108F04005805002058050020600500206005002059
:108F14006805002068050020700500207005002009
:108F240078050020780500208005002080050020B9
:108F34008805002088050020900500209005002069
:108F44009805002098050020A0050020A005002019
:108F5400A8050020A8050020B0050020B0050020C9
:108F6400B8050020B8050020C0050020C005002079
:108F7400C8050020C8050020D0050020D005002029
:108F8400D8050020D8050020E0050020E0050020D9
:108F9400E8050020E8050020F0050020F005002089
:108FA400F8050020F8050020000600200006002037
:108FB40008060020080600201006002010060020E5
:108FC4001806002018060020200600202006002095
:108FD4002806002028060020300600203006002045
:108FE40038060020380600204006002040060020F5
:108FF40048060020480600205006002050060020A5
:109004005806002058060020600600206006002054
:109014006806002068060020700600207006002004
:1090240078060020780600208006002080060020B4
:1090340000000000E807002050080020B8080020C5
:10904400000000000000000000000000000000001C
:10905400000000000000000000000000000000000C
:1090640000000000000000000000000000000000FC
:1090740000000000000000000000000000000000EC
:1090840000000000000000000000000000000000DC
:1090940000000000000000000000000000000000CC
:1090A40000000000000000000000000000000000BC
:1090B40000000000000000000000000000000000AC
:1090C400000000000000000000000000000000009C
:1090D400000000000000000001000000000000008B
:1090E4000E33CDAB34126DE6ECDE05000B00000050
:1090F400000000000000000000000000000000006C
:10910400000000000000000000000000000000005B
:10911400000000000000000000000000000000004B
:10912400000000000000000000000000000000003B
:10913400000000000000000000000000000000002B
:10914400000000000000000000000000000000001B
:10915400000000000000000000000000000000000B
:1091640000000000000000000000000000000000FB
:1091740000000000000000000000000000000000EB
:1091840000000000000000000000000000000000DB
:1091940000000000000000000000000000000000CB
:1091A40000000000000000000000000000000000BB
:1091B40000000000000000000000000000000000AB
:1091C400000000000000000000000000000000009B
:1091D400000000000000000000000000000000008B
:1091E400000000000000000000000000000000007B
:1091F400000000000000000000000000000000006B
:10920400000000000000000000000000000000005A
:10921400000000000000000000000000000000004A
:10922400000000000000000000000000000000003A
:10923400000000000000000000000000000000002A
:10924400000000000000000000000000000000001A
:10925400000000000000000000000000000000000A
:1092640000000000000000000000000000000000FA
:1092740000000000000000000000000000000000EA
:1092840000000000000000000000000000000000DA
:1092940000000000000000000000000000000000CA
:1092A40000000000000000000000000000000000BA
:1092B40000000000000000000000000000000000AA
:1092C400C1D30200EDD502001DD50200000000004C
:1092D4000000000051E3040003ED0400544F0500B6
:1092E40000000000000000006D100020580900205C
:1092F400000000000000000000000000000000006A
:109304000004010000000000D565050022030000F0
:109314000000000000000000000303000000000043
:109324000000000000030000000000000000000036
:109334000002010000000000E66505002E030000A5
:109344000000000000000000000101000000000017
:10935400FD6505001E030000000000000000000081
:109364000000000000000000905E050004030000FF
:10937400BFF00400C3F004009CA70020000000001C
:109384000000000000000000000400009CAB00206E
:1093940000000000000000000000000000040000C5
:1093A400CB65050000000000400A0020000000001A
:1093B400C04605008810002090100020991000205D
:1093C4009E100020A3100020A7100020AC10002045
:1093D400B3100020BC100020C3100020CA100020CD
:1093E40000000000D30005005B020500B502050083
:1093F40009040500710605003D0305000000000096
:109404009106050025030500270205000000000061
:10941400D500050000000000BD0A050000000000A2
:10942400000000000000000081180300000000009C
:1094340000000000000000003D41030000000000A7
:1094440000000000000000008D3C0300000000004C
:1094540000000000B40A0020B40A0020000000004C
:109464000000000041500300795E0300000000008A
:109474000000000000000000F95203005916050026
:109484001F170500F14E0300000000009A5E05005E
:1094940000002000000000000000000000000000A8
:1094A40000000000F91C050000000000AE5E05008D
:1094B40000000200BA5E050000000200C65E05005E
:1094C40000000200347F050000000C0000000000D2
:1094D4000000000000000000CB1F05000000000099
:1094E40000000000567F050000001000000000008E
:1094F40090290020000000004598030000000000AF
:109504009829002000000000958C03000000000052
:10951400A029002000000000250C04000000000029
:10952400A829002000000000998903000000000021
:109534003033002000000000751504000000000016
:109544004833002000000000250C04000000000047
:1095540050330020000000008DB003000000000024
:10956400C433002000000000611C0400000000005F
:10957400E83300200000000085B90300000000006B
:10958400F033002000000000250C0400000000005F
:10959400F83300200000000029BB03000000000095
:1095A400003400200000000071C30300000000002C
:1095B400C437002000000000143800200000000020
:1095C400F439002000000000A43A0020000000004C
:1095D4006D24040000000000C43A002000000000D4
:1095E4004909040000000000F03A002000000000D7
:1095F400250C040000000000C43B00200000000013
:10960400250C040000000000CC3B002000000000FA
:10961400250C040000000000183F0020000000009A
:10962400557C030000000000103F002000000000F3
:10963400557C030000000000083F002000000000EB
:10964400BD78030000000000003F0020000000007F
:10965400557C030000000000F83E002000000000DC
:10966400BD78030000000000F03E00200000000070
:10967400557C030000000000000000000000000012
:1096840000000000000000000000000000000000D6
:1096940000000000000000000000000000000000C6
:1096A40000000000000000000000000000000000B6
:1096B40000000000000000000000000000000000A6
:1096C4000000000000000000000000000000000096
:1096D4000000000000000000000000000000000086
:1096E4000000000000000000000000000000000076
:1096F4000000000000000000580D0020580D00205C
:1097040000000000000000000E0000000000000047
:109714000000000000000000000000000000000045
:10972400000000000000000000000000892905007E
:10973400000000000000000000000000892905006E
:10974400000000008000000000000000132A050053
:109754000000000000000000B80D0020B80D00203B
:109764000100000001000000C80D0020C80D002009
:10977400D00D0020D00D00200000000001000000EA
:10978400E00D0020E00D002000000000800100003A
:1097940000000000E32A05000000000000000000B3
:1097A400000000008D5C04000000000000000000C8
:1097B4000000000029330500000000002C0E0020EA
:1097C4000000000000000000000000000000000095
:1097D40000000000E9460020200000000000000016
:1097E40000000000000000000000000099340500A3
:1097F4000000000000000000000000004C5B0500B9
:1098040000000000640E0020640E00200000000030
:1098140001000000740E0020740E00207C0E002055
:109824007C0E002000000000010000008C0E0020CF
:109834008C0E00200000000000000000000000006A
:109844000000000000000000000000000000000014
:109854000000000000000000E047050000000000D8
:1098640000000000FF0000003FC00F009002000055
:10987400D00E0020D00E0020FFFFFFFF00000200EA
:1098840090060020430000000000000000000000DB
:1098940000000000000000000000000000000000C4
:1098A4000000000043000000000000000000000071
:1098B40000000000000000000000000000000000A4
:1098C4000000000043000000000000000000000051
:1098D4000000000000000000000000000000000084
:1098E4000000000043000000000000000000000031
:1098F4000000000000000000000000000000000064
:109904000000000043000000000000000000000010
:109914000000000000000000000000000000000043
:1099240000000000430000000000000000000000F0
:109934000000000000000000000000000000000023
:1099440000000000430000000000000000000000D0
:109954000000000000000000000000000000000003
:10996400000000008DD5040009C4040000000000BC
:10997400DC5B05006C5E05002056050020560500E2
:1099840020560500205605002056050020560500E7
:10999400205605002056050020560500FFFFFFFF56
:1099A400FFFFFFFFFFFFFFFFFFFF00000100415328
:1099B40043494900000000000000000000000000CE
:1099C40000000000000000000000000000004153FF
:1099D40043494900000000000000000000000000AE
:1099E4000000000000000000000000000000000073
:1099F4000000600030000000000000009ECADC246B
:109A04000EE5A9E093F3A3B50100406E0609020038
:109A140000000100807D12010002EF020140E32FEB
:109A24000400030400000000080B0002020200000E
:109A340009040000010202000005240010010524AD
:109A44000100010424020205240600010705810324
:109A540010000A09040100020A000000070582023E
:0D9A6400400000070501024000000000FF67
:109A710000000000000000000000000000000000E5
:109A810000000000000000000000000000000000D5
:039A9100000000D2
:109A940000000000000000000000000000000000C2
:109AA40000000000000000000000000000000000B2
:109AB40000000000000000000000000000000000A2
:109AC4000000000000000000000000000000000092
:049AD400000000008E
:109AD800341100203411002000A1002000000000F3
:109AE800010000002C0000000000000050110020C0
:109AF80050110020807500200000000001000000C7
:109B0800B0000000000000006C1100206C11002063
:109B18002CA100200000000003000000100000003D
:109B2800000000008811002088110020A87600207D
:109B38000000000008000000100000000000000005
:109B4800000000005CA100200004000000000000EC
:049B58000000000009
:109B5C00B8110020B8110020000000000000000027
:109B6C000E000000CC110020CC11002000000000E1
:089B7C00000000000E000000D3
:109B8400E0110020E01100200C0000000A00000099
:109B940030760020A8760020307600203076002031
:109BA4000000000004120020041200200000000045
:109BB400101200201012002001000000010000001B
:109BC4002012002020120020281200202812002039
:109BD40000000000010000003812002038120020AC
:109BE400401200204012002000000000FFFFFFFF91
:089BF400501200205012002065
:0C9BFC0058120020581200200000000049
:109C080000000000000000006C1200206C12002010
:089C18007412002074120020F8
:109C200000000000000000008412002084120020C8
:109C30008C1200208C120020030003001000000092
:109C40000000000034510500FC99002000000000D5
:109C500000000000B0120020B0120020B812002056
:109C6000B81200200300030010000000E55B0300B1
:109C70005052050088A000200000000000000000F5
:109C8000DC120020DC120020E4120020E41200208C
:109C9000030003000000000000000000E84F050082
:109CA0003491002000000000000000000813002094
:109CB00008130020101300201013002001000100E1
:109CC00010000000913B030020510500B8930020D4
:109CD00000000000000000003413002034130020B6
:109CE0003C1300203C130020030003000000000090
:109CF00000000000E8500500709300200000000004
:109D00000000000060130020601300206813002092
:109D1000681300200C000C0004000000591203001E
:109D2000D44F0500588F0020000000000000000004
:109D30008C1300208C130020941300209413002017
:109D4000010001000000000000000000FC4F0500C1
:109D5000809200200000000000000000B8130020E6
:109D6000B8130020C0130020C01300201000100002
:109D70000A000000A9200500B05805005CA50020DD
:089D8000EC4B0500082800204F
:109D88000C66050000000000000000000000000054
:109D980000000000000000007447050000000000FB
:109DA80000000000000000000000000000000000AB
:109DB800000000000000000000000000000000009B
:109DC800000000000000000000000000000000008B
:109DD800000000000000000000000000000000007B
:109DE80000000000000000000000000076100020C5
:049DF8000000000067
:109DFC0000000000000A002000000000000000002D
:089E0C0000000000000000004E
:049E140015E015E060
:040000032000FA459A
:00000001FF
