:020000022000DC
:10700000009D002025E802009BF1040011E8020029
:1070100011E8020011E8020011E80200000000007F
:10702000000000000000000000000000EDE8020089
:1070300011E802000000000089E8020011E80200E7
:10704000BDEA02005D2C0400BDEA0200BDEA0200B8
:10705000BDEA0200BDEA0200BDEA0200BDEA02008C
:10706000BDEA0200BDEA0200BDEA0200BDEA02007C
:10707000BDEA0200BDEA0200BDEA0200BDEA02006C
:10708000BDEA0200BDEA0200BDEA0200BDEA02005C
:10709000BDEA0200BDEA0200BDEA0200BDEA02004C
:1070A000BDEA0200BDEA0200BDEA0200BDEA02003C
:1070B000BDEA0200BDEA0200BDEA0200BDEA02002C
:1070C000BDEA0200BDEA0200BDEA0200BDEA02001C
:1070D000BDEA0200BDEA0200BDEA0200BDEA02000C
:1070E000BDEA0200BDEA0200BDEA0200BDEA0200FC
:1070F000BDEA0200BDEA0200BDEA0200BDEA0200EC
:1071000081F0004102E000BF83F0004330B54FEA58
:1071100041044FEA430594EA050F08BF90EA020FC5
:107120001FBF54EA000C55EA020C7FEA645C7FEA58
:10713000655C00F0E2804FEA5454D4EB5555B8BF7B
:107140006D420CDD2C4480EA020281EA030382EAEC
:10715000000083EA010180EA020281EA0303362D7E
:1071600088BF30BD11F0004F4FEA01314FF4801C51
:107170004CEA113102D0404261EB410113F0004F63
:107180004FEA03334CEA133302D0524263EB43031A
:1071900094EA050F00F0A780A4F10104D5F1200EB8
:1071A0000DDB02FA0EFC22FA05F2801841F1000113
:1071B00003FA0EF2801843FA05F359410EE0A5F1E7
:1071C00020050EF1200E012A03FA0EFC28BF4CF018
:1071D000020C43FA05F3C01851EBE37101F00045CE
:1071E00007D54FF0000EDCF1000C7EEB00006EEBDB
:1071F0000101B1F5801F1BD3B1F5001F0CD3490865
:107200005FEA30004FEA3C0C04F101044FEA4452BB
:1072100012F5800F80F09A80BCF1004F08BF5FEA42
:10722000500C50F1000041EB045141EA050130BD22
:107230005FEA4C0C404141EB0101013C28BFB1F534
:10724000801FE9D291F0000F04BF01460020B1FA7F
:1072500081F308BF2033A3F10B03B3F120020CDA52
:107260000C3208DD02F1140CC2F10C0201FA0CF030
:1072700021FA02F10CE002F11402D8BFC2F1200C95
:1072800001FA02F120FA0CFCDCBF41EA0C0190404B
:10729000E41AA2BF01EB0451294330BD6FEA040494
:1072A0001F3C1CDA0C340EDC04F11404C4F120027F
:1072B00020FA04F001FA02F340EA030021FA04F391
:1072C00045EA030130BDC4F10C04C4F1200220FAE8
:1072D00002F001FA04F340EA0300294630BD21FA26
:1072E00004F0294630BD94F0000F83F4801306BFEC
:1072F00081F480110134013D4EE77FEA645C18BFE0
:107300007FEA655C29D094EA050F08BF90EA020F76
:1073100005D054EA000C04BF1946104630BD91EA6E
:10732000030F1EBF0021002030BD5FEA545C05D171
:107330004000494128BF41F0004130BD14F58004B0
:107340003CBF01F5801130BD01F0004545F0FE4124
:1073500041F470014FF0000030BD7FEA645C1ABF59
:10736000194610467FEA655C1CBF0B46024650EA90
:10737000013406BF52EA033591EA030F41F40021BC
:1073800030BD00BF90F0000F04BF0021704730B542
:107390004FF4806404F132044FF000054FF0000117
:1073A00050E700BF90F0000F04BF0021704730B5D8
:1073B0004FF4806404F1320410F0004548BF4042AD
:1073C0004FF000013EE700BF42004FEAE2014FEA02
:1073D00031014FEA02701FBF12F07F4393F07F4FDD
:1073E00081F06051704732F07F4208BF704793F0E0
:1073F0007F4F04BF41F40021704730B54FF46074F3
:1074000001F0004521F000411CE700BF50EA0102F5
:1074100008BF704730B54FF000050AE050EA01029E
:1074200008BF704730B511F0004502D5404261EB0E
:1074300041014FF4806404F132045FEA915C3FF44F
:10744000D8AE4FF003025FEADC0C18BF03325FEAEC
:10745000DC0C18BF033202EBDC02C2F1200300FA9D
:1074600003FC20FA02F001FA03FE40EA0E0021FAC2
:1074700002F11444BDE600BF70B54FF0FF0C4CF4B0
:10748000E06C1CEA11541DBF1CEA135594EA0C0F62
:1074900095EA0C0F00F0DEF82C4481EA030621EA9D
:1074A0004C5123EA4C5350EA013518BF52EA0335D8
:1074B00041F4801143F4801338D0A0FB02CE4FF08A
:1074C0000005E1FB02E506F00042E0FB03E54FF0BA
:1074D0000006E1FB03569CF0000F18BF4EF0010EB2
:1074E000A4F1FF04B6F5007F64F5407404D25FEAAE
:1074F0004E0E6D4146EB060642EAC62141EA555161
:107500004FEAC52040EA5E504FEACE2EB4F1FD0CA2
:1075100088BFBCF5E06F1ED8BEF1004F08BF5FEA20
:10752000500E50F1000041EB045170BD06F00046D2
:1075300046EA010140EA020081EA0301B4EB5C047F
:10754000C2BFD4EB0C0541EA045170BD41F4801177
:107550004FF0000E013C00F3AB8014F1360FDEBF9C
:10756000002001F0004170BDC4F10004203C35DA78
:107570000C341BDC04F11404C4F1200500FA05F3FB
:1075800020FA04F001FA05F240EA020001F000429C
:1075900021F0004110EBD37021FA04F642EB060112
:1075A0005EEA430E08BF20EAD37070BDC4F10C043C
:1075B000C4F1200500FA04F320FA05F001FA04F200
:1075C00040EA020001F0004110EBD37041F10001EC
:1075D0005EEA430E08BF20EAD37070BDC4F12005F7
:1075E00000FA05F24EEA020E20FA04F301FA05F25F
:1075F00043EA020321FA04F001F0004121FA04F207
:1076000020EA020000EBD3705EEA430E08BF20EAD6
:10761000D37070BD94F0000F0FD101F00046400010
:1076200041EB010111F4801F08BF013CF7D041EA92
:10763000060195F0000F18BF704703F00046520096
:1076400043EB030313F4801F08BF013DF7D043EA67
:107650000603704794EA0C0F0CEA135518BF95EA1D
:107660000C0F0CD050EA410618BF52EA4306D1D1A4
:1076700081EA030101F000414FF0000070BD50EAC3
:10768000410606BF1046194652EA430619D094EA4D
:107690000C0F02D150EA013613D195EA0C0F05D137
:1076A00052EA03361CBF104619460AD181EA03018B
:1076B00001F0004141F0FE4141F470014FF0000043
:1076C00070BD41F0FE4141F4780170BD70B54FF0DE
:1076D000FF0C4CF4E06C1CEA11541DBF1CEA13555E
:1076E00094EA0C0F95EA0C0F00F0A7F8A4EB050440
:1076F00081EA030E52EA03354FEA013100F0888037
:107700004FEA03334FF0805545EA131343EA1263FF
:107710004FEA022245EA111545EA10654FEA0026B4
:107720000EF000419D4208BF964244F1FD0404F56D
:10773000407402D25B084FEA3202B61A65EB0305C9
:107740005B084FEA32024FF480104FF4002CB6EB86
:10775000020E75EB030E22BFB61A754640EA0C0006
:107760005B084FEA3202B6EB020E75EB030E22BF46
:10777000B61A754640EA5C005B084FEA3202B6EB87
:10778000020E75EB030E22BFB61A754640EA9C0046
:107790005B084FEA3202B6EB020E75EB030E22BF16
:1077A000B61A754640EADC0055EA060E18D04FEAD4
:1077B000051545EA16754FEA06164FEAC30343EA74
:1077C00052734FEAC2025FEA1C1CC0D111F4801F41
:1077D0000BD141EA00014FF000004FF0004CB6E73A
:1077E00011F4801F04BF01430020B4F1FD0C88BFD9
:1077F000BCF5E06F3FF6AFAEB5EB030C04BFB6EBE4
:10780000020C5FEA500C50F1000041EB045170BDD6
:107810000EF0004E4EEA113114EB5C04C2BFD4EB03
:107820000C0541EA045170BD41F480114FF0000E87
:10783000013C90E645EA060E8DE60CEA135594EA03
:107840000C0F08BF95EA0C0F3FF43BAF94EA0C0F06
:107850000AD150EA01347FF434AF95EA0C0F7FF47B
:1078600025AF104619462CE795EA0C0F06D152EACF
:1078700003353FF4FDAE1046194622E750EA4106B3
:1078800018BF52EA43067FF4C5AE50EA41047FF4C4
:107890000DAF52EA43057FF4EBAE12E74FF0FF3C29
:1078A00006E000BF4FF0010C02E000BF4FF0010CFA
:1078B0004DF804CD4FEA410C7FEA6C5C4FEA430C73
:1078C00018BF7FEA6C5C1BD001B050EA410C0CBFC2
:1078D00052EA430C91EA030F02BF90EA020F002024
:1078E000704710F1000F91EA030F58BF994208BF8B
:1078F00090422CBFD8176FEAE37040F00100704748
:107900004FEA410C7FEA6C5C02D150EA013C07D19E
:107910004FEA430C7FEA6C5CD6D152EA033CD3D0E9
:107920005DF8040B704700BF8446104662468C46E3
:107930001946634600E000BF01B5FFF7B7FF002816
:1079400048BF10F1000F01BD4DF808EDFFF7F4FF3F
:107950000CBF012000205DF808FB00BF4DF808EDCA
:10796000FFF7EAFF34BF012000205DF808FB00BFED
:107970004DF808EDFFF7E0FF94BF012000205DF80F
:1079800008FB00BF4DF808EDFFF7CEFF94BF0120C4
:1079900000205DF808FB00BF4DF808EDFFF7C4FFBD
:1079A00034BF012000205DF808FB00BF4FEA410C06
:1079B0007FEA6C5C02D150EA013C0AD14FEA430CE9
:1079C0007FEA6C5C02D152EA033C02D14FF0000026
:1079D00070474FF00100704753B94AB9002908BFFA
:1079E00000281CBF4FF0FF314FF0FF3000F00CB803
:1079F000ADF1080C6DE904CE00F022F8DDF804E0EA
:107A0000DDE9022304B07047704700BF10F8012B76
:107A100011F8013B012A28BF9A42F7D0D01A7047CB
:107A2000034611F8012B03F8012B002AF9D1704706
:107A3000034613F8012B002AFBD1181A01387047AE
:107A40002DE9F04786468C460846089E1546744642
:107A50001946002B40F0C2808542B2FA82F245D925
:107A60004AB1C2F1200300FA02FC2EFA03F395405A
:107A700043EA0C0C94404FEA154EA8B2BCFBFEF84A
:107A8000230C0EFB18CC08FB00F943EA0C43994584
:107A900028D9EB1808F1FF3704D2994502D9A8F18B
:107AA00002072B44A3EB0903A4B2B3FBFEFC0EFBBD
:107AB0001C330CFB00F044EA0344A04214D92C19F7
:107AC0000CF1FF3304D2A04202D9ACF102032C44E2
:107AD000241A43EA07401EB1D44000233460736087
:107AE000BDE8F0874746DDE76346F1E792BB431BFD
:107AF00001214FEA154EAFB2B3FBFEFC200C0EFB8A
:107B00001C330CFB07F840EA0343984562D9EB1895
:107B10000CF1FF3004D2984502D9ACF102002B449D
:107B2000A3EB0803A4B2B3FBFEFC0EFB1C330CFB5F
:107B300007F744EA0344A7424ED92C190CF1FF334E
:107B400004D2A74202D9ACF102032C44E41B43EA5D
:107B50000040C0E7C2F1200320FA03F195409040B5
:107B60002EFA03F303434FEA154EAFB2B1FBFEFC0E
:107B70000EFB1C10190C0CFB07F841EA004188456C
:107B800004FA02F422D969180CF1FF3004D28845B6
:107B900002D9ACF102002944A1EB08019BB2B1FB70
:107BA000FEFC0EFB1C110CFB07F743EA01439F424E
:107BB0000ED9EB180CF1FF3104D29F4202D9ACF17F
:107BC00002012B44DB1B41EA004192E76046E3E7F8
:107BD0006146F7E76046A3E76346B7E7834206D905
:107BE00016B9002108467BE7C6E900E0F9E7B3FAD9
:107BF00083F78FB9834201D3724508D8BEEB0204E4
:107C000060EB030301209C461EB9002168E738465B
:107C1000FAE7C6E9004CF8E7C7F1200CBB4022FAAE
:107C20000CF41C432EFA0CF120FA0CF3B84001437B
:107C30004FEA14490EFA07F5B3FBF9F81FFA84FE70
:107C400009FB18300B0C08FB0EFA43EA00439A4577
:107C500002FA07F240D9E31808F1FF3004D29A453E
:107C600002D9A8F102002344A3EB0A0389B2B3FBB3
:107C7000F9F809FB183308FB0EFE41EA03418E4573
:107C80002CD9611808F1FF3304D28E4502D9A8F12E
:107C90000203214443EA0040A0FB0298A1EB0E013D
:107CA0004145CE46434602D306D14D4504D2B9EBF9
:107CB000020E68EB04030138002EA6D0B5EB0E02CD
:107CC00061EB030101FA0CFC22FA07F34CEA03030F
:107CD000F940C6E9003198E74046C5E74346D9E791
:107CE0002DE9F04FADF5177D4FF0FF324FF0FF3328
:107CF000914822F06FFE914BD3F8009000224B4642
:107D0000002B40F0BC80102A28BF10228C4D8D4FD4
:107D1000DFF834A20B92984600240026B9F1000F38
:107D200003D0B8F1100F40F0B1800DF1300A874B4D
:107D3000CAF800300EAC864BCAF80430202200216D
:107D400020462DF09EFF834B1B78002B40F0E680F1
:107D500000260027804DB046B9469B460B9A9345B6
:107D600005F1100540F0C6801BB1CDE90E89C4E9CC
:107D700002670B98794DFFF705FB02460B46064656
:107D80000F46DDE90E01FFF7A1FC3B46CDE90E01F0
:107D90003246D4E90201FFF799FC7022C4E90201DE
:107DA000002128462DF06DFF664B002245E9022395
:107DB000C5E90823C5E91223C5E91C23654A012347
:107DC00013705D48614D664E22F07CFE5D4B62494A
:107DD0005D480022CDE90623624B0022CDE9042351
:107DE000614B0022CDE9022351A3D3E90023CDE961
:107DF000084ACDE900230B9B012200F059FA0FCD70
:107E000034460FC495E80F0084E80F0050495748E6
:107E100080222DF028FFBFF35B8F554B1B68BFF30B
:107E20005B8F012B27D12DF0DAFDD6E90623CDE9B2
:107E30000823D6E90423CDE90623D6E90223CDE9B8
:107E40000423D6E90023CDE902234FF47A72A0FB84
:107E5000020302FB0131C00B40EA4140C90BCDE9EE
:107E60000001444A4FF4007116A824F079F8424802
:107E700016A926F08FF80DF5177DBDE8F08F93F960
:107E8000AF1001B10132D3F8B43039E799F9AF300E
:107E90006BB309F1900209F1AE01002312F9010F51
:107EA00091420344FAD199F950001E2293FBF2F358
:107EB0005BB2C01AFFF776FA22462B46FFF706FCA4
:107EC00002460B463046394602F042FE0AEBC80332
:107ED000C3E900012049D9E9102301EB0810C0E9EA
:107EE0000023D9E91223C0E9022308F10108D9F8D7
:107EF000B49013E755E9042340464946FFF706F9D5
:107F000055E902238046894630463946FFF7FEF898
:107F10000BF1010B06460F4601231FE7104E0FCE53
:107F200025460FC596E80F0085E80F0049E700BF1A
:107F30009A9999999999B93F8C0800204825002071
:107F40000000324000002440D80E0020B80D002070
:107F5000380D0020AA540020D80D0020600F00200A
:107F6000D80F0020000010400000E03F580F002014
:107F7000880200206F830500C48305000000000014
:107F80002DE9F04FAC4CDFF8B4A2DFF8B492AD4D60
:107F90008BB0204625F098FCAB4B07939CA3D3E90C
:107FA000002300260027CDE902236FF0330848F2B2
:107FB000E603CDE90467CDF82090CDF81880009352
:107FC0005146A24A40F6C123204625F082FC92A2E7
:107FD000D2E9001245F2DF13CDE907A5CDE9046728
:107FE000CDE90212DFF868A2CDF818800093494667
:107FF000984A48F2CF03204625F06BFC6FF0390B0E
:1080000049F6AB53CDE9079ACDE90467CDE902679C
:10801000DFF84492CDF818B0009329468F4A46F60F
:108020003703204625F055FC8D498E4A6FF03A0300
:10803000CDE9075906938C4D002049F29073CDE9A4
:108040000401CDE90267009351464AF213332046FA
:1080500025F03FFCCDE907A5CDF818B00FF2C01B05
:10806000DBE900AB4CF6FB23CDE902670093494600
:10807000CDE904AB7D4A47F2D773204625F029FCB1
:1080800069A3D3E90023DFF8E8C1CDF81880CDE972
:10809000042344F2DA73CDE9079CCDE902670FF2BD
:1080A0009019D9E9008900932946724A41F63303B1
:1080B000204625F00EFCDFF8C0E1704A6C496FF0F5
:1080C0003803069347F25073CDE9075ECDE90267A6
:1080D000CDE904890093204647F23D7325F0F9FB72
:1080E0004DA2D2E900126FF03003DFF884C1644E74
:1080F000069347F20313CDF81CC0CDE90212CDE977
:108100000489089600935F4A5B495F4D5F4F4EF2CA
:108110003303204625F0DDFBCDE904890FF2F00999
:10812000D9E900896FF02C03DFF84CE106934CF29B
:108130004B33CDF81CE0CDE9028908950093314618
:10814000534A4EF6B933204625F0C3FB36A3D3E994
:108150000023CDE90767CDE904236FF03D0647F61C
:10816000C403CDE90289009329464A4A069642F69D
:10817000D973204625F0ADFB6FF03B03069324A393
:10818000D3E90023DFF81081CDE9022342F6C14391
:10819000CDE9075800933946CDE904AB3F4A404D3D
:1081A00048F68C73204625F094FB19A3D3E90023ED
:1081B0002B490696CDE90223002046F6C533CDE9CA
:1081C000040100934146CDE90775364A46F6AC33C3
:1081D000204625F07EFB1C4B0FA2D2E90012CDE910
:1081E00007836FF03E0306934CF6BD63CDE90212A0
:1081F0000093CDE904AB2C4A4CF25F03294620469C
:1082000025F067FB0BB0BDE8F08F00BFAFF3008037
:108210003333333333330B40333333333333FB3F75
:108220000AD7A3703D0A0F40C3F5285C8FC21540E2
:10823000F6285C8FC2F51B4048250020D187050039
:10824000D8870500FA870500B3840500B6870500C6
:108250001C880500DF8705003E88050001880500B1
:108260000000F83F23880500608805004588050068
:108270008288050067880500A488050089880500B4
:10828000C6880500AB880500E88805000A89050056
:10829000CD880500EF8805002C89050011890500AF
:1082A0004E8905003389050055890500000000004E
:1082B0002DE9F04FADF2E45D02AF7960FB66D7F8CF
:1082C0002016B86207F5C063D3E9004507F5C3631C
:1082D000D3E900897A63002900F0F5800B4607F1A5
:1082E000B80601F1200C18685968324603C20833F9
:1082F00063451646F7D17022002107F1E0002DF00A
:10830000C0FC07F5AC70C7E93689C7E94089C7E901
:108310004A89C7E9548903F0BDFFC7E95A45C7E94F
:10832000644522462B4620462946FFF7A5F802461B
:108330000B4680468946FFF79FF807F5C163D3E9EE
:108340000023FFF799F86C4B0022FFF795F842469F
:1083500082468B464B4620462946FFF78DF807F5A7
:10836000C163D3E90023FFF787F8644B0022FFF7CE
:1083700083F80D4607F5C16104464B464246D1E9F4
:108380000001FFF779F870228046894607F5F07002
:1083900000212DF076FC07F51670C7E97A45C7E98C
:1083A0008445C7E98645C7E99045C7E976ABC7E983
:1083B00080ABC7E98A89C7E9948903F06BFF07F5A9
:1083C000367107F5AC7025F0FAFA7B6B4C499C00CE
:1083D000002000239C427CD17B6B49491C0100207A
:1083E00000239C427ED1FB6E180106F03FFDFB6E20
:1083F000C7F8A800DD00284606F038FDC7F8900051
:10840000284606F033FDFB6EB8645B011846C7F8DA
:10841000A03006F02BFDC7F8B000D7F8A00006F09A
:1084200025FDFB6EB86603FB03F4E400204606F06E
:108430001DFDC7F8AC00204606F018FDF867D7F818
:10844000A00006F013FDC7F8B400D7F8A00006F0AE
:108450000DFDC7F8A400204606F008FDF862284686
:1084600006F004FDD7F8A830B867002B4AD1D7F83A
:10847000A80006F015FDD7F8900006F011FDB86CC5
:1084800006F00EFDD7F8B00006F00AFDB86E06F053
:1084900007FDD7F8AC0006F003FDF86F06F000FD0D
:1084A000D7F8B40006F0FCFCD7F8A40006F0F8FCFE
:1084B000F86A06F0F5FCB86F06F0F2FC07F2DC573C
:1084C000BD46BDE8F08F202207F1B8002DF0D9FBA2
:1084D00011E7D7F82426126802EBC302C2E90001B3
:1084E000013377E7D7F82426526802EBC302C2E9CA
:1084F0000001013375E700BF0000D03F0000E03FFE
:108500000000F87FD7F89030002BB0D0BB6C002B68
:10851000ADD0D7F8B030002BA9D0BB6E002BA6D0C1
:10852000D7F8AC30002BA2D0FB6F002B9FD0D7F830
:10853000B430002B9BD0D7F8A430002B97D0FB6A27
:10854000002B94D0BB6F002B91D00023FB64C7F8A5
:108550009430D7F894307A6B934288D0202200214F
:1085600007F5AB602DF08DFB07F5AB6407F5AC7636
:108570004FF00008F4E802AB07F1B803BB65C7F899
:108580009830B1460025D7F89810F1E80223C7F8D3
:108590009810F9E80201FEF76FFF02460B465046BD
:1085A0005946FEF7B3FD0135042D82468B46EAD1CC
:1085B00008F10408B8F1100F44E902AB06F12006F7
:1085C000D8D107F5AB650FCD07F1B8040FC495E816
:1085D0000F0084E80F0007F59B6207F1D80107F54B
:1085E000AC7025F064FA07F5AB6107F5AC7025F0C7
:1085F000E6F907F58B6207F59B6025F058FA07F15D
:10860000D80207F5EC7107F58B6025F0C4F9FA6C18
:10861000BB6A7E6803EBC2081346FA6E1344FB6420
:10862000FA6CBB6A4FF0000B03EBC209C84540F07F
:10863000F280BBF1000F00F02482D7E92E34C7E9A5
:108640002034D7E93034C7E91834BB6CD7F8A860B8
:10865000C7F820D0083BFB63FD6B4FEA0B1906EB14
:108660000B1A3446D4E90023D7E92001FEF74CFD6C
:10867000D4E90223C7E92601D7E91801FEF744FD32
:10868000D7E92623C7E9220110461946FEF7F4FE72
:10869000D7E92223C7E9260110461946FEF7ECFE6A
:1086A00002460B46D7E92601FEF730FD24F078FF9D
:1086B00010345445E5E90201D4D14FEA4B13D7F801
:1086C000B0003B631A4600212DF0DBFAD7F8B080EA
:1086D000D6E90023D7E92001FEF716FDD6E90223EB
:1086E000C7E92601D7E91801FEF70EFDD7E92623D1
:1086F000C7E9220110461946FEF7BEFED7E922233C
:1087000004460D4610461946FEF7B6FE02460B46D5
:1087100020462946FEF7FAFC24F042FF4EA3D3E997
:10872000002304460D46FFF719F910B14AA5D5E913
:10873000004522462B46D7E92601FEF7C7FF224611
:10874000C8E900012B46D7E92201FEF7BFFF10362A
:108750005645C8E9020108F12008B9D1BB6ED7F827
:10876000B0000422594625F084F93A6BD7F8A400EA
:1087700000212DF086FAD7F8A430CDE900B3042209
:10878000BB6E114607F1D8000BFB0BF825F027F95B
:108790004FEAC8020021D7F8AC002DF072FAD7F8E2
:1087A000AC30CDE900B30422D7F8A430D7F8B0003C
:1087B000594625F014F9D7F8AC500BF10103DB0052
:1087C000BB632C46002607F5C263D4E90001D3E958
:1087D0000023FEF79BFC0136BB6BB345C4E90001E7
:1087E0001C44F0D14FEA081006F040FB82460028F6
:1087F00000F08680BB6B4FEA4B06A3F1080800240B
:1088000003464246184629462DF02DFA03464344B6
:108810009C4600222EE0F8E8024522462B462046E0
:108820002946FFF7C3F898B9D7F8A83003EB0B1126
:10883000D6E90023C1E90023D6E90223C1E90223D6
:10884000D7F8903003EBCB03C3E900450BF1010BE4
:108850001036EBE6AFF300808DEDB5A0F7C6B03E65
:10886000944208BFB4494FF0000018BF0021ECE863
:10887000020101320BEB02018E42F1D80134A34513
:1088800043444544BDD109F108037B620AEB090367
:108890003B660023C7F898A0C7F888A0C7F88030C7
:1088A000D7F88830D3E90034C7E910343B6C3B6714
:1088B0007B6C23F000437B67D7F88030FB65013386
:1088C000C7F88030D7F88830D7F88050FC6D03EBBC
:1088D0000906AB4500F2F98095A3D3E90023D7E957
:1088E0001C01FFF73BF8002800F00981504606F014
:1088F000D7FAFB6FD7F8AC005A46594625F0B9F8BD
:108900003A6BD7F8B40000212DF0BBF9D7F8B4309A
:10891000CDE900B35A46FB6FD7F8A400042125F037
:108920005EF8BB6FD7F89050A3F10806BB6BA3F1BC
:10893000080404EB0508F96BF1E90223F963F5E893
:108940000201FEF7E1FBA845E6E90201F3D1BB6FA6
:108950000025E318C7F898302C46D7F8B430BE6F1E
:1089600003EBC50A4FF000084FF00009F6E80223B8
:10897000FAE80201FEF780FD0B46024649464046F2
:10898000FEF7C4FBD7F89830B34280468946EDD154
:108990000B46B96D0246D1E90001FEF7B7FBBB6D8E
:1089A000E3E802010134042CBB655D44D5D107F531
:1089B00056758022002128462DF063F9CDE9004547
:1089C0002146D7F8B030D7F8B4005A4625F007F85A
:1089D0002C4607F5167807F576760025F4E802238D
:1089E000F8E80201FEF790FB0135102DE6E80201E0
:1089F000F4D107F59B64224607F1D80107F576709C
:108A000025F055F807F5AB6107F5767024F0D7FF30
:108A100007F58B62204625F04AF8D7F8A030D7F842
:108A2000B400ADEB030D02AD2B465A46042125F0F0
:108A300020F88022002120462DF023F90421019402
:108A400000912B46D7F8B4005A4624F0C8FF07F52A
:108A5000AB65002607F5C263D3E90023F4E8020101
:108A6000FEF70AFD0136102EE5E80201F2D107F10A
:108A7000D80207F5AB6107F58B6024F08CFFD7F8BF
:108A800020D0D7F82436D7F894201B6807F1B80413
:108A900003EB421307F1D805224603CAAA42186025
:108AA0005960144603F10803F6D1D7F82436586804
:108AB000D7F89430802200EBC31007F1D8012DF0D5
:108AC000D2F8D7F89430013341E533683B657368D9
:108AD00023F000437B65D7E91401D7E91C23FEF797
:108AE0005BFF50B9D7E91C23C7E91423D7E9142346
:108AF0000135C7E91C234E44EBE62C46F6E7FB6D37
:108B0000A3421BD0D7F8985009FB04A4D4E9002352
:108B1000D5E90001E5E802233B6E9D42E4E802014D
:108B2000F4D1D7F88830D3E9002309E0AFF300800F
:108B30009B2BA1869B84063D0000F03FD7E91023C4
:108B400037490020FEF7C2FDD7F8986004460D466D
:108B5000D6E9002320462946FEF78EFCE6E802010E
:108B60003B6E9E42F4D1FB6DDB00BB60544600259A
:108B7000FB6DAB422ED10135AB454C44F8D8D7F84C
:108B800088307A6A1344C7F88830D7F898304B4455
:108B9000C7F898303B6E4B443B66D7F880309B4516
:108BA0007FF47EAEBBF1000FFB6F0AEB080614BF2B
:108BB000454608250024314618462A462DF053F82C
:108BC00001340346A34543444E44F4D8504606F0CE
:108BD00067F995E6BB68E318D3E90023C7E90623E4
:108BE00004EB0903FB60D7F898303B642646D6E9CE
:108BF0000023396CC7E90423F1E802233964D7E97B
:108C00000601FEF739FC0B460246D7E90401FEF7E0
:108C10007BFAE6E80201FB68B342E8D1ABE700BFAC
:108C20000000F03F00000000F0B5002285B01146C2
:108C300002AF40F6034008F0FFFA044600285BD17B
:108C400007F0A8FF21463A1D41F2030008F0F4FAAC
:108C50000446002850D17A68C14DD168D1F801008E
:108C6000D1F8051005F1780303C3104606F004FAA5
:108C700021463A1D41F2010008F0DEFA04460028C0
:108C80003AD17868C3685A7885F870205A88A5F870
:108C900072201A7985F87120B3F80720A5F874209E
:108CA000B3F80530A5F8763006F0E6F921463A1D0E
:108CB00041F2020008F0C0FA0446E8B9D7F804C04F
:108CC000DCF80C2005F18006531C41321868596805
:108CD000344603C4083393422646F7D1604606F073
:108CE000CBF995F87C305B060AD49E4A9E48012158
:108CF00027F05EFE6FF0120420460C37BD46F0BD33
:108D00003A1D002142F2030008F096FA04460028BA
:108D1000F2D17A68954BD168D1F80100D1F80510ED
:108D200003C3104606F0A8F921463A1D42F202009C
:108D300008F082FA04460028DED17E68F468B4F8B0
:108D400001309AB292B1E27882B1A5F80431E378A9
:108D5000032B06D0032200928348854A022126F085
:108D600056F9E278834811462CF095FB304606F020
:108D700083F995F87C6016F0200619D14FF0FF308A
:108D80004FF0FF3107F030FF0446002800F09D80CF
:108D900002210C3026F0C9FA0123037046702146E7
:108DA000324640F66D4008F047FA04460028A3D149
:108DB00095F89C301E0712D53A1D002142F21C0086
:108DC00008F03AFA0446002896D17868C368D3F8C8
:108DD0000120D3F80530C5E9382306F04DF995F8A0
:108DE000D8305C0610D53A1D002142F22A0008F066
:108DF00023FA044600287FF47FAF7868C3685B7865
:108E000085F8203106F038F94FF0FF304FF0FF3190
:108E100007F0EAFE0446002857D008210C3026F05F
:108E200084FA95F8D81011F0400F024640F2022360
:108E300008BF032388074CBF43F02C0043F00C000D
:108E40008B0695F8D93048BF40F0400013F0090F69
:108E500018BF40F40060CE0748BF40F0100000216A
:108E600027F0D0FD2146002242F2010008F0E4F98B
:108E7000044600287FF440AF95F87C30B5F8041123
:108E8000980625D4C9B93A1D41F2050008F0D4F975
:108E9000044600287FF430AFB5F804317C684BB944
:108EA000E368B3F80120A5F804219A8831481146F7
:108EB0002CF0F1FA204606F0DFF84FF0FF304FF0CB
:108EC000FF3107F091FE044660B96FF0680413E7C4
:108ED0000029F2D1284A2448012127F069FD6FF0CA
:108EE000040409E708210C3026F01FFA95F8D83061
:108EF000D907024629D421484FF0005127F082FDBE
:108F00002146002240F6014008F096F90446002868
:108F10007FF4F2AE01463A1D4FF6014008F08CF99D
:108F200080B3174A1048022127F042FD09F094F857
:108F3000044600287FF4E0AE0AF034FE0446002820
:108F40007FF4DAAE07F03CFFD6E603A1D1E90001D9
:108F5000D4E700BFAFF300809088000200800020BB
:108F6000080100207C98050064660500E0010020EF
:108F7000A098050010020020E69805001088000265
:108F8000099905007B68DC68B4F80130032B96BFB3
:108F9000434A444952F823106E468AB002AA424816
:108FA000D3614FF400731384404BC2E9050142F8CA
:108FB000103F3F484FF4135127F014FDB4F801203F
:108FC000B4F80330022AB54649D1052B47D8394AAF
:108FD00052F823106E468AB002AA3748D3614FF484
:108FE00000731384314BC2E9050142F8103F4FF47E
:108FF00013512F4827F0F6FC637994F806C0D4F893
:109000000900032BB54698BF2C4AB4F8076094BFFB
:1090100052F8231023496C468CB002AADFF8A0E076
:10902000C2E9073C4FF400739385264BC2E905E182
:10903000C2E909604FF4735142F8103F1C4827F011
:10904000D1FCA546786806F017F83A1D00214FF6C6
:10905000024008F0F1F8044618B11B4A62E71149D2
:10906000B8E77868C368B3F80130A5F8C13006F0F6
:1090700003F895F8C1305B077FF558AF3A1D2146DC
:109080004FF6034008F0D8F808B1104A4AE778686C
:10909000C3685B7885F8C03005F0EEFF46E700BF97
:1090A000106E0500D79605002D99050004000001FB
:1090B00064660500F86D050046990500E86D050039
:1090C0005E990500070000018B990500B499050021
:1090D00038B51B4C9DF810E094F84CC01CF001050D
:1090E00024D163F3420C400194F83830A4F84210C4
:1090F0004FEACE0E0EF0180E00F0200040EA0E00EF
:1091000023F0380303430F4884F838309121A2FB41
:10911000000384F84CC001FB023107A3D3E900230C
:10912000FEF75AFC6064A064284638BD0C2528462A
:1091300038BD00BFAFF300808D49FD1A0700000065
:10914000301D0020002AE78410B504469DF8080071
:1091500062864FEA411CC00094F8281000F0180005
:109160000CF0200C4CEA000C0B4821F038014CEAC2
:10917000010CA3FB0002912184F828C001FB03210C
:1091800003A3D3E90023FEF727FC606310BD00BFF3
:109190008D49FD1A07000000002AE7840000000046
:1091A0002DE9F047044600F13B0190F84C0094F89B
:1091B0003830514DC0F3400060F386138CB084F812
:1091C000383011F041F894F83820B4F842304B4868
:1091D000246102F07902002784F838209121A3FB52
:1091E0000002C4E90277277001FB032140A3D3E901
:1091F0000023FEF7F1FBA26C414B651BA3FB053579
:1092000002F1090398428EBF19463A46014662644C
:109210006160064610F0CAFF6369C5F3871500F167
:109220000907002B48D00DF12C08CDF820800694BA
:10923000B4F8423031484FF0000AA3FB0002CDF8E9
:109240000CA0912101FB0321636804932D4B07932C
:109250002D4B05934FF0020925A3D3E90023CDF848
:109260002C90FEF7B9FB104619464FF47A72002392
:10927000FEF7B2FB0235EDB22A46CDE901603B466E
:109280000321CDF800A0504610F03EFE414611F0FB
:10929000B3FC054660B994F84C3043F001034846EE
:1092A00084F84C3019F0C8F928460CB0BDE8F087B6
:1092B0000C200CB0BDE8F0870DF12C08CDE90A3385
:1092C000616843460AAA032000F0EEFD0028ACD1F5
:1092D0000B990E4806A3D3E90023A1FB0001FEF77A
:1092E0007BFB0A9B20F07F471F449EE7AFF3008083
:1092F0008D49FD1A07000000301D0020002AE78478
:10930000CDCCCCCCB1A203001DCA030000CA9A3B4D
:109310002DE9F0418468A28C4FF6FF739A428AB01F
:1093200000F0CE800546204616F00CF8AB7C012BF1
:1093300000F01D81022B00F00F81002B00F0EF8068
:1093400094F83C81B8F1000F40F00A81A68DEB89BA
:10935000E78D0136B6B2002B40F0B5802B7C03F0D0
:109360000303012B00F0D680B4F86831002B00F025
:10937000B180B34240F230819B1BA4F86831B4F84D
:109380006C31002B00F0C980B34240F223819B1B5B
:109390009BB2062BA4F86C314FF000028CBF002367
:1093A0000123E285984694F83A2063F3820284F818
:1093B0003A2031460DF12702204615F071FD743038
:1093C00000F00281B4F866312BB1B34240F2E8807C
:1093D0009B1BA4F86631B4F862312BB1B34240F262
:1093E000D8809B1BA4F8623194F8B530E58D03F06A
:1093F0000101B8F1000F0AD1AF4200F0C68001357B
:10940000ADB241B9002D5BD04146404642E0013546
:10941000ADB200293DD094F8B53094F937206FF300
:109420000003002A84F8B530C0F2A78094F85A00EF
:10943000C0F3C00100F0070019F030FF94F85A2083
:1094400094F85B1002F003030933C2F34002DB001F
:10945000D34001F003020932C1F34001D200CA40F7
:10946000E18B01F23F110B44134403446A4A6B48F9
:109470000721E3FB0021104665A3D3E90023FEF793
:10948000ABFA616820F07F40814280F09880411AF9
:1094900060600020A28C246903950023604DCDF804
:1094A00010800332CDE9011006940093D2B201215D
:1094B0001846059510F044FD10F0FD0F40F08E8029
:1094C0000AB0BDE8F081A4F868812B7C03F00303A7
:1094D000012B1FD0B4F86C31002B7FF455AFE28C18
:1094E000052A97BF013240F2E2434FF4FA7392B279
:1094F00003FB02F2B4F86A3142F2107101FB03235C
:10950000013BB3FBF2F39BB2A4F86C31002B7FF468
:109510003BAF02E00023A4F86C31002343E794F84A
:10952000723003F01803182B7FF40AAF218DB4F8C2
:1095300064218B1D9A42C4BF931F5B1AB4F860115B
:10954000CCBF9BB21346994253D0A4F86031A4F823
:109550006231A4F86621F3E64FF03D0884F83C81BF
:10956000414620460AB0BDE8F04114F03FB8002360
:10957000A4F86631A4F86231E2E694F85B000121B8
:1095800000F0070019F08CFE58E7002998D04546F6
:1095900041E70023A4F86231204615F0F5FC23E7EB
:1095A00011F0FAFA014600B30023A4F86631A38C47
:1095B000C3801B230371006811F0C0FA0BE76060E1
:1095C000081A1CD0002165E79DF82710204614F0EA
:1095D0000DF875E70821C4E73E21C2E711F01EFB34
:1095E00084423FF46DAF00DE6AE70123A4F86631E0
:1095F000F1E6B4F8661100297FF4A2AEA7E7002DCA
:10960000E0D1B8F1000FDDD15AE700BFAFF3008021
:109610008D49FD1A070000008C49FD1A00CA9A3BCB
:10962000A1CD0300000000002DE9F04F8FB0B0F88D
:1096300038610D930446B0F8FC3090F85A000B9155
:109640001E44C0F3C001BDF86830BDF86C70BDF8B1
:109650006080BDF86490D4F8F4A00C9300F007008B
:1096600019F01CFEE58CB6B2A6EB070B052D1FFA10
:109670008BFB40F2D38015FB0BF5B8F1050FADB2B3
:1096800040F2E24B40F2D480B4F85220B4F85030AB
:10969000134403F2D51303447B4A7C480721E3FBC0
:1096A00000214FF09613E36196231046238474A3A0
:1096B000D3E90023FEF790F9434620F07F4040F2C3
:1096C000E2420BFB05F102FB03FB4A1E5A44B2FBCC
:1096D000FBF293B20BFB03F39942606095B280F00A
:1096E000B3806A48591AA1FB000165A3D3E900239E
:1096F000FEF772F920F07F408244B4F8FC20B4F801
:109700003831BF1B3D44ADB213442B44A4F838316B
:10971000638D1A4494F837301544DB09658540F0B1
:10972000A1800D9B5948A3FB000155A3D3E9002359
:10973000FEF752F920F07F4501350C9BA4F86A3101
:1097400059462046A4F82680A4F8289015F0D4FBAA
:109750004F4B218D5B44881DB3FBFBF39AB29042C3
:10976000A4F8642104D2C1F57F41FA310A4492B2CF
:109770000B9BA4F8602113B10023A4F86C310221E3
:1097800001201BF035FB00220221064601200FF0CC
:109790004DFA40494FF4C47220460FF0D7F9C21C6D
:1097A0003D4B0093D7B2019453463A460121002025
:1097B00010F05AFC10F0FD0F5FD1344830A3D3E90C
:1097C00000238BFB0001FEF707F908940694194665
:1097D00063680493314B0793314B05934FF6FE7347
:1097E00080460393104600234FF47A72FEF7F4F894
:1097F0000095CDE9018053463A460121002010F042
:1098000083FB10F0FD0F36D17EBB94F83A3143F064
:10981000010384F83A310FB0BDE8F08F013515FB34
:109820000BF5B8F1050FADB24FF4FA7B3FF62CAF54
:109830004FF0961208F10103E261962222849BB256
:109840000A204FF4FA723CE71048C91AA1FB000144
:109850000BA3D3E90023FEF7BFF820F07F40AAEB6B
:10986000000A4AE700DE002567E7012202211046D0
:109870000FF0DCF9C9E700DEC6E700DE9DE700BFB8
:109880008D49FD1A070000008C49FD1A00CA9A3B59
:109890007FC3C901801D002061CD030049CD0300B5
:1098A00075190400000000002DE9F04F8BB0CDE9E0
:1098B00004011F460020BDF860309DF85490BDF8AB
:1098C00058A0BDF85CB00393164613F09BF900282E
:1098D00000F06E8109F001080446404610F0A4FC37
:1098E0000290B8F1000F70D1149B02993A4640469D
:1098F00013F08AFD002840F06C81636904F11002C6
:109900000692002B68D063691D6807F0010A93F87E
:109910004A000293C0F3C00100F0070019F0BEFC3A
:10992000029BB3F84210B3F84020DB8900F23F10ED
:109930000A4403441344C648C64A0721E3FB0021F6
:109940001046C1A3D3E90023FEF746F820F07F407C
:109950006860304618F08EFE94F839306FF341039A
:1099600084F83930FF2384F83A30002E00F0248147
:10997000A9F10203012B40F2308194F84C1069F3F5
:10998000420184F84C1094F839106AF30001DDE9C3
:10999000042384F8391014990968A16114998988FD
:1099A000A1830399A18404F1100000960021FFF720
:1099B000CBFBA06419F0F2FD002840F0198120468D
:1099C000FFF7EEFB0BB0BDE8F08F06210FF0D2F8E9
:1099D000002889D11220F5E711F098F806900028A8
:1099E00000F0278113F062FA0546002800F01E817E
:1099F00014300FF07BFA05F11003002840F01B81B2
:109A0000032105F11800079319F06EFBE86E079B20
:109A1000A5F828B04FF6FF72A5F826A0AA84002862
:109A200000F0008105F1600205F15C0107930FF081
:109A3000ADF8B5F85A2022F4EF6222F0070242F4A2
:109A40008C7242F00102A5F85A2095F872204FF06E
:109A5000000B22F0070285F8722001212846C5F884
:109A60006CB0A5F870B014F0AFF8A5F82AB0C5F83E
:109A70002EB005F1320018F0B1F895F8372060F3F8
:109A8000050285F8372001210DF1270019F02CFB84
:109A90009DF82710704A039BA5F86A31A2FB0102CA
:109AA000D20802EB4202A1EB820195F83720079B16
:109AB00085F839B002F03F0285F8372095F83A2052
:109AC000A5F838B1053122F0070240F2E24085F8EE
:109AD000381085F83A20298D604AA5F86CB100FB52
:109AE0000AFA06205244A5F8680101F1060CB2FBFF
:109AF000FAF290B26045A5F866B1A5F862B1A5F892
:109B0000640102DD0638401A80B2A5F860012846DB
:109B1000079315F089F95146284615F0EDF94FF0F5
:109B2000000B069BC5F8403185F83CB113F060FC92
:109B300095F8742160F3020285F8742113F05EFC3D
:109B400095F8742160F3C50285F8742195F83A21DF
:109B50006BF3410285F83A2105F1B80014F084FF57
:109B600095F87A21149B07F0010A6AF3410285F8FF
:109B70007A214FF09612C5E907221A68C5F88121AB
:109B800095F87A219988029BA5F8851169F300025E
:109B900085F87A211A68C5F87B219A88079BA5F871
:109BA0007F216361C5E902BB85F800B02D61AEE697
:109BB0000C200BB0BDE8F08F19F040F800283FF4FE
:109BC000D7AE14993846324618F030FE84F83A0081
:109BD000CEE60B200BB0BDE8F08F002018F064FD3E
:109BE00094F8393043F00203C14684F83930C4E6B2
:109BF0006569EB6D2BBB05F1500105F14C000EF0D2
:109C0000C9FFE0B12E68E865D6F84001A8B110F0B0
:109C100083FF304613F050F90023032063610BB03B
:109C2000BDE8F08F05F16400E866FBE6069810F0E9
:109C300073FF0720C6E600DEE2E600DEE7E700DEAF
:109C4000E0E700DED7E700BF8D49FD1A07000000FE
:109C500000CA9A3B8C49FD1AABAAAAAA7FC3C901C4
:109C60002DE9F04F04468DB0077F238D406AADF893
:109C70002C30E3070E461546C7F3C0110A90C7F310
:109C8000401700F1F9800023A383B37C707C13F0AC
:109C900001031CBFD4F81E30C4F82B3004F12B0292
:109CA00014BF638CC4F82B30FF28938004F125087F
:109CB00004F11F0200F0C68004F11E0118F0E6F95D
:109CC000A37FBDF82C200A98C4F825000233A3779F
:109CD000A8F804203368D3F800A0EB8A63862B8BA6
:109CE000A386BAF82430E38619F0ACFC84F8380077
:109CF000D5F80090484613F0E5F80021A882E080EE
:109D0000484615F00DF9D6F804802068214610F079
:109D100009FFAB8AA8F806301C23D8F8004088F861
:109D20000430002F40F09C8088F81C70414620468B
:109D300010F004FF95F84A00B5F816B0F46840F248
:109D4000E243C0F3C00100F0070003FB0BFB19F076
:109D5000A5FA0022A4EB0008022101200EF066FF04
:109D6000504612F027FF4A4CA8FB044846A3D3E90B
:109D70000023054641462046FDF72EFECDF804A0FF
:109D8000B3684449009120F07F47AA1C363BD2B209
:109D90003B440121002010F067F910F0FD0F6FD156
:109DA0004FF0000A012211465346CDF800A050465C
:109DB00010F018F9484613F085F80546344832A3E8
:109DC000D3E90023ABFB0001FDF706FE1946324B39
:109DD000B6680893314B069340F27233CDF81C906D
:109DE0000993D9F804308346CDE904A31046002333
:109DF0004FF47A72FDF7F0FD294B0722A7FB0331E0
:109E0000CDE902B002FB0711E01A68EB01014FF443
:109E10007A720023FDF7E0FD0335363EEDB2CDE961
:109E2000007033462A460121504610F019F810F010
:109E3000FD0F23D10122022110460DB0BDE8F04FE5
:109E40000EF0F4BE0023BDF82CC00A98C4F82530EB
:109E5000A8F80430A177C4F81F00A2F804C039E7BD
:109E600095F8273043F0400385F82730281D17F078
:109E70000BFF0127288557E700DE04E700DED9E75E
:109E800000DE8DE7AFF300808D49FD1A070000006A
:109E900000CA9A3B691904006D1904007519040081
:109EA0008D49FD1A000000002DE9F04F8FB0FF270B
:109EB00009930B1D08930023CDE90533DFF880A13A
:109EC0008DF82F70054616460C9398463C460DF1CA
:109ED00034090DF1300B02230D93CDE901A9CDF822
:109EE00000B033460DF12F022946002010F000F992
:109EF000022813D00D9BBBB9FF2C18D03368434503
:109F000015D0002F00F08B80013FFF24FFB28DF8A9
:109F10002F40E0E72946002010F030F90D9B022B7E
:109F2000F8D00D9B002BE7D000DEFF2CE6D19DF88A
:109F30002F00FF284DD00338C3B2012BCBD880B2FD
:109F400012F0C8FF0028C6D090F93730002B26DA6F
:109F5000436807939DF82F000338C3B2012B14D92F
:109F6000FF2CDDF8308008D00599404610F020F92C
:109F7000089B069A134498422DD8079B9DF82F40C2
:109F8000CDE90583D6F80080A5E780B212F0A2FFE4
:109F90000028E5D090F93730002BE1DA9BE790F804
:109FA0005A00C0F3C00100F0070019F077F9254A04
:109FB000254B00F5935005300721E0FB0231184690
:109FC0001BA3D3E90023FDF707FD20F07F43079390
:109FD000C0E7FF2C27D0069A1C480721A2FB0003EC
:109FE00001FB023114A3D3E90023FDF7F5FC04467D
:109FF000B8B9059B1548013BA3FB0002072101FBF3
:10A0000003210DA3D3E90023FDF7E6FC099A00F133
:10A010001E032344002013600FB0BDE8F08F00DE64
:10A0200072E73E34E5E76FF009000FB0BDE8F08F4E
:10A030008D49FD1A0700000000CA9A3B000000008D
:10A040008D1B040000CA9A3B8C49FD1A8D49FD1AEC
:10A050002DE9F043C668476873683D491A68D0F82F
:10A060000090A7F57423A3F510738B4283B080464C
:10A0700007D907F1E87707F5D43709F1FF3907F574
:10A08000A57773685168DD8ACDF8049006F1100356
:10A0900001AA0220FFF708FF00284ED10199A1EB89
:10A0A00009031B0237D40846494610F081F80346DD
:10A0B00028480721A3FB000201FB032122A3D3E9C7
:10A0C0000023FDF789FC34690444002C346109DB6A
:10A0D00040F2E24305FB03F3A3422FD2E41AA3426A
:10A0E000FCD33461D8F800301A48A3EB0903A3FB72
:10A0F0000002072101FB032113A3D3E90023FDF78D
:10A100006BFC154BA3FB0737A0EB97402044306155
:10A1100003B0BDE8F083484610F04AF803460D4806
:10A120000721A3FB000201FB032107A3D3E90023BE
:10A13000FDF752FC3469241AC7E73469002CD1D1E9
:10A1400003B0BDE8F08300BF00CA9A3B00000000E6
:10A15000BFBDF07F8D49FD1A83DE1B430000000068
:10A160002DE9F041C46894F92830002B8CB0C0F27E
:10A17000D480636805460E46002B40F0C38094F8F7
:10A1800028306FF3000384F828301AF0A9F9002072
:10A190001AF0CAF9002108461AF0B8F9082000227E
:10A1A00025211AF0F5F9012010F0D8FD002800F063
:10A1B000BB801C301AF016FA754B0B930BA81AF0E3
:10A1C000D3F9744940F25B601AF082FA94F82800DF
:10A1D000C0F34100253019F02DF86F4821461AF0E0
:10A1E00053F994F828309B0603D46368002B00F0E1
:10A1F000868096201AF0BAFB00231A4619461846A4
:10A200001AF0CCFA18F01AFD002840D194F8283042
:10A2100013F0180F53D1D4F800802F68404618F07F
:10A22000F5FF07446A6807F1090100201AF0AAFB4C
:10A230001AF07EFC1AF022FB204612F0C7FC811CAB
:10A24000C9B240463A4618F0E3FF8046002871D173
:10A2500016B9636B002B3BD163687BB12A684F4B07
:10A26000A2616A68E26104F11801996064620122E6
:10A27000022100200EF00EFD002859D1204618F0D2
:10A2800093FF002852D100200CB0BDE8F08194F873
:10A290002800C0F3C00018F0C3F907460DF12B00E9
:10A2A00018F0EEFB79788046BA1C38781AF00AFB71
:10A2B0009DF82B00002241461AF000FDABE701207B
:10A2C00018F0AEF94178821C00781AF0FBFAA2E788
:10A2D000334A0792334A059240F2F31200930892F0
:10A2E000CDE90366CDE9016606943B46314601227D
:10A2F0000FF00AFE10F0FD0FAED000DEACE71AF052
:10A30000ADFA7FE7636893F82A30D90705D463680C
:10A3100093F82A309A077FF532AF234821461AF086
:10A32000B3F81AF081F9AEE700DE42E700DEAAE7F3
:10A3300000DEA3E71D4A1E491E4840F2E51323F044
:10A3400036FE1D4B0721A8FB030301FB08310EA3BA
:10A35000D3E90023FDF740FB18490246184823F0D3
:10A3600026FE002585F31188BFF36F8F032318465F
:10A3700002DF144821461AF087F81AF055F96FF0F9
:10A380008B0081E7AFF3008000CA9A3B0000000019
:10A39000D6BE898E5555550069A40200EC050020F3
:10A3A0004936040051360400593304008075050015
:10A3B000CC7505001C7405008D49FD1AFC7505005F
:10A3C000D0750500FD36040038B5044619F054F97F
:10A3D00094F8283094F82820C3F34103013303F0A4
:10A3E0000303032B08BF002363F3420214BF03F1EE
:10A3F0002500252084F8282018F01CFF63680BB185
:10A4000023694BB90FF0D2FEC11C00201AF02EFBBD
:10A41000BDE838401AF08CBB1AF056FB05460FF029
:10A42000C5FEC11C00201AF021FB1AF081FB1AF0B6
:10A430004BFB29460FF0BCFE094A03460721A0FB4F
:10A44000020201FB032104A3D3E90023FDF7C4FAB0
:10A4500023691B1A236138BD00CA9A3B0000000023
:10A460008D49FD1A000000002DE9F0478AB004462E
:10A470001AF01AF9C0B250B918F026FFCA4821469E
:10A480001AF002F80AB0BDE8F0471AF0CDB81AF099
:10A490002BF905461AF04AFA07461AF051FA814696
:10A4A0001AF066FC06461AF045FC82461AF000FADD
:10A4B000EDB280461AF0E0F918F006FF002DDDD06D
:10A4C000012010F04BFC0546002800F0B58117F084
:10A4D000FF07F6B240F0ED80002E40F0E4804FF030
:10A4E000FF093A464B463146204619F04DFA0028FE
:10A4F000C4D02A7F616800238DF823305FFA88F783
:10A5000002F00F03002900F0F680616891F82A102C
:10A51000880700F1F080072BB0D094F828100907C5
:10A5200040F12C81002B40F0CE806B7F063B1F2B2F
:10A53000A4D8042010F012FC00289FD01AF000FBD1
:10A54000636B074643B9638E40F2712202FB03F34B
:10A55000B0FBF3F203FB120723685A68934B072101
:10A56000A2FB030301FB02318DA3D3E90023FDF716
:10A5700033FA6FF4427C00EB0C031F3B62EB0202E8
:10A58000BB4272F10002FFF479AF1AF067F9484656
:10A59000636818F05BFA94F829309907804640F117
:10A5A000D981002800F0D681824601271AF0AAF846
:10A5B000CDE9027A09AB049305F11E0301932B7FC9
:10A5C000C3F380130146074600930022012320466F
:10A5D00019F0F6F938461AF00BF81AF05BF8002873
:10A5E00040F0D5817248214619F04EFF626892F81A
:10A5F0002A3043F0010382F82A3094F8283043F0DF
:10A60000800384F8283010F0C3FB172202714FF644
:10A61000FF72C28095F81CC082463B46CCF3401CBA
:10A6200000F11C0207F1200E1D6858689968DF6868
:10A63000D7601033734515605060916002F11002CD
:10A64000F2D11B6813609AF81C30CAF808406CF30A
:10A6500045138AF81C301AF037FA002ECAF8100099
:10A66000099BCAF8143008BF4FF0FF098AF8199007
:10A6700094F8293013F0020303D0B8F1000318BF97
:10A6800001239AF81A2063F300028AF81A2010F0C6
:10A690007FFBCAF80C00DAF8000051460AB0BDE8AA
:10A6A000F04710F09FBB5FFA8AF018F017FA814666
:10A6B00017E794F828005FFA89F1C0F3C00018F09A
:10A6C000E9F981460DE7012B74D16A7F0C2A7FF4EA
:10A6D000D5AE2A7FCDF80090194600230193D20908
:10A6E00005F12403204619F0D7F800287FF421AFA4
:10A6F0002B7F03F00F03002B5CD16B7F052B7FF6C4
:10A70000BDAE252B3FF6BAAE94F8282002F0210208
:10A71000202A09D16268002A00F0B080052B7FF65C
:10A72000ADAE252B3FF6AAAE63682BB12B7F03F0AD
:10A730000F03072B7FF4A2AE03209DF8238010F0B7
:10A740000DFB054600283FF499AE10F021FB4FF6B3
:10A75000FF73EB8005232B71EFB97F20AB7E28764A
:10A76000002E08BF4FF0FF0968F34103286885F801
:10A770001990AB76294610F035FB7FE6B9F1FF0F53
:10A780008DF82490C2F380185AD094F82A2091456D
:10A790003FF4C8AEAFE71AF07BF8C0B2DEE700BF07
:10A7A00000CA9A3B00000000153704008D49FD1ACD
:10A7B00021380400062BA0D04521D94011F0010119
:10A7C0003CD1012B10D16B7F0C2B7FF457AE2A7F2D
:10A7D000CDF800900DF123030193D20905F1240374
:10A7E000204619F059F810BB2B7F03F00F03042B00
:10A7F0007FF444AE6B7F063B1F2B3FF63FAE94F8D1
:10A800002830DB077FF53AAE19F07CFF2B7F02780A
:10A81000C3F38013B3EBD21F7FF430AE08300622AF
:10A8200005F11E012BF035FA00287FF427AE6B7F6F
:10A83000002B7FF479AF21E600DE48E66B7F6DE701
:10A8400005F11E0A09AA5146404618F09BF9002856
:10A850003FF44EAF94F8293003F0010343457FF4F1
:10A8600047AF5146062204F108002BF012FA0028E7
:10A870007FF43EAF2B7F03F00F0353E69620079241
:10A880001AF074F8079A104619F040FF032010F0F0
:10A8900065FA804600283FF4F1AD10F079FA4FF6E2
:10A8A000FF73A8F80630052388F80430002F58D12C
:10A8B0007F23002E88F8183014BF4B46FF2388F8FA
:10A8C000193098F81A30D8F800006FF3410388F86F
:10A8D0001A30414610F086FA19F014FF064603229A
:10A8E000337862F3030333702B7F3278C3F3801322
:10A8F00063F3C7120C2332704846737018F0A6F841
:10A9000094F82920920730D578B33178324641F057
:10A91000400102F8021B0168C6F802108388938088
:10A92000D5F81E30B3606B8CB381304619F060FEF1
:10A9300019F0B0FE68BB1AF0FBF894F828301648FE
:10A9400043F00103214684F828300AB0BDE8F047FF
:10A9500019F09ABD94F8287004F12B0AC7F38017F8
:10A9600024E619F095FFC3B2A3E794F828303278B3
:10A97000C3F3801363F38612334603F8022BD4F833
:10A980002B20C6F80220B4F82F209A80C8E700DEFA
:10A9900028E600DECFE700BF2937040000000000F2
:10A9A000F0B5C468A28A4FF6FF739A4285B000F0F2
:10A9B000AE80054619F0E0F82B89628B208CA383CA
:10A9C0001A4492B2104494F82730E28380B2411CBA
:10A9D00021845E064FF00001618304F1220167D4F7
:10A9E00003F03F000B4694F82810009004F1290072
:10A9F00017F002F90646204603A919F0FDF9039B5A
:10AA000094F862101A7861F3C3021A70039A94F8EA
:10AA100062301178C3F3400363F38201117019F0BF
:10AA20005FFD002019F080FD201D19F09DFD238998
:10AA3000A17A40F25B6043EA014119F049FE3046D9
:10AA400018F0F8FB0399204619F0AAF92146364878
:10AA500019F01AFDE08919F089FF94F84B0000F015
:10AA6000070019F053FE27682E68384618F0CEFB11
:10AA7000064406F109016A68012019F083FF1AF003
:10AA800057F8A18A03313246C9B2384618F0C0FBE4
:10AA90000646A8B1AB7A13F0020517D0002523486B
:10AAA000214619F0F1FC19F0BFFD284605B0F0BDB4
:10AAB0000A4603F03F03218D17F0EAF806469AE7AD
:10AAC000204618F071FB48BB0025EEE7184A1949EB
:10AAD00019484FF4807323F06AFA18480721A6FB3F
:10AAE000000301FB06310EA3D3E90023FCF774FF3A
:10AAF00013490246134823F05AFA85F31188BFF32D
:10AB00006F8F0323184602DF6FF08B05C7E70E48EF
:10AB1000214619F0B9FC19F087FDD5E700DED3E72F
:10AB200000CA9A3B00000000FD3C040035330400DD
:10AB300010760500CC7505001C7405008D49FD1AC2
:10AB400060760500D0750500593304000000000050
:10AB50002DE9F04F93B0CDE90023DDE9007B2BF028
:10AB6000004C0D465CEA0701044611D1031885F438
:10AB70000022524199426F4B934180F0AA80DDE957
:10AB8000002320462946FCF7C1FA04460D4618E08A
:10AB9000694A25F000439342A846F0D8864615D16D
:10ABA0000028ECD19C45EAD824D1002FE7D1634A94
:10ABB000934240F29180BBF1000FC0F21185DDE9B4
:10ABC00000452046294613B0BDE8F08F944502D8D1
:10ABD00010D1002F76D008F1404808F5801858EAC7
:10ABE0000E08CCD1FA198BF400235B419045514AF1
:10ABF0009A41C2E7B8F1000F24DA514A944525D9A9
:10AC00000226002F4ED0204625F00041BEF1000F55
:10AC100040F0AB82484A934240F07B82BBF1000F88
:10AC200005DA02460B4600204649FCF74FFDB8F115
:10AC3000000F04460D46C4DA012EC2D105F10043CF
:10AC40001D46BEE7002F64D00026DCE73B4A944552
:10AC500003D8002FF8D13E4624E04FEA2C52A2F24E
:10AC6000FF32142A0CDDC2F1340227FA02F606FA8A
:10AC700002F2BA42EDD106F00106C6F10206C0E7C3
:10AC8000002F40F03482C2F114024CFA02F606FAA8
:10AC900002F262452B4A28D1944528D006F00106DD
:10ACA000C6F10206BBF1804FADD1274A9342AAD824
:10ACB000264A93424CD922462B4620462946FCF789
:10ACC000DBFB62E703F1404202F5801202437FF4AE
:10ACD0006EAF1C4D002474E7BBF1000F80F280843E
:10ACE000DDE9004303F100456BE79445B3D1BBF1C7
:10ACF000000FBFF666AF0022002320462946FCF76E
:10AD000023FE78B14FEAD87013B0BDE8F04F22F0BF
:10AD100067BD0C4A9445EAD0BBF1804F40F0DD811D
:10AD20003E46C2E722462B4606490020FCF7CEFCF1
:10AD30002BE700BF0000F0FF0000F07FFFFFEF3FB8
:10AD4000FFFF3F430000F03FFFFFEF5F0000501E9A
:10AD50005EEA030E204625F0004100F002824FEA31
:10AD6000D872013A0992324300F0E481CA4A08EAF3
:10AD70000202002A00F0D58200241A15A2F2FF3246
:10AD800022440E92C54AC3F3130343F07F55934206
:10AD900045F4401508DDC24A934240F3CA820E9B37
:10ADA00001330E93A5F580154FF0000A4FEACA0350
:10ADB0000F93BC4B03EBCA03D3E900342946CDE91A
:10ADC0000A341A462346CDE90C01FCF79DF9DDE96A
:10ADD0000C2380468946DDE90A01FCF797F9024613
:10ADE0000B460020B049FCF771FCCDE9100102468A
:10ADF0000B4640464946FCF73FFBCDE90601DDE93D
:10AE00000634CDE9043400230493DDE904346D10E5
:10AE100045F0005505F50025CDE90234002205EB8B
:10AE20008A4314461D462046DDE902232946FCF7E5
:10AE300023FB02460B4640464946FCF765F9DDE92F
:10AE40000A238046894620462946FCF75DF90246DA
:10AE50000B46DDE90C01FCF757F9DDE90223FCF7AD
:10AE60000BFB02460B4640464946FCF74DF9DDE92F
:10AE70001023FCF701FBDDE90623CDE90A011046AA
:10AE80001946FCF7F9FA72A3D3E9002380468946F4
:10AE9000FCF7F2FA70A3D3E90023FCF737F9424636
:10AEA0004B46FCF7E9FA6EA3D3E90023FCF72EF931
:10AEB00042464B46FCF7E0FA6BA3D3E90023FCF7CC
:10AEC00025F942464B46FCF7D7FA69A3D3E900239C
:10AED000FCF71CF942464B46FCF7CEFA66A3D3E9D1
:10AEE0000023FCF713F9424604460D464B46404604
:10AEF0004946FCF7C1FA02460B4620462946FCF7B4
:10AF0000BBFADDE9022304460D46DDE90601FCF744
:10AF1000FDF8DDE90A23FCF7AFFA22462B46FCF7E1
:10AF2000F5F8DDE9022304460D4610461946FCF704
:10AF3000A3FA02460B46CDE90C235C4B0022FCF73A
:10AF4000E5F822462B46FCF7E1F8DDE90223002074
:10AF500080468946FCF790FA544BCDE90201002265
:10AF600040464946FCF7D0F8DDE90C23FCF7CCF865
:10AF700002460B4620462946FCF7C6F8DDE90623C3
:10AF8000FCF77AFADDE90A2304460D4640464946B5
:10AF9000FCF772FA02460B4620462946FCF7B6F843
:10AFA00004460D4602460B46DDE90201FCF7AEF809
:10AFB00033A3D3E90023002080468946FCF75CFADE
:10AFC000DDE90223CDE9060140464946FCF79CF83D
:10AFD00002460B4620462946FCF796F82AA3D3E9F9
:10AFE0000023FCF749FA2AA3D3E9002304460D46BF
:10AFF00040464946FCF740FA02460B4620462946A1
:10B00000FCF784F80F9A2A4B1344D3E90023FCF78A
:10B010007DF8CDE902010E98FCF7C4F90F9A254B93
:10B020001344D3E900890446DDE902230D46DDE936
:10B030000601FCF76BF842464B46FCF767F82246E0
:10B040002B46FCF763F8002022462B4634E000BF75
:10B05000EF4E454A287ECA3F65DBC9934A86CD3FFD
:10B0600001411DA96074D13F4D268F515555D53FE3
:10B07000FFAB6FDBB66DDB3F033333333333E33F7B
:10B08000000000E009C7EE3FFD033ADC09C7EE3FD0
:10B09000F5015B14E02F3EBE0000F07F8E980300A8
:10B0A00079B60B00F86A05000000F03F0000084088
:10B0B000D86A0500E86A0500CDE90401FCF724F828
:10B0C00042464B46FCF720F8DDE90623FCF71CF866
:10B0D00002460B46DDE90201D6E0BB4A934515D195
:10B0E0002046294613B0BDE8F04F22F059BABEF110
:10B0F000000F1FD1B54A9342204625F0004107D1E9
:10B10000BBF1000FBFF641AD76468AE53E467AE5D3
:10B110007646AF4A934217D1BBF1000F05DA0246DB
:10B120000B460020AA49FCF7D1FAB8F1000FBFF690
:10B130002CAD36B92046294613B0BDE8F04F22F0B9
:10B140005BBB04460D4677E57BB9BBF1000F08DA1F
:10B15000B8F1000F03DA731E58425841D4E518467F
:10B16000D2E5012E7FF411AD2BE54FEAD87202F142
:10B17000FF3ECDF824E05EEA060EDBD0BCF1844F42
:10B180007FF6F4AD934CA445934C13D9A34208D851
:10B19000BBF1000F08DA002013B0BDE8F04F22F039
:10B1A00013BBBBF1000FF6DC002013B0BDE8F04F7D
:10B1B0002AF0C5BEA34205D2BBF1000F02EA060089
:10B1C000F3DAE9E7824CA34205D9BBF1000F02EAAA
:10B1D0000600E1DCE9E77E4B0022FBF795FF70A358
:10B1E000D3E9002304460D46FCF746F96EA3D3E9E4
:10B1F00000238046894620462946FCF73DF9774BD7
:10B20000CDE90201002220462946FCF735F9024625
:10B210000B4667A1D1E90001FBF776FF22462B46DA
:10B22000FCF72AF902460B4600206749FBF76CFF42
:10B230002246CDE904012B4620462946FCF71CF99D
:10B2400002460B46DDE90401FCF716F95AA3D3E9DF
:10B250000023FCF711F902460B46DDE90201FBF77A
:10B2600053FF02460B4604460D4640464946FBF74F
:10B270004DFF002042464B46CDE90401FBF744FF59
:10B2800002460B4620462946FBF73EFF099B013E3E
:10B290001E4314BF4E4B524B00220026CDE9022321
:10B2A00004460D465B46DDE900013246FBF72CFF04
:10B2B000DDE90423FCF7E0F85F46DDE900238B4677
:10B2C000824629462046FCF7D7F802460B465046F0
:10B2D0005946FBF71BFF3246CDE900013B46DDE94D
:10B2E0000401FCF7C9F80B46024680468946DDE9B1
:10B2F0000001FBF70BFF3B4B994204460D468B4682
:10B300003BDD01F13F4303F5E003034314D0DDE9E6
:10B31000020100220023FCF721FB801B18BF012043
:10B320003AE7314B0022FCF7A7F86FF034040B46E4
:10B3300023E54FF0010A39E521A3D3E90023DDE934
:10B340000001FBF7E3FE424606460F464B46204609
:10B350002946FBF7D9FE02460B4630463946FCF734
:10B360001BFB002850D0DDE9020100220023FCF77E
:10B37000F5FA003818BF01200EE71C4C21F00043FD
:10B38000A34244D91A4B0B44034333D0DDE90201F5
:10B3900000220023FCF7E2FA003818BF012004E77E
:10B3A000000000604715F73F44DF5DF80BAE543EE8
:10B3B000555555555555D53FFE822B654715F73FD9
:10B3C000FE822B654715973C0000E03F0000F07FB0
:10B3D0000000F03F0000F043FFFFEF3F0000D03FD0
:10B3E0000000F0BFFFFF8F4000004043FFCB9040C4
:10B3F00000346F3F42464B46FBF786FEDDE90023F3
:10B40000FCF7C0FA0028C1D140F2094304E0864AA3
:10B41000934240F2E1801B15A3F2FE334FF4801AF1
:10B420004AFA03FADA44CAF30A518048A1F2FF311A
:10B43000084100EA0A03CAF3130AC1F114014AF4ED
:10B44000801A4AFA01FABBF1000F404649464FF014
:10B450000002B8BFCAF1000AFBF756FE80468946D3
:10B46000DDE9002340464946FBF750FE00245EA379
:10B47000D3E9002320460D46FBF7FEFF4246064671
:10B480000F464B4620462946FBF73EFE02460B463A
:10B49000DDE90001FBF738FE55A3D3E90023FBF7F4
:10B4A000EBFF55A3D3E90023804689462046294671
:10B4B000FBF7E2FF02460B4640464946FBF726FEF5
:10B4C00004460D4602460B4630463946FBF71EFE43
:10B4D00032463B4680468946FBF716FE02460B463F
:10B4E00020462946FBF710FE424606460F464B46CD
:10B4F00040464946FBF7C0FF41A3D3E90023044679
:10B500000D46FBF7B9FF40A3D3E90023FBF7FCFD91
:10B5100022462B46FBF7B0FF3DA3D3E90023FBF700
:10B52000F5FD22462B46FBF7A7FF3BA3D3E90023FB
:10B53000FBF7EAFD22462B46FBF79EFF38A3D3E933
:10B540000023FBF7E3FD22462B46FBF795FF02465F
:10B550000B4640464946FBF7D7FD04460D460246DA
:10B560000B4640464946FBF787FF0022CDE9000124
:10B570004FF0804320462946FBF7C6FD02460B46A6
:10B58000DDE90001FCF7A2F8324604460D463B46D1
:10B5900040464946FBF770FF32463B46FBF7B6FD97
:10B5A00002460B4620462946FBF7AEFD42464B4677
:10B5B000FBF7AAFD02460B4600201D49FBF7A4FD40
:10B5C00001EB0A54B4F5801F08DA524622F0A0F8C5
:10B5D000DDE90223FFF773BBB24641E72146F7E7F7
:10B5E00000240025FFF7EDBA00000000432EE63FDF
:10B5F000EF39FAFE422EE63F396CA80C615C20BEA2
:10B60000D0A4BE726937663EF16BD2C541BDBB3E68
:10B610002CDE25AF6A56113F93BDBE166CC1663F46
:10B620003E5555555555C53F0000E03F0000F0FF21
:10B630000000F03F074B1A68904207D0D3F88020F3
:10B64000904205D1012203EBC21070470022FAE7B5
:10B650000020704748240020054803681BB1D0F83B
:10B6600080301BB9012300EBC310704700207047E6
:10B670004824002009490A4808B506F0B7FF0146EA
:10B6800038B110F1780F04D0BDE80840054822F029
:10B6900081BCBDE80840044822F07CBC2DBB020000
:10B6A00064820500CC820500EF82050070B5037846
:10B6B000092B04460D4619D14678112E11D10C499B
:10B6C000324660682AF0E5FA80B92846012300F87E
:10B6D000013B3246616835442AF0C5FA00206870A3
:10B6E00070BD032E02D103493246EAE70120F7E795
:10B6F000018305001383050037B5054626F0BEFE1D
:10B700000446284626F0BAFE0346033CA4B2044A87
:10B7100004480094032123F07AFC03B030BD00BF3D
:10B7200017830500EC660500F7B504468368DB6BFC
:10B730002BBBA368DB6A3BBB194D1A4EA3681B6980
:10B7400003B301220DF1070120469847012819D1C2
:10B750009DF807202B680A2A01D00D2A19D1002B49
:10B76000ECDD0027F7540F490F480022002329F091
:10B770009AFD10B10D4822F00DFC2F60DEE79847CE
:10B780000028D6D103B0F0BD204698470028D3D179
:10B79000F8E7B3F5FF7FDEBF591CF2542960CDE70F
:10B7A00054250020AB540020A00800204D83050044
:10B7B00070B503788AB004460E4607AD032B20D837
:10B7C000DFE803F002191B1D11492846FCF728F990
:10B7D000059563780493A3780393E3780293237920
:10B7E000019363790093A3790A4A1E21304620F021
:10B7F000B7FB0AB070BD0849E7E70849E5E7084923
:10B80000E3E7084A0A21284620F0AAFBE0E700BF48
:10B81000C8830500EA830500CF830500D6830500B1
:10B82000E0830500F0AD050010B50848084C4FF066
:10B83000FF324FF0FF331FF001FA204623F0E6FD00
:10B8400018B9642021F0EEFFF7E710BD6009002071
:10B850003824002010B5054C4FF0FF324FF0FF3375
:10B8600020461FF0EBF9FCF73BFAF5E7180900203A
:10B8700080B5764CA368ADF5A66D2BB11B6C1BB1E2
:10B880007349002220469847A3681B6A0BB16F4892
:10B8900098477048704D714E714F22F07BFB4FF00E
:10B8A000FF334FF0FF324CA928461FF02FF84FF41A
:10B8B00000724CA9CCA82AF0FCF90AAC00234CA8D1
:10B8C000C4E90033FCF7B4F8009401460223324681
:10B8D0004CA801F071FD011E01DBCB0703D43846F3
:10B8E00022F058FBDBE7D4F800805E494046FCF7C5
:10B8F0008DF810BB5C4BDFF874811C68DFF8709129
:10B90000642021F08FFF002CC9D0E38F0293A38F16
:10B91000019304F120030093424623464FF48071C3
:10B920000CA820F01DFB48460CA922F033FB142084
:10B93000D4F8B44021F076FFE5E74E494046FCF7E5
:10B9400065F80146002833D10CAC2C2220462AF0A1
:10B9500098F9CCA8FCF76CF8474A009401460B23F1
:10B96000CCA801F029FD002899DB139B0893129BBA
:10B9700007934FF064089DF95030169890FBF8F04B
:10B980000693FBF70FFDCDE90401159890FBF8F045
:10B99000FBF708FDBDF84090BDF844300093CDE9B9
:10B9A00002014B46DDE90E122F4821F092FF76E7A7
:10B9B00032494046FCF72AF8E0B9CDE90C000E9078
:10B9C000CCA8FCF735F80CAC01462D4A00940323B3
:10B9D000CCA801F0F1FC0028FFF661AF0E992248D7
:10B9E00021F0BBFF014600283FF459AF1E4821F06B
:10B9F0009CFF54E723494046FCF708F800287FF4F1
:10BA00004EAF646820492046FCF700F860B9BFF3E8
:10BA10005B8F1E4B012253E8001F43E800200028E3
:10BA2000F9D1BFF35B8F3AE719492046FBF7EEFFE8
:10BA300000287FF434AFBFF35B8F144B53E8002F23
:10BA400043E800010029ECD0F8E700BFAC61050035
:10BA500029B702000D840500A0080020506C0500E5
:10BA60002B84050041840500482500204E840500F4
:10BA70001D970500B4840500A06B0500BF84050078
:10BA8000706B0500CD840500D68405008802002077
:10BA9000DB84050008B5054829F022FB20B9BDE884
:10BAA0000840034822F076BAFFF7E2FEAC610500D9
:10BAB000E3840500F0B589B000AF0D46044625F0DB
:10BAC00035FB3946FFF774FE6E468AB06A46134B63
:10BAD000D561C2E905374FF400731384104B42F867
:10BAE000103F104800234FF4135102F09BF82046FA
:10BAF000B546FFF79FFD044668B1006807F0CAF934
:10BB00008022002120462AF0BCF807484FF48042EA
:10BB100000231FF0DBFA2437BD46F0BDFA84050090
:10BB200004000001EC660500000000202DE9F04350
:10BB300099469DB05C4B1B680E465C498B4200AF3A
:10BB4000804640F09880FFF787FD0546002879D0B1
:10BB5000012A01D9042A75D1554C07F14C0C04F186
:10BB6000200E624620686168634603C3083474454A
:10BB70009C46F7D123788CF800304E49484604F0B3
:10BB800021FB97F84C30002B5CD007F10C042146C8
:10BB90004046FFF70DFEE9468AB06A46464BC2E9C9
:10BBA000053407F14D03C2E90736444B5362444B59
:10BBB00042F8103F434800234FF4435102F032F85B
:10BBC000CD46DFF80491002659F8260058B125F03B
:10BBD000ADFA07F12C01FFF7EBFD214607F12C0030
:10BBE000FBF714FF70B38EB306F050FD064648BB5A
:10BBF000364B0FCB07F12C0C8CE80F00344A4FF07A
:10BC0000C873C7E9012361462B463A1D404607F039
:10BC10008FFE0346E0B1E8468AB06A462D49D061FE
:10BC20004FF4007313842C4BC2E9051442F8103F03
:10BC3000244833464FF4115101F0F4FFC5462E60FD
:10BC4000FFF718FD7437BD46BDE8F0832026BBE73B
:10BC50006D4688B06A462149C2E905144FF4007167
:10BC600091831F4942F8101F4FF4E651154801F027
:10BC7000D9FFAD46E6E70C318B42E3D107F10C0466
:10BC80002146FFF795FD6D468AB06A46154BD66191
:10BC9000C2E905344FF4007313840F4B42F8103F90
:10BCA00000234FF41351E1E738240020586B0500BE
:10BCB00040670500ADB602001B85050000020103C8
:10BCC00005000002EC6605004824002064670500BA
:10BCD0001800280041850500040000015F8505006B
:10BCE000030000017A8505000B4621B1034A044890
:10BCF000012123F082B9FFF7FFBC00BF9585050045
:10BD0000EC660500F0B593B0054600AF77480C46E9
:10BD100022F040F9284625F009FA07F12801FFF73B
:10BD200047FD002C32D1724B1A68D3F88030003AAC
:10BD300018BF012203B101326E48022307F1280126
:10BD400022F028F96C4688B06A466B4B536107F1C4
:10BD5000280393614FF400739383684B42F8103FBC
:10BD6000674800234FF4E65101F05CFF2846A546E2
:10BD7000FFF760FC044688BB624A6148012123F05A
:10BD800033F91321284625F0C1F824E06E468AB025
:10BD90006A465D4B536107F12803C2E906344FF44C
:10BDA00000731384594B42F8103F554800234FF459
:10BDB000115101F037FF2846B546FFF73BFC04461A
:10BDC00038B1006807F066F880220021204629F08B
:10BDD00058FFFFF74FFC4C37BD46F0BD4C4B7B6125
:10BDE00007F11401284625F0A7F9034620B1494A76
:10BDF0004348012123F001F92146474B41F87C3F9C
:10BE000028460AF005FA454B3E4603F1100E3A4625
:10BE100018685968B446ACE80300083373456646B1
:10BE2000F6D11B788CF80030A31D07F1100E9C464C
:10BE3000164603CE764518605960324603F1080372
:10BE4000F6D132781A70364BE361012323844FF622
:10BE5000FF73E384002384F82830C4F818C004F189
:10BE6000180128460AF000FA2E4B07F1140203F1DC
:10BE7000100618685968144603C40833B3422246B2
:10BE8000F7D1294A1B78237007F1240C07F114031A
:10BE900016461C4603CC644510605160234602F1EF
:10BEA0000802F6D1237821491370214B4B604FF6DD
:10BEB000FF73CB810124032328460B740E600C8191
:10BEC0000AF0D2F9034620B11A4A0D48214623F060
:10BED00094F8FFF7C1FB00283FF47DAF4FF4004218
:10BEE000002315481FF0F2F875E700BFB285050082
:10BEF00048240020CD850500ED85050003000001E4
:10BF0000EC6605001C860500FB85050004000001A9
:10BF1000FB0090423E860500E9BC02007467050004
:10BF20009DC002008567050088540020F82300208A
:10BF300061BF0200618605000000002010B50446C4
:10BF4000054A0648022123F04FF820461422BDE896
:10BF50001040002129F095BE7D860500EC660500A5
:10BF600008B5104619B9FFF7E9FF002008BD0846DB
:10BF700026F032FA0346034A0348032123F03DF832
:10BF8000F3E700BF9D860500EC6605002DE9F04350
:10BF9000CFB00E4602AF1D4614465AB93548364A50
:10BFA000022123F021F83481204607F59A77BD4617
:10BFB000BDE8F08307336A46DB08A2EBC3039D4666
:10BFC00002AE21462A4630463C1D29F04CFE052390
:10BFD0002A4A00942946304601F0EEF9BFF35B8F00
:10BFE000274B1B68BFF35B8F43BB264BD4F80490F1
:10BFF0002569BB61D4E9026829F0F1FC4FF47A723B
:10C00000A0FB020302FB0131C00B40EA41404FF4A8
:10C010008073C7E90709C7E90986FD621A480093DA
:10C0200007F1180207F13003032101F047FB002854
:10C0300004DB164807F1300121F0ACFF61681448B9
:10C0400021F08BFC054608B90120AEE74FF0FF3226
:10C050004FF0FF330F481EF0BDFC94F91010284636
:10C0600021F08BFC0B481EF02DFD0B481EF0ACFDA3
:10C07000EAE700BFEC660500D5860500086B050001
:10C0800088020020E3860500706C0500C48305006B
:10C09000482500208C080020180900202DE9F041D7
:10C0A00006468CB015460C4669B9554A55480221DA
:10C0B00022F09AFF14222146284629F0E2FD0020B2
:10C0C0000CB0BDE8F081504D504BD5F800C002AA2D
:10C0D00003F11008964618685968174603C70833D5
:10C0E00043453A46F7D11B783B707146604624F0D1
:10C0F0006DFB474F90BBA7F1100307AA186859685A
:10C100009446ACE803000833BB426246F6D11B7884
:10C110008CF800303F4B07AF0DF12C0E9C463A4691
:10C1200003CA724518605960174603F10803F6D137
:10C1300012781A70238A3449C5F800C001332B8164
:10C14000304603232B740AF08FF803460028B6D03C
:10C15000314A2C48012122F050FFB0E7D5F800E029
:10C16000A7F1100307AA186859689446ACE80300C1
:10C170000833BB426246F6D11B788CF8003007A921
:10C18000704624F023FB254F8046E0B9204626F078
:10C1900023F942F60213ADF806308DF804801D4BEA
:10C1A000019A1A602B60238A388102332B81164949
:10C1B000042330462B740AF057F8034600283FF456
:10C1C0007EAF174AC5E7174A0E48032122F00CFF3D
:10C1D000154B3B600125238A7B8139463046BD8162
:10C1E0000AF070FD034620B110F1780F01D00F4A1C
:10C1F000AFE70F4A0348032122F0F6FE5FE700BFD6
:10C20000EB860500EC660500242400207467050019
:10C21000A667050099540020138705000C24002010
:10C2200034870500518705008DBF0200798705001E
:10C230009387050010B5002005F0E8F80446FBF7E9
:10C240009FFE2CB10C48214621F0A4FE002010BD19
:10C2500003210A4A0A4822F0C7FE4FF42032002385
:10C2600008481EF033FF0849084823F0C3F808487F
:10C270001EF0AAFCEAE700BF70890500908905005E
:10C28000EC66050000000020586B050038240020F3
:10C290006009002010B5782204460021083029F0FA
:10C2A000F0FC054B0022C4E90023C4E90A23C4E9D9
:10C2B0001423C4E91E2310BD0000F03F2DE9F04F08
:10C2C00091B08407009302F004030293C2F3C20307
:10C2D00003F10103DDF86880039205460E460593DD
:10C2E00040F0BA81041D30B1072909D86FF01B0056
:10C2F00011B0BDE8F08F01F007063444C6F108061E
:10C30000009B4FF00009591E4FF0040A4FF0FF3315
:10C310000193CDF810904F46CB4653460DB1009A8D
:10C3200022600598002800F3E8809848009A82422D
:10C3300003D397488242C0F0E080039AA4EB050E35
:10C3400092074FEA9E0000F103810F2F00F2B180A7
:10C35000002D00F0058107F140020DEB020C019A5F
:10C360000CF8200C0CF8102C049801300490E7E035
:10C370007A285DD84B280ED8472859D829282DD897
:10C38000252852D054D820287AD02338D0F1000B59
:10C390004BEB000B74E04C382E2849D8DFE800F056
:10C3A0007048484848484848484848484B484848E2
:10C3B000484848484859484B4B595959704B6D4863
:10C3C0007048184B184848827F4B48484B487F00BC
:10C3D00000204FF0000B4FF0040A38E02A38C0B2BA
:10C3E000012202FA00F010EA0E0F49D110F0625C4F
:10C3F0002FD110EA020B43D06046013C5444B4FBF9
:10C40000FAF40AFB04F4002D61D0A3EB050CA4445C
:10C41000B4453FF66BAF002868D1042B47D158F8DC
:10C42000043B2360043404232AE0019A013A019278
:10C430004FF0000B24E011F8010C6C2834D111F8F6
:10C44000023C00206C2B8346C5D14FF0080A5346AE
:10C45000D3E708F1070828F007080734F8E802AB2B
:10C4600024F0070435B106982044B0423FF63EAFB1
:10C47000C4E900AB08344FF0000B4FF0080A5346F4
:10C4800011F8010F002878D0BBF1000F7FF470AFD6
:10C490002528F5D1019B013301934FF0010B4FF09B
:10C4A000040AECE7584694E700208346A5E7082BEA
:10C4B00002D06FF015001BE708F1070828F0070805
:10C4C000F8E80223C4E9002308340823D8E768B950
:10C4D000042B02D108F10408A4E7082BE9D108F1E4
:10C4E000070828F0070808F10808EDE7059A013A5F
:10C4F000059258F8042B009210E7039A900720D574
:10C50000A4EB050E4FEA9E004FF0010CBEF5007F34
:10C51000CFD20F2FCDD8F5B107F140020DEB020EAF
:10C52000C0B2019A0EF8200C0EF8102CBCF1000FCE
:10C530003FF41AAF60F07F000EF8200C09F10109FA
:10C540000137C5F10802043406924FF6DA7E97E708
:10C550004FF0000CDAE7BCF1000F01D00136EFE735
:10C56000029802360028EBD10098CDE90631FBF79E
:10C570005FFADDE906310644E2E7631BB3F5806F3D
:10C5800097D23DB9A6F10804E018B1E69C60050019
:10C59000A0B60500029A28609B082B709DF8103009
:10C5A000C2B1EB7085F80290B9F1000F05D008A870
:10C5B0000022C5F1010C97420ED1C5F101030DF126
:10C5C00020084FF0000A01930DF1300B574512D1AE
:10C5D000601B8DE66B70E5E710F8013B190608D586
:10C5E0000CEB040EB64503F07F033FF67FAE04F874
:10C5F000013B0132DFE7B9F1000F03D098F90020C9
:10C60000002A17DB029BD3B11AF80B2004F8012B88
:10C610000022019B18191044B0423FF667AE98F80B
:10C62000000004F8010B00990392204629F01BFB3F
:10C63000039A14440AF1010A08F10108C6E798F8C0
:10C64000002055F822300093029B45F822300098D4
:10C65000FBF7EEF9421CDCE76FF00D0048E600BF87
:10C660002DE9F04F97B000AF90F802A0D7F880B056
:10C670003B62CBF3C0030446FA62BB61894641B911
:10C68000457800780AEB800020444D4517D8A0EB90
:10C690000409E378FB61BAF1000F02D01BF0010F2F
:10C6A00016D1FB6953BBFB6A1BB13A6A4946204667
:10C6B00098474D4628465C37BD46BDE8F08F461C7E
:10C6C0003046FBF7B5F90130304409F10109DCE7E8
:10C6D000237862687A62FA6A9900796104EB8301CF
:10C6E000002A40F000814D460E4601EB0A094FF04A
:10C6F00000084E454CD101EB0A0610E01BF0020F7A
:10C70000D1D023789A007A6162687A62FA6A04EB7F
:10C710008301002A77D14D4601EB0A0690461BF0B3
:10C72000050F0CBF02230123FB62FB6906EB430AE2
:10C730000BF00203BB625645BCD016F8021B16F87C
:10C74000013C54F82390994B994502D3984B994555
:10C7500036D3BB69002B40D0786A21F0F2FB002869
:10C760003BD0E9468AB06A46924B53617B6AC2E984
:10C7700006314FF4007313848F4B42F8103F8F48FB
:10C7800000234FF4125101F04DFA023DCD46D2E79D
:10C7900016F8013BF96254F82300FBF749F9D7F882
:10C7A0008430F96A01304BB1D7F8883098453EBFE4
:10C7B000D7F8843023F8180008F10108054498E7F9
:10C7C000BB6923B1786A21F0BCFB0028C9D11BF0FA
:10C7D000010F05D1FB6AED1AADE7BB6A002BAAD0A9
:10C7E0004846FBF725F9D7F8843053B1D7F888309D
:10C7F00098453FBFD7F88420431C22F8183008F131
:10C800000108054497E7BAF1000F72D01BF0040647
:10C8100072D0D046002607F1480052463B61B9620B
:10C8200029F021FAB96A3B6901EB0A02BA62FA6996
:10C83000F9695200FA60BA6A02EB41023A610BF000
:10C840000202BA603A69B96A8A4257D162787A625A
:10C850001BF0020F32440CBF4FEA580100211BF0BD
:10C86000010FD2B240F09F801BF0040F14BF40466E
:10C870000020BB616270A070E1703A6A7969FB6A5E
:10C8800020469847051EFFF615AFBB6923707B6AEB
:10C890006370FB69E37041463A6AFB6A84F802A060
:10C8A00007F148009847B0F10008C0F2BB807B69EF
:10C8B0003A6AA9EB0A01C91AFB68C91AD7E90A033F
:10C8C00098470028C0F2B080A84408EB00054FF05C
:10C8D000000B07F1380AB34572D300213A6AFB6AAC
:10C8E00008469847E6E656464FF0000807F138003C
:10C8F00093E75646D04697E7B04695E7BA6A12F8EE
:10C90000021BBA6212F8015C284A54F825009042D2
:10C9100002D3274A90421ED3BA6932B1786A7B604B
:10C9200021F00FFB7B6800288CD1BA6802BB08F1AC
:10C93000280207F1300C08F10100944407F1580275
:10C9400052FA80F008F102080CF8101C5FFA88F81F
:10C9500000F8105C76E7BA693AB1786A7B6021F03A
:10C96000F0FA7B6800287FF46DAF1BF0010F09D04F
:10C9700006F1280207F13000711C161806F8205C39
:10C98000CEB25FE71BF0040F3FF45CAF08F1280262
:10C9900007F1300008F1010102EB000808F8105C13
:10C9A0005FFA81F84EE7002063E700BF9C60050056
:10C9B000A0B60500538A0500040000019C6605002E
:10C9C0001BF80A3087F8373054F82390D7F88430B2
:10C9D0002BB3D7F888309B4521D2D7F8843033F871
:10C9E0001B803A6AFB6A012107F13700984700284B
:10C9F0001ADB0544B8F1000F06D14846FBF718F8DA
:10CA000000F101081FFA88F83A6AFB6A4146484675
:10CA10009847002808DB05440BF1010B5BE74FF05A
:10CA20000008DEE7454645E6054643E6014B18604B
:10CA3000704700BF8C02002080B505460E461746A1
:10CA400098461EF0CBFE034629F01EFBDFF8189037
:10CA5000044649F80030424630463946A84754F863
:10CA6000090001F0FBFE00BF080000002DE9F047BF
:10CA7000058B04462807904611D4022905F00705C6
:10CA800040F0CC80204621F024FD78B10138218B84
:10CA9000042811D8DFE800F0C2106D859500012947
:10CAA0000CBF45F0100545F02005258388F311885B
:10CAB000BFF36F8FBDE8F08701F0070AAA4500F0C9
:10CAC000A5800027B9463E46A368002B00F0BC8035
:10CAD00041F00801218388F31188BFF36F8FA168AB
:10CAE000002900F0BA800D68002900F0B680D1F866
:10CAF0000480334652462046C047002D76D02B682E
:10CB000029461D46F0E701F007035A1F012A1BD8EA
:10CB1000002221F00701062B276889B2C4E9002210
:10CB200009D13B4603E0628B013262831B68002B14
:10CB3000F9D141F002012183204621F0CAFC0028EE
:10CB40007AD041F0200176E0042B0AD121F00701D0
:10CB500089B22183204621F0BCFC10B141F02001B4
:10CB60002183218B01F0070AAA454FD00027B9463F
:10CB7000AAE7236921F0070141F00601062DD3F849
:10CB8000009021832DD1B9F1000F3FD041F0080171
:10CB9000218388F31188BFF36F8F3A492046C84735
:10CBA00029E021F00701236941F0040189B2042D35
:10CBB000D3F804902183E6D000273E464FF0040AC4
:10CBC00082E721F00701236941F0050189B2052DB3
:10CBD000D3F808902183D6D000273E464FF0050AAF
:10CBE00072E700273E464FF0060A6DE72B4687E7BF
:10CBF000B9F1000FD1D1EFF31188202383F312880C
:10CC0000BFF36F8F238B23F008032383258BEA0662
:10CC10002ED525F01003238305F007056669218BC7
:10CC2000002EBFF670AF00232768C4E9003321F05F
:10CC3000070141F001012183218B01F0070AAA4578
:10CC40004FF000097FF440AF002F9CD041F0080165
:10CC5000218388F31188BFF36F8F002FC8D03D6800
:10CC6000394633465246204621F05FFC2F46F4E712
:10CC7000AB067FF51BAF25F02003238305F00705E6
:10CC800000E700BF57E5040070B5364E8468446085
:10CC900001460125084621F041FD30B921230B74DE
:10CCA0008B684C618B614B6070BD5C284AD1084633
:10CCB00021F034FD752805DC5B280ADC2228E9D048
:10CCC0002F28E7D021230B748B684C618B610020E7
:10CCD000E9E7A0F15C0305FA03F33342DAD17528E2
:10CCE000F0D1084621F01AFDA0F13003092B04D938
:10CCF00020F0200041380528E4D8084621F00EFD38
:10CD0000A0F13003092B04D920F020004138052878
:10CD1000D8D8084621F002FDA0F13003092B04D930
:10CD200020F0200041380528CCD8084621F0F6FC38
:10CD3000A0F13003092BADD920F02000413805289F
:10CD4000A8D9BFE72228A5D18B680874013BC1E9A7
:10CD500005438B604B60084621F0E0FC8B6802487D
:10CD6000A1E700BF41044401D9D2020038B583686D
:10CD7000013B8360044621F0D1FC662805460ED0B5
:10CD800074280ED10A49204621F0D4FC48B96368C2
:10CD900063610848A3682574A361636038BD0649D0
:10CDA000F1E721232374636863610020A368F3E73C
:10CDB000188B0500D9D202001D8B050008B501466D
:10CDC000084621F0ABFCA0F13003092BF8D9A0F103
:10CDD0002D03012BF4D96528F2D02B28F0D08B68D5
:10CDE000044830220A744A68013BC1E905238B607C
:10CDF0004B6008BDD9D202007B2805D8652806D82B
:10CE0000382813D821280DD86FF0150070476638E0
:10CE1000094BC0B2C34013F0010F14BF00206FF0E4
:10CE2000150070472238054BC0B2F3E75B280CBFF2
:10CE300000206FF01500704709E0200001C07B0062
:10CE400070B500244C60C668034601209A68B2425F
:10CE500002D16FF015001AE0157834B1B5F1220453
:10CE600018BF012401329A60F0E75D2D10D101381E
:10CE7000F8D10C68121B01324A60094A1A609A689C
:10CE8000013A9A609A610A685A615F221A7470BD09
:10CE9000222D03D05B2DE5D10130E3E70124E1E74A
:10CEA000D9D2020070B50C46064601210948154644
:10CEB000A04700280CDBD6E900012A46A04700283D
:10CEC00006DB2A4623460348BDE870400121184787
:10CED00070BD00BF078B05002DE9F3410446826851
:10CEE0000F4F92F8008029F0CFF8002313700E4600
:10CEF000C35105460A22606801A91FF05BF8306043
:10CF0000A36883F80080E85918B1404202B0BDE838
:10CF1000F081A268019B9A4218BF6FF01500F5E7F7
:10CF20000C0000002DE9F341044682680F4F92F88F
:10CF3000008029F0A9F8002313700E46C35105465E
:10CF40000A22606801A91FF043F93060A36883F8E2
:10CF50000080E85918B1404202B0BDE8F081A268F3
:10CF6000019B9A4218BF6FF01500F5E70C00000016
:10CF70002DE9F34104468268104F92F8008029F0B1
:10CF800083F8002313700E46C35105460A226068D9
:10CF900001A91FF085F8C6E90001A36883F80080A5
:10CFA000E85918B1404202B0BDE8F081A268019B87
:10CFB0009A4218BF6FF01500F5E700BF0C000000A3
:10CFC0002DE9F34104468268104F92F8008029F061
:10CFD0005BF8002313700E46C35105460A226068B1
:10CFE00001A91FF05BF9C6E90001A36883F800807E
:10CFF000E85918B1404202B0BDE8F081A268019B37
:10D000009A4218BF6FF01500F5E700BF0C00000052
:10D0100030B51546D0E9002389B0CDE900230C4690
:10D02000054A152102A81EF09BFF2A46014602A8C8
:10D03000A04709B030BD00BF098B050030B51546CB
:10D04000D0E9002389B0CDE900230C46054A15211B
:10D0500002A81EF085FF2A46014602A8A04709B093
:10D0600030BD00BF0E8B05000A4910B5044621F003
:10D0700061FBD4E901230028B7BF21216E2121746F
:10D080006261A4BF21746261A3616360ACBF0248A6
:10D09000002010BD138B0500D9D202002DE9F34109
:10D0A0000D460446012113481646A84700281ADBFE
:10D0B00024B15C27A04614F8010B38B90D4832465C
:10D0C00001212B4602B0BDE8F041184721F004FCD5
:10D0D00060B18DF805008DF804703246022101A878
:10D0E000A8470028E6D002B0BDE8F0813246012111
:10D0F0004046F5E7078B05000B4610B102480421B6
:10D10000184702480521FBE7178B05001C8B05001B
:10D1100030B585B003460C4615460C21044A01A8DB
:10D120001EF01EFF2A46014601A8A04705B030BDEB
:10D13000D991050030B585B003460C4615460C2143
:10D14000044A01A81EF00CFF2A46014601A8A04788
:10D1500005B030BD9B9205002DE9F74316464C798A
:10D160001278DDF8289080460F46104661081D466B
:10D1700021F046FC40B15B296BD053D801F15E032E
:10D1800003F07F03142B1DD96FF015004FF0FF3112
:10D1900077E0A1F17304082CF6D801A353F824F02A
:10D1A000CBD2020075D2020093D2020089D10200D4
:10D1B00089D1020089D1020089D1020089D10200FF
:10D1C00041D2020022391429DED801A353F821F0FC
:10D1D000BFD2020089D1020089D1020089D10200A8
:10D1E00089D1020089D1020089D1020089D10200CF
:10D1F00089D1020089D1020089D1020089D10200BF
:10D2000089D1020089D1020089D20200B3D2020082
:10D21000B3D2020067D2020089D102009FD202007D
:10D22000A9D202007B29AFD87229B2D8662921D0B1
:10D230006929A9D1BA682946304621F06BFB10E074
:10D24000D7E902122B46404603B0BDE8F04321F077
:10D25000AFBCCDF80090D7E902122B46404621F032
:10D260004CFDC1170DE073682B6029464046FFF75F
:10D27000E7FDF6E7A2F174035A425A412A700020F2
:10D28000014603B0BDE8F08329463046FFF724FE8F
:10D29000E7E7BA682946304621F06DFBE1E7294609
:10D2A0003046FFF765FEDCE729463046FFF788FE8B
:10D2B000D7E772682A60B3689B1A6B60DFE7B368D0
:10D2C00000221A7073682B60D9E7BA682946304685
:10D2D00021F049FAC5E700BF10B50146084621F024
:10D2E0001DFA4928044654D016DC222853D009DC04
:10D2F00058B3202803D0A4F10903042B08D88B6865
:10D300004B60EBE72D2830D03A2826D02C2824D0AB
:10D31000303C092C32D915E06E283ED00ADC5D285D
:10D320001BD003DC4E2834D05B28F0E76628EFD111
:10D330001B4819E07428FBD07328E9DD7B280CD04A
:10D340007D280AD021230B7400E008744B684B61E0
:10D350008B688B614B60002006E04B684B61114885
:10D360008B680C748B614B6010BD084621F0D6F9B8
:10D370008B683038013B09288B6001D80A48F3E7F5
:10D38000084621F0CBF98B68492803F1FF338B6005
:10D39000BED10648E8E70648E6E70648E4E700BFEE
:10D3A0006DCD0200D9D20200BDCD020055E70400C8
:10D3B00089CC020069D0020030B51D468BB0104BFD
:10D3C0000590CDE90330084406905F23694603A821
:10D3D00014468DF81C3021F08FFB28B96FF0150032
:10D3E0004FF0FF310BB030BD9DF800307B2BF5D1F5
:10D3F0000E9B2A46214603A821F0DAFBF2E700BF84
:10D40000D9D202002DE9F14F0A9E054688461D48F3
:10D410009146012132461C46984700282FDBDFF851
:10D4200068A0DFF868B00027B845324606D1184832
:10D430000121234601B0BDE8F04F18472868214676
:10D44000FFF72CFE00281ADB324601215046A04788
:10D45000002814DB334622464946284600F01AF8D5
:10D4600000280CDB08F1FF339F4202D3013710354F
:10D47000DAE7324601215846A0470028F6DA01B023
:10D48000BDE8F08F228B0500248B0500268B05005C
:10D49000C2830500F7B58446B0F806E00F4601EBFD
:10D4A0000E009CF805106D2914461D464FEA5106E2
:10D4B0004CD8212E1AD86FF0150059E0733E082E73
:10D4C000F9D801A353F826F099D5020075D50200CA
:10D4D000CFD50200B7D40200B7D40200B7D40200FF
:10D4E000B7D40200B7D402009FD50200223E142E0A
:10D4F000E1D801A353F826F087D50200B7D4020083
:10D50000B7D40200B7D40200B7D40200B7D40200E7
:10D51000B7D40200B7D40200B7D40200B7D40200D7
:10D52000B7D40200B7D40200B7D40200B7D40200C7
:10D53000AFD50200FDD502000FD60200B7D402001D
:10D540001DD60200E1D50200EFD502007B2EB2D835
:10D55000722EB3D8662E0DD0692E31D05B2EAAD193
:10D56000009301461346DCF808003A4600F060F8E4
:10D5700003B0F0BD17F80E002A46214603B0BDE8FF
:10D58000F040FFF7B9BD57F80E002A46214603B018
:10D59000BDE8F040FFF782BD2A462146F7E7009537
:10D5A00002462346DCE90201FFF72CFFE0E757F8CB
:10D5B0000E002A46214603B0BDE8F040FFF7BABD91
:10D5C000DCF8081003B0BDE8F04021F070BADCF8D8
:10D5D00008102B46224603B0BDE8F04021F044BAC3
:10D5E0002A46214603B0BDE8F040FFF711BD2A46A8
:10D5F000214603B0BDE8F040FFF720BD416857F871
:10D600000E002A46234603B0BDE8F04018472A46DC
:10D61000214603B0BDE8F040FFF744BC57F80E6068
:10D620003046FAF705FA2A4601463046EAE700BFD7
:10D630002DE9F14F0A9F1D46C388044652F803A006
:10D640001B480E463A460121A84700282CDB637987
:10D6500003F0FE03B62B08BFA468204621F0D6F8DD
:10D660004FF0000881460AF1FF3BD04507D1114831
:10D670003A4601212B4601B0BDE8F04F1847E1883A
:10D680003B462A46711A2046FFF704FF00280BDBB1
:10D69000C34503D84E4408F10108E6E706483A4678
:10D6A0000121A8470028F5DA01B0BDE8F08F00BFDE
:10D6B000288B0500E1960500268B050010B586B085
:10D6C0000024CDE90334089B059303AB0093024B80
:10D6D000FFF798FE06B010BDD1E904002DE9F04730
:10D6E000DFF85880044607464FF0010914B9384660
:10D6F000BDE8F08794FAA4F5B5FA85F509FA05F3C3
:10D700002E0108EB05156FEA030A24EA03042B7BBC
:10D71000002BEBD058F806301B694BB94644042265
:10D7200073682846196807EA0A0721F0EDFBDDE770
:10D73000284698470028D9D1F0E700BF2C6705009C
:10D7400030B51049104889B0002228F090F90F4DEB
:10D750000F494FF400320023CDE9062300240E23A5
:10D76000CDE90334CDE901440A4B00944FF44072F3
:10D7700028461DF06FFD0849284627F0CFFF2046B8
:10D7800009B030BD9DD7020090140020F80F002092
:10D7900000750020C9DA02002A8B050001481DF03F
:10D7A00013BA00BF300900202DE9F0478046214818
:10D7B0000F4621F089FB0646002833D00025284675
:10D7C000BDE8F087237B83B12368DB680BB120467B
:10D7D0009847636883F8069023681B69D3B9636828
:10D7E00004221968204621F08FFB0136103454457D
:10D7F000E8D3B8F1000FE2D0002DDFD02846FFF7C4
:10D800006DFF0546002FF7D000214FF4A47028F0DB
:10D810003DF8F1E7204698470028E0D009FA06F3E2
:10D820001D43E2E7044CDFF814A005464FF0010960
:10D83000DDE700BF682500202C6705003C67050078
:10D84000014B53F820007047F46C050008B50346FF
:10D8500008462BB1044A136000F07AFC002008BD92
:10D860006FF01500FBE700BF9002002010B5044CDC
:10D87000237813B903481DF0A7F90123237010BDC5
:10D88000AB5600203009002010B504460B4821F0AB
:10D890001BFB5CB1BFF35B8F094B53E8001F0139E1
:10D8A00043E80012002AF8D1BFF35B8F054828F047
:10D8B000EAF80548BDE810401DF086B96025002053
:10D8C0006425002090140020300900200020064B21
:10D8D000BFF35B8F014653E8000F43E80012002AB4
:10D8E000F9D1BFF35B8F70476025002070B5FFF75B
:10D8F000EDFF084C084E0546B44200D370BD636886
:10D900005B792BB123685B6813B1294620469847A1
:10D910001034F1E72C6705003C67050010B5044C96
:10D920000449204620F053FC034B1C6010BD00BF8F
:10D93000C4070020E06C0500582500200D4A0E4861
:10D94000002310B513700D4A13600D4A4FF40041C7
:10D950001360FFF77BFFFFF7E1FF0A4B0A49184608
:10D960008B4200D310BD1A1A5C6812110132227169
:10D970001033F5E7AC560020C5EE0400602500200A
:10D98000642500202C6705003C6705000146002245
:10D990000148002320F03CBCC4070020014820F0CF
:10D9A000D5BC00BFC4070020024B0146186820F018
:10D9B00021BD00BF58250020014820F056BD00BF02
:10D9C000C407002070B5294B187800284DD0FFF708
:10D9D000E5FF0546002845D1254B264C1B68002B4A
:10D9E00019DD27F0FCFF4FF47A72A0FB020302FB63
:10D9F0000131C30BD4E9002043EA41439B1A4FEAAB
:10DA0000D13140F2E93261EB0001934271F1000142
:10DA100001D3FFF76BFFD4E9003213F57A7342F1BB
:10DA20000002C4E90032BDE87040FFF7C5BF63687B
:10DA30005B7923B1236829461B6820469847103438
:10DA4000B442F4D32846FFF7AFFFBFF35B8F0A4B16
:10DA500053E8001F013943E80012002AF8D1BFF350
:10DA60005B8FB9E7054C064EEAE770BDAB56002068
:10DA70006025002088140020642500202C67050004
:10DA80003C67050070B50D4D297861B90120FFF79D
:10DA90008BFE0B4C0B4EB44206D3FFF793FF0028CE
:10DAA000FBD101232B7070BD63685B791BB12368C8
:10DAB00020469B6898471034EDE700BFAC56002025
:10DAC0002C6705003C67050000212DE9F04708465A
:10DAD000FFF76AFE044658B340F267684FF000094A
:10DAE00028F0D2FA1B4B1C4A1B58136033B11B4B56
:10DAF0001B68092B02DD1A481DF066F8194FDFF884
:10DB000060A0002544B12046FFF7E8FD044618B99F
:10DB10004FF0FF384FF0FF39FFF754FF064628B9A2
:10DB2000B5B942464B4650461DF088F83546E9E700
:10DB30004FF0FF384FF0FF39D2E72B689B691BB1DC
:10DB400000221146284698471035BD42F5D3E8E734
:10DB5000054DFAE7080000005C2500206425002040
:10DB6000300900203C6705002C67050013B51848F4
:10DB700021F0AAF9174B1B7873B1EFF3118420231E
:10DB800083F31288BFF36F8FFFF71CFF84F31188B4
:10DB9000BFF36F8F02B010BD0F4B1B68002BF9D085
:10DBA00050B900220023CDE900230C484FF4004275
:10DBB00000231EF009F9EDE70928EBD1074827F00B
:10DBC00062FF074802B0BDE810401CF0FDBF00BF77
:10DBD00064250020AC5600205C2500209014002015
:10DBE0003009002010B5064B1B68044698472146B3
:10DBF000A060044820F08BFBBDE81040FFF7B6BFE3
:10DC000090020020C4070020044A054B9B1AB1EB88
:10DC1000D30F34BF52F8310000207047046605006E
:10DC20002C6705002DE9F04F8FB004AFC1F34A28EF
:10DC3000B8600D4691467B600C0DB8F1000F63D0C3
:10DC4000002607F114034FF0040B4FF00A0AC7F83F
:10DC50000C80C7E907667E620193CDF808B0CDF865
:10DC600000A007F11C03F96832464846FEF7F8FCAD
:10DC7000B0F5006F03461CD36C468AB0D9F8041087
:10DC800004AB2648C3E9050140F2FF71D9611A4689
:10DC90004FF400711984224B42F8103F214833465B
:10DCA0004FF41251FFF7BEFFA5462C37BD46BDE825
:10DCB000F08FC0F30A0804F11700184420F00700A1
:10DCC00080083B60FFF762FE68F35325044690B17D
:10DCD0003B68154AC7E9083600F1100107F1140343
:10DCE000F961CDE900A3CDF808B0F96807F11C038C
:10DCF0004846FEF7B5FC68F353257B68B9682A46A9
:10DD0000204621F021F9D0E704F1170020F00700A8
:10DD10008008FFF73BFE0446EDE700BF3F8B0500A0
:10DD200004000001B46605001BEF04002DE9F04F6C
:10DD300087B0DDE91279DDE9105A04460391934674
:10DD40009846BFB1CDF800903B46524610210020C6
:10DD5000CDF81490FEF7B2FAB0F5006F06460AD37C
:10DD6000184A194840F2FF73022107B0BDE8F04F8E
:10DD700021F043B93E4605F11700304420F007007A
:10DD800004F007048008FFF701FE0BF0070BE40026
:10DD900044EA8B1444EA462444EA0554054640B15B
:10DDA0003FB1CDF800903B46524631461030FEF769
:10DDB00085FA039943462246284607B0BDE8F04F4E
:10DDC00021F0C2B87E8B0500B4660500406820B122
:10DDD000034BC01A40F3CF0070474FF0FF3070473D
:10DDE000046605000EB403B503AB014653F8042BDB
:10DDF0000448019300F0E8FF02B05DF804EB03B0C3
:10DE0000704700BF5DF00400CA0605D48B064CBF06
:10DE100002490349FFF7E6BF704700BFB28405001F
:10DE2000B18405002DE9F04F89B09B46149B069301
:10DE30009DF84CA0159B0593169B179E04930446D2
:10DE40000D469046BAF1000F00F09D8006F48073F5
:10DE5000079321F057F806F00209024600283ED049
:10DE600091492046FFF7BEFF0746B9F1000F08D0E1
:10DE700016F0440F35D18D492A462046FFF7B2FFF0
:10DE8000074406F0010353B1894B8A4953F82A200D
:10DE9000894B2046002A08BF1A46FFF7A3FF06F465
:10DEA0008073002B49D006F00803002B63D1B8F132
:10DEB000000F66D0814942462046FFF793FF054692
:10DEC000069B3D44002B6DD1049B002B73D1F307BF
:10DED00000F1E48031462046FFF796FFD8E0074680
:10DEE000C3E7774B18680028CAD0764B4FF47A798D
:10DEF0001B68B5FBF3F54FF46163B5FBF0F100FB74
:10DF0000115509FB05F54FF03C0CB1FBF3F203FB97
:10DF10001211B5FBF0FEB1FBFCF300FB1E550CFB30
:10DF2000131109FB05F50091B5FBF0F56649CDE944
:10DF300001E52046FFF756FFA2E706F00803EBB124
:10DF4000624B634953F82A202046FFF74BFF0546F2
:10DF5000B8F1000F05D0594942462046FFF742FF6D
:10DF60000544BBF1000FABD05A495A462046FFF793
:10DF700039FF0544A4E74FF0000BE1E706F0080580
:10DF8000E6E745469CE7BBF1010F069B06D1002B57
:10DF900064D1049B002B7BD000250CE0002BF8D033
:10DFA0004D485CE04D48069B4D4922461FF098FFC6
:10DFB000049B002B68D0DFF82C81DFF82C91049FA4
:10DFC0003146102F204628BF1027FFF71DFF4FF0C6
:10DFD000000B5D4545DC059B49461A782046FFF756
:10DFE00001FF4FF0010B1BF0070F03D14146204604
:10DFF000FFF7F8FE5F453BD9059B494613F80B2018
:10E000002046FFF7EFFE0BF1010BBBF1100FEAD139
:10E01000364920464FF0000BFFF7E4FE5A46059BB9
:10E020009A5CA2F120015F2928BF2E2230492046A8
:10E03000FFF7D8FE0BF1010BBBF1100F1DD01BF049
:10E04000070F03D141462046FFF7CCFE5F455A46F5
:10E05000E5D841462046FFF7C5FEEBE71F48554689
:10E06000A1E741462046FFF7BDFE0BF1010BB0E7EB
:10E0700020492046FFF7B6FEC5E7059B3B440593C4
:10E08000049BDB1B04939AD1BAF1000F7FF41FAFFE
:10E09000204609B0BDE8F04F20F0D3BF064A05493D
:10E0A0002046FFF79FFE15E7BB8B0500BF8B0500E1
:10E0B000046D05001D970500B68B0500E48B050077
:10E0C000702500206C250020C88B0500186D050008
:10E0D000E88B0500EE8B050093F004005DF0040072
:10E0E000C9ED0200FB8B0500F38B0500FD8B0500DD
:10E0F000FF8B0500F98B050073B542F20F738B425D
:10E1000028BF0B4605680F4A0446052168461DF0E6
:10E1100027FF63680C495B6806460B22284620F0FF
:10E1200082FF63683246694628465B6820F07BFFC1
:10E13000636806495B681B22284620F074FF02B022
:10E1400070BD00BF9B9205001E8C0500028C05006F
:10E15000074A00210123904206D8064A01B901234B
:10E160001360054B1860704740085B000121F2E71F
:10E1700040420F006C25002070250020F8B5074FA5
:10E180000D4604464618B44201D12846F8BD14F89D
:10E19000011BBB6801485B689847F4E7AC61050068
:10E1A000014B036000207047606D050007B51B49F7
:10E1B0001B4821F029FA70BB1A49194821F024FAAA
:10E1C00048BB1949164821F01FFA20BB17491448CB
:10E1D00021F01AFAF8B90146154A114821F0DDFC80
:10E1E000C8B9024613490E48012321F0B1FD90B988
:10E1F00001230093014602230948EF2221F024F96C
:10E2000048B9074821F049F928B9054803B05DF835
:10E2100004EB21F072B903B05DF804FB1003002099
:10E22000FC0A0020F8020020E0020020C8020020C2
:10E230009C020020608C050008B50348034A0021B9
:10E24000121A20F0A2FF08BD880B002038580020C9
:10E250000748084A084908B5121A20F098FF0748ED
:10E26000074A0849BDE80840121A20F090BF00BFD5
:10E2700000000020880B0020A0B605000000002050
:10E2800000000020A0B605002DE9F047064600AFCB
:10E290000C46002936D0E9468AB0D1E90012A368BD
:10E2A0006D462148A8464FF0050AC5E90501C5E9B4
:10E2B000072348F810AF1D48424600234FF4215170
:10E2C000FFF7B0FCCD46D4E903126369AD461848A8
:10E2D000C5F810A0C5E90501C5E9072313480023C7
:10E2E00042464FF42151FFF79DFCCD46E369114AA8
:10E2F0000E48012120F081FEA3690F4A0B4801213D
:10E3000020F07BFE012E07D1EFF305830B4A07486F
:10E31000103B314620F071FE214630461CF09AF841
:10E32000BD46BDE8F08700BFB08C0500F46605006F
:10E33000DF8C05000E8D05001D8D05004B8D050041
:10E3400030BFFFF7FDBF00BF2DE9F0410B4EDFF8F6
:10E35000308006EB0807CC1B0546324609492046AB
:10E3600027F081FCA01942460021083C27F089FCD7
:10E37000C5F8844007F10800BDE8F0810000000006
:10E38000080000003C670500054B5A699B689A42EB
:10E390001FBF044A536843F080535360704700BF67
:10E3A0000C54002000ED00E070B5294C06460D46E7
:10E3B0002848294920F0F8FEA36AD9043CD525480D
:10E3C000264920F0F1FE1720A36A1A0504D521483A
:10E3D000234920F0E9FE18201D4CA36A9B0512D5A5
:10E3E0001C48204920F0E0FEA36BA26A100409D566
:10E3F0001D4A1848012120F000FE1EB1A36A23F433
:10E400000043A3621920124CA36A590504D5114890
:10E41000164920F0C9FE1A20A36ADA050ED50D4868
:10E42000134920F0C1FE1B20094A936A43F47F433D
:10E43000936200232B7070BD1620C5E7A36A9B046E
:10E44000F2D504480B4920F0AFFE1C20ECE700BFDA
:10E4500000ED00E0F46605005E8D0500748D05009A
:10E46000858D0500988D0500B18D0500C68D0500D0
:10E47000E18D0500F98D050010B5204C204921489B
:10E4800020F092FEA36A990136D51E481E4920F05D
:10E490008BFE1E20A36ADA0104D51A481B4920F01E
:10E4A00083FE1F20154CA36A1B0304D51548184989
:10E4B00020F07AFE2120A36A590304D5114815499A
:10E4C00020F072FE22200D4CA36A9A0304D50D4859
:10E4D000114920F069FE2320A36ADB0304D5094813
:10E4E0000E4920F061FE2420044A936A6FEA034338
:10E4F0006FEA1343936210BD1D20CBE700ED00E0EF
:10E50000288E0500F4660500408E0500538E050038
:10E510006D8E05008B8E0500B08E0500CA8E05003D
:10E520002DE9F843364D8046894636483649174628
:10E5300020F03AFEAB6ADE0627D53449314820F098
:10E5400033FE1124AB6A1D0704D531492D4820F054
:10E550002BFE12242A4DAB6A980718D52D4929485D
:10E5600020F022FE6E6BAB6A190646D52A4A254872
:10E570003346012120F041FDB9F1000F03D0AB6A11
:10E5800023F08003AB62132403E01024DAE76FF07A
:10E5900015061B4DAB6ADA0704D52049194820F04F
:10E5A00003FE1424AB6A9B0604D51D49154820F0D0
:10E5B000FBFD1524124B9A6AD50602D49A6A90077D
:10E5C0000AD55B68190507D54146304600F02EFA9A
:10E5D00010B180F309880224094B9A6A920642BF5F
:10E5E0005A6A22F400525A629A6A42F0FF029A6210
:10E5F00000233B702046BDE8F8836FF01506C2E7A4
:10E6000000ED00E0F4660500F58E05000B8F0500B7
:10E61000858D05003E8F0500568F05006C8F050027
:10E62000F98D05002DE9F041664B8AB0D3F80480DE
:10E6300000AF0446C8F30805002686F31188BFF32F
:10E640006F8F02F07F43B3F17F4F07D102F00C03CD
:10E65000082B12D15C495D4820F0A6FD0026344607
:10E660000023FB71EB1E092B00F28A80DFE803F028
:10E670000A80837C88888888888610074CBF0C466F
:10E680000126EDE7524951484E4D20F08DFD002303
:10E69000FB71EB6A9A0705D54E494C4820F084FD82
:10E6A000002332E0EB6A002B01DA4B49F5E7EB6A15
:10E6B0005B00F5D54949454820F076FD6B69A269B4
:10E6C00043F480736B61BFF34F8FBFF36F8F6B6940
:10E6D00032F8022C23F480736B61BFF34F8FBFF3CA
:10E6E0006F8F4DF602739A4208D0AB6ADBB273B3F8
:10E6F000FA1D01212046FFF713FF37E02368384A4F
:10E700003248012120F079FC2368FA79DAB907F15F
:10E71000080504F1200C206861682A4603C2083409
:10E7200064451546F7D17A6A002E45D0C2F3080138
:10E7300021B96FEA52226FEA42227A6207F1080198
:10E740001846FFF7A1FD2837BD46BDE8F081AB6A4A
:10E7500013F47F4F04D0F91D0120FFF725FE05E0DB
:10E76000AB6AB3F5803F9BD3FFF786FE0346CCE749
:10E77000FA1D0021BEE7F91D0020EEE719498CE7DC
:10E78000194A1A4B18F4F87FE8468AB018BF1346A6
:10E790006A461749C2E905134FF400731384103D0C
:10E7A000144BD56142F8103F084800234FF4115133
:10E7B000FFF738FAC54673E722F4FF7222F0010230
:10E7C000BBE700BF00ED00E0B98F0500F46605006F
:10E7D000E48F0500FB8F05001C9005002A900500C2
:10E7E0004990050065900500A08F05008B8F0500FE
:10E7F0008990050004000001044B5A6942F01002A0
:10E800005A615A6922F008025A61704700ED00E02F
:10E81000EFF30880EFF3098101B57246FFF702FFBD
:10E8200001BD00BF0B4880F3088819F073F8202061
:10E8300080F3118808484FF40461401880F3098878
:10E84000EFF314800221084380F31488BFF36F8F25
:10E8500000F0B4F8009D0020408F0020084B9B681A
:10E8600083420BD1EFF3058343B1064B5A6842F064
:10E8700080525A605A6A22F400425A621CF0B4BFB5
:10E880000C54002000ED00E015498A684FF030007C
:10E890001044EFF3098C80E8F01F202080F31288E9
:10E8A000BFF36F8F0F4F4FF000664A698A603E607A
:10E8B000D2F884000C4C2060D2F888000023C2F803
:10E8C000883080F3118804B5104600F015F9BDE8D2
:10E8D000044002F1300090E8F01F8CF30988704783
:10E8E0000C54002004ED00E0A02500201EF0040FD1
:10E8F0000CBFEFF30880EFF30980816911F8021C67
:10E900000229FFD001B5724620F043FC01BD00BFD3
:10E9100040B2002807DB044A4109012300F01F0030
:10E92000834042F82130704700E100E040B2002807
:10E930000CDB4309064900F01F002033012282400E
:10E9400041F82320BFF34F8FBFF36F8F704700BF95
:10E9500000E100E0054B420900F01F0053F82220BF
:10E96000012303FA00F01040704700BF00E100E00F
:10E9700040B20028A8BF00F1604001F10101B8BF1A
:10E98000064B4FEA4111ACBF00F5614000F00F00AB
:10E99000C9B2B4BF195480F80013704714ED00E0F9
:10E9A000044B054A23F07F039360BFF34F8FBFF3FF
:10E9B0006F8F70470070020000ED00E008B5FFF7B0
:10E9C000EFFF0B4AD2F8883023F47003C2F8883086
:10E9D000EFF3148323F0040383F31488BFF36F8FE2
:10E9E000FFF72AFCFFF734FC00F05CF81BF056FE42
:10E9F00000ED00E042F8203C009B42F81C3C0A4934
:10EA0000019B42F8183C029B42F8143C21F00101A2
:10EA10004FF0807342F8043C42F8081C0023203A6F
:10EA20000265C0F88830704739CA0200094A0346B7
:10EA3000906870B113F1160F406F05D0A0F140023D
:10EA40009A4205D8834203D2814228BF00207047F2
:10EA5000002070470C54002008B515460C4A0D4B99
:10EA60009060D0F884201A600E4600F045F82C46DD
:10EA700086F309880020044B984720460021002295
:10EA80000023024C20470000BFF1040039CA0200F5
:10EA90000C540020A0250020014B10221A61704761
:10EAA00000ED00E0044800232021C2180133302B80
:10EAB00082F80013F9D1704700E100E008B5EFF3E8
:10EAC0000583064A103B02EBC30152F83300496844
:10EAD0008847BDE80840FFF757BC00BF8C620500BF
:10EAE000024B034A0348012100F08AB800000420C9
:10EAF00000000020606D0500426F054B403A1A602F
:10EB0000044A4021C3E901121846012100F082B8ED
:10EB1000A425002000000B1508B503461048D0F8C6
:10EB20009020C2F30722013A934207D90D480E4ABA
:10EB3000012120F062FA6FF0150008BDC0F898308E
:10EB40000A6822F01F021A4342F01002C0F89C200B
:10EB50008A6842F00102C0F8A0201846EDE700BF25
:10EB600000ED00E0CC660500A0900500F0B50E4673
:10EB700085B01F4604460025B5420DDA606810B323
:10EB800097B1431E18420AD0104A11482B46012162
:10EB900020F033FA6FF01502104605B0F0BD1F28C3
:10EBA000F2D921680B42EFD12368019320F02AFBB0
:10EBB000A36801A90343D0B20393FFF7ADFF10F19F
:10EBC000160FE7D0421C01350C34D5E7C69005007E
:10EBD000CC660500044B0522C3F89420BFF34F8F89
:10EBE000BFF36F8F704700BF00ED00E0BFF35F8F92
:10EBF000024B0022C3F89420704700BF00ED00E0F4
:10EC000010B5034C01232278FFF7B0FF207010BD30
:10EC1000AE56002008B50B4A00231278FFF7A6FF76
:10EC200010F1160F07D0084A0021D2F89030C3F334
:10EC30000723984200DB08BDC2F89800C2F8A01074
:10EC40000130F2E7AE56002000ED00E02DE9F04380
:10EC500057485849D0F890300D68C3F307239D42B8
:10EC600085B000F2A180FFF7C1FF496800229542FC
:10EC700001F10C011AD1504C504F25706846FFF736
:10EC80008FFADFF83C81DFF83C9106460025AE4262
:10EC90001FD1237846490020D1F89020C2F30722E3
:10ECA00093427BDBFFF796FF00204CE0C0F89820F2
:10ECB00051F80C3C23F01F03134343F01003C0F83A
:10ECC0009C3051F8043C43F00103C0F8A0300132FD
:10ECD000CDE7009800EB05114FEA051CCB683B40DF
:10ECE000B3F5000F44D00AD8B3F5001F2ED0B3F50A
:10ECF000800F34D0B3F5801F10D00135C7E7B3F1D2
:10ED0000807F3ED0B3F1007FF7D150F80C30886897
:10ED10004A6820F077FA40F4802009E050F80C307F
:10ED200088684A6820F06EFA40F0885040F430203D
:10ED3000039001A92078CDE90123FFF7EDFE00281B
:10ED400028DA6FF0150005B0BDE8F08350F80C30FC
:10ED500088684A6820F056FA40EA0800E8E750F868
:10ED60000C3088684A6820F04DFA40EA0900DFE775
:10ED700050F80C3088684A6820F044FA40F08270FD
:10ED8000D6E750F80C3088684A6820F03BFA40F02B
:10ED90008870CDE7237801332370AEE7C1F898304F
:10EDA000C1F8A000013377E74FF0FF30CBE700BF99
:10EDB00000ED00E06C6D0500AE5600200000F0FF95
:10EDC0000000081100000206F0B587B007460E46A5
:10EDD00014460021102268461D4626F052FF0223E9
:10EDE0008DF802302A46054B019321466846CDE94D
:10EDF00004761DF075FB07B0F0BD00BF25F20400DE
:10EE000008B5024B1B689847002008BDB0250020BC
:10EE1000034B044A1860937843F0020393707047E1
:10EE2000B02500202803002008B50649064821F037
:10EE30000701C1F1005202F580221FF014F80020F2
:10EE400008BD00BF2FDB0020B425002003484FF091
:10EE5000FF324FF0FF331BF0BDBD00BF3803002071
:10EE600001481BF02FBE00BF3803002038B505460F
:10EE7000FFF7ECFF08482A4608211EF085FF0446EC
:10EE800028B925B127F000F9044B0C221A50FFF7DE
:10EE9000E7FF204638BD00BFB42500200C0000006D
:10EEA00010B50446FFF7D2FF214603481EF02DFFA0
:10EEB000BDE81040FFF7D4BFB425002070B5A0FB1B
:10EEC00001543CB92846FFF7D1FF064640B9002659
:10EED000304670BD27F0D8F8044B0C221A50F6E7E4
:10EEE0002A46214626F0CDFEF2E700BF0C000000C6
:10EEF00070B54169867A0B4D044659B1437ADB07F8
:10EF000006D42C2303FB06535B6A1B689B68984757
:10EF1000002363612C20214606FB0050BDE87040B1
:10EF200026F0ABBA9C090020024B2C2202FB0030D9
:10EF3000704700BF9C090020827A064B2C2101FB00
:10EF400002339A6A1B7F1B33801A23F00303B0FB42
:10EF5000F3F070479C09002038B5074B827A2C24C7
:10EF600004FB02335B6AD3E901240C601568FFF7E8
:10EF7000E3FF04FB005038BD9C0900202DE9F0435D
:10EF800085B005466846039190461C4626F029FD4B
:10EF9000DDE90067EFF31189202383F31288BFF3C3
:10EFA0006F8F6B8B002B41D02A8B9A4225D9002280
:10EFB000002328461BF0D6FD0446F0B189F31188E2
:10EFC000BFF36F8F039B002B41D032463B46684610
:10EFD00026F02CFDA27A264B2C2101FB0233204681
:10EFE0005B6A1B6803A91D68DDE90023A84760610F
:10EFF00070BB2046FFF77CFF24E0698B4B1E6B83C0
:10F0000089F31188BFF36F8F2B7F2A8BAC6A1B3378
:10F0100023F00303521A02FB0344154B154AEB1A63
:10F020009B105343A3722B7FE372CBE789F31188C4
:10F03000BFF36F8F2346424628461BF093FD0446DC
:10F040000028BFD10024204605B0BDE8F0836361ED
:10F05000012300252381039B6382E27A65602946B0
:10F0600004F1180026F00DFE63692582E360EAE7EB
:10F070009C090020A38B2EBA70B50D4C2C2500B92D
:10F0800070BD037A4668002BFAD0013BDBB20372F5
:10F09000002BF5D1C3604360837A05FB03431B6AF1
:10F0A00013B198473046EAE7FFF722FFFAE700BFBF
:10F0B0009C0900200E4A0123C2F840354FF08042DF
:10F0C0004FF08051C2F87835D1F83001082808D1C6
:10F0D000D1F83411052904D80648415C09B1C2F8B9
:10F0E00038364FF080430122C3F880250020704756
:10F0F00000E001401A91050020B1034B800143F06C
:10F1000001031847704700BF4068050010B503466B
:10F110000548826814688AB21946A0470028B4BF1F
:10F120006FF00400002010BDCC6105002DE9F04116
:10F1300090F8203003F01F03012B04460F4600F126
:10F1400020061BD0022B05D043BB90F8211020F0E5
:10F15000E8FD03E0818CC9B220F0C0FD0546E8B1AE
:10F16000304620F0D9FA024668688368A2B99B68E5
:10F170004BB13A463146BDE8F0411847818CC9B2DF
:10F1800020F093FDEAE76FF0850326F07DFF0F4A3C
:10F1900013500020BDE8F081DB68E9E794F8211006
:10F1A000204620F0D8F902460028ECD0304620F066
:10F1B000B3FA40B91369002BE5D03A4631462046F0
:10F1C00098470346E1E7D368F5E700BF0C0000006D
:10F1D0002DE9F04F0B7E33F0800893B004461746BC
:10F1E00000F1200940F071844A7E02F0010097B1DD
:10F1F00017F10C0F0FD088B917F1710F03D1084622
:10F20000FFF73AFF03E00846FFF736FFB8464046EF
:10F2100013B0BDE8F08F002800F04084002B40F0D0
:10F220000E840B8A072B0DD80846FFF725FF4846AA
:10F2300020F072FA0346A069002B00F0368480218A
:10F2400000F03CBCCA68136823625368C9F80430F4
:10F250004A68E58C002AE7D0484620F05DFA08BBF2
:10F26000537E15B113F0020F01E013F0040FDBD051
:10F27000002020F03DF805460028D8D026F004FFF5
:10F2800094F82020B84E002312F0600F8351C2F38F
:10F2900041130BD0032B40F0B38126F0F5FE6FF045
:10F2A000850340E0002DBFD0537EDBE7484620F0C9
:10F2B00033FA94F82130002840F03981013B0A2BC1
:10F2C000EBD801A151F823F015F402009BF20200E3
:10F2D00097F402009BF20200F5F202009BF202009A
:10F2E0009BF202009BF2020067F302009BF2020015
:10F2F000C9F30200A069618C03697F29D3F88030CB
:10F30000CBD8A28C002AC8D1E28C002AC5D194F8AF
:10F310002020D206C1D194F82C20022A05D126F053
:10F32000B3FE4FF0FF33335013E01B0706D5C9B2CD
:10F3300020F02BFA804620B1284661E7012384F8AB
:10F34000353094F82C30012B0BD1638C4BB984F8F9
:10F350002C3026F099FE3358002B00F056832846B7
:10F3600063E70123F3E7204620F069F8628CFF2A67
:10F37000014692D8E38C002B8FD194F82030D80628
:10F380008BD194F82C30002BC9D02AB1D2B22046B0
:10F3900020F0B0FB0028C2D0618C94F834308B424E
:10F3A000D7D0C9B2204620F0ACFB80460028C3D19C
:10F3B000628C002A14BF0223012384F82C3005211B
:10F3C000204620F0BCFEC4E794F8203003F01F0371
:10F3D000012B7FF462AFE38C002B7FF45EAF628C75
:10F3E000FF2A3FF65AAFA18CFF293FF656AF94F89B
:10F3F0002C30022B93D1D2B2C9B2204620F093FD1B
:10F4000010F1020F804640F0008126F03DFE46F8E4
:10F4100000809EE7E38CA18C002B7FF43EAF94F834
:10F420002C30002B3FF47BAF012B0FD100297FF450
:10F4300076AF12F01F020CD1638C012B89D194F8A6
:10F4400068306FF3C30384F8683082E712F01F025C
:10F4500017D0022A7FF47DAFB4F822A0BAF1000FD2
:10F460007FF477AF5FFA81F84146204620F04DFEE9
:10F47000034626F009FE3350013306D14FF0FF3822
:10F480005AE700297FF44BAFD6E752464146204663
:10F4900020F048F95DE7E38CA18C002B7FF4FDAEF2
:10F4A000638C022B5FFA81F813D194F8203003F0BB
:10F4B0001F0358EA03037FF4F0AEA0690122090A92
:10F4C00020F040F900287FF4E8AE012384F83530BD
:10F4D0003FE794F82C0000283FF421AF01280DD11C
:10F4E00000297FF41CAF12F01F020AD1012B7FF418
:10F4F00030AF94F8683043F00803A4E712F01F021D
:10F5000011D0022A7FF425AF002B7FF422AF4146B1
:10F51000204620F0E5FD034626F0B6FD33500133CA
:10F52000ACD00122B2E700297FF4F9AEDEE70A2B66
:10F530003FF6B3AE01A151F823F000BF6DF5020014
:10F540009BF202009BF202009BF202009BF202007F
:10F550009BF20200EDF502009BF20200A3F902000B
:10F560009BF20200D1F902000C000000E38CA18C98
:10F57000022B7FF492AE94F82C30002B3FF4CFAEE8
:10F58000012B10D100297FF4CAAE12F01F020DD159
:10F5900094F868304FEA930808F00208C3F30013A8
:10F5A00048EA030806E012F01F0210D0022A12D027
:10F5B0004FF0000805F10C0A50461FF013FFE38CD2
:10F5C00098420ED226F060FD6FF00B03ABE60029E7
:10F5D0007FF4A5AEDCE7C9B2204620F0A5FD804649
:10F5E000E8E7414650461FF0B7FEB2E694F8202007
:10F5F000B4F822A0D2064FEA1A235FFA8AFA09D099
:10F6000029462046FFF792FD8046B8F1000F7FF4AF
:10F6100093AE9EE6013B0E2B3FF63FAE01A252F8A1
:10F6200023F000BF61F60200ABF6020063F70200B0
:10F630009BF202009BF202005BF702005BF7020004
:10F640009BF202009BF202009BF202009BF202007E
:10F650009BF202009BF202009BF20200ABF8020058
:10F6600005F10C0A5046B4F826801FF0BBFE804519
:10F670000AD2B4F8268020461FF0E1FE48B10128E6
:10F680007FF40BAE216F05E050461FF0ABFE8046C5
:10F69000F1E7E16E002900F013810A78424528BFA6
:10F6A000424650461FF047FE53E620461FF0C7FE75
:10F6B0000AF1010201900146D2B2204620F0F4F98D
:10F6C000824600283FF4E9AD05F10C08D0F804B0FB
:10F6D00040461FF087FE9BF80020904203D2404630
:10F6E0001FF080FE0246594640461FF024FEDAF81D
:10F6F0000CA0BAF1000F09D1298AE38C99427FF658
:10F7000028AEC91A40461FF031FE22E6DAF804009E
:10F7100083681B6B13B9DAF800A0EAE701999847F0
:10F720000028F8D0A0F1040B5BF8043F002BF2D0C6
:10F730001B78002BEFD040461FF054FEDBF8003062
:10F740001A78904203D240461FF04CFE82B2DBF89A
:10F75000001040461FF0EFFDE6E720461FF06FFE69
:10F760009BE55246032120461FF034FF82460028C5
:10F770003FF493AD1FF0CBFFB4F826B0E0B9BAF870
:10F780001430ADF82830DAF8103005F10C081B8879
:10F79000ADF82A3040461FF025FE834508D2E08CA4
:10F7A0009DF82820824228BF02460AA9404679E7F0
:10F7B00040461FF017FEF3E700238DF814309AF847
:10F7C0001530DAF808208DF81530C24B1340C24AC4
:10F7D000934258D1102106A823F0A4FF0028FFF679
:10F7E0005CAD0AAA1028DFF8F4E20DF1180C1146FE
:10F7F00028BF1020404502F1020233D880000230B9
:10F800008DF81400019105F10C0A50461FF0EAFD35
:10F810009DF81480D84528BFD846404503D25046AD
:10F820001FF0E0FD8046B8F1020FC34628BF4FF03D
:10F83000020B5A4605A950461FF07DFDA8EB0B08A8
:10F84000DDF804B04FEA58030BEB58025A4522D1B9
:10F8500018F0010F3FF47DAD019AD15C50461FF0C6
:10F8600073FD76E51CF8013B4FEA131A03F00F0312
:10F870001EF80AA01EF8033002F802AC02F8013CA0
:10F8800008F10108B6E79AF814308DF81430DAF868
:10F8900010300193B7E71BF8011B5046CDE9023247
:10F8A0001FF05AFDDDE90232D0E720461FF0C7FD08
:10F8B00020B101287FF4F1AC236F00E0E36E13B9AF
:10F8C0006FF0150838E55B88B3F5007F7FF6E5AC8F
:10F8D000834B0A9300238DF82C30A36C04F1480A63
:10F8E0009A455BD105F10C0B58461FF07BFDBDF826
:10F8F0002A80E38C984528BF9846404503D2584655
:10F900001FF070FD80469DF82820424528BF4246E2
:10F910000AA958461FF00FFDB8F1050F94BFA8EBD8
:10F920000808A8F10508B8F1000F3FF412ADA36C68
:10F9300053453FF40EAD002B3FF40BAD5A7D0F2A1B
:10F9400014D11A7D19690193424528BF4246584691
:10F950001FF0F1FC019B1A7D424594BFA8EB020801
:10F96000A8EB0808B8F1000F3FF4F3ACE26C9A4240
:10F970003FF4EFAC1B68DEE75A7D0F2A0AD11A7DEF
:10F98000BDF82A100A44ADF82A209DF82C20013237
:10F990008DF82C20E26C9342A4D01B68002BEBD195
:10F9A000A0E794F82C3094F834A0002B3FF4B7ACC7
:10F9B000E38C012B7FF471AC05F10C0840461FF07D
:10F9C00011FDE38C9842FFF4FDAD5146404646E7F9
:10F9D00094F8203003F01F03012B7FF4A0AC2046E5
:10F9E00020F076F800283FF49AACA38C4268FF2BF5
:10F9F0003FF653AC12799A42FFF44FAC0F2B3FF60F
:10FA00004CAC234493F836A0D2E70123A3624846C6
:10FA10001FF082FE60B9E38C53B1294600201FF02D
:10FA200067FC054600283FF402AC6B7E5E07F4D508
:10FA30002946204613B0BDE8F04F20F0F1BA500738
:10FA40007FF5F5AB802B7FF4F2AB0846FFF714FB94
:10FA5000A36A012B7FF4DBAB94F83530002B3FF425
:10FA6000D6AB94F82130052B05D1618CA069C9B2C1
:10FA70001FF08BFE804694F82130032B09D1638C54
:10FA8000022B06D1A18CA0690022090A1FF05AFEA0
:10FA90008046002384F83530FFF7B9BB52077FF565
:10FAA000C6AB002B3FF4ABABCCE7E38C002B3FF4B1
:10FAB000C6AB17F10C0118BF0121C90123F027FBC8
:10FAC00000238046A362FFF7A2BB6FF00408FFF794
:10FAD0009EBB00BF00FF020000030200249105004E
:10FAE000050F050002480022002325F0DCBB00BF03
:10FAF000D00800202DE9FF41514F4FF0FF334FF068
:10FB0000FF3201A938461AF001FF039B1B69D3F8A5
:10FB10009C409DF80430072BEFD8DFE803F00A047F
:10FB20001A0D2C277B8D00220121204620F007FB97
:10FB3000E3E700221146F8E794F8683043F0040345
:10FB400001A984F8683020461FF041FE00220321FD
:10FB5000EBE794F868306FF3820301A984F868300A
:10FB600020461FF034FE00220221DEE701A92046D4
:10FB70001FF02DFEC1E794F86830A6696FF3820389
:10FB800084F868303369D6F80880BFF35B8FD3F808
:10FB9000A030BFF35B8F9907C3F3400208D4042160
:10FBA000204620F0CCFA4FF0FF352A460721BCE76B
:10FBB000D8F83C3030469847D8F8243000213046F9
:10FBC0009847D8F84030054630469847E5B9294669
:10FBD00020461FF096FF0546B0B98021204620F050
:10FBE0007CFAA06923F027FB831E5842584194F801
:10FBF000683084F82C5023F0680343EA401384F8FB
:10FC000068302A46042190E700220421204620F093
:10FC100096FACAE702990B7ED1F81E2013F07F0FE7
:10FC2000204606D1FFF7D4FA054600283FF465AF19
:10FC3000BBE720F04AF8F7E7029A062175E700BF14
:10FC4000D008002030B589B000220023CDE906237A
:10FC500000246FF00703CDE90334CDE901441A4BCA
:10FC60001A4900944FF4806219481BF0F3FA1949BD
:10FC7000174825F053FD184B18498B4207D3184BF2
:10FC8000184900208B4210D3002009B030BD03F189
:10FC90001402BFF35B8F52E8000F42E80045002DCD
:10FCA000F9D1BFF35B8F1833E7E703F11402BFF319
:10FCB0005B8F52E8004F42E80005002DF9D1BFF3F9
:10FCC0005B8F1833DEE700BFF5FA020040780020B2
:10FCD000C814002035910500700B0020880B00200F
:10FCE000880B0020880B002038B5024609490546DC
:10FCF000806923F007FB044648B985F8340028469C
:10FD00001FF0D6FD044610B1A86923F02EFB204653
:10FD100038BD00BFE5FA020070B5084C084E054634
:10FD2000B44202D30024204670BD63682846196897
:10FD3000F7F76CFE0028F6D01834F1E7700B0020BE
:10FD4000880B002070B50646EFF31181202282F364
:10FD50001288BFF36F8F1D4C236881F31188BFF3A6
:10FD60006F8F5B6893F86830DB0705D4BDE870409F
:10FD7000212200231BF0DEB9EFF3118382F31288F6
:10FD8000BFF36F8F256865B983F31188BFF36F8F59
:10FD90002368D3B130460022BDE8704000231BF039
:10FDA00095B961682A6822608D4208BF626083F35A
:10FDB0001188BFF36F8F686805F10801C369984720
:10FDC0000348294625F01FFAE2E770BDC025002050
:10FDD0005C08002030B585B06C4684E80600054616
:10FDE00000221548002303A91AF0F2FC0246E8B9E4
:10FDF000039B94E803005D60083383E80300EFF39E
:10FE00001180202383F31288BFF36F8F039B1A6046
:10FE10000A4A516861B9C2E9003380F31188BFF31F
:10FE20006F8F0748002200231BF050F905B030BD4A
:10FE30000B605360F1E700BF5C080020C025002084
:10FE40003000002038B54B78046945682069202BC4
:10FE500008D0222B19D026F017F9114B6FF085022C
:10FE60001A5010E0CB88072BF5D1D3681A6842608E
:10FE70009A8802819B79837220F082F922460821B8
:10FE8000284620F06AF9002038BD4B888381C3F3EF
:10FE9000400203F001030276437622460921EFE790
:10FEA0000C00000008B51346026910694A78212A3F
:10FEB00013D133B926F0E8F80B4B6FF00B021A5050
:10FEC00009E0CA88072A00F1040128BF072203F1CC
:10FED0000C001FF030FA002008BD26F0D5F8024BC8
:10FEE0006FF08502EBE700BF0C00000073B50469FA
:10FEF0008DF807102025EFF3118685F31288BFF3E4
:10FF00006F8F0122E06B0DF107011EF086FF86F373
:10FF10001188BFF36F8F012812D025F0F9FB08B9C3
:10FF2000A37EABB90D4BBFF35B8F012253E8001FDB
:10FF3000002903D143E800200028F7D1BFF35B8FED
:10FF40002122002304F148001BF0C0F802B070BD6C
:10FF50000021212025F09AFCCDE700BFC825002014
:10FF600038B505690E49EB6B0024C3E90144DC6038
:10FF70006B6B05F14800C3E90144DC6025F06AFBC6
:10FF800005F17800074925F009FB074905F1240030
:10FF900025F004FB284620F0F3F8204638BD00BFCA
:10FFA00055030500FD040500890505000E4B402999
:10FFB00070B528BF40210D4C46181D46B04203F1D4
:10FFC000020304D1002305F81130074870BD027800
:10FFD0001209A25C03F8022C10F8012B02F00F02A8
:10FFE000A25C03F8012CE9E7CD56002060910500E2
:10FFF00030B503788BB0044607AD032B21D8DFE87A
:020000023000CC
:1000000003F0021A1C1E12492846F7F709FD059550
:1000100063780493A3780393E3780293237901939D
:1000200063790093A3790B4A0B481E211BF098FFBC
:1000300009480BB030BD0949E6E70949E4E7094939
:10004000E2E7094A0A2128461BF08AFFDFE700BFE2
:10005000C8830500EA830500AF560020CF83050062
:10006000D6830500E0830500F0AD050030B50B4DEB
:100070000B4B87B0002428460393CDE9044425F0B8
:10008000E3FA03AB0093284606490A234FF4B06213
:100090001AF0B2FF204607B030BD00BF581500204F
:1000A00078910500807C0020014601481AF0E4BFE9
:1000B000581500200146014825F09BBA581500202C
:1000C0000378012B30B513D0022B27D07BB9194B05
:1000D0000A4603F1100453F8045B42F8045BA342A0
:1000E000F9D11B78137043884B731B0A8B7330BD97
:1000F000104B0A4603F1100453F8045B42F8045B0A
:10010000A342F9D11B78137043684B73C3F30722E2
:100110001B0CCB731B0A8A730B74E8E700F1100306
:1001200050F8042B41F8042B9842F9D103780B7056
:10013000DDE700BF8191050008B520F0B2FB1BF0A0
:1001400059FA044B1B680BB10A209847BDE80840D8
:100150001BF064BACC25002038B5044608481FF0CF
:1001600072F8054648B1631EDBB21F2B96BF054AE5
:100170000021D15C0C301FF0E7F8284638BD00BFE5
:10018000780A0020929105000F2810B50CD80D2890
:100190000CD90A481FF057F8044618B104210C3056
:1001A0001FF0D2F8204610BD1328F2D009B1044840
:1001B000F0E7BDE810400220FFF7CEBFA40A002000
:1001C000F4090020F0B5054685B00E461746AB8809
:1001D000012B0ED928461FF0F1F8044648B1AB8830
:1001E000984208D90E4A0093022103460D481EF09A
:1001F0000EFF05B0F0BD28461FF0E0F8013C2B686B
:100200008DF80800394602A88DF809400393B047DD
:100210000028EED0214628461FF0C0F8D7E700BFDF
:10022000B99105004C660500C368034A1B78034872
:10023000022120F0BFBB00BFE49105006466050009
:1002400070B5C6683378B6F80140A3B90F212046CF
:1002500002F072FFF178054670B90C4A138813B1A9
:10026000538843B901236FEA04506FEA105022F813
:100270001300074AD15470BD0173012102F04AFEF8
:100280002846BDE8704002F005BE00BF4054002083
:100290004E57002070B5C3681D788DBBB3F8016060
:1002A0000F21304602F048FF044638B93346154A5C
:1002B0001548BDE87040012120F07CBB294602F0C2
:1002C00029FEA378012B04D02046BDE8704002F03F
:1002D000E1BDBFF35B8F6368BFF35B8FDB07F3D5D3
:1002E0000321204602F016FE032020F085FD034680
:1002F0000028E9D0054A0448022120F05BFBE3E72F
:1003000070BD00BF0C9205006466050032920500C6
:1003100010B5C368B3F801400121204602F00CFF7C
:1003200038B92346054A0648BDE81040012120F0AF
:1003300041BBBDE8104002F0ADBD00BF58920500C2
:100340006466050010B501210C301FF02FF8BDE8E0
:1003500010400378024A0348012120F02BBB00BF64
:100360007C92050064660500014610B508481EF041
:100370006EFF0849084825F03CF9031E06DABDE87F
:100380001040064A0648012120F014BB10BD00BFF2
:1003900054020020F8030020081600209E92050059
:1003A000646605002DE9F14FC5682E8801213046AD
:1003B00002F0C2FE044640B9294A2A4833460121C8
:1003C00001B0BDE8F04F20F0F5BAB5F80280EE8834
:1003D000AF882D891FFA88F3A3F11B02E02A1FFAC8
:1003E00086FA1FFA87F91FFA85FB04D91E4A1D48B1
:1003F000022120F0DFFAAAF11B03E02B05D91B4AEA
:1004000018485346022120F0D5FAA9F5A4739BB2EF
:1004100044F24812934205D9154A12484B4602212C
:1004200020F0C8FAABF5A4739BB244F24812934291
:1004300005D9104A0B485B46022120F0BBFA204642
:10044000A4F8A080A4F8A270A4F8A460A4F8A65010
:1004500003F0D0F8204601B0BDE8F04F02F01ABD1D
:100460005892050064660500BB920500E492050001
:100470000D9305003493050073B5C568B5F80160A8
:100480000121304602F058FE044640B92D4A2E485C
:100490003346012102B0BDE8704020F08BBA2B78C2
:1004A0001A2B19D1C378012B48D14FF48041043065
:1004B00020F082FA43040FD4D4F8883000936946C0
:1004C000D4F890300193204603F0FAFD204602B0A4
:1004D000BDE8704002F0DEBC2B787BBBB5F8032092
:1004E000A4F8862093B2B5F80520A4F88C20B5F8BE
:1004F0000720A4F88E209A1F92B240F67A418A42D1
:1005000004D9124A1048022120F054FAB4F88C3071
:10051000B3F5FA7F04D30E4A0B48022120F04AFAC1
:10052000B4F88E30A3F10A0292B240F676418A42C4
:1005300004D9084A0448022120F03CFA204603F07E
:100540000FF8C3E758920500646605005B93050049
:1005500083930500AA930500024A0348012120F075
:1005600027BA00BFD693050064660500B0B50B46F8
:100570000D8A00AF04462946D868FFF717FD8AB0F8
:100580006A46094BC2E9053440F202439384074BA3
:10059000C2E907504FF4325142F8103F044820F0AE
:1005A00021FABD46B0BD00BFF09305000500000173
:1005B0006466050070B5C568B5F801600121304674
:1005C00002F0BAFD044638B933460D4A0D48BDE87D
:1005D0007040012120F0EEB92B783BB9D5F80330FB
:1005E000C0F89430D5F80730C0F89830201D4FF48B
:1005F000003120F0E1F92046BDE8704002F04ABC2D
:1006000058920500646605002DE9F74FDFF81CA13C
:10061000BFF35B8F80468946174600235AE8004F98
:100620004AE80032002AF9D1BFF35B8F264644B96D
:100630003F4A40484346012103B0BDE8F04F20F057
:10064000B9B92046FEF778FC3B4D4FF00C0B0BFB85
:100650000050438843451FD02046FEF76DFC0BFB3E
:1006600000504388354A00933248434601211EF02A
:10067000CEFCBFF35B8F5AE8003F4AE80062002AD5
:10068000F9D1BFF35B8F002B4DD01E46304603B02F
:10069000BDE8F04FFEF7F0BCA74208D020461EF0A0
:1006A000CDFD3A8AF96804F10C001EF044FE2046A4
:1006B000FEF742FC0C2707FB00504368ABB1B9F1D1
:1006C000000F12D12046FEF737FC07FB0050012136
:1006D0004268D2E90003127A03F01F07B9405B09B0
:1006E000DAB100EB830020F067F92046FEF724FC26
:1006F0000C2707FB00508368002BC7D02046FEF76D
:100700001BFC784305F800902046FEF715FC07FB1C
:100710000055A8681AF058FAB8E7C94300EB8300FF
:1007200020F063F9E1E703B0BDE8F08F500200204C
:100730001294050064660500D02500203A94050057
:1007400037B502EBC303044608469A4202D16FF064
:100750005E0010E0114611F8085BA54211D1038A32
:100760005178994209D90848084A009401211EF09D
:100770004EFC6FF0150003B030BD53689847002061
:10078000F9E70A46E1E700BF646605006D940500DD
:100790002DE9F8430C461AF02DFFE168238A0A7808
:1007A000022A71D0042A0BD013463C483C4A01214E
:1007B00020F000F92046FEF75FFC6FF015040AE018
:1007C000022B0DD8374A3548012120F0F3F8204696
:1007D000FEF752FC00241AF021FF2046BDE8F88302
:1007E00048783E280AD1032B01D12F4AEBE7CB787A
:1007F000012B01D00A2B47D1032604E020F0C5F8D5
:100800000646F0073ED504F10C0528461EF0E6FD2D
:10081000012107462846B4F810901EF0BFFD0221C2
:1008200028461EF0C3FD804600783E2816D1E368B6
:100830001B78012B2CD00A2B2AD002251B4A1C49DD
:100840001C4841F2F3031DF0B2FB002383F311882F
:10085000BFF36F8F0323184602DF04E020F095F802
:10086000C1070546EAD5144A98F800000623214638
:1008700020F0D8F8AA070DD56369A4F8109013FAF0
:1008800087F7E760B307A5D52046FFF76DFDA1E721
:100890000325E8E72046FEF7EFFBF3E76466050073
:1008A000359505008F940500AB940500CB940500A9
:1008B000FF94050018950500206E050010B5012174
:1008C00004460C301EF072FD2146034A0078BDE854
:1008D0001040022320F0A6B8506E050073B53E48C4
:1008E0001EF0CAFC0446002873D000F10C0528460F
:1008F0001EF064FD0228034603D0042847D0374A7F
:1009000003E0238A032B05D8354A3648012120F01D
:1009100051F813E0042128461EF048FDFF234288C9
:1009200006882376238AC6F30B009A42608309D097
:100930002C48009201212C4A1EF069FB2046FEF74C
:100940009BFB12E00F2102F0F7FB054610B9638B09
:10095000264ADAE702F026FC320B207621462846AA
:1009600002F01EFA284602F095FA214BD3F84C31DA
:100970007BB32049204824F03CFE031E29DA1F4A9D
:100980001848012102B0BDE8704020F013B8284695
:1009900002211EF00BFD054600783E2812D01FF004
:1009A000F4FF10F002060DD1154A1649164840F61C
:1009B00063431DF0FCFA86F31188BFF36F8F0323A6
:1009C000184602DF114A28780623214620F02AF82B
:1009D000B4E702B070BD00BF54020020DE950500F0
:1009E00049950500646605006A9505008E95050029
:1009F00008010020F8030020081600209E92050040
:100A0000CB940500B095050018950500606E0500B3
:100A100010B5012104460C301EF0C8FC2146034AE3
:100A20000078BDE8104009231FF0FCBF906E050060
:100A3000F8B5012100AF04460C301EF0B7FC067873
:100A4000114A002321463046FFF77AFE5F3018D165
:100A5000258AE0682946FFF7A9FA6C468AB06A46FB
:100A60000A4BC2E9053640F202439384084BC2E9BF
:100A700007504FF4325142F8103F06481FF0B2FFC2
:100A8000A546BD46F8BD00BFD86E0500F29505002D
:100A900005000001646605002DE9F04F83B0D0F831
:100AA0000C80018A98F80040012303EB84038B42F9
:100AB00000AF62D96D468AB06A463248C2E9073152
:100AC0000523C2E905044FF4215142F8103F2E4896
:100AD0001FF088FFAD460C37BD46BDE8F08F2B4AAE
:100AE00029484B4601211FF065FF013598F8003079
:100AF0009D42F0DA08EB85030F21B3F80190B3F8BB
:100B00000360484602F018FB04460028E7D000F1D5
:100B1000C00936B1636943B91B485A4601211FF029
:100B200047FF204602F0B6F9DFE7A1691A68626163
:100B30008B4208BFA26120467B6002F0CFF81AF01A
:100B400043F87B68C3F800A0226A9AB9C4E9073366
:100B5000BFF35B8F59E8003F013B49E80032002AB0
:100B6000F8D1BFF35B8F00212046013E02F0C2F8AE
:100B7000B6B2CEE713602362EAE70025DFF810B0D3
:100B8000AA46B3E724960500646605004F96050063
:100B90006B96050008B501F0AFFBBFF35B8F084B08
:100BA0001A68BFF35B8F02F00B02BFF35B8F53E851
:100BB000001F43E800200028F9D1BFF35B8F08BD78
:100BC000DC01002010B5C1E900239DF808300B724C
:100BD0000C46FEF7B1F9034B0C2202FB00335C60BC
:100BE00010BD00BFD0250020F8B502460B461048C6
:100BF0001EF029FB0446C0B104210C301EF08AFB14
:100C00002046FEF799F90B4D0C2707FB00500026F4
:100C100046802046FEF790F907FB0050866020468C
:100C2000FEF78AF907FB00556E602046F8BD00BF4D
:100C30004C0A0020D025002029289ABF014B185CBF
:100C400009207047EA9A050070B5C368B3F80160DF
:100C50001D780F21304602F06FFA044638B933464A
:100C6000184A1948BDE8704001211FF0A3BE65B1C4
:100C70002846FFF7E1FF29460246204602F04CFDD8
:100C80002046BDE8704002F005B98678012EEFD10C
:100C900007F060FC20461FF060FE0028E8D1052028
:100CA000FFF7CAFF05210246204602F035FD314616
:100CB000064A05481FF07CFE0521204620F026F953
:100CC000DEE700BF0C920500646605008296050011
:100CD0002DE9F041C668B6F8017035780F21384625
:100CE00002F02AFA044638B93B46214A2148BDE8B9
:100CF000F04101211FF05EBE45B12846FFF79CFF81
:100D000029460246204602F007FD08E0F278C37A41
:100D1000934209D1184A174802211FF04BFE204682
:100D2000BDE8F04102F0B6B88378C272012B05D05D
:100D30000020FFF781FF00210246E3E70AB107F038
:100D400009FC20461FF009FE0028F1D10520FFF71D
:100D500073FF05210246204602F0DEFC074A0548E3
:100D600001211FF025FE0521204620F0CFF8D6E70F
:100D70000C92050064660500A896050082960500A1
:100D800010B592B004460749442201A824F06BFF35
:100D9000102C9BBF12AB03EB8404034854F8440CA3
:100DA00012B010BDA8670500D7960500034B014699
:100DB000D3F86C0182689268104700BF08010020D8
:100DC0002DE9F84F042100AF46481FF0F5FD6D46B0
:100DD00001F092FA88B06A46434B5361434B9361EA
:100DE0004FF400739383424C424B42F8103F4FF450
:100DF000E6514148414E1FF0F5FD414BE279AD46C9
:100E00002046012A88BF1E46FFF7F2F88AB06A46DC
:100E10003C4BD061C2E905363B4B13623B4B42F879
:100E2000103F35483A4EDFF8EC80DFF8CC904FF4B5
:100E300023511FF0D7FDA346AD460125E3799D421E
:100E40000BF1070B38DB94F870502846FFF798FF3A
:100E50006E468CB0B4F87210B4F876306A46DFF89B
:100E6000B8C05362C2E907512C4B4FF40075C2E978
:100E700005C015854FF4535142F8103F1E481FF02E
:100E8000B1FDB54694F871603046FFF779FF8AB03E
:100E9000B4F874306A4622499584C2E90763214B4D
:100EA000C2E9051042F8103F13484FF433511FF0C8
:100EB00099FDBD46BDE8F88F5846FFF799F8EA4618
:100EC0008AB06A4640F20133C2E90565D0611384F5
:100ED0004FF4135142F8108F48461FF083FD01353F
:100EE000D546ABE7DC010020E3960500F59605004A
:100EF000080100200300000164660500B3840500BA
:100F0000DF960500009705000002010304000002BF
:100F10000F9705000400000120970500060000015E
:100F20005E970500050000010048704785970500A1
:100F300001481AF05BB800BFE803002070B5054611
:100F40000C4659B94FF0FF304FF0FF31FFF74CFE20
:100F5000044618B96FF06805284670BD2046FDF7B5
:100F6000EBFF194B0C2202FB0033A61830465D80C4
:100F70001EF034FA03280BD9032130461EF0FDF988
:100F80000580238A033B8370012130461EF0FDF962
:100F900040F635439D420FD12046FFF707FF054637
:100FA0000028D9D00346094A094801211FF002FD53
:100FB0002046FEF761F8CFE70648214624F052FAB2
:100FC0000025FFF7B5FFC7E7D02500209397050060
:100FD000646605005C020020F0B5C5682F88BCB2CD
:100FE00087B00121204602F0A7F8064640B9284AFA
:100FF00028482346012107B0BDE8F0401FF0DABCC5
:1010000002ACD5F80220D5F8063001946989009128
:1010100021F0E7FC48B34FF0FF304FF0FF31FFF70E
:10102000E3FD054648B91C4A1A4801211FF0C0FCDF
:10103000304601F02FFF07B0F0BD12210C301EF03A
:1010400074F90346224623F8027B06AF144603CC0C
:10105000BC4218605960224603F10803F6D12946C4
:1010600042F21A00FFF76AFFE2E74FF0FF304FF05D
:10107000FF31FFF7B9FD04460028D4D002210C301F
:101080001EF053F92146078042F21B00EAE700BF39
:101090005892050064660500B597050073B5C368EE
:1010A000D9789A781E8842EA0122ADF80020597951
:1010B0001A7942EA0122ADF80220D9799A7942EAF6
:1010C0000122ADF804201A7A5B7AB4B242EA032313
:1010D00001212046ADF8063002F02EF8054658B939
:1010E0001D481E4A012123461FF064FC02212046B0
:1010F0001FF0D2FC02B070BD694602F0A1FA38B907
:101100001E2120461FF0C8FC284601F0C3FEF1E76F
:101110004FF0FF304FF0FF31FFF766FD0446002827
:10112000F2D00E210C301EF000F900230680C0F82A
:101130000A30BDF800304380BDF802308380BDF82E
:101140000430C380BDF806300381214642F22000FE
:10115000FFF7F4FED8E700BF64660500589205006B
:1011600038B502460B462B4DD5F8541109B900206D
:1011700038BD05F5987019F061FD0028F7D10022FF
:10118000002305F5AA7019F0EDFC044668B9224A5F
:101190002249234840F673431CF009FF84F3118869
:1011A000BFF36F8F0323184602DFD5F848315BB1D8
:1011B0001C4A1D4801211FF0FBFBD5F84801FDF733
:1011C0005BFF0023C5F8483120461EF06BF8C5F8D8
:1011D00048012046FFF7EAFD0346C8B1134A12480A
:1011E00001211FF0E7FB124819F0EEFC2046FDF745
:1011F000A3FE104B0C2202FB0033588818B1224684
:101200001F21FFF701FA2046FDF736FFFFF790FE9A
:101210000120ADE708010020CB940500B591050041
:1012200018950500CC9705006466050093970500A6
:1012300038020020D02500202DE9F04F87B0064667
:1012400000AF90460C4671B94FF0FF304FF0FF31C0
:10125000FFF7CAFC044668B96FF0680528461C37DA
:10126000BD46BDE8F08F887AFDF75EFE524B8342A3
:1012700040F09C8001220021384624F00CF92046E1
:10128000FDF75AFEDFF834B10C2303FB00B0876092
:1012900020461EF007F801463046FFF74FFE054690
:1012A00018B12046FDF7E8FED8E724F0EDFE444BE8
:1012B0001A58444B9A421ED1434824F0E8F80021C2
:1012C00082464FF4A020FFF74BFF814688B93F4A82
:1012D0003F4940484FF4F9731CF069FE3E483146DF
:1012E0001CF065FE89F31188BFF36F8F0323184646
:1012F00002DF5445E0D14FF4A0220023384619F014
:101300009DFC814698B14FF4FC73304A3349314813
:101310001CF04DFE32484A4631461CF048FE002380
:1013200083F31188BFF36F8F0323184602DF204633
:10133000FDF702FE0C2358431BF80090B9F1000F93
:101340002DD06D468AB06A46264BC2F81C90C2E981
:101350000536254B136240F202439384234B42F837
:10136000103F23484FF432511FF03CFB2046AD465E
:10137000A9F10909FDF780FEB9F1090F0CD8DFE8E2
:1013800009F0180B0B08050B0B0B0B156FF00B0579
:1013900064E76FF00C0561E76FF004055EE7B8F1F4
:1013A000000F3FF47EAFC8F8004057E76FF0150517
:1013B00054E76FF06E0551E74C0A0020D02500205D
:1013C00008000000982200205C020020CB94050059
:1013D000E797050018950500EF9705000F980500A1
:1013E000189805005D980500B3840500050000010C
:1013F0006466050010B5F7F717FC034B1B6813B1C3
:10140000BDE81040184710BDE825002073B52A4DEF
:101410000646D5F86C0123F063FE48B9274A2848F0
:1014200001211FF0C5FA6FF01204204602B070BD12
:101430006FF0020105F1D4001FF0D7FA01211FF06F
:10144000BBFA10EA010434D11E4B1E600A4605F5B2
:10145000987024F020F805F5AA7023F0C4FF1A480C
:1014600024F0F2F81949184800946FF007034FF47C
:10147000966219F0C1FD1649134824F04FF9D5F8CA
:101480006C01144983681B689847044630B10346D1
:10149000114A0B4801211FF08DFAC6E726B902B0A8
:1014A000BDE87040F7F7C0BB05F1C40019F09EFD20
:1014B000BBE76FF07704B8E708010020DD9905006D
:1014C00064660500E8250020081600204082002000
:1014D000F599050091070300FE990500F0B587B066
:1014E00006460DF10B01002000F0A0FD0546002886
:1014F00045D14FF0FF304FF0FF31FFF775FB074646
:1015000000283FD019210C301DF00FFF294604465A
:10151000192224F0B6FB1D4A9DF80B30237392F874
:10152000211192F82031994294BF06F1700106F121
:101530007E01601D1FF04FFA93892380D389638059
:10154000B6F88830A4F80D30B6F88A30A4F80F3019
:10155000B6F88C30A4F81130B6F88E30A4F81330F9
:1015600001230B4A009303A907233846FFF72AFB00
:101570000022394642F20D00FFF75EFE054628467E
:1015800007B0F0BD6FF06805F9E700BF0801002063
:10159000DC010020F8B5022800AF05463FD100214C
:1015A0000246084602F096F9044680B9264A2748C2
:1015B00001211FF0FDF903201FF01EFC034620B19E
:1015C000234A224802211FF0F5F9BD46F8BDBFF3BA
:1015D0005B8F4368BFF35B8FDB0706D5032101F008
:1015E00099FC204601F056FCE5E7403024F03EF837
:1015F00010F00C0608D11548164A29461FF0D8F9F4
:10160000257331462046EAE72046FFF767FF0028AA
:10161000E7D0114A0D4801211FF0CAF9E1E76C46F5
:101620008AB06A460D4BC2E905300D4BD36140F2DA
:10163000013313840B4B42F8103F04484FF412510E
:101640001FF0D0F9A546C0E71A9A050064660500A8
:1016500032920500389A05005E9A05007A9A0500D4
:10166000B38405000400000130B54FF0FF3087B0AF
:101670004FF0FF31FFF7B8FA044670B10025084A71
:10168000009503A90723FFF79DFA2A46214642F257
:101690000E00FFF7D1FD07B030BD6FF06800FAE72C
:1016A000DC0100202DE9F04385B0604AB0F80190DC
:1016B000118849F47043994200AF054647D05188DC
:1016C000994246D10123002122F81310584A12F8FA
:1016D000038000F039FBEB78012B08BF554B05F177
:1016E000040630460CBF93F86F4000241FF0D5F875
:1016F000314688B307F108001FF0C4F8D5F811305F
:10170000C7F80130B5F81530A7F8053001233B7054
:10171000E87870B33046FEF76BFC6C4688B06A46DA
:10172000454BC2E905304FF400739383434B444863
:1017300042F8103F4FF4E2511FF054F91321A5462F
:1017400048461FF0C7F91437BD46BDE8F0830023B3
:10175000B9E74FF00008BCE720461FF006FB014642
:1017600007F108001FF037F9314638461FF033F90A
:10177000CEE7022207F1080102F0ACF8EB7804464C
:1017800023B930486FF080011FF02FF9002CC1D031
:101790002046B5F8013020F8703B07F108011FF032
:1017A0001AF9B5F81730A4F88630B5F81930A4F84E
:1017B0008C30B5F81B30A4F88E300022EB78227301
:1017C000214AE370C4E928226BB9394604F17E004E
:1017D0001FF001F9217A174BC1EBC101194404F143
:1017E00077001FF0F8F80721204601F093FBB8F1CD
:1017F000000F05D084F80C800121204601F08AFBFF
:10180000204601F00BFD204601F044FBE378002B5D
:1018100099D103201FF0F0FA0346002893D00B4A19
:10182000074802211FF0C6F88DE700BF4054002092
:101830004E57002008010020969A05000300000181
:1018400064660500DC0100201B004801329205009F
:1018500000B5C168087889B020B109B05DF804EB23
:10186000FFF798BEB1F80130ADF80130CB788DF8B4
:1018700000008DF80330B1F80B30ADF81730B1F837
:101880000D30ADF81930B1F80F30ADF81B304B7C8E
:101890008DF81D30043101A81FF09DF8084B6846F3
:1018A0001A689B88CDF80B20ADF80F30CDF81120C9
:1018B000ADF81530FFF7F6FE09B05DF804FB00BF88
:1018C0005A91050038B5042104460C301DF06EFD18
:1018D000034640885D7818B119782246FEF794FED9
:1018E00035B1044819F070F9BDE83840FFF720BB66
:1018F00038BD00BF38020020B0B50321044600AF58
:101900000C301DF053FDE3680578B0F8010019783C
:1019100040F63543984215D16C468AB06A460F4B63
:101920000F48C2E905310F4BD36140F201331384F4
:101930000D4B42F8103F4FF412511FF053F8A546DB
:10194000BD46B0BD10B12246FEF75EFE002DF7D0B9
:10195000064819F039F9FFF7EBFAF1E7B29A0500FA
:1019600064660500B384050004000001380200200D
:1019700070B54FF0FF320D464FF0FF3300210646A1
:10198000FEF702FC044660B90A4A0B490B481A23C9
:101990001CF00DFB84F31188BFF36F8F03231846EF
:1019A00002DF022104F10C001DF0BFFC067045703F
:1019B000204670BD239C0500B591050018950500D3
:1019C000F8B50A4DEF7906460024E3B29F4202D8EB
:1019D0006FF0010007E0294630461FF034F9073563
:1019E000631C08B12046F8BD1C46EEE70801002044
:1019F00037B504460D4671B1124928461FF023F948
:101A000048B91148C4EBC404294620441FF025F905
:101A1000002003B030BD68461EF026FF0028F8D134
:101A20006846FFF7CDFF0028F5DA074BC4EBC4008A
:101A3000184469461FF011F9002DE9D001462846E7
:101A4000E4E700BF4D91050008010020034BBFF300
:101A50005B8F1868BFF35B8F704700BFDC0100200D
:101A600070B51A4E06223146054624F012F938B3F5
:101A70004FF0FF304FF0FF31FFF7B6F8044608B3E0
:101A8000062229460C301DF056FC2146002242F267
:101A90000500FFF7D1FB044648B110F10D0F04D14A
:101AA0000B4A0C4802211FF0D6F8204670BD334681
:101AB0002A6843F86929AA88B280012283F868203D
:101AC0000024F2E76FF06804EFE700BF7101002027
:101AD000599C05006C660500084BBFF35B8F53E80B
:101AE00000CF4CF4806C43E800C2002AF7D1BFF36A
:101AF0005B8F037A19430172704700BFDC0100203D
:101B00002DE9F341002104460222084601F0E2FEDD
:101B1000054648B120460121FFF7DEFF284602B006
:101B2000BDE8F04101F0B6B9FFF790FF8206C0F3BF
:101B3000401702D5284600F0F7FB3C4D95F82131BF
:101B400083B100201FF0CDF860B1394A0221394835
:101B50001FF081F8002F65D0012002B0BDE8F041F0
:101B600000F0E2BB95F8212195F820319A4218D176
:101B7000314A304802211FF06EF80022114642F22D
:101B80002900FFF759FB10B12C4A0121DFE795F836
:101B90002131013385F82131237A43F00403237284
:101BA000D8E7224604F1010812F82A0B41461FF03B
:101BB0005BF8064610B1224A01210EE095F821316A
:101BC000013385F82131237A43F00403237295F819
:101BD000A7305B0708D41B4A022116481FF03BF8C8
:101BE00001201FF07EF8B5E7414668461FF035F842
:101BF00001234FF0FF304FF0FF318DF80730FEF733
:101C0000F3FF044660B1082269460C301DF093FBD7
:101C10003246214642F24E00FFF70EFB0028DFD08D
:101C2000094AC9E702B0BDE8F08100BF0801002001
:101C3000689C05006C6605008D9C0500BE9C050037
:101C4000DE9C0500FE9C0500289D050000212DE975
:101C5000F84302220446084601F03CFE054640B126
:101C600020460221FFF738FF2846BDE8F84301F07F
:101C700011B9FFF7EBFE8306C0F3401802D52846E2
:101C800000F052FB00201FF02CF82A4D064698B1B8
:101C9000294A0346012129481DF0AFF995F8213161
:101CA00013B101201FF01DF8B8F1000F3FD0BDE8BF
:101CB000F843012000F038BB95F8213195F8202138
:101CC0009A420CD2013B85F82131237A1C4923F03A
:101CD000040302462372022006F034FDDEE74FF0D3
:101CE000FF304FF0FF31FEF77FFF04F10109074697
:101CF00068B107210C301DF018FB49461EF0ADFFFE
:101D00003246394642F22800FFF796FA28B10D4ACA
:101D10000A4801211EF09FFFC0E795F82131013BE1
:101D200085F82131237A23F004032372B6E7BDE856
:101D3000F88300BF08010020439D05006C66050084
:101D4000CD0C0500709D05000A4BBFF35B8F53E877
:101D5000002F22F4806143E800100028F7D1BFF380
:101D60005B8F530504D504490022022006F0EABC2B
:101D7000704700BFDC010020B30D050007B500234C
:101D8000CDE9000304496A46022006F0DBFC019815
:101D900003B05DF804FB00BF150D050010B4034649
:101DA00070B10A4991F8204191F821210CB1944277
:101DB00008D2013281F821211A7A42F004021A7203
:101DC00010BC704710BCFFF79BBE00BF080100208D
:101DD00010B4034698B10B4C94F8201194F82121CB
:101DE00029B101318A4203DC10BCFFF72FBF12B1C9
:101DF000013A84F821211A7A22F004021A7210BCE6
:101E0000704700BF0801002070B50446B1B9C0B1E9
:101E100022491EF018FF48BB2046FFF7D1FD0028DD
:101E200035DA2378012B04D1A37903F0C003C02B4A
:101E30001CD01B4A1B4801211EF00DFF6FF015003E
:101E400070BD194BDB79012B24D0FFF7FFFDC207D2
:101E5000F4D5154DEE792146731C3046EB71FFF732
:101E6000C7FD90B1EB79013BEB71E9E70E4BDB79F4
:101E7000012B0FD0FFF7EAFDC307EAD4074920463C
:101E80001EF0E1FE0028E4D0D8E73046D8E76FF036
:101E90007700D5E76FF00B00D2E700BF4D9105004A
:101EA000959D05006C660500080100202DE9F341B1
:101EB000044640B91A4A1B4802211EF0CCFE0020FD
:101EC00002B0BDE8F08101AA002141F20900FFF74C
:101ED000B3F9054608B1144AEDE7019E1349D6F857
:101EE0000C8008F101070622384623F0D2FE28B103
:101EF0000F490622384623F0CCFE18B93046FDF7CC
:101F0000BBF8DCE7D8F80130C4F80130BB88A4F88E
:101F1000053030462570FDF7AFF80120D0E700BF4F
:101F2000C39D05006C660500DC9D05005A91050007
:101F30005491050007B56846FFF7B8FF044BD87108
:101F400018B169460020FFF753FD03B05DF804FBAC
:101F500008010020F0B5304DEC7989B0002C53D148
:101F600095F8C26016F0010610D12C4A2C480221C7
:101F70001EF071FEEC71162600240127EB79E0B209
:101F800098422CD3002B3FD000203BE06A462146EC
:101F90004FF60940FFF750F908B1224AE6E7DDF8AD
:101FA00000C0DCF80C104B7823B96046FDF764F8EC
:101FB0001D4ADBE78B1C02AA01F11204186859685C
:101FC000174603C70833A3423A46F7D1186838606A
:101FD0009B88BB806046FDF74FF83446CAE708ABE4
:101FE00006FB0033694653F8182C33F8143CCDF83F
:101FF0000120ADF805308DF80070FFF7F9FC0134D1
:102000000028BBD009B0F0BD0021084609B0BDE8EA
:10201000F040FFF7F9BE00BF08010020FA9D05005F
:102020006C660500269E0500469E050038B50C46E8
:1020300061B108480578012D04D10130FFF710FD8A
:1020400008B138BD002525700020FAE76FF01500B3
:10205000F7E700BF0801002038B5104DEB7913B148
:102060000024204638BDFFF765FF044628B10C4A1E
:102070000C4801211EF0EFFDF3E7EB79002BEFD1C7
:10208000FFF768FF04460028F1D1681CFFF7E8FC61
:1020900004460028E5D0044AEAE700BF0801002012
:1020A0006F9E05006C6605008E9E050070B50546A6
:1020B00086B00E464FF0FF304FF0FF31FEF794FD33
:1020C0000446A0B102210C301DF02FF9094A4670D8
:1020D000057003A9204600950523FEF773FD002235
:1020E000214642F20C00FFF7A7F806B070BD6FF072
:1020F0006800FAE7DC01002008B50C4B02464009F5
:1021000003EB80001EF072FE02F01F0340FA03F39F
:1021100013F0010006D122B905481EF067FE40F316
:10212000C01008BD6FF07700FBE700BFEC25002072
:10213000DC0100200A4ABFF35B8F430902EB8302F4
:1021400000F01F0001238340DB4352E8000F1840DA
:1021500042E800010029F8D1BFF35B8F704700BF50
:10216000EC25002030B587B05D480022002318F030
:1021700031FC002840F092805A485A4D1EF036FE3D
:1021800010F0010345D02B1D93E8070006AB03E9CF
:10219000070055481EF02AFEC0F3401351481EF0B8
:1021A00025FE014600286BD073B10C224F490DEB80
:1021B000020023F06EFD00286BD000210846FFF7D7
:1021C00075FF0446002865D100239DF80C00ADF88A
:1021D0000930BDF80E30ADF80530BDF81030ADF85F
:1021E0000730431E8DF8040058420DF10901584193
:1021F0001EF0EFFD044600284CD14FF0FF304FF0A9
:10220000FF31FEF7F1FC0546002849D16FF0680464
:1022100040E03548364A1EF0E9FD10F0800F0ED040
:102220009089D1891269ADF80E004FF48074ADF831
:102230000C40ADF81010ADF812300592A9E72D4C06
:102240002068616803AB03C3A068186092F8D930B6
:10225000180748BF0523234848BF8DF80D301EF0EE
:10226000C5FD810706D53023ADF810306023ADF8E9
:102270000E308EE71B481EF0B9FD4207F3D488E705
:102280003BB1FFF713FF044620B9184B2861C3E99F
:1022900001000024124818F015FC204607B030BD9C
:1022A000072201A90C301DF046F82246294642F2C9
:1022B0000B00FEF7C1FF04460028EBD19DF80D107E
:1022C000012001F00101FFF7F1FE04460028E1D1F1
:1022D00006AA12E90700054B83E80700D9E700BF0B
:1022E00008260020EC250020DC010020FC25002031
:1022F00008010020F467050010B5094C44220021B4
:10230000204623F0BEFC04F11C0022F0DBFF04F1A8
:10231000300022F0D7FF034B00221A6010BD00BF2F
:10232000EC25002038260020044B597C003801F0B1
:10233000010118BF0120FFF7B9BE00BFEC25002046
:10234000032838B5054603D1BDE83840FFF70ABF7A
:10235000FFF7D2FE0446C8B9BFF35B8F0C4B6A0986
:1023600003EB820305F01F0101228A4053E8000FAE
:10237000104343E800010029F8D1BFF35B8FFFF75A
:10238000F1FE044610B12846FFF7D4FE204638BDC2
:10239000EC2500202DE9F04F00F10C068DB004462D
:1023A00030461DF00BF801908848DFF824A21EF09B
:1023B0001DFD00F00103854804931EF017FDC0F3D6
:1023C00080030393019B13B90DB0BDE8F08F049B0C
:1023D00013B9039B002BF7D0238A082B07D87D4A1B
:1023E0007D4801210DB0BDE8F04F1CF0FDBD092175
:1023F00030461CF0DBFF037A228A01339A420546FD
:10240000EDD30123ADF82C307F238DF82630037AED
:10241000034400F101085B7A8DF82530FF238DF825
:1024200024300023ADF82A3002788DF82720042AC2
:102430009CBF6A4B9B5CADF82830037A63480293DB
:102440001EF0D4FC00F0010760481EF0CFFC81466E
:102450006FB1BDF828305A0709D5297A30460131C5
:102460001CF09CFF019B013BDBB20193AAE74046B5
:102470001EF013FA00284ED0414606A81EF002FABC
:1024800017B919F0040F5CD1DAF80030B3B1304657
:102490001CF0A4FF029BB4F810B0DAF8007023829D
:1024A000814633469DF827209DF9251006A8B84798
:1024B0006369A4F810B013FA89F3E36006AB0893DC
:1024C000474B1A68002A3AD0136803B1083B52F808
:1024D000081CB9B11F46A2F10803304605931CF051
:1024E0007DFF029BB4F810B02382059B81461B68D8
:1024F000314608A898476369A4F810B013FA89F325
:10250000E3603B46DBB19F681A68B7B1083F002A19
:10251000E3D13B46F7E76B78FF2B09D1314B1868C5
:1025200006909A889B798DF81E30ADF81C20A7E79D
:1025300041461EF01AFC0346F1E7002ACDD10023E4
:1025400008932248BDF828301EF050FC10F0010717
:1025500083D1DB0781D5032206A9384601F0BAF9F9
:10256000814600283FF479AF02201EF045FCD5F8E3
:102570000130C9F87E30B8F80430A9F8823098F8F4
:10258000063089F8843048461EF0A2FAA8B11F230D
:1025900089F80C303946484600F0BCFC484600F04B
:1025A00079FCFFF7DFFD034600283FF456AF0E4AE3
:1025B000094802211CF021FD4FE74846022100F0A6
:1025C000A9FC484600F066FC47E700BFEC25002068
:1025D00038260020B19E05008C660500CA9E0500C5
:1025E000302600204D91050032920500F8B50546D1
:1025F00022481EF0FBFB43070F463CD52A78012AF0
:1026000003D96FF015042046F8BD6B780F2BF8D86E
:102610006888031F9BB243F6FC74A342F1D8A988D3
:102620000B1F9BB2A342ECD88842EAD37AB9144874
:102630000022002318F0CEF904460028E3D1FFF76A
:102640005BFD044640B10E4818F03CFADBE71EF093
:10265000AEFB0028EBD1D4E728686968094E0A4B25
:1026600003C6A868306020461F60FFF769FE044675
:1026700006F12400E8E76FF00A04C4E7DC0100205B
:102680001C260020F025002038260020024B0020C8
:1026900018601EF0B1BB00BF3826002008B5034803
:1026A0001EF0A4FB00F0010008BD00BFEC250020D7
:1026B00070B59AB0414B03931422002104A823F073
:1026C000E0FA44F2010309A809931EF09EFB099B5E
:1026D000059301A93A4B069303A817F043FB034661
:1026E00038B3384A384801211CF087FC1F25374B86
:1026F000BFF35B8F53E8001F21F0010143E8001294
:10270000002AF7D1BFF35B8F314E18F073FF3468A6
:10271000002C4BD0002DA4F104042E4D18BF002531
:1027200023680BB1284698476468002C3ED0043CCF
:10273000F6E702AB0198412209A921F023FF0346E5
:1027400008B1254ACEE7254A0DF125030DF16501B3
:1027500053F8040B42F8040B8B42F9D102AB204929
:102760000198202221F0B3FE034608B11D4AB9E7C3
:10277000019821F062FE054610B11B4A0346B1E7FD
:10278000164914481EF04EFB184820311EF04AFB33
:10279000BFF35B8F164B53E8001F41F0100143E875
:1027A0000012002AF7D1BFF35B8FA0E70023C6E930
:1027B000003318F033FF1AB070BD00BF1271000172
:1027C00000000209D79E0500546605003C26002043
:1027D00044260020B0570020F59E050070570020C9
:1027E00050570020189F05003C9F0500D05700203F
:1027F000DC01002030B5A7B004233D22002116A83B
:10280000159323F03EFA324B07931422002108A8B7
:1028100023F037FA44F201030DA80D931EF0F5FAE8
:102820000D9B09932B4B0A932B4905AB202207A83C
:1028300021F0D4FE034600B3284A294801211CF0A8
:10284000DCFB6FF0040418F0D5FE264B1D6885B143
:1028500000201860244BBFF35B8F53E8001F21F06A
:10286000020143E80012002AF7D1BFF35B8F44B3A3
:10287000A84718F0D3FE27B030BD1C4B0DF1550210
:1028800003F14000194653F8044B42F8044B8342CD
:10289000F9D106AB02932023CDE900130D48059929
:1028A000412315AA21F0E5FF034608B1104AC4E709
:1028B000059821F0C2FD04460028C4D00D4A034605
:1028C000BBE70DA809491EF0ADFA0DA8D0E700BF7F
:1028D0001271000100000209505700205C9F0500A2
:1028E00054660500402600203C260020705700203A
:1028F000929F0500AE9F050008B50449402223F0D1
:10290000C8F9B0FA80F0400908BD00BF16A0050064
:1029100010B598B0142204461B4B0193002102A865
:1029200023F0AFF94FF4804307A807931EF06DFA28
:10293000079B0393154B0493214604230DF11D00BF
:102940008DF81C301EF06EFA04F120010DF13D00EF
:102950001EF068FA6B46412207A901A821F03EFE4D
:10296000044601A822F0E3F82CB9009821F065FD97
:10297000012018B010BD0648064A234601211CF06C
:102980003CFB0020F5E700BF1241000100000209F6
:1029900054660500CB9F050010B500283FD0234AA0
:1029A000136823B1043B98423CD05B68F9E7204BA5
:1029B000BFF35B8F1968BFF35B8F890707D51D488D
:1029C0001D4A02211CF010FB6FF00F0010BD1468AF
:1029D0004460011D5068116000B95160BFF35B8F06
:1029E00053E8002F42F0010143E800100028F7D11E
:1029F000BFF35B8FD30701D50020E7E70F4BBFF391
:102A00005B8F53E8001F21F0100143E80012002AF9
:102A1000F7D1BFF35B8F0A48FDF74CFBECE76FF093
:102A20001500D3E76FF07700D0E700BF4426002001
:102A30003C26002054660500EF9F0500DC010020C5
:102A400018040020054BBFF35B8F1B680448BFF3DD
:102A50005B8F13F0100F08BF00207047DC010020CF
:102A6000B057002070B505461E4803688B4232D02F
:102A7000BFF35B8F1C4B1B68BFF35B8FDA062DD552
:102A8000036813B16FF00F0070BD184ABFF35B8F7E
:102A90001368BFF35B8FDB07F4D4BFF35B8F52E89F
:102AA000003F43F0020442E80046002EF7D1BFF396
:102AB0005B8F13F00204E5D101600D4829461EF03A
:102AC000B1F90C4805F120011EF0ACF90A48FDF7F8
:102AD000F1FA2046D8E76FF07700D5E76FF07C0079
:102AE000D2E700BF40260020DC0100203C26002069
:102AF00070570020905700200804002070B50C4B40
:102B00001C68054644B154F8203C203C13B1297B95
:102B100028469847246AF5E7064C074EB44200D38E
:102B200070BD236813B1297B284698472434F5E704
:102B300090260020D0650500F465050010B5044618
:102B4000FCF7FAF9044901EB001120461DF0E6FEFE
:102B5000BDE81040FEF7ECB94C26002070B5D1E975
:102B6000015600220446C1E90122064822F07AFCFF
:102B70003DB1314620462B466FF06D02BDE87040F6
:102B8000184770BD8409002070B505460F48002223
:102B9000002318F053F8B8B90D4B1C6834B154F841
:102BA000183C203C03B19847246AF7E7094C0A4EC9
:102BB000B44204D32846BDE8704018F017BAA368A1
:102BC00003B198472434F3E770BD00BF48090020E3
:102BD00090260020D0650500F46505002DE9F84336
:102BE000DFF85480044620270025EFF3118387F394
:102BF0001288BFF36F8FE16929B983F31188BFF39E
:102C00006F8FBDE8F883206A0A68E261814208BFDD
:102C1000226283F31188BFF36F8FD1E901694046C7
:102C2000C1E9015522F01EFC1EB100224946204692
:102C3000B047FEF77DF9D8E78409002013B50446B4
:102C40000430BFF35B8F50E8003F43F4806240E8FC
:102C500000210029F7D1BFF35B8F590507D41EF07F
:102C600005F9820305D5E17889B101291DD002B0AB
:102C700010BD20461DF052FF034620B1124A1348F2
:102C800001211EF0F9F8637B072BF0D1EBE7104B25
:102C900093F8D930DB070AD402230E4A02210B48ED
:102CA00002B0BDE810401EF0E7B80023F5E70223AC
:102CB0001A46009120461DF06BFF03460028D6D02F
:102CC000054A0121EBE700BF5DA005001466050081
:102CD000080100207EA0050097A005000448B0F878
:102CE0000431002B00F5847008BF0020704700BF3E
:102CF0000801002030B5044623F0C6F90D4A0D4600
:102D00000D490858D2F8901088428BB005D1204662
:102D10000BB0BDE83040FFF761BF243421461046B8
:102D200022F067FC1DB16946204622F072FC0BB010
:102D300030BD00BF982200200800000038B50022F6
:102D400004468A4202D10024204638BD04F1C8035B
:102D50000120BFF35B8F53E8005F002D04D143E8EF
:102D6000000CBCF1000FF6D1BFF35B8F02D0D03462
:102D70000244E6E7002CE6D0C8220021204622F0DB
:102D800080FF04F14000044922F064FC034904F18F
:102D9000240022F003FCD7E7953A03007D0E0500DE
:102DA000F7B516460D4601210446FFF7A3FF012E95
:102DB00023D0022E50D123693BB13048304A012143
:102DC0001CF012F920461EF07DF8256121690B8A5E
:102DD000012B51D9CA681288043292B293424BD364
:102DE00041D9264800920121264A1CF010F92046BC
:102DF00003B0BDE8F0401EF065B8206940B9224A32
:102E00001E4831461CF0F0F820461EF05BF801E049
:102E10002F8A2FB9284603B0BDE8F040FCF72CB943
:102E20000C301CF0DFFA87420CD9184A134831469F
:102E30001CF0DAF821690022204601F015F9002380
:102E40002361E7E720692A8AE9680C301CF073FAED
:102E50002846FCF711F9B9E70D4A08483346012125
:102E60001EF00AF8D0E7002301222046236103B0B8
:102E7000BDE8F04001F0F8B803B0F0BD14660500FD
:102E8000AEA005002EA10500CBA00500E9A005001D
:102E900010A1050008B5C830BFF35B8F50E8003FB4
:102EA000013B40E80032002AF8D1BFF35B8F3BB909
:102EB000044817F089FEBDE80840034818F096B8AA
:102EC00008BD00BF480900203804002010B50446A2
:102ED0001EF001F818F08EFB0C4BD3F8243104F1EE
:102EE000BC012BB90A481DF0A7FF18F097FB06E0BC
:102EF000994208D118F092FB2046FFF7CBFFBDE8BE
:102F00001040FEF715B81B68EBE700BF0801002072
:102F10002C020020F8B5457B8D4200AF04460E46DA
:102F20001AD1082D96BF654B654B53F825306C467A
:102F300088B06A466349C2E905134FF4007393836E
:102F4000614B42F8103F614800234FF4E451FAF717
:102F500069FEA546BD46F8BD4173DDB1022D1CD00A
:102F6000637B082B00F2A68001A252F823F000BF79
:102F7000B92F03005B30030023300300552F0300FB
:102F8000552F0300552F0300552F0300A92F0300D1
:102F9000552F03001DF09FFFE2E78378012BDFD15F
:102FA000403022F065FBDBE74948002118F044FF80
:102FB0000023C4E90D33CDE7082DCBD8DFE805F0B9
:102FC0002A0521172626212A2A0004F14005284631
:102FD00022F04EFB01212046FFF78CFE20461DF01B
:102FE00071FF00220023284618F0A4F8B2E702205F
:102FF0001DF002FF034620B1364A344802211DF07D
:103000003BFF237B13B12046FFF778FD2046FFF7F7
:1030100041FF9FE7304A33462C4802211DF02CFF28
:1030200098E7A378012B95D12C4B9D8A002D91D048
:103030000A235D434FF4004640F2E73000214FF48D
:103040007A720023C5FB0601F4F7C6FC02460B4664
:1030500004F1400018F03AF87CE7237B3E2B0FD1B7
:103060006D4688B06A461E4BC2E90534032342F818
:10307000103F164800234FF4C451FAF7D3FDAD4674
:10308000164D05F58476616911B9FDF751FF61E7C9
:10309000A2690B686361914208BFA3612046FFF7F4
:1030A0005DFDB5F80431002B14BF3046002017F049
:1030B0008BFDE8E70B4A3346AEE700BFEC6E050038
:1030C00049A1050053A10500030000011466050095
:1030D0004804002064A1050095A105000801002016
:1030E000ACA10500D3A105002DE9F047DFF834A01D
:1030F00006460F46904600254FF0D00909FB05A073
:103100001DF0E9FE044620B183781E4206D1FFF788
:10311000C1FE0DB1BDE8F0870125EFE74146B84794
:103120002046F4E7B8160020024900220120FFF7EC
:10313000DBBF00BFB90E05002DE9F041164F054673
:103140000E464FF0000838461DF0C5FE044658B143
:10315000437B012B02D0073B012B03D82388AB42D2
:103160000DD02046FFF796FED037B8F1000F03D000
:1031700000242046BDE8F0814FF00108E3E7A37882
:103180001E42F6D1054A06482B4602211DF074FE68
:103190002046FFF77FFEEBE7B8160020EFA1050001
:1031A00014660500034BC01A034B00115843C0B20C
:1031B000704700BFB8160020C54EECC470B51C4661
:1031C000144305460E460DD00F4922F05DFFD1F89D
:1031D00090400E4909588C4206D10D4A0D480221F3
:1031E0001BF002FF002213460B49002D14BF284696
:1031F00008461CF028F8044618B1711D0C301CF06C
:1032000089F8204670BD00BF982200200800000009
:1032100006A20500146605009C09002010B50446AE
:10322000054817F0E3FE204600F00AFE2046BDE800
:103230001040FFF763BC00BF280400202DE9F04FC9
:1032400087B000AF0023FB607B61BD4B5A8B3AB166
:10325000BC4DD5F824413CB91C37BD46BDE8F08FC4
:103260001B68002BF4D1F7E754F8BC3903B1BC3B21
:10327000B549002601E01C461346B5F80421002A92
:1032800000F05C81D5F810214AB904F1BC06002B8E
:10329000E2D0D3F8BC20002AEDD0BC3AEBE70A68B4
:1032A000002AF2D0D4F8A820002AEED0D4F8AC201E
:1032B000002AEAD0D4F8B020002AE6D0637B072B9E
:1032C00068D120469047002864D004F1C0001DF06A
:1032D000CDFD02285EDC20461DF0FDFD04460028E1
:1032E000BAD0637B072B40F02681D4F8A830B5F81C
:1032F000041107F11002204698478146002800F08B
:103300000D81B5F804213B699A4208D30146D4F8EF
:10331000AC6007F1140307F10C022046B0477B694B
:103320003B60B9F81030D7E9038A002B00F0FD802C
:1033300048461DF009FB7860002840F0F980B5F898
:103340000431DFF808B2002B14BF584600200022D9
:10335000002317F073FC78B97B480022002317F094
:1033600001FC064600283BD1B5F80431002B18BFFC
:103370005E46304617F028FC6FF00B054846FBF719
:103380007BFEB8F1000F00F0B38039682A46204672
:10339000C047ADE0D4F8BC3004F1BC02C6B9D5F8E2
:1033A0002811C5F824318A4201D1C5F828310023FB
:1033B000C4F8BC302046D4F8B0309847002890D0EC
:1033C000637B072B40F0B7802046FFF77FFD88E73F
:1033D0003360D5F828319A4208BFC5F82861E6E77E
:1033E0003B68C0F804808360B5F804B15448DA45FE
:1033F0004FF000024FF000034FF0000198BF1FFA9A
:103400008AFBFBF7BBFD804650B1FBF795FD504BA7
:103410005A4603EB0013494640461DF05AFA8046CF
:10342000B5F8043194F8C4909A4584BF01237B60B9
:103430007B6884F8C4309CBF09F102095FFA89F9FE
:1034400004F1C00ABFF35B8F5AE8003F01334AE83A
:103450000032002AF8D1BFF35B8F04F1140B314620
:1034600058461DF0E9FCA378012B5BD108F10C0351
:10347000042118467B601BF080FF22887B6809F0DE
:10348000FD0942EA09320280B8F81020043A42806D
:10349000022118461BF079FF4046FDF787FC814664
:1034A000002848D0BFF35B8F5AE8003F013B4AE851
:1034B0000032002AF8D1BFF35B8F314658461DF029
:1034C000E0FC4B46234A244801211DF0D5FC404630
:1034D000FBF7D2FD20463146FFF740FBB5F804313B
:1034E0001A48002B08BF002017F06EFB6FF0040590
:1034F0006E4688B06B46194ADC61C3E905251A4659
:10350000042342F8103F14484FF401510023FAF706
:1035100089FB1321B54620461DF0F8FC2046FFF735
:10352000B9FC99E66FF01509BCE76FF0790525E75E
:103530006FF0040522E7FDF7FBFCEFE79368FFDE81
:10354000200A002008010020840900201002002029
:103550004C26002093970500146605002FA2050055
:10356000F8B5031D044618461DF080FC820419D5E9
:10357000B4F88620B4F88810914213D8B4F88A10B1
:1035800091420FD3D4E9231291420BD1BFF35B8F49
:1035900053E8001F21F4005143E80012002AF7D13C
:1035A000BFF35B8F104B1D686DB155F8106C203D5B
:1035B0003EB1B4F88E30B4F88C20B4F886102046B2
:1035C000B0472D6AF0E7094D094FBD4200D3F8BD61
:1035D0002E693EB1B4F88E30B4F88C20B4F8861061
:1035E0002046B0472435F0E790260020D06505003E
:1035F000F4650500F8B50F4B1C6805465CB1203C2E
:1036000000F1A006E36913B1314628469847246AC1
:103610000CB1203CF6E7084C084E05F1A007B44277
:1036200000D3F8BDE36913B13946284698472434DE
:10363000F5E700BF90260020D0650500F465050081
:103640002DE9F041074608460D461DF0F9F90646FA
:1036500018B900263046BDE8F081144B1C6884B1CF
:1036600054F8143C203C0BB9246AF8E72946384644
:1036700098470028EDD028461DF0E2F90028F3D144
:10368000E7E70B4CDFF82C804445E3D2E3680BB945
:103690002434F9E72946384698470028D9D02846E7
:1036A0001DF0CEF90028F3D1D3E700BF902600200B
:1036B000D0650500F46505002DE9F041C3780446A6
:1036C0008BB900F17E06114B1D687DB1203D04F1E0
:1036D00070076B691BB13A463146204698472D6A00
:1036E00025B1203DF5E700F17706ECE7084D094FDD
:1036F00004F17008BD4201D3BDE8F0816B691BB1D4
:1037000042463146204698472435F3E7902600206C
:10371000D0650500F4650500F8B5437A8372054667
:1037200016461DF0CFFD0D4B1C684CB154F8083CFB
:10373000203C1BB1697A324628469847246AF4E750
:10374000074C084FBC4200D3F8BDA3691BB1697A8E
:103750003246284698472434F4E700BF90260020DC
:10376000D0650500F465050038B505460C460F48E0
:103770000221FFF7E3FAC0B1057223680367A3884B
:10378000A0F87430A37980F87630012343728372F5
:103790008370074BC0F8A830064BC0F8AC30064B1E
:1037A000C0F8B030054BC0F8883038BDB8160020DE
:1037B000353D0300590E05004D0E05001800280088
:1037C0002DE9F041104D06460F464FF000082846FF
:1037D0001DF081FB044620B18378012B0CD0FFF74C
:1037E00059FBD035B8F1000F03D000242046BDE8C6
:1037F000F0814FF00108EAE73A4631461DF076FCC9
:103800000028F3D12046EAE7B8160020B0B500AF93
:103810000D46FFF7D5FF044608B32846FCF7E8FB42
:10382000637B082B96BF0F4A0F4B52F823306D462F
:103830008AB06A460D49C2E907030D4B53620D4B2E
:10384000C2E9051442F8103F0B4800234FF44251DF
:10385000FAF7E8F92046AD46FFF71CFB0120BD460C
:10386000B0BD00BFEC6E050049A1050052A20500E5
:1038700001030204050000021466050038B5044681
:1038800013481DF0F3FA420702D46FF00A0038BD66
:1038900008461DF0D5F810B96FF01500F7E7FEF7F0
:1038A000FDFE0028F1D10A481DF0E0FA0306C0F33E
:1038B000C0150AD41DF07BFA0028EDD02146284619
:1038C000FFF7A4FF0028E2D0E6E76FF07700DEE71D
:1038D000DC0100202DE9F047DFF850A005460E4638
:1038E000904600274FF0D00909FB07A01DF0F3FA1E
:1038F000044620B18378012B06D0FFF7CBFA0FB135
:1039000000240FE00127EFE736B1324629461DF0CB
:10391000EDFB08B92046F0E7637B4345FAD1237AF3
:10392000AB42F7D12046BDE8F08700BFB8160020B3
:103930002DE9F04104460F4615469846002B67D006
:103940001B6823B1354A364802211BF04DFB29463E
:103950002046FFF793FF0646002838D12046294627
:103960001DF09BFB0446002855D097E80F002D4D15
:1039700005F1080C8CE80F00AB8A002B08BF4FF450
:103980009673AB822B8A03B9AB892B826B8A03B9FE
:10399000EB8995F821216B8295F820319A4219D94B
:1039A00003212046FFF7B6FA0220FEF7C9FC0546C0
:1039B00058B102201DF020FA20460021FFF7AAFA94
:1039C0002046FFF767FA2E4601E0C8F8004030466F
:1039D000BDE8F08102212046FFF79CFA20461DF049
:1039E00077F805460028F0D0002121732046FFF724
:1039F00091FA2046FFF74EFA0320FEF7A1FC03469A
:103A00000028E0D0084A064802211DF035FADAE71E
:103A10006FF01506DBE76FF00B06D8E78BA2050009
:103A200014660500080100203292050038B50446EE
:103A300008460D461DF004F838B3154B93F8D830FE
:103A4000990707D4E37873B129462046BDE838408A
:103A500000F036BB94F894309A07F3D5201D1DF082
:103A600005FA4304EED4294620461DF07BFB58B9E5
:103A70002B88A4F888306B88A4F88A30AB88A4F827
:103A80009030EB88A4F8923038BD6FF01500FBE75A
:103A900008010020F7B510F8333C0446A0F14006B9
:103AA0000BBB30461DF0B1FB384B1D684DB155F8CE
:103AB0001C3C203D1BB114F8341C304698472D6A3D
:103AC000F4E7334D334FBD4205D3304603B0BDE874
:103AD000F040FFF7DFB96B681BB114F8341C3046B7
:103AE00098472435EFE710F83E3C012B46D110F8FB
:103AF0003D3C8BB9FDF7B8FD69303FD1264A2748D8
:103B000002211BF071FA4FF4A4720023204603B087
:103B1000BDE8F04017F00EBBA0F13C05BFF35B8F92
:103B200055E8003F23F4005245E800210029F7D171
:103B3000BFF35B8F9B0415D5A36C00936946236D7F
:103B400001933046FFF772FF0346C8B9BFF35B8F9E
:103B500055E8003F23F4805345E80032002AF7D1AE
:103B6000BFF35B8FBFF35B8F55E8003F43F4006307
:103B700045E80032002AF7D1BFF35B8F03B0F0BDF8
:103B8000074A064802211DF077F9EBE7902600204E
:103B9000D0650500F4650500C0A2050014660500A7
:103BA000F3A2050038B51F4821F01DFC1E491D4831
:103BB00021F058FC1D491B4821F054FC1C491948B0
:103BC00021F050FC1DF0B7FF04F064FD054608BB72
:103BD0001DF0E2FB17481DF07EF9044638B10430B1
:103BE0001DF044F9C20717D42046FFF753F91248D5
:103BF0001DF071F9044668B104301DF037F9C307B0
:103C000005D50023237203212046FFF783F92046C0
:103C1000FFF740F9284638BD257203212046FFF7FB
:103C200079F9E1E7840900206C260020782600203D
:103C300084260020B81600208817002008B5034607
:103C4000034A044801211BF0D8F9002008BD00BF39
:103C5000A1A305007C66050080B500AF88B06A4668
:103C6000074BC2E90530032342F8103F0548002303
:103C70004FF4C251F9F7D6FF6FF00B00BD4680BD7F
:103C8000C9A305007C660500074B1A6822B11A6DAE
:103C90000AB1FFF7E1BF0122502000FB0233034AC3
:103CA0005A6000200B607047A4260020386F050082
:103CB00070B5044652EA03000AD022F0E5F9074D38
:103CC000074ED5F890503058854204BF0022134665
:103CD00020460431BDE87040FFF770BA98220020FA
:103CE0000800000038B5054618462B68DBB15B7B41
:103CF000072B18D10B7A012B07D00C4A0C48012155
:103D00001BF07BF96FF0150038BDCB7A072BF9D982
:103D1000C8618A6105F1300021F0A4FB28461DF03E
:103D20004BFA0020F0E76FF07F00EDE7F0A305000D
:103D30007C6605002DE9F047D0F8B44000AF0E4690
:103D400091464CB1483C236B6BB104F1300A5046AC
:103D500021F09DFB054660B9FDF7EAF800252846ED
:103D6000BD46BDE8F0872068B4301DF044FAA46C6D
:103D7000E7E71CF0E9FD80B16C4688B06A462D4B40
:103D8000C2E90535032342F8103F2B4800234FF4C6
:103D9000C251F9F747FFA546E0E728461BF082FA33
:103DA000E36C0546B3B9A38CB0F81080403B9BB2DE
:103DB0003F2B03D8238D984528BF9846042105F151
:103DC0000C001BF0DAFAA0F80080A38C438008F105
:103DD0000403E364E36C2A8AB3420FD8934216D0FB
:103DE000A38C403B9BB23F2B21D92068B4301DF0FF
:103DF00002FA236B13B120461DF0DEF9E36CC9F81B
:103E000000309E4234BF9E1B0026E664A7E70022D6
:103E10000023504616F0A6FEFBF72EF9A38CA3F163
:103E200040023F2AE1D8054AAA61EB61DDE70022A2
:103E30001346F9E708A405007C6605004913050050
:103E4000F7B5284D284F04460026BD4201D303B0E4
:103E5000F0BD298820461DF06DFA6B68019001A91C
:103E600020469847002838DB019B2A889A829A844A
:103E700003F11002BFF35B8F52E8001F42E80060BD
:103E80000028F9D1BFF35B8F9E64DE649E60A16B56
:103E900003F1080219BBC4E90D221C60DE6003F1C6
:103EA000300021F0A0FA019843681B6803B19847DD
:103EB000019BBFF35B8F103353E8001F41F00101FA
:103EC00043E80012002AF7D1BFF35B8F01984368E3
:103ED000DB6913B100F1100198470835B5E70A60B6
:103EE000A263DAE7B8650500D0650500F0B50D46B8
:103EF00085B00646042105F10C001BF057FA2A8A0A
:103F000043889342044607D000931346464A4748E5
:103F100001211BF07CF810E0417839B9444A0121B5
:103F2000424805B0BDE8F0401BF05EB80278122AA6
:103F30000BD0132A03D0012A5DD105B0F0BD022BAE
:103F4000FBD0022200923B4AE1E7082B3468EA6882
:103F500003D008220092384AD9E7637B072B02D0AE
:103F6000364A0221DCE7E778A7B1022201201DF0E2
:103F7000C6F905460028E0D002210C301BF0D5F927
:103F80000023037043702946204605B0BDE8F04089
:103F90001DF0E7B91388ADF808305388ADF80A3042
:103FA0009388ADF80C30D388ADF80E300222132080
:103FB0001DF0A5F905460028BFD002A92046FFF74D
:103FC0003FFB0221064605F10C001BF0AEF956B18D
:103FD00007704770294620461DF0C3F902A9204604
:103FE0001DF0C0F8A9E7012303704670294620465A
:103FF0001DF0B7F9A1E70D4813460221104A1AF047
:10400000FCFF61783568022201201DF078F9044632
:10401000002892D002210C301BF087F90023037096
:10402000437021462846B0E720A405007C660500C1
:1040300041A4050062A405008DA40500BFA40500ED
:10404000CDA4050008B50B8A032B06D8044A054801
:1040500001211AF0C9FF002008BDFFF747FFFAE76A
:10406000F5A405007C66050038B50B8A032B0546D0
:104070000C4609D80F4A104801211AF0B5FF204616
:10408000BDE83840FAF7F8BF042104F10C001BF03A
:104090008DF9418828461DF075F930B9074A064860
:1040A0000B4602211AF0A9FFE9E7436821465B6944
:1040B0009847E4E713A505007C66050030A50500D8
:1040C00070B5124B0C4619780131C9B2012938BFBD
:1040D000012105460822122019701DF010F906462C
:1040E00088B108210C301BF020F9228802806288F8
:1040F0004280A2888280E288C28031462846BDE89C
:1041000070401DF02EB96FF00B0070BDF05700200D
:1041100023281FD81A2804D8431E182B0ED906208E
:104120007047A0F11B03082B1ED8DFE803F0051D24
:104130001B231D19251D0500032070470F4A01236D
:1041400083401A40C2B90E4A1A40002A14BF012007
:104150000620704700F07F03522B05D100207047E6
:10416000012070470520704710F0400F0CBF06205B
:10417000002070470420704702207047AAAA8A02D4
:10418000545545012DE9F84F074608460C46FAF705
:10419000D3FEDFF8BC80E1681823434308EB030239
:1041A0000646D2F808A0BFF35B8F786DBFF35B8F34
:1041B000C00709D4274A284801211DF010F96FF0E3
:1041C00015052846BDE8F88FE068007810710022D8
:1041D00048F803200B78D22B0FD13B682146186892
:1041E0001EF071FC054640B11C4A1B4801211DF020
:1041F000F6F82046FAF740FFE3E704F10C001BF065
:10420000EDF8182303FB0683B4F810B09F60002379
:1042100081461A462146381DFFF764FD05460028F1
:10422000CFD010F1690F04D10D4A0B4801211DF0C8
:10423000D6F86369A4F810B013FA89F3E360182381
:104240005E4308EB060348F80650C3F808A0B8E739
:10425000442700206CA505000466050086A505001E
:1042600099A50500011F014820F0CDBF24080020BA
:10427000024A034801211DF0B2B800BFBCA50500E9
:104280000466050070B503788AB004460E4607AD93
:10429000032B20D8DFE803F002191B1D1149284623
:1042A000F3F7BEFB059563780493A3780393E37853
:1042B00002932379019363790093A3790A4A1E211B
:1042C000304617F04DFE0AB070BD0849E7E70849CF
:1042D000E5E70849E3E7084A0A21284617F040FEC7
:1042E000E0E700BFC8830500EA830500CF8305002F
:1042F000D6830500E0830500F0AD05002DE9FF4100
:1043000005460E464FF000084FF42053006817682A
:104310008DF8088002A91446ADF80A301CF056FA50
:10432000A0B142F6010328688DF80C8003A9ADF80E
:104330000E301CF04BFA48B123691BB15A88B242C7
:1043400000D25E80012004B0BDE8F0816168286879
:104350001CF03CFA10B100232361F3E7E368A06886
:104360001A786AB1B7F81AC0798D038A8C4594BF60
:10437000C3EB0C03C3EB0103934201DA0020E2E735
:1043800004210C301AF0D1FF2061068023695E8081
:10439000074B00930194A2680023294638461DF07C
:1043A00072F90028EADB2069003818BF0120CAE74B
:1043B0003516050010B500F150030446BFF35B8FBE
:1043C00053E8001F41F0010143E80012002AF7D131
:1043D000BFF35B8F201F1DF05AF804F174000449ED
:1043E00021F038F92068BDE8104002F099BD00BF07
:1043F000ED53030073B50E46438D418B8B4202F1A2
:10440000010228BF0B469A42054609D91D48009271
:1044100002211D4A1AF0FBFD0024204602B070BDA7
:104420003046FFF775FE022812D0042810D021F084
:104430002BFE164B1958164BD3F8903099421FD0CB
:10444000144B1B685A1A18BF4FF0FF32134602E094
:104450004FF47022002310480021FFF729FC044686
:104460000028DAD0FAF768FD0C4B182202FB003363
:10447000012104F10C009D601AF057FF0670CCE793
:104480000022E3E704660500D9A505000800000046
:10449000982200208C270020C809002044270020F3
:1044A00070B5044601F10C000D461AF08FFF266826
:1044B0002B8AEA68014630681EF01DF91E21002291
:1044C0002046FFF797FF014630B9054A054801210C
:1044D0001CF085FF002070BD20461CF0CAFFF9E7E4
:1044E000FEA5050004660500F0B51D4603680E46EE
:1044F000003987B0044618BF0121186817461EF01E
:104500000BF940B904F154001DF07DF9002846D0A4
:10451000002007B0F0BD002D43D0182200216846CE
:1045200021F0AFFB6FB1002239462046FFF762FF52
:10453000019030B91C481D4A01211CF050FF112088
:10454000E7E723681A4A1B6800930023ADF812308E
:104550000C9B0393BDF83430ADF8103001238DF877
:10456000143029466B4628468DF808601CF0FBFF86
:104570009DF8143063B1002FCAD00198FAF77CFD82
:104580009DF814302A46314620461DF04BF9BFE70E
:1045900001990029BCD020461CF06BFFB8E712201F
:1045A000B7E70120B5E700BF046605001BA60500BC
:1045B000F51405002DE9F34717680546894600689C
:1045C0005168D7F804A014461CF000F98046002872
:1045D0004BD19522294650461DF052FF06462075C4
:1045E00040B1E3681B780BB184F81480002002B05E
:1045F000BDE8F087294650461EF0C6F810B90823DA
:104600002375F3E7A06826751AF050FE02210C30DE
:104610001AF08BFE164B2061A0F8009000930194D5
:10462000A2683346294638461DF02DF8002807DADF
:1046300010F1FF0F26BF4042C0B20E202075D5E713
:104640002369002BD2D0A0681CF0B1FE7B8D7A8B41
:104650009A4294BFC0EB0200C0EB0300E3681B78F2
:10466000984294BF00200120C1E70120BFE700BFAE
:10467000BF130500F7B50B8A076804460D463BB922
:10468000284A294801211CF0AAFE002003B0F0BDF1
:10469000012105F10C001AF089FE7B7B072B0646F1
:1046A000F3D154F8043C002BEFD003781F48043CAE
:1046B000002210F832709F4200EBC2010FD12A8A0B
:1046C00048788F78904220D91748009301211346EB
:1046D000174A1AF09CFC012FD7D104231EE00132A7
:1046E0001C2AE6D11048134A02211AF086FC3178C0
:1046F0000846FFF70DFD0028C7D00528C5D00623C2
:10470000002220461DF08EF8BFE74B682046294660
:104710009847012F0346B8D10028B6D0317800223F
:10472000EFE700BF34A6050004660500606F0500D2
:1047300069A605004FA605002DE9F04F91B0166857
:1047400080460F46002542F601030068D6F8049023
:104750008DF82C500BA91446ADF82E301CF036F80D
:10476000002870D04FF42053D8F800008DF82C505A
:104770000BA9ADF82E301CF029F838B1A3681BB195
:104780005A88BA4200D25F8001200EE06168084674
:104790001CF00DFE728D738B9A4294BFC0EB020029
:1047A000C0EB0300032803D8002011B0BDE8F08F50
:1047B00008461AF07BFD054660681CF0F8FD728B18
:1047C000738D05F10C0B9A4294BFC0EB020AC0EB4B
:1047D000030A58461AF006FE824537D260681CF07C
:1047E000E6FD728D738B9A4294BFC0EB0200C0EB62
:1047F000030070B96368987AFAF796FB00220023E9
:104800001AF021FD05460028CED0014660681AF056
:104810005EFD00230093D8F80460102302AA4146ED
:104820004846B047061E0EDB227CE068B2422BD021
:1048300001460BA81BF0F8FF60B9237C144A154809
:1048400002211AF0DAFB0023A3609DE758461AF014
:10485000C9FDCEE7F2B202A906A81BF0E5FF10B928
:104860000D4A3346EBE706A90BA81BF0AFFF002863
:10487000E9D100236374042105F10C001AF055FD01
:10488000A0600780A3687EE702A921F002FAEEE7A4
:1048900088A6050004660500A7A60500F8B54FF434
:1048A00070220746002311480D461AF0CCFC04463E
:1048B00038B90F4A0F482B4601211AF09EFB2046BB
:1048C000F8BD00F10C06092130461AF023FD204600
:1048D000FAF732FB084B182202FB00330121304665
:1048E0009F601AF022FD0570E9E700BFC8090020AB
:1048F000A1A3050004660500442700202DE9F0412E
:104900000E8A043EF6B2022E04468CB0084601D050
:10491000102E64D104210C301AF048FD0DF1080866
:1049200005884788011D324640461BF07DFF002860
:1049300057D09DB3002687B3AF422FD34FF42053F7
:1049400001A940468DF80460ADF806301BF03EFF2B
:1049500040BB1422002107A821F093F91121204621
:10496000FFF79CFF0990002837D001210C30CDE9DA
:1049700007481AF0DAFC00230A901B4A03703946F4
:104980000B93284607AB1CF0EEFD0A9B1B78FBB986
:104990000998FAF771FB0A2301E03D4601232A46F4
:1049A00010210EE042F6010307A940468DF81C6075
:1049B000ADF81E301BF00AFF0028CAD010232A468B
:1049C000194620461CF02EFF00200CB0BDE8F081F7
:1049D000099920461CF04DFDF6E71120F5E704206B
:1049E000F3E70E20F1E700BFFD4203002DE9F0439D
:1049F000036885B004460D46186801211DF08CFE41
:104A000040B904F154001CF0FEFEB0BB122005B00A
:104A1000BDE8F08310220021684621F032F92121FF
:104A20002046FFF73BFF029048B3DFF85890009410
:104A300005F10C074FF001082B8A012B04D80299CD
:104A400020461CF016FD18E038461AF0BFFC6B46F5
:104A50004A46014606468DF80C801CF084FD9DF800
:104A60000C30002BE8D00298FAF706FB9DF80C30CA
:104A70003246202120461CF0D5FE0020C7E7112039
:104A8000C5E700BF131905002DE9F043036885B0A1
:104A900004460D46186801211DF03EFE40B904F1A0
:104AA00054001CF0B0FEB0BB122005B0BDE8F0838E
:104AB00010220021684621F0E4F80F212046FFF77C
:104AC000EDFE029048B3DFF85890009405F10C0712
:104AD0004FF001082B8A012B04D8029920461CF0C4
:104AE000C8FC18E038461AF071FC6B464A4601468D
:104AF00006468DF80C801CF036FD9DF80C30002B1E
:104B0000E8D00298FAF7B8FA9DF80C3032460E2138
:104B100020461CF087FE0020C7E71120C5E700BF34
:104B2000B3180500F0B51D46036885B004460E466F
:104B30001868012117461DF0EFFD38B904F1540043
:104B40001CF061FE48BB122005B0F0BD65B3102219
:104B50000021684621F095F839462046FFF79EFE71
:104B6000029018B3BDF82830ADF8043001238DF859
:104B70000C300F4A00946B46294628461CF0F3FC83
:104B80009DF80C305BB10298FAF776FA9DF80C307C
:104B90002A46314620461CF045FE0020D4E7029903
:104BA00020461CF066FCF8E70120CDE71120CBE79A
:104BB000B31805002DE9F0410E8A043EF6B2022E2C
:104BC00004468CB0084601D0102E76D104210C305A
:104BD0001AF0ECFB0DF1040805884788011D3246E8
:104BE00040461BF021FE002869D085B377B3BD4253
:104BF0002DD8606801211DF08FFD064678BB8DF829
:104C0000000042F6020369464046ADF802301BF050
:104C1000DDFD20B342F6030306A940468DF8186077
:104C2000ADF81A301BF0D2FDC8B1012D03D14FF6FB
:104C3000FF739F4213D004F154001CF0E4FD0028E0
:104C400014BF002012200CB0BDE8F0813D460123C6
:104C50002A46082120461CF0E5FD0020F3E7182233
:104C600000210DEB020021F00CF809212046FFF78E
:104C700015FE0890F8B101210C30CDE906481AF074
:104C800054FB0023099003700A238DF82C300D4A41
:104C900006AB394628461CF066FC9DF82C302BB13B
:104CA0000898FAF7E9F99DF82C30D1E708992046E1
:104CB0001CF0DFFBD1E71120C5E70420C3E70E207D
:104CC000C1E700BFB54503002DE9F0430F4687B0AB
:104CD0000446062107F10C001AF068FB0588B0F8BD
:104CE00002808288D7F80C90C5B10023B8F1000F7C
:104CF00013D0454512D88DF800308DF8043001A945
:104D00004FF420536846ADF80220ADF806301BF092
:104D10005DFD064660B10A2301E0454601232A46AF
:104D2000062120461CF07EFD002007B0BDE8F08380
:104D30000146142201A83F7C20F0A3FF0721204652
:104D4000FFF7ACFD0290D8B10A238DF815300D4A5B
:104D5000019401AB41462846CDE903698DF81470F2
:104D60001CF001FC9DF815302BB10298FAF784F97C
:104D70009DF81530D3E7029920461CF07AFBD3E763
:104D80001120D2E7394703007FB5CB681D885E88C4
:104D9000044685B176B1B5420DD81022002168468F
:104DA00020F06FFF05212046FFF778FD019058B9EC
:104DB000112007E0354601232A46042120461CF035
:104DC00031FD002004B070BD6B46094A00943146A5
:104DD00028461CF0C8FB029B23B90198FAF74CF94E
:104DE0000A23E9E7019920461CF043FBE9E700BFED
:104DF0007D1505002DE9F04182B000AF04468846DC
:104E00003E4800220023394615F0E2FC0546B0B1C9
:104E10006D4688B06A463A4BC2E90534032342F82E
:104E2000103F384800234FF4C251F8F7FBFEAD465F
:104E30006FF00B0630460837BD46BDE8F08121F023
:104E400023F9314B3E681A58304B29461A60301D01
:104E5000282220F016FF34603C682D487D60C4E9AC
:104E60000155C4E9095500220023391D15F0B0FC95
:104E7000064688B123686C4688B06A462549C2E96F
:104E80000513032342F8103F1E482B464FF4C4512C
:104E9000F8F7C8FEA546CBE77B680146B022184666
:104EA00020F0EFFE1C4A82605C3020F09CFA7B68A8
:104EB000BFF35B8F543353E8002F43E800610029B0
:104EC000F9D1BFF35B8F7B681C60636A7D681BB997
:104ED00004F10C0020F087FA626AC5F8A820A26AE3
:104EE00005F1A803636202B9A3627B6817225A85A1
:104EF0005A830433C8F800309CE700BF080800203C
:104F0000C6A6050004660500080000008C270020E6
:104F100024080020EBA605005804002008B5437BB8
:104F2000072B06D00C4A02210C481CF058FA00202E
:104F300008BD04211CF026FA10B9094A0121F3E743
:104F4000BFF35B8F036DBFF35B8FDB0701D4054AB3
:104F5000F4E750F8040CEBE7BFA405000466050075
:104F600010A705006CA505002DE9F14F0546F9F7DE
:104F7000E3FF3D49182202FB00F3C81851F80380F3
:104F80000779B0F80690D0F810A00021D0E90246C9
:104F900020F077FEA87AF9F7C7FF6969834651B117
:104FA0006B7AD80705D4DBF824301B6828469B6849
:104FB000984700236B612946584620F05EFA002F7F
:104FC00045D0002C43D02368002B40D01B68002B19
:104FD0003DD0B8F1000F08D0244A254843460121AE
:104FE00001B0BDE8F04F1AF008B8201D1CF01FFDFD
:104FF0003846FFF78DF8052829D8DFE800F01E03B2
:10500000281E2803BFF35B8F636DBFF35B8FDA0746
:1050100007D4184A1648012101B0BDE8F04F1CF032
:10502000DEB9A36D9BB14FF47022002304F1780028
:1050300001B0BDE8F04F16F07DB823681D68BFF3DE
:105040005B8F636DBFF35B8FDB07E2D556B901B0B1
:10505000BDE8F08F51462846B0470134A3B29945C8
:10506000F8D8F4E70024F9E7442700202BA705002F
:10507000046605006CA50500F8B50F461646FFF757
:105080004DFFB0B1446A20461CB150F8A84904B1A4
:10509000A83C731C194638B1428D458BAA4228BFE3
:1050A0002A469A4207D264B90A4A0B48022119F0EB
:1050B000A4FF0020F8BD32463946BDE8F840FFF7AE
:1050C00099B9D4F8A85005B1A83D20460B462C4606
:1050D000E2E700BF4AA705000466050007B50B46D6
:1050E0000246002120F0D0FF01910F4909580F48D6
:1050F0000068884204D00E48D0F89000884201D160
:105100000022134601A90B4815F062FB014648B97D
:10511000019B1C22184620F0B4FD0346184603B03C
:105120005DF804FB0023F9E7080000008C2700204D
:10513000982200204008002010B50446806818B16D
:10514000F9F79AFF0023A36021460248BDE810400A
:1051500020F059B8400800202DE9F3470446783084
:105160000E4617461D4620F083FAA06D58B9184820
:10517000184A02211CF033F9204600F017F90020EC
:1051800002B0BDE8F087144B98424FF0000805D1FB
:105190002068C4F858801CF07FFCF0E7D0F8049039
:1051A000C0F80480A06DD0F818A0FFF7C5FF2068F4
:1051B000C4F858801CF070FCB9F1000FDFD02068F3
:1051C000CDF800A000683B4632462946C847D6E7DE
:1051D0000466050065A705009027002070B5836D63
:1051E000CA68044643B319498B4225D0D5781DB30C
:1051F000052D406806D00F2D1FD1437A012B1CD8F6
:10520000022107E0437A012BFAD9022B12D0032B9B
:1052100013D104211BF000FF08B110300DD104F1AF
:10522000780020F025FAA26D137C43F0010313747B
:10523000002070BD0321EDE70E2500222B462046FD
:105240001146BDE87040FFF787BF00BF90270020E0
:1052500070B5054650F8043C55F804690446002B27
:105260003AD039B1436D002B36D01B7CDA0733D5E9
:1052700005231BE0304601F08DFE737A012B2BD005
:10528000646D4CB3237CDB0726D5E368002BEFD09D
:105290006269617C2846FFF7ADF8064668B9637C11
:1052A0000E4A0F48012119F0A8FE0E2300222846BD
:1052B0001146BDE87040FFF74FBFD4E90512E3681F
:1052C000984718B13046F9F7D7FEEEE73146284641
:1052D000FEF758FF0028F5D170BD00BF7CA7050080
:1052E00004660500F7B550F8044C0546002C59D06B
:1052F00000F1A40104F124001CF06CFA2E1F05F14A
:10530000580700220023384615F02CFC024678BBD3
:105310006B6D2BB101466FF067033046FFF71CFF42
:10532000002345F8043C05F15003BFF35B8F53E8BD
:10533000001F21F0010143E80012002AF7D1BFF35A
:105340005B8F636A73BB04F10C06002200233046B6
:1053500015F008FC78B9666886B9134826602146BE
:105360001FF051FF286803B0BDE8F04001F06ABEAD
:10537000F9F782FEC5E7F9F77FFEE6E7A268336832
:105380006360964208BFA36077683FB1B36900933A
:10539000002320681A466FF06701B8473046FFF7D0
:1053A000CBFED8E703B0F0BD0808002030B50546B5
:1053B00089B055F8043B044618681BF0B7FE6946EF
:1053C000FEF760FF2846FFF78DFF606813211BF092
:1053D0009DFD034620B1034A0348012119F00DFE4B
:1053E00009B030BD9CA7050004660500B0B50446B1
:1053F00088B054F8783D00AF18681BF097FE394626
:10540000FEF740FF6D4688B06A460B4BC2E9053790
:105410004FF400739383094B42F8103F00234FF47D
:10542000E2510748F8F7FEFB2046AD46FFF7BEFF06
:105430002037BD46B0BD00BFBAA70500030000017C
:105440000466050010B50C4620B319B3FFF766FDDE
:1054500000B3436AC3B153F8A82902B1A83A996DC1
:105460008C420AD082B11346D2F8A820002AF6D086
:10547000996D8C42A2F1A802F5D1074A9A6520469F
:10548000BDE81040FFF758BE043021461CF0A2F9D9
:105490002046F5E710BD00BF90270020F8B51D4657
:1054A0000F461646F9F748FD044C182303FB00404D
:1054B000C0E903760123C3800575F8BD44270020A9
:1054C00008B51FF069F938B10346044A04480121C0
:1054D0001CF042FC6FF0040008BD00BFEDA7050002
:1054E0005C6605002DE9F0410D4CDFF8388005467B
:1054F00000262746621C6DB9414610461CF080FC10
:1055000028B90136042E04F11004F2D100273846E0
:10551000BDE8F081217828461BF0E8FDF0E700BFE8
:10552000DC2700204D910500F8B50B4D06460F46CF
:10553000002415F8013CB34207D1394628461CF037
:105540005FFC10B105482044F8BD0C34302C05F147
:105550000C05EED10020F7E74D5400204C540020FC
:10556000F8B50C4F06464C1C01F129056EB114F834
:10557000011C224630461BF0B9FD08B1601EF8BD83
:105580000A34AC42F2D10020F9E7394620461CF03B
:1055900037FCF2E74D9105002DE9F0410D4CDFF8A5
:1055A0003880054600262746621C6DB941461046E4
:1055B0001CF026FC28B90136042E04F11004F2D1A7
:1055C00000273846BDE8F081217828461BF08EFD83
:1055D000F0E700BF282800204D91050038B50C46A3
:1055E00019466BB103F114055B698AB9E268A360DF
:1055F000954200D1E36000230D684B611A46A8472D
:10560000A3685BB9601C0649BDE838401CF017BCB4
:105610001360E3689D4208BFE260ECE738BD00BF5D
:105620004D9105002DE9F8431E46BDF82030D1F814
:105630000C8081460F46002B45D1731E012B45D8A7
:10564000012E4146157818BF1588FFF789FF0446DB
:10565000C0B915B93046BDE8F8834146FFF780FF71
:10566000044638B91B481C4A02211CF0E6FB6FF0C7
:105670001000F0E709F1700101301CF0E0FB99F82F
:1056800008302370D8F830308BB92581B8F828302D
:10569000AB4203D0414638461CF02AFC002DD9D13C
:1056A0000E49601C1CF0CBFB25702581D2E72A46F1
:1056B0003946484698470028CDDB01380128E4D90F
:1056C0006FF00D00C7E76FF00600C4E76FF00C0045
:1056D000C1E700BF5C66050003A805004D91050009
:1056E000024608B5084901301CF0A9FB00231372DB
:1056F0000C32BFF35B8F52E8001F42E800300028F5
:10570000F9D1BFF35B8F08BD4D9105002DE9F04144
:1057100080460F4616461D46FFF706FF044680B931
:105720000F49FFF701FF044630B9BDE8F0410D4ACB
:105730000D4801211CF081BB00F8018B39461CF09B
:105740007EFB228963891AB92BB92681658104E021
:10575000964238BF26819D42F8D8BDE8F08100BF4F
:105760004D9105001DA805005C6605002DE9F04778
:10577000284B164682689A4207462BD1C5682B8D66
:1057800043B36C1C05F129094FF00008B4F8073049
:105790009BB114F8011C224630461BF0A7FCE0B96F
:1057A00014F8010C2146FEF70BF830B1437B072BB0
:1057B00008BF4FF00108FDF76DFB0A344C45E5D1F9
:1057C000B8F1000F06D1EB6AA5F8288013B1414665
:1057D000384698470120BDE8F08706F1700A307A14
:1057E00051461BF050F978B90B4B9D4202D130461F
:1057F0001CF056FD094920461CF021FB002304F84B
:10580000013CA4F80730D8E7514620461CF017FBAE
:10581000D3E700BF25560300980400204D910500F2
:1058200073B50C460546082104F1100016461CF01D
:10583000F5FA12230422CDE900323146034B224609
:1058400028461CF058FD02B070BD00BF772305004C
:105850002DE9F0411F46BDF81830012B0646904651
:1058600034D83B44012B3D4633DCFFF73BFE044676
:1058700068B9FFF737FE044648B9194A19480221AA
:105880001CF0DBFA6FF010052846BDE8F08197B1F7
:10589000217A98F80020002321FA03F0C70703D5E6
:1058A00022FA03F0C00717D50133032BF4D102F01D
:1058B000070211432172601C06F170011CF0BFFA4F
:1058C000337A237020461CF06BFDDDE76FF0060590
:1058D000DAE76FF00C05D7E76FF01205D4E700BFE9
:1058E0003CA805005C66050010B56FF00201044697
:1058F0000E481CF0ABFA0D481CF08AFAC20704D51A
:105900000B480022002315F015FC20461CF0D6F9A8
:1059100050B12046FFF7E6FD30B1037ADB0703D52F
:10592000BDE810401CF03CBD10BD00BF10190020A8
:10593000E018002010B5154801211CF06FFAC307CC
:1059400023D4022111481CF069FA084007D11049FC
:10595000104A0B88104CA24211D300B10B800F49A2
:105960000F481FF077FE0E484FF4A4720023FAF799
:105970009BFBBDE810400B490B481FF06BBE506805
:1059800003449BB208320120E5E710BD1C2800202B
:105990007C540020F465050004660500015C0300EA
:1059A000681800205D5F0300E01800202DE9F04139
:1059B000034648B1008A38B91249DFF84CE00124A7
:1059C0004FF0140C714501D3BDE8F081D1E90076A8
:1059D000BB4204D30CFB0672143A93420ED93444F2
:1059E000A2B208311446EDE70CFB0578434507D019
:1059F00001356219B54292B2F6D1F2E70025F8E717
:105A00001046E1E7F4650500046605002DE9F74F4F
:105A1000BDF83050009199464FF6FF73002D08BF36
:105A20001D46244B1B888342074690463CD203B058
:105A3000BDE8F08F73682344BB4232D29CB2083673
:105A40001D4B9E42F6D3F2E78958019340461AF067
:105A5000BDFE019B90B101340AF1010AA4B2736842
:105A60005345ECD9009B9C42E1D8BC423168F2D34B
:105A70000BFB0AF28B18B8F1000FE5D1B9F1000F5A
:105A80000BD1013DADB218460E9A0D9B21469847A9
:105A9000002DCCD00028DED1C9E7DA689145DAD1F3
:105AA000EFE74FF0000ADAE7044E01244FF0140B41
:105AB000C6E700BF7C54002004660500F4650500BD
:105AC00010B5A2B00021142206A8CDE90111CDE93C
:105AD000031120F0D6F84FF41053ADF81430254CD4
:105AE0008023ADF816304FF48063CDE907341022DF
:105AF00020AB01A905A81EF071FD034630B11E4A76
:105B00001E4801211CF028F922B010BD0146542284
:105B10000BA820F0B6F8209922460BA81EF039FEFB
:105B2000034608B1164AEBE7164A0BAB4FF6FF7176
:105B300001201CF098FC144905AB10220BA81EF0A4
:105B400046FE044620981EF078FC14B10F4A234606
:105B5000D6E70D4B214603F110020131187812F8F7
:105B6000014D03F8014B08291070F6D108481CF0CC
:105B700055F9C9E70002C00368A805005C66050086
:105B800091A805005D1D050058180020AFA805006C
:105B9000101900202DE9F0411649BDF8187004468F
:105BA000A1F1300015461E461FF075FD12481CF08D
:105BB0002FF9010701D4FFF783FF2046FFF792FC7E
:105BC00068B1037ADA070AD500F10C0420461CF00C
:105BD0001FF9C30703D4022120461CF01FF910232C
:105BE00006933A4631462846044BBDE8F0411CF086
:105BF00089BA00BF981800201019002058180020FA
:105C000008B505481CF004F9030703D4BDE80840B3
:105C1000FFF756BF08BD00BF1019002007B50023CD
:105C20000193FFF7C3FE411C89B20846034A01AB4A
:105C30001CF019FC019803B05DF804FB0D1D050074
:105C40002DE9F04387B0437B072B02AF80460C461B
:105C5000164640F0A58000233B7342F603032068FC
:105C6000FB8107F10C011AF0B1FD0546002834D183
:105C7000D4F80490B9F1000F05D14C4A4C480121E9
:105C80001CF0DBF88CE00123009007F108022146AC
:105C9000C847031E11DA6E4688B002AA4549D3618F
:105CA0000423C2E9051442F8103F41482B464FF443
:105CB0000151F7F7B7FFB54672E0012B05D03E4A18
:105CC0003B4801211CF048F86AE03B7A13F0300FA2
:105CD00066D02046FFF7A2FF0446002320683B73EE
:105CE00042F60213FB8107F10C011AF06FFD18B1A7
:105CF0002046FFF793FF0446002542F6021920686C
:105D00003D703946A7F802901AF060FD10BB0023E1
:105D100020683B7342F60213FB8107F10C011AF075
:105D200055FD054600283BD1D4F80490B9F1000F89
:105D3000A3D00090022307F10C0221464046C84739
:105D4000031EA8DB022BBAD1BB891E4214BF01205F
:105D5000002026E020683D7142F60303391DFB80D8
:105D60001AF034FD0028D2D04FF4205320683D7241
:105D70007B8107F108011AF029FD0028C7D042F6FF
:105D8000010320683D73FB8107F10C011AF01EFD31
:105D90000028BCD02046FFF741FF04460028AED1C2
:105DA00000201437BD46BDE8F08300BFC5A805003C
:105DB0005C660500D9A80500FFA805002DE9F84399
:105DC000154689469422696806461CF059FB8046B0
:105DD000002842D1696802223046FFF731FF0028CF
:105DE0003ED04FF470200021AF8AFFF777F90237D9
:105DF000044680B11C4B47611D214174C0F80C80E2
:105E0000436085613A463046FFF736F9074638B9B0
:105E10002046FFF791F96FF00B052846BDE8F8839F
:105E2000012342464146FFF739FBA98A07F10C00DE
:105E3000023119F07AFA20F8029BAA8A29691FF028
:105E400012FFA760214630461BF001FF05460028DF
:105E5000E3D02046FFF770F9DFE74FF0FF35DCE7CE
:105E60006FF01505D9E700BF131D050030B50446D6
:105E70008BB037481BF0CCFF42070D4661D514B1FB
:105E8000637B072B60D168680590FFF78FFD2A6858
:105E9000ADF818003AB305A902912E4901910121EC
:105EA000002300914FF6FF710593FFF7AFFD059BAF
:105EB0001BB96FF001000BB030BD6B60059B18681B
:105EC00000238DF8103004A942F60303ADF8123018
:105ED0001AF07CFC70B90598C3689B799B0605D4C1
:105EE0006FF01500E7E70028E8D1E2E71CF074FA4C
:105EF000ADF81800BDF818003CB101230146AB75A0
:105F00002A462046FFF75AFFD5E76FF07F03079335
:105F10000223ADF8203042F60213ADF8123005AB83
:105F2000AC7502930C4B01930123009304AA234602
:105F30004FF6FF7109958DF81040FFF767FD079840
:105F4000B9E76FF00A00B6E76FF07F00B3E700BF74
:105F5000DC010020411D0500E560030073B500F180
:105F60003005044650F8083C0193A0F120066FF07C
:105F7000010128461BF06AFF0D4B44F81C3C0D4BF9
:105F800044F8183C01AB002044F8103C042324F8EA
:105F9000080C24F8060C24F80C3C3146FFF766FF89
:105FA00018B9022128461BF039FF02B070BD00BFAE
:105FB0007C700500E95803002DE9F84F404B146848
:105FC000904682689A4200AF054675D1D0F80C9091
:105FD00009F1010609F1290AB6F80730F3B116F8FC
:105FE000011C324620461BF081F8B8B14FF495727F
:105FF000294620461CF044FA30B3032812D1EB4660
:1060000088B06A462F4BC2E9053542F8100F2E487A
:1060100000234FF4C451F7F705FEDD460A36564516
:10602000DAD149E0052820460CBF4FF0030B4FF0B2
:10603000020B1BF02CF8834506D998F804305B4519
:10604000ECD288F804B0E9E7494628461BF050FF37
:106050001E4B994530D1207A04F17001FFF764FAA4
:10606000054648B303890BB943892BB32046FDF796
:1060700099F8174A2B8922F8203002EB80036989AE
:1060800059801449144D182303FB001300B202EB8E
:10609000800200EB40005D601A61104D9D6004229B
:1060A00001EBC00120469A82FFF7E0FE20B10C4AC6
:1060B000054801211BF0C1FE0120BD46BDE8F88F57
:1060C0002556030018A905005C6605009804002009
:1060D00044540020AC2700207C700500A923050053
:1060E0002CA905002DE9F84F454B144682689A42C9
:1060F000814639D1D0F80CA0424B9A451CD1424D73
:10610000424F0026394628461BF07AFE78B915F82A
:10611000010C07222946FDF7DDFB40BB236915F87A
:10612000010C1A69294653881288FFF7EFFA0136E5
:10613000042E05F10C05E5D10AF101070AF1290B3E
:10614000B7F80720A3899A420BD117F8010C3946FA
:10615000FDF736FB054620B1437B072B0AD0FCF741
:1061600099FE0A375F45EBD14FF0010844E0FCF798
:1061700091FEDCE7DAF8343023B14946984708B994
:106180002846ECE79422494628461CF079F98046D7
:106190000028F5D1A389022B15D1B7F8073013F0E9
:1061A000020604D12846FCF775FEA660D9E72269ED
:1061B000A1882846FFF702FE0646B8B92269937DFA
:1061C00001339375EEE7012B05D02846FCF762FEFC
:1061D000C4F80880C5E7B7F8073013F00106E1D02E
:1061E0002269A18828461CF086F906462846FCF755
:1061F00051FE002EA660B4DA4046BDE8F88F00BF1D
:1062000025560300980400204D5400204D910500B0
:1062100073B5437B072B04460D461AD1061D4FF478
:10622000803130461BF0FAFDC30315D40223CDE9BB
:10623000003320460A4B0B492A461CF05CF8044602
:1062400020B16FF4803130461BF000FE204602B0D2
:1062500070BD6FF07F04F9E76FF07704F6E700BFD9
:106260003B1F0500491D050070B5437B072B86B019
:1062700005460C4640F0A1800B7C062B10D8DFE8C9
:1062800003F004045A5A629528000B68CBB11B78BE
:106290004BB1022B13D04A4A4A4801211BF05CFD46
:1062A0006FF0150009E00823019306230093464987
:1062B000464B224628461CF01EF806B070BD162339
:1062C000F2E710230421CDE900312246404B414939
:1062D000F0E708680028E3D00678002EE0D14FF4FC
:1062E000245302A98DF80860ADF80A301AF06EFA4E
:1062F00008B342F6021320688DF80C6003A9ADF8CC
:106300000E301AF063FAB0B142F6031320688DF82C
:10631000106004A9ADF812301AF058FA58B142F6DC
:10632000041320688DF8146005A9ADF816301AF032
:106330004DFA0028B4D108230422CDE900322649C1
:10634000264B2246B6E7086880B300264FF4205358
:1063500002A98DF80860ADF80A301AF037FA002863
:106360009ED042F6010320688DF80C6003A9ADF8B9
:106370000E301AF02BFA002892D042F60203206861
:106380008DF8106004A9ADF812301AF01FFA002839
:1063900086D042F6030320688DF8146005A9ADF895
:1063A00016301AF013FA00283FF47AAF0423CDE92F
:1063B00000330B490B4B22467CE76FF07F007CE7F4
:1063C00049A905005C660500A12505001F220500FE
:1063D000AB1F0500E963030011650300DB1F050027
:1063E00069690300671F05002DE9F0478EB0074675
:1063F000169D16461C4631B16B682A4600210EB028
:10640000BDE8F047184763B93E4A3F4802211BF0F8
:1064100014FD6B682A460021384698470EB0BDE847
:10642000F0871378062B08D0142B05D0374A36484E
:1064300001211BF091FCECE70221013C4FF0000828
:106440008DF81010A4B206F10109C2463378A342B8
:106450000CD9002CDDD1B8F1000FDAD02A46414624
:1064600038460EB0BDE8F0471CF07CB8142200217D
:1064700009A81FF006FCB9F8002093B2002BC8D081
:10648000B9F802101FFA81F8B8F1000FC1D04345E6
:10649000BFD89DF8103013B3022B25D02B7CADF85C
:1064A0000C10002B42F6010308BF4FF42053ADF847
:1064B000063004AB029301AB099302ABADF8342074
:1064C0000C938DF804A06B682A4609A938469847B2
:1064D0000028A3D03378E41AA4B29944B6E7B9F8F7
:1064E0000430ADF81230D9E709F104030DF11100C1
:1064F00009F1140C53F804EB40F804EB6345F9D1AF
:10650000CCE700BF5EA905005C66050068A9050030
:106510002DE9F04F91B017461A9E81461C460A4657
:1065200031B173683246002111B0BDE8F04F184711
:10653000317C022940F084804BB9A34AA3481BF068
:106540007CFC736832460021484698475CE03B7803
:10655000062B08D0082B05D09D4A9C4801211BF032
:10656000FBFBEEE71146013C8DF81810A4B207F1D1
:10657000010B002542F6020A3B78A3420BD9002CFE
:10658000DFD1002DDDD032462946484611B0BDE8A6
:10659000F04F1BF0E7BFBBF800801FFA88F5002D15
:1065A000CFD0BBF80200ADF814009DF81820BBF85E
:1065B0000410ADF8161062B1022A15D0316831B35B
:1065C00006A81AF003F910B33B78E41AA4B29B446E
:1065D000D2E706AA04929BF806209BF8071042EA2D
:1065E0000122ADF81A20E9E70A237081B181A6F8EB
:1065F00008807849019200933246774B48461BF059
:106600007AFE85B2002DBED111B0BDE8F08F4FF0FB
:106610000003102200210CA88DF80C30ADF80EA05C
:106620001FF02FFB03AA0B9204AA0E927368ADF819
:106630003C8032460BA9484698470028C4D1E3E77E
:10664000032967D113B9604A022177E73B78072B0A
:1066500002D0152B80D10222013C8DF81820A4B263
:1066600007F1010800250DF1180A3B78A34286D8EE
:10667000B8F800B01FFA8BF5002D3FF462AF9DF81B
:10668000183063B1022B13D03168F1B150461AF0C3
:106690009DF8D0B13B78E41AA4B29844E5E798F8A5
:1066A000053098F8062043EA0223ADF81A30EBE7EC
:1066B00008F105030DF1190208F1150153F8040B57
:1066C00042F8040B8B42F9D1DEE798F80230B8F8B3
:1066D00003208DF816304FF00003ADF814208DF82C
:1066E0000C30102242F6030300210CA8ADF80E3046
:1066F000CDF810A01FF0C5FA03AB0B9304AB0E93BB
:10670000ADF83CB0736832460BA94846984700285C
:10671000C0D179E733681D7835B95B884CB92A4A0E
:106720002A4802211BF089FB736832460021484643
:10673000FAE6B846013C18F8012BA4B2A24200F2D6
:10674000E980012C01D8254AEAE7B7F80150002D6D
:10675000EAD0A3F52453042BE6D801A252F823F083
:10676000C1670300296703003168030087680300DD
:106770000D690300B8F80230D6F800A0ADF8183063
:10678000102200210CA81FF07CFA06AB0E93CDF866
:106790002CA07368ADF83C5032460BA94846984788
:1067A00000283FF431AF3B78E41AA4B2A3429844E6
:1067B00000F2B080012CC6D9B8F80050002DB3D03B
:1067C000032CD7D8064AABE75EA905005C66050036
:1067D00068A9050031690300531F05007CA9050065
:1067E0008AA90500B8F80230D6F800A0ADF8183034
:1067F000102200210CA81FF044FA06AB0E93CDF82E
:106800002CA07368ADF83C5032460BA94846984717
:1068100000283FF4F9AE3B78E41AA4B2A3429844AE
:1068200078D8012C8FD9B8F80050002D3FF47CAFF8
:10683000032CD7D83B4A73E7B8F80230D6F800A04B
:10684000ADF81830102200210CA81FF01AFA06AB80
:106850000E93CDF82CA07368ADF83C5032460BA9CE
:106860004846984700283FF4CFAE3B78E41AA4B2DC
:10687000A34298444ED8012C7FF665AFB8F800507B
:10688000002D3FF451AF032CD6D8274A48E798F89B
:1068900002308DF8183098F803308DF8193098F8D8
:1068A000052098F80430D6F800A043EA0223ADF89A
:1068B0001A3098F806308DF81C3098F8082098F8AF
:1068C0000730002143EA02230CA81022ADF81E3045
:1068D0001FF0D7F906AB0E93CDF82CA07368ADF876
:1068E0003C5032460BA94846984700283FF48CAEEE
:1068F0003B78E41AA4B2A34298440BD8012C7FF64B
:1069000022AFB8F80050002D3FF40EAF082CBED8CF
:10691000064A05E7002C7FF407AF002D3FF404AFD3
:1069200031E600BF98A90500A6A90500B4A9050095
:1069300070B5102B049C054611460BD0084A094837
:1069400001211BF009FA6368224628460021BDE8B0
:10695000704018472246BDE870401BF06EBE00BF75
:1069600068A905005C6605002DE9F04F8FB0074669
:10697000189D184629B953B9544A554802211BF0AD
:106980005CFA6B682A460021384698479BE01378EA
:10699000012B07D0022B20D04E4A4D4801211BF07D
:1069A000DBF9EEE70B464FF00409013880B24845A9
:1069B0008DF81030E5D3B0FBF9FB4FF00008541C04
:1069C000CDF80080C24604AEBBF1000F08D100999B
:1069D0002A4638461BF0C6FD75E04FF01209E4E781
:1069E00023880193BDF804300093B8F1000F53D110
:1069F0009DF81030002B37D0022B3CD0296800299D
:106A000045D12B7C042B4DD14FF4205302A93046A5
:106A10008DF808A0ADF80A3019F0D8FE00283BD058
:106A200042F6010303A930468DF80CA0ADF80E30F4
:106A300019F0CCFE80B342F6020309A930468DF866
:106A400024A0ADF8263019F0C1FE28B342F60303A6
:106A500009A930468DF824A0ADF8263019F0B6FE0D
:106A600000BB4FF0010819E0A378E27843EA022363
:106A7000ADF81230C2E7A31C0DF1110204F11201AE
:106A800053F8040B42F8040B8B42F9D1B6E73046B9
:106A900019F09CFE0028B4D04FF000080BF1FF3B2A
:106AA0004C4491E7102200210AA81FF0EAF8BDF833
:106AB0000430ADF8343009966B682A4609A9384687
:106AC00098470028EAD10FB0BDE8F08F5EA9050015
:106AD0005C660500C2A9050007B5437B072B0A4683
:106AE0002CD14B683BB908234FF0040ECDE9003E92
:106AF000144B154909E0012B11D0097B5B00019370
:106B000041B1202300931149114B1BF0F4FB03B05A
:106B10005DF804FB0E2300930E490F4BF5E74B89FC
:106B200033B10C234FF0040CCDE9003C0B4BE0E7F4
:106B30000A230221CDE90031094BDAE76FF07F002B
:106B4000E5E700BF6B220500656B030083200500AD
:106B50003F2005004320050017200500931F050076
:106B60007F1F05002DE9F04F83B002AF8046BC6A5D
:106B700091461D460E4641B96BB925680023009326
:106B80002246F1B24046A8472EE0B1F5807F256845
:106B900028BF0E26F2E76368002B6ED1013D2689DF
:106BA000B4F80AB0ADB202F1010A002D4CD099F848
:106BB0000030AB4228BF2B46012B0AD83D4A3E4845
:106BC00002211BF0C9F80023009325682246042106
:106BD000D8E7BAF80020023B91B29BB241B9374ADC
:106BE000354801211BF029F90437BD46BDE8F08F77
:106BF0008E4201D88B4517D26D468AB002AA304B1F
:106C0000C2E905310523C2E9076B42F8103F2A4863
:106C100000234FF42251F7F705F8AD460023009307
:106C2000256822460E21ADE722810093D4F800C0EA
:106C30000AF10203224600214046E0470028D3D053
:106C400099F80030AB4206D921464046FFF744FF91
:106C50000028C9DAE2E7238962899A4205D1002334
:106C600000932568224619468CE70133238199F861
:106C70000030ED1AADB29A4497E700951346D4F868
:106C800000C02246E0470028AED0238A013B9D4247
:106C900003DA009625683346E4E763891D4465817D
:106CA00021464046FFF718FF00289DDA0096256828
:106CB0003346B6E7D4A905005C6605000CAA0500BA
:106CC0001BAA050070B5437B072B06460D463CD139
:106CD000FEF762FC044658B9FEF75EFC0446002845
:106CE00036D006F1700101301BF0A9F8337A237019
:106CF000A3687BB1143B00229D422CD018892989BE
:106D0000884204D19889A989884228BF01225B69F9
:106D10007BB982B9114A29463046FEF781FD024609
:106D200048B1A3681BB90E49601C1BF088F81046D7
:106D300070BD143BE0E7A2686A61E26805F11403E4
:106D4000A36002B9E3600022F1E76FF07F02EEE793
:106D50006FF00B02EBE76FF07702E8E76B1E0500C0
:106D60004D9105002DE9F041437B072B07460D4669
:106D70005CD1FEF711FC064600285AD08468002C2E
:106D800057D00023143C9846A54209D021892A896E
:106D9000914208BF4FF0010864691CB1143CF3E74D
:106DA0000123F9E7002B44D005F110001BF030F867
:106DB000430703D5294638461BF07EFCB8F1000F87
:106DC00019D0B36805F1140253B19A4224D16B690A
:106DD000E4B9F168B3608A4200D1F36000236B61CB
:106DE000B3681BB91449701C1BF029F8B8F1000FE7
:106DF00015D1002008E0114AA5F80C802946384634
:106E0000FEF70EFD0028DCD0BDE8F0812360F368BA
:106E10009A4208BFF460E1E71C461B68D4E70023F0
:106E20002C681A4629463846A047E2E76FF07F00F3
:106E3000EAE76FF01500E7E74D9105006B1E0500CE
:106E40002DE9F8438C6806469046994654B3256868
:106E500005B1143D34F80C3C434520D1143C07E007
:106E60002C466D692389FDB14345A5F11405F7D181
:106E7000A27B737A9A4212D82768BDF820304A461E
:106E800021463046B84750B921463046FFF76AFFE1
:106E9000034620B1064A074802211AF05DFF2C463E
:106EA000002DDED1BDE8F8834345E1D0FAE700BF0D
:106EB00082AA05005C660500F0B587B007460E465D
:106EC0001546FEF769FB0446C8B12A46314603A8B9
:106ED00018F01AFABDF81030042B10D9042103A8B9
:106EE00018F064FABDF8101046880288B14208D242
:106EF000094A0A4800953346012118F088F807B07E
:106F0000F0BD031D214638460096FFF799FF314634
:106F100003A818F04BFADDE7A1AA05005C6605009E
:106F200013B50F4A00904FF6FF7104466B460120DF
:106F30008DF804001BF097FA20461AF0A8F89DF887
:106F40000410884209D220461AF066F8034620B1A0
:106F5000044A054802211AF0FFFE02B010BD00BF2E
:106F6000B95F0300BAAA05005C660500F8B5084BD6
:106F70001C6805460E4617464CB154F8043C043CC8
:106F80001BB13A463146284698476468F4E7F8BD95
:106F9000202800202DE9F04182B000AF054638607E
:106FA000012300F17001007A3B7119F06CFD70B99A
:106FB0003B46204A4FF6FF7101201BF054FA002196
:106FC00028461BF0A9FB0837BD46BDE8F0812846DE
:106FD000FEF7E2FA0028EBD08468002CE8D0143CDD
:106FE00004F1100318461AF013FF02071FD41846C5
:106FF0001AF00EFF8307C0F3400618D40E4A21464C
:107000002846FEF70DFC002811DAE8468AB06A46E9
:107010000A4BC2E905350523C2E9074042F8103F93
:10702000074833464FF42251F6F7FCFDC546646924
:10703000D3E700BFB95F0300E51E0500E6AA05001F
:107040005C6605002DE9F84F2F4A034604464FF6CB
:10705000FF7101201BF007FA2046FEF79DFA064655
:1070600038B92046FEF73EFA0546002839D1BDE87A
:10707000F88F8568002DF4D055F8147907B1143FC6
:107080004FF0000804F17009C24601E03D461F467A
:1070900005F1100B6FF0080158461AF0D7FE207A60
:1070A000494619F0F0FC70B9A5F80CA02B464246F1
:1070B00031462046FEF792FA002FD2D07B69002B92
:1070C000E4D0143BE2E758461AF0A2FEC307EBD423
:1070D00073781BB14946701C1AF0B1FE05F1140813
:1070E000EAE704F17006207A314619F0CCFC20B9A9
:1070F0002846BDE8F84FFEF7F3BA3146681CBDE8F4
:10710000F84F1AF09CBE00BF6D570300034B426856
:107110009A4204BF83691982704700BF656B030000
:1071200008B5014608481BF037FB50B907481BF06B
:1071300033FB28B1012306484FF4BC7202FB030065
:1071400008BD0023F7E700BF1C190020941A002097
:107150001819002010B50C4A11680C4ABFF35B8F58
:1071600000F5B87353E8004F944204D143E8001C83
:10717000BCF1000FF6D1BFF35B8FBFF35B8FD0F88C
:107180007001BFF35B8F10BDA026002018190020EE
:1071900008B5FFF7DFFF0346C8B1D0E9001221B9F7
:1071A000002A0CBF0320022010E032B1836813B91B
:1071B000094B1B7833B9042008E00749087828B147
:1071C0009B6833B9003A18BF0122500008BD032064
:1071D000FCE70120FAE700BFF157002008B5034A99
:1071E000034801211BF0D6FA002008BD16AB0500AC
:1071F0009466050038B5002304461A46EC300D4667
:10720000FCF770FD58B1693004D1074A07480121E5
:107210001BF0C0FA2846BDE83840F7F72DBF2046DE
:10722000BDE838401BF0FEBA99A50500946605003C
:107230002DE9F041D0F8EC60F57890B00446002DCF
:107240006AD1CF68102229460CA81EF01AFD237AB5
:10725000052B50D8DFE803F0060303064F3ED4F8B1
:10726000D8300C9306F177030DF1200802937E3697
:1072700004F111030093CDF80C8001960CAB04F1DE
:10728000270204F1370104F1C7001BF069FD002853
:1072900036D11022394640461EF0FBFC002839D179
:1072A000627B237D9A4294BF00920093CDE9060051
:1072B000ADF8140004F14703D4F8EC0005AA06A9C0
:1072C00019F06AFE002820DA144A154801211BF043
:1072D00061FA15E0D4F8E030002BC3D00DF1300C8A
:1072E00003F1100E18685968624603C208337345EB
:1072F0009446F7D1B6E70B4A094801211BF085FAFD
:107300000825284610B0BDE8F0810121201D1BF0A2
:1073100092FAF6E70B25F4E70025F2E74DAB0500FE
:107320009466050031AB050038B5051D04460821FB
:1073300028461BF080FA084904F15700FBF792FB3E
:1073400048B1082128461BF051FA0448044A01219B
:107350001BF020FA082038BDA32B05009466050019
:1073600068AB050070B50C2105461BF078FA0446A1
:10737000F0B140210C3017F0D8FF0E4B1B680246CD
:10738000014603F1200053F8046B41F8046B83427B
:10739000F9D1203203F1200153F8040B42F8040B19
:1073A0008B42F9D128462146FFF724FF002070BD0B
:1073B0000820FCE76828002070B5CD68D0F8EC60A4
:1073C000EB78102B044601D0062070BD2A7990F886
:1073D000E830134080F8E8306A7990F8E9301340DB
:1073E00080F8E930022303742B68C0F81130AB88B1
:1073F000A0F81530AB781A0706D5037B1B0703D519
:10740000052104301BF017FAAB78980606D5237BCC
:10741000990603D51421201D1BF00DFAAA78237BB1
:10742000D20728D5DB0726D50D21201D1BF003FA36
:10743000237BE17C2D7803EA0102100704D5E27A70
:10744000A07C0243D2071AD4042D1AD80B4313F0A0
:10745000040307D02046FFF79BFE2D4B05EB850567
:107460002B441B5C2372D6F89C1020461BF09DF920
:1074700048B90320A9E70023A4F8E830D8E705239A
:10748000F0E70023EEE7D4F8EC309B7A032B14D01E
:1074900004D8013B012B13D9082096E7042BFBD11C
:1074A000237D627B934228BF1346102B8CD105218C
:1074B000201D1BF071F90028DBD0237A002BD8D0D7
:1074C000261D052130461BF067F90028D1D0204643
:1074D000FFF740FE002384F8E83094F8E93003F029
:1074E000020384F8E9300B4B1D682DB930460621A4
:1074F0001BF0A1F9284668E720460C211BF09BF9F8
:107500000B211BF073F9BDE87040FFF72BBF00BFE4
:10751000D2AE0500682800202DE9F0438DB0044666
:1075200008AE1022002130461EF0ABFB237A052B5B
:1075300034D8DFE803F0060303063323D4F8D83049
:107540000893D4F8EC3004F1470204F1C707CDE901
:10755000017204F1270803F17E0204F13709009259
:1075600077334A46414604F1970001F0BFF9F0B184
:10757000294A2A4801211BF00DF914E0D4F8E4301F
:10758000002BDED0354603F11007186859682A46EB
:1075900003C20833BB421546F7D1D2E7204A1F4841
:1075A00001211BF032F908200DB0BDE8F083D4F8BA
:1075B000EC3003F17E02773304AD019304F10A034A
:1075C00002920093039533464A46414638461BF0E3
:1075D000C7FB08B1134ACCE70D2120461BF02BF95D
:1075E0000D211BF03CF907460028DCD010210C309F
:1075F00017F09BFE2A460346154603CDB542186098
:1076000059602A4603F10803F6D120463946FFF7B0
:10761000F1FD0020C8E700BF81AB050094660500BE
:1076200031AB050096AB050073B5047A022C054614
:1076300023D844B190F8DC30D0F8D840DC4004F0D6
:10764000010444F08004032128461BF008F9064693
:10765000D8B110210C3017F068FE00901248234674
:10766000006805F1270205F157011BF054FB0446A1
:1076700080B13046F7F700FD07E0032C08D00B4A35
:107680000B48234601211BF0C0F8082002B070BD52
:107690000024D8E731462846FFF7ACFD281D2146D7
:1076A0001BF0A4F82046F1E76828002031AB050064
:1076B00094660500F7B50E460446FFF74BFDF368E8
:1076C00004F1570705463A4603F1200153F8040B2D
:1076D00042F8040B8B42F9D104F1770203F1200147
:1076E00053F8040B42F8040B8B42F9D13846FBF7F0
:1076F00003F908B36A4A6B4803211BF04BF80E21CB
:10770000201D1BF098F8D4F8EC60D6F89C3033B903
:10771000307A06F1700100F0CBFFC6F89C00D6F875
:107720009C30A3B1DA8902F0240282B15B7B990715
:107730000DD4032003B0F0BD3846FBF7E9F830B9AB
:107740005848594A02211BF025F80B20F2E7D4F8DB
:10775000EC30DB780BB10020ECE7261D0E21304623
:107760001BF01AF868B9514B2022196838461EF0F0
:1077700090FA30B94E4A4B4802211BF00BF8082012
:10778000D8E7237A052B00F28380DFE803F0034972
:1077900008038153032120461BF04DF831E02046B9
:1077A000D4F8EC70FFF7D6FC042105464FF0FF3308
:1077B0000DEB010001930BF049FA0028DFD1019B8A
:1077C0003C4AB3FBF2F102FB11330193C4F8D83009
:1077D00084F8DC0055B12B6843B10B2130461BF017
:1077E0002AF82B68D4F8D810384698470321204649
:1077F0001BF021F80E211BF01EF8FFF715FF0028E3
:1078000098D1304607211BF016F80820FFF788FCB6
:107810000028A0D1204603B0BDE8F040FFF784BDAA
:107820000A2130461BF007F86B68D4F8EC00984743
:107830000E21B0E7102104F127000BF007FA002811
:107840009DD15DB3EB684BB31B4BD4F8EC101B8898
:10785000ADF80430C978E27AA37CB9B9D20703F055
:10786000010311D4002B08BF03200023C4E93833DF
:107870008DF805000C2130461AF0DDFFEB68D4F8D6
:10788000EC0001A99847BCE7581CEEE70320ECE7A1
:107890000A4A044801211AF0B8FF70E7022049E7BC
:1078A000B9AB050094660500DAAB05006828002036
:1078B000F6AB050040420F000068050031AB050043
:1078C0002DE9F0410D4686B00446FFF743FCEB6816
:1078D00004F1370706463A4603F1100153F8040B4A
:1078E00042F8040B8B42F9D1D4F8EC30DD78002D4E
:1078F00040F08380237A052B68D8DFE803F0220369
:107900000322672D94F8DC20D4F8D830D34003F05C
:10791000010343F080033A490DF10808CDF80080D7
:1079200009683A4604F157001BF0F5F958B1354A99
:10793000354801211AF02EFF0825284606B0BDE87B
:10794000F0810023E7E71022414604F117001EF002
:10795000A0F908B10425F0E7237A052B36D8DFE833
:1079600003F03B1D1D03353B02AB25480093006827
:107970003B4604F1270204F1570101F01FF80028EB
:10798000DAD1201D0A211AF056FF09211AF053FFFF
:10799000B3680299D4F8EC009847CEE794F8DC304D
:1079A0000133DBB2142B84F8DC3015D0102104F144
:1079B00027000BF04BF90028BED1032120461AF016
:1079C0003AFF06B0BDE8F041FFF72EBE0F4A0E4861
:1079D00001211AF01AFFAFE7231D072118461AF0FC
:1079E000DBFE20B1092118461AF025FFA5E7204645
:1079F00006B0BDE8F041FFF78FBD05259DE700BF4C
:107A00006828002011AC05009466050031AB050024
:107A100038B512490446A0F1EC0554301DF01AFEA9
:107A200028461AF092FFBFF35B8F0D4A04F18403DE
:107A300053E8001F43E800200028F9D1BFF35B8F13
:107A4000BFF35B8F88344FF0FF3354E8002F44E8D6
:107A500000310029F9D1BFF35B8F38BD0D850300DC
:107A600018190020B0B5D0F89C4000AFC4B97030F0
:107A7000F8F7BEFA6D4688B06A460A4BC2E905308F
:107A80004FF400739383084B42F8103F0748234696
:107A90004FF4E251F6F7C6F80820AD46BD46B0BD3A
:107AA0000020FBE72AAC05000300000194660500F6
:107AB00080B500AF88B06A46074BC2E905300323A2
:107AC00042F8103F054800234FF4C251F6F7AAF8D8
:107AD0006FF00B00BD4680BD3FAC0500946605000D
:107AE00010B40C4AD2F8EC3033B1D2F8643213B18E
:107AF00010BCFFF7DDBF01234FF4BC704343D01827
:107B0000054CC0F8F040EC331A44002010BC0A6069
:107B1000704700BF18190020587105002DE9F04189
:107B20000B4600AF06460D2104301AF035FE78B33F
:107B3000DD68D6F8EC3003F17008197A424602206D
:107B40001BF0AFF80446C8B94046F8F751FA6D4645
:107B500088B06A46114BC2E905304FF40073938335
:107B60000F4B42F8103F0F4823464FF4E251F6F70F
:107B700059F80820AD46BD46BDE8F0812B462A34B1
:107B800005F1100253F8041B44F8041B9342F9D189
:107B9000304609211AF04FFE0020ECE764AC0500E6
:107BA00003000001946605002DE9F04105461AF036
:107BB0002EFE0446002800F0D580071D042138461B
:107BC0001AF0EAFD002840F0D080022138461AF071
:107BD000E3FD002840F0BF80032138461AF0DCFDA9
:107BE00018B16FF00F00BDE8F081012138461AF09E
:107BF000D3FD0028F5D12046FFF7ACFAD4F8EC30DD
:107C00009B7A032B064615D005D8013B012B1BD9C7
:107C10006FF01500E7E7042BFAD12046FFF7B8FA1A
:107C2000032804D1002EF3D0F368002BF0D0504B82
:107C30001B7807E02046FFF7ABFA032804D1002E9B
:107C4000E6D0F368002BE3D0D5F89C306BB100216F
:107C5000EC2220461EF015F8102104F127000AF04E
:107C6000F5FF70B16FF06800BDE7287A05F170018B
:107C700000F01EFDC5F89C000028E8D16FF00B0055
:107C8000B1E7052120461AF0D6FDFAF7DBFE394BA5
:107C90000121186020461AF0E2FD80460028E1D05C
:107CA00006210C3017F041FB314B1B780546002BA9
:107CB000204614BF09260126FFF76AFA2E4A032838
:107CC00018BF46F0040604F5BA731278BFF35B8F51
:107CD00053E8001F013103D143E800200028F7D109
:107CE000BFF35B8FBFF35B8FD4F87431BFF35B8F4F
:107CF0009BB346F00106AE702046FFF749FA1F4BD2
:107D000028701B7863BB1E4B1B786B701023EB70C5
:107D1000AB7813F0010314BF032200226A712B71A8
:107D200084F8E8306B7984F8E930012363722B68BA
:107D3000C4F80A30AB88E38141462046FFF75AFA7F
:107D4000204602211AF077FD0B211AF074FD032161
:107D500038461AF070FD002045E706F00C06CAE729
:107D60000123D2E76FF07F003DE76FF004003AE7B0
:107D7000F157002068280020AF070020F2570020AC
:107D8000F35700202DE9F743051DD0F8EC40CB68F0
:107D90000646022128461AF0FFFC00286CD1032178
:107DA00028461AF0F9FC002866D1012128461AF06D
:107DB000F3FC002860D1324A1278002A5ED093F892
:107DC000008018F0080F08F00F0757D0D4F89C3047
:107DD00053B1DB8903F02403BBB92046FFF7E4FE6F
:107DE000002841DB0F2144E004F17009217A4A4662
:107DF000202000F0C3FCC4F89C0030B9217A4A4628
:107E0000042000F0BBFCC4F89C00D4F89C100029AE
:107E1000E3D018F0040F11D04B7BDA070ED43046B4
:107E2000FFF7B6F903283B4602D0164A032101E0CA
:107E3000154A022115481AF0E8FCCEE7CB899B06CB
:107E400001D43B46F1E70B7B009301F1180201F1ED
:107E50001A032046103119F09FF8002808DA0C4A5E
:107E60000A4801211AF096FC082003B0BDE8F0830F
:107E7000012128461AF0DFFC0020F6E70320F4E792
:107E8000F15700207EAC0500A5AC05009466050006
:107E90004DAB0500F8B5D0F8EC40D4F89C30064660
:107EA000051D002B32D102213D4A3E481AF072FCDA
:107EB00007213D4B5F5CD4F89C304BB11B7B002B02
:107EC00056D1D4F89C001AF000FF0023C4F89C306F
:107ED000022128461AF060FC40B9072F96BF334BA9
:107EE0001F21D95D3A462046FBF716FC03212846A0
:107EF0001AF052FC38B32E4B1B6823B31D6805B132
:107F00000C3D53F8083C002B3BD13DE051BB284BC6
:107F10000D2128461AF040FC1B6807469BB11D68DE
:107F200005B10C3D53F80C3C13B139462046984737
:107F30004DB12B46ED681B681DB10C3D002BF4D1F3
:107F4000F7E7002BF1D130461AF0FFFC637B072BDB
:107F500024D1627AA37A9A4220D02046BDE8F84024
:107F60001AF0B4BD0139C9B20E29A2D90927A2E776
:107F7000022128461AF010FC0028A2D1A8E70C3DE7
:107F800023B1394620469847002DDCD02B46ED68BA
:107F90005B68002DF3D1002BF3D1D4E7F8BD00BF0F
:107FA000D4AC050094660500C3AE0500B2AE050072
:107FB00098260020F8B5031D06460F4618460221F4
:107FC0001AF0EAFB044620B1B6F8E840B4FA84F4AB
:107FD0006409032118461AF0DFFB80B139463046A8
:107FE000FFF758FFC4B11A481A4A02211AF0D2FB0F
:107FF000D6F8EC00052118F089FF0020F8BD01211A
:1080000018461AF0C9FB0028E8D10F2118461AF0CB
:10801000C3FB0028E2D1E5E7052130461AF01FFC3A
:10802000054688B101210C3017F07FF9234607700F
:108030002246294606F1EC00FBF754FE0028DCD06E
:108040002846F7F719F8D8E76FF06800D6E700BFC1
:1080500094660500FEAC050038B50E4C00250621DF
:10806000201D1AF099FB78B1D4F8EC30DB785BB9BD
:108070002046FFF777F9014610B12046FFF79AFF37
:108080000C2120461AF0D7FB04F5BC7405B138BDAD
:108090000125E4E7181900200E4B10B504461860BE
:1080A0004FF0FF324FF0FF330B4812F093FC0B48B8
:1080B00013F046F8084812F005FD34B9BDE8104049
:1080C000074A084802211AF065BBBDE81040FFF7D7
:1080D000C3BF00BF68280020E0040020F404002093
:1080E00056AD0500946605002DE9F3410B8A044660
:1080F0000E4643B92D4A2E4801211AF04BFB0020B1
:1081000002B0BDE8F081012106F10C0017F04EF934
:10811000A4F1EC05E83C0746042120461AF03CFB9C
:108120003B7828B1234A224802211AF06EFBE6E789
:108130000E2B01D9204AF6E7DFF8808058F833206B
:108140004AB902211E4A1A481AF05FFB0721284645
:10815000FFF730FFD3E7194628461AF0E0FB3B78DB
:1081600060B91348174A02211AF04FFB0321204639
:108170001AF012FB0028C2D00821E8E708EBC3017F
:10818000328A0979914208D00121009308481346A8
:108190000D4A16F03CFF0A21D9E7314658F8333032
:1081A0002846984701460028A9D0D0E76FAD0500C2
:1081B000946605008AAD0500BBAD05008071050021
:1081C000DDAD0500F7AD050069A605002DE9F04716
:1081D00084B090F8E930D1F80C80D0F8EC6023F04E
:1081E000020380F8E93098F8003000AF044606F149
:1081F0007009BBB398F8063003F0C003C02B31D030
:108200004046F7F7F5FE6E4688B06C46624BDFF8E5
:108210008C8125464FF4007AC4E90530A4F81CA0EF
:1082200045F8108F00232A464FF4E2515C48F5F7D9
:10823000F9FC4846B546F7F7DBFEA546594BA4F8CE
:108240001CA0C4E90530C4F81080554800232A4614
:108250004FF4E251F5F7E6FC0A20B5461037BD466B
:10826000BDE8F0870722414648461DF012FD68B17F
:10827000307A414600F01AFB054638B101462046E7
:108280001AF093FA28B328461AF01FFD0D21201D7D
:108290001AF082FA002860D0317A4A4602201AF099
:1082A00000FD0546B8B94846F7F7A2FE6C4688B00F
:1082B0006A463D4BC2E905304FF400739383374B58
:1082C00042F8103F36482B464FF4E251F5F7AAFC2E
:1082D000A5460820C2E7F378CBBB06F17E031878E9
:1082E000012829D19A7902F0C002402A24D1D3F87A
:1082F0000120C5F83A20B3F80530EB8796F87030C6
:10830000D3B196F8763003F0C003C02B14D02749C0
:10831000FD603A1DC7E90198FAF7E6FED8F800308B
:10832000C5F80130B8F80430A5F8053098F80630E3
:10833000EB713046FBF7C0F92846F9F71FFD48B14D
:1083400017481B4A02211AF025FA032086E706F196
:108350007703C4E72846F9F721FD94F8E9305B0775
:1083600003D50A2120461AF066FAF37823B1B4F84F
:10837000E81061B1002071E794F8E930002BF6D1E4
:10838000D4F8EC00FFF76EFB0028F0D066E720463B
:10839000FFF780FDEEE700BF12AE0500030000010D
:1083A0009466050037AC050064AC05009B29050008
:1083B00026AE05002DE9F0410E460446D0F8EC80CB
:1083C000FEF7C8FEF668114A337801210546271DDD
:1083D0000F481AF01AFA0A2138461AF0A0FA38B1F2
:1083E0006DB920463178FFF755FD0020BDE8F081DA
:1083F0000B2138461AF093FA0028F1D1F1E72B69E6
:10840000002BEED040469847EBE700BF61AE050079
:10841000946605002DE9F0410546A0F1E806044602
:108420000F463046012155F8EC891AF078FA0028F9
:108430005FD0CFB1032130461AF0AEF9002858D0F2
:108440003846F8F7F9FB0138C0B208289ABF2E4B1E
:108450001C5C0024022130461AF0EDF92146284622
:10846000BDE8F041FFF716BD98F80B30002B40D067
:10847000032130461AF090F920B92846BDE8F041B2
:108480001AF063BA052130461AF086F9B8B114F82B
:10849000043C1F0707D514F8033C180703D5112126
:1084A00030461AF0C8F914F8043C23F0080304F825
:1084B000043C14F8033C23F0080304F8033C14F8CC
:1084C000033CD90717D5062128461AF0B4F9022132
:1084D00030461AF0B0F998F8033013B914F8033C99
:1084E0003BB92068FFF7BEFA18B934F8041C00291C
:1084F000B5D0BDE8F0819A0701D50821E4E75B0714
:10850000E5D50A21E0E700BFBAAE050037B5A0F512
:10851000A075A0F59E74BFF35B8F2368BFF35B8FDC
:10852000BFF35B8F2A68BFF35B8F0848009201217D
:10853000074A16F06CFD28460821FFF7ABFC042122
:10854000204603B0BDE830401AF075B994660500C6
:1085500083AE05002DE9F84300AF04461AF057F941
:10856000054670B3061D032130461AF015F940B3D5
:10857000D4F89C0008B11AF0A8FB04F17009207A25
:10858000494600F095F88046C4F89C00E0B948469A
:10859000F7F72EFD6C4688B06A463B4BC2E90530C2
:1085A0004FF400739383394B42F8103F38484FF42F
:1085B000E2514346F5F736FB0821A5462846FFF76A
:1085C000F9FCBD46BDE8F8830E2130461AF0E4F808
:1085D00028B1D4F89C20537B43F0020353732A7ACA
:1085E000D4F89C10032A4B7B3AD8002A3FD0D4F809
:1085F0009C20537B43F0010353732B7D697BD4F89C
:108600009C208B4228BF0B461373052130461AF07D
:10861000C3F8D4F89C305A7B90B342F010025A73DE
:108620000D2130461AF0B8F80028CAD0D4F89C00C2
:1086300020211AF046FBD4F89C3005F147021A338A
:10864000573552F8041B43F8041BAA42F9D1D4F859
:108650009C20002313615361D4F89C201383B0E75E
:10866000053A012A03D843F020034B73BFE723F0F8
:1086700020034B73D4F89C20537B23F00103BBE70A
:1086800022F010025A739CE764AC0500030000015D
:108690009466050008B5044B044801221A70FAF7E5
:1086A0007BF9002008BD00BFF1570020FC0400202A
:1086B000F8B5204D2B78834207460E4604D1072299
:1086C000681C1DF0E6FAA8B11B491C4807221DF0E2
:1086D000E0FA95F84030044618B9BB420CD0204669
:1086E00019E0BB4210D11648072231461DF0D1FADD
:1086F00050B940202844F8BD1148072231461DF0EA
:10870000C8FA0028EBD1F4E70B490D4807221DF009
:10871000C0FA68B90120830105EB8010EF540133E2
:108720003168E950EA18B3889380B3799371E2E72E
:108730000020E0E76C2800204D9105006D28002006
:10874000AD2800202DE9F0410A4FFB89034206467F
:108750000C46154602D011463846A047B7F84E30B1
:10876000334205D0294623460348BDE8F041184767
:10877000BDE8F0816C280020AC280020F8B5124C30
:10878000E389034205460F46164608D023788B42FC
:1087900005D107223146601C1DF07BFA78B1B4F890
:1087A0004E3013EA05000BD094F84030BB4208D19C
:1087B0000648072231461DF06CFA10B940202044CB
:1087C000F8BD0020FCE700BF6C280020AD28002089
:1087D000F8B50B78012B07460E4601D00020F8BDF6
:1087E0008D7905F0C005402DF8D12C4CE3899D070B
:1087F0000FD4B4F84E309807F0D594F84030BB420F
:1088000012D1062204F17A01701C1DF042FA38B927
:1088100034E0237883421CD0B4F84E30990723D437
:10882000B4F84E309B07D9D594F84030BB42D5D12F
:10883000751C1B48294617F09FFF0028CED0402307
:1088400003F13A022868A050A118AA888A80E0188B
:10885000C5E7062204F13A01701C1DF01AFA70B146
:10886000B4F84E309A070CD594F84030BB4208D18A
:108870000C490622701C1DF00CFA10B9402020444F
:10888000ADE72378BB42CBD1751C0748294617F0CA
:1088900073FF0028C4D00023D2E700BF6C2800205B
:1088A000D6280020E62800209628002070B50D4C20
:1088B0002378834205460E4604D10722601C1DF032
:1088C000E8F950B194F84030AB4209D1064807228C
:1088D00031461DF0DEF918B9012004EB801070BD9F
:1088E0000020FCE76C280020AD2800202DE9F0478F
:1088F0009AB01D46DDE923972E4B16460CAA8446F6
:108900008A4603F1300E904618685968144603C42D
:10891000083373452246F7D118681B79206023710C
:108920006146202204A81AF0DEF923486B46202273
:1089300004A900F071F80446C0BB102251460DF1A5
:1089400035001AF0D0F9102231460DF145001AF029
:10895000CAF92946062211F8013B8DF855300DF170
:1089600056001AF0C0F92299062211F8013B8DF841
:108970005C300DF15D001AF0B6F94B4635224146E8
:10898000684600F049F8044680B948461AF0B5F93F
:1089900001238DF8303035223B464146684600F0D1
:1089A0003BF8044610B938461AF0A7F920461AB029
:1089B000BDE8F08702680500FAAE050070B598B012
:1089C0000E4614460146202204A81D461AF08BF9D3
:1089D000202231460CA81AF086F91022294614A844
:1089E0001AF081F91022214668461AF07CF96B468C
:1089F000502204A9184600F00FF840B9039B054A1D
:108A00001BBAB3FBF2F102FB11331C9A136018B0CE
:108A100070BD00BF40420F002DE9F0418CB0074609
:108A20000C4615460021142207A81E461DF029F900
:108A30004FF41053ADF81830DFF85C808023ADF8A8
:108A40001A304FF44063CDE90838102204AB3946A0
:108A500006A81BF0C3FD034648B1104A1048012187
:108A600016F0CBFA6FF004000CB0BDE8F08105AB56
:108A7000029310232246CDE9006341462B46049819
:108A80001BF0E4FE044604981BF0D7FC2043EBD017
:108A9000044A2346E2E700BF0002C00314AF05000A
:108AA0001C66050030AF050000F1070C2CF0030C2C
:108AB00010B4541E1860A4B2ACF80020023A93B26D
:108AC00001FB04F24FF0000C40F802C074B103FB4C
:108AD000011403FB01F22044121B4FF6FF7C013B03
:108AE0009BB263458050A0EB0100F8D110BC7047E9
:108AF0000346006810B102680AB91A60704700F1B5
:108B0000070C2CF0030CD11DBCF800C021F00301B0
:108B10000CF1FF3CA1F800C0EFE700BF0B687BB190
:108B2000073323F003031A88013292B20346D1F8C7
:108B300000C043F807CB23F003031A800860704796
:108B40000122F3E702FB0100704700BF401A90FBCF
:108B5000F2F080B2704700BF531E11449BB242B185
:108B6000DB430138CA1811F8013D00F8013F91427A
:108B7000F9D17047014402E010F8013B1BB988426B
:108B8000FAD1002070470120704700BF10600860D4
:108B9000704700BF0A6803460068904205BF002284
:108BA0000A6000201A607047D2F800C0CCF80000BC
:108BB000D2F800C0CCF8041010607047884203D08F
:108BC0001AB1436813607047002070470B688342F6
:108BD00009D02AB1586810601A680A6018467047B0
:108BE000002BF9D1FAE70023F8E700BF2DE9F041A7
:108BF000DFF830800C4E0C2706F130044546221D6C
:108C0000214628460C3CFFF7C1FFA642A5F1080506
:108C1000F5D1043F3B1DA8F12008A6F13006EBD1A9
:108C2000BDE8F08168290020F429002010B4034633
:108C30008C469AB101EB4101144803EB430409014E
:108C400001EB84010144487A0C7AA04204BF013050
:108C5000087210BC614618460CF0BEB801EB410228
:108C60000A4C120100EB400302EB830323449C7A7D
:108C7000DA7AA24201D010BC704701329A72044BDA
:108C800001225A5410BC0CF0D7B800BF7029002044
:108C9000EC280020F8B506461C460D4602B32278A3
:108CA0006378D21A12F003023AD1274F71004FEACB
:108CB000450C3144AC44890001EB0C110133043103
:108CC000DBB27A18606823702146FFF76DFF1F4BF7
:108CD0000122294630465A550CF0AEF80020F8BD66
:108CE0000CF094F80028DAD0294630460CF080F8D1
:108CF0000028D4D005EB450206EB4601124F6378FD
:108D0000120102EB81023A447100907AD27A9042C9
:108D10004FEA450C0CD02078C01A10F00302C8D0DE
:108D2000012A03D00133DBB22370D0E71046F8BD2F
:108D30002278D21A920702D00233DBB22370D4E930
:108D400002039847CAE700BF70290020EC280020E2
:108D50002DE9F04FDFF8649119F8003089B0002B4D
:108D60005AD0DFF85CA13C2204234FF0000B00EB4B
:108D7000400712FB00330324CDE904BB09F800B01F
:108D80000AEB0717039302948346B8460023B96A97
:108D900058F8240F079307AAFFF710FF044607AA05
:108DA000B4B1079D2E786978761A06F00306012E75
:108DB00035D02B78591A01F003010129DBB23DD1DE
:108DC000D7E90901FFF7FAFE044607AA002CE8D10B
:108DD00097F82E3097F82F209A4203D087F82F303B
:108DE0000123049397F82C3097F82D209A4203D052
:108DF00087F82D3001230593029B5D1EEBB2FF2BFC
:108E00000293A7F10C07C0D1049AD846DDF814B03C
:108E100012B1BBF1000F45D009B0BDE8F08F0139A8
:108E20006970079BD3E902039847079D2A78697800
:108E3000D3B2521A02F00302012A21D0B86A019378
:108E400000224146FFF7C2FE6C60019B6A786B709E
:108E50002B789B1A03F00303012B08D0D7E90901F3
:108E600007AAFFF7ABFE012E044698D10EE0039B44
:108E70006A70294620460AEB0302FFF795FEEDE7EC
:108E8000D7E9090107AAFFF799FE0446029B8BB1B7
:108E900001235946584609F80B300BF0CDFF09B0B5
:108EA000BDE8F08F5A464146404609B0BDE8F04F54
:108EB0000BF092BF002C8BD0EAE700BFEC2800201B
:108EC000702900204B1EDBB271B1411E00EB030C78
:108ED000002011F8013F23B15A1E01301340C0B2E7
:108EE000FAD16145F5D1704708467047F0B5514D4C
:108EF00083B0074603260124042138460AF0F4F81B
:108F000038681F2320FA03F2013BDBB2FF2B4FF03E
:108F1000000C4FF0010E14D020FA03F101F0010112
:108F20008A4232D00CF101021C2BD2B24ED9192A3E
:108F30003BD094464FF0010E0A46013BDBB2FF2BBB
:108F4000EAD180EA050301930DF1040C0DF1080E3E
:108F500000221CF8013B23B1591E01320B40D2B252
:108F6000FAD1E645F5D1012A07D983B2B3EB104F08
:108F700028D1C3B2B3EB106F24D1013E16F0FF0627
:108F8000BAD16FF00D0003B0F0BD0EF10102D2B204
:108F9000062A2CD904FA03F271B120EA020000215A
:108FA0000CF10102D2B2192AC3D1013304FA03F33E
:108FB00029B15B421840C4E710430121F0E7013BAF
:108FC0001843BEE73860002003B0F0BDAFD0012ADF
:108FD000ADD104FA03F239B120EA02000021BCF15C
:108FE000010FDDD00A46A8E710430121F7E701D0C1
:108FF0001C2B02D996460A469FE7BCF1000F0AD106
:10900000012202FA03FE69B120EA0E008E46614693
:109010000A46F44691E71C2BECD0BCF1010FD8D0E6
:109020009646E8E7114640EA0E00944696460A4600
:1090300083E700BFD6BE898E30B5027E0568FF2A61
:1090400018D002EB820302EB43038A4205EB830351
:109050002BD04FF0000C01E091420DD096461A78CB
:109060009C6802EB820302EB4303FF2AA44405EB56
:109070008303F1D1002030BD714519D00FFA8EFE67
:1090800098681B780EEB8E020EEB420EFF2B05F854
:109090002E3008D003EB830203EB420305EB83037E
:1090A0009A6802449A60604430BD96464FF0000CC6
:1090B0001A780276E2E700BFA2EB010C1CF4000F65
:1090C00010B4836844690AD12CF07F4C6344A342F6
:1090D0000DD8E41A00234461836010BC7047891ADC
:1090E00021F07F418B4208D95B1AA342F1D91B1BA7
:1090F00000244461836010BC70470C44E41AE9E723
:109100002DE9F04F87B0427A036844680293002A41
:1091100000F0F180531EDBB204EBC3038B460393D4
:1091200005948246039B5A685E780492BBF1FF0F58
:1091300069D00BEB8B030BEB4303029ACDF804B021
:1091400012F823B04FEA830802EB830400254FF0A6
:10915000FF0C84F800C0DAF800709AF8183007EBBA
:1091600008096345D9F808100FD1BEE0091A06D1E5
:10917000B9F81E80BEF81EE0F04500F2AC8017F88A
:109180002220FF2A9C46134609D003EB830203EBFF
:10919000420207EB820EDEF808008842E6D9BCF1F5
:1091A000FF0FC9F8081089F8003000F090800FFA1E
:1091B0008CFC0CEB8C020CEB420C019A07F82C2077
:1091C000FF2B08D003EB830203EB420307EB83077B
:1091D000BB685B1ABB60A37801336370002DA5D018
:1091E0006B6A4FF000022A70AA7013B1A96A0020BE
:1091F00098476368002B99D16B6A2362AB6A6362FC
:10920000BBF1FF0F95D1039B049F9A7806EB860371
:1092100006EB4303711CB24207EB8305CEB25CD070
:109220000399087817F82310B04208BF00260429D4
:10923000ECD16A78029902EB820802EB480801EB54
:109240008804012094F801C0A1788C454FEA880871
:109250000BD04FF0000207F823206B6AA8700BB107
:10926000A96A9847039B9A78D0E7AB8A01924FF698
:10927000FE729342DAF8141007D04FF6FF729B1A71
:10928000B3FA83F35B0984F82830EB6863602B69D9
:10929000236200226262AB8A4FF6FD70834288BF70
:1092A0001346A383AB69A361EB69E3602B6A236177
:1092B000AB68A36062616A682046FFF7FDFE4FF06D
:1092C0000003E383E37843F00103E3703FE7019A8F
:1092D0008AF8182074E7014661E7039A05999142DC
:1092E000A2F1080307D003931CE707F80830019B9D
:1092F0008AF818306FE707B0BDE8F08F2DE9F04F1E
:10930000467E01238BB08376002E40F0BB80037E27
:10931000FF2B834600F0B5800BF098F8DBF8143093
:10932000DBF81C20DBF80080C01A20F07F4A9BF895
:109330001830524594BF00220122FF2B039200F007
:1093400046811FB2B14635463B4634E0039B23B904
:10935000DBF81C304B4540F29B80E78BE3786FF3E2
:1093600000030137E37094F82830BFB20EF1FF3EDE
:10937000E7835FFA8EFE002B00F08780A38BBB4251
:1093800080F08380E76884F802E087B16069DBF8E9
:109390001430626AA9EB000018442369019300238A
:1093A000009320F07F404FF6FF730021B847029BE7
:1093B000FF2B44D01BB203EB830203EB420308EB09
:1093C0008304A26852453AD818F8233094F802E092
:1093D00002936378A3EB0E03DBB2012BAAEB020A24
:1093E0009144E4D1A669002EB0D1E7680EF1FF3EAA
:1093F00084F802E0002FDAD0E18B626A60690B46E4
:1094000021690191E17801F001010091DBF814106C
:10941000A9EB0000084420F07F400021B847002E4F
:109420004FF00003E383039B18BF01230393E3780A
:10943000002262F30003E370029BFF2BBAD12E4699
:109440009BF80B309BF80A209A4208D10132D2B225
:10945000022A1ABF1646334600238BF80B600BEB2B
:1094600083030022C3F80C90DBF824408BF81A2009
:109470005B46012204210320A4460BB0BDE8F04F57
:10948000604786760BB0BDE8F08F84F802E08EE787
:10949000029BFF2B79D0DDF808C0A38BE18B6068BD
:1094A00005900CEB8C0299420CEB420228BFCB1AC0
:1094B00008EB82022CBF9BB20B4603FB00039068B3
:1094C000049386420FFA8CF356D3CDE9065E8446A8
:1094D000DDF814E009910593089116E0002D3FD1C5
:1094E000E178D37801F0010103F00103994233D30D
:1094F0001378FF2B3CD003EB830203EB420208EB13
:10950000820290688444664532D39369002BEFD081
:10951000D38B918B55688B42E0D2002DE8D0BEF101
:10952000000FE5D01F468B42E2D3049B07FB055793
:109530003F1ABB422CBF00270127E378D17803F004
:1095400001054B4001F00101A94203F0010303D8DA
:10955000002BCDD1002FCBD0DDE9065E099FFDE6C3
:10956000BEF1000F02D05F1ABFB2DCE77746E4E736
:10957000DDE9065E059B0899E7680EF1FF3E84F879
:1095800002E0002F3FF417AF37E72E46E5680EF1F3
:10959000FF3E84F802E0002D3FF452AF2169E38BD7
:1095A0006069626A0191E178039F01F00101009115
:1095B000DBF81410A9EB0000084420F07F40394686
:1095C000A847E378E78367F30003E37038E7B14621
:1095D00036E700BF837E002B40F05B832DE9F04F20
:1095E000437E8FB082460D93002B7BD1837AC27A63
:1095F000012141769A4241690A9100F04B8301337F
:10960000DBB2022B0ABF0D9A1A46134600EB820208
:109610008372D2680A9B0492134423F07F43436110
:1096200001230C939AF8183007930AF00FFF9AF869
:109630000960DAF800300093731EDAF804500290E3
:10964000DBB2002E00F0828305EBC3080026FF2367
:10965000039305950896CDF804A0D8F804B04FF010
:10966000000A98F8032098F802900FFA89F101EBAC
:10967000810009F1010301EB40044A45DBB20BEB29
:10968000840561D098F80010994208BF002388F83B
:1096900002301BF824006978042839D901EB8103D2
:1096A00001EB4307009B03EB870608287278B37829
:1096B00022D8D21A12F0FF022CD106281CD1019B0D
:1096C000DB7E8B4251D00BF824A06B6A85F802A098
:1096D000002BC6D0A96A0020984798F8032098F874
:1096E0000290C2E7446A0421034601220420A446F2
:1096F0000FB0BDE8F04F60470BF824A04FF0010316
:10970000AB706B6A002BACD0A96A01209847A8E720
:109710009946AAE705281FD16B684BB9AB683BB9DE
:10972000EB682BB92B691BB96B6933F07F43E3D02E
:10973000012A1CD0019B04215C6A01220846A04733
:10974000012388F802900893059A9045A8F1080330
:1097500000F0DE80984680E7012A00F09B80062812
:10976000E8D1019BDB7E8B42ADD16968B2E0DDF8C8
:1097700004904846FFF760FCB060D9F814C0029B23
:10978000049AA3EB0C0323F07F431344984240F266
:10979000B980C01A7368002B56D0AB8A002B53D007
:1097A000013B9AB2AA827168F38B884226D901F1F3
:1097B0000109CDF818B009941BE0726ADFF858B2BD
:1097C000964C9344A34584BF02F1E87202F5D4326B
:1097D000CE46346A94BF8E4602F5A572013BA0EBDB
:1097E0000E00121B9BB288427262F38340F2A48186
:1097F000AA8A9342E1D8DDF818B0099C9A4222D98E
:109800004A1CD6F820E00692CDF824B00B94726A78
:10981000DFF804B2814C72449344A345894607D8CB
:10982000A2F1E872A2F5D432DDF81890A2F5A57283
:1098300001339BB27262F383AA8A9A424844E6D803
:10984000DDF824B00B9CB2836B680344B360AA6854
:10985000736913447361029A61463046FFF72CFC2A
:10986000EA68B3691344B3612A6993428CBF9B1AB7
:109870000023B361AB7D1BB1F27863F30002F27099
:10988000009B039A03F8272073786A7803920133C8
:10989000737018E706283FF412AF019F3846FFF7B0
:1098A000CBFBB378B0607370FA7E6B789A427FF42A
:1098B0000AAF1BF82430062B3FF457AF019AFF2361
:1098C000D3761BF82430062B3FF44FAF082B3FF420
:1098D0004CAF0299019B5A698B1A1E0209D4049A53
:1098E00023F07F4313440199CA699A4288BFCB6130
:1098F000E9E6049B521A22F07F4293428CBF9B1AE6
:109900000023F0E7726913441B1A7361002041E7DA
:10991000089EDDF804A0079B9AF818B0BBEB03087B
:109920000C9B18BF4FF00108002B00F00F81029B29
:109930000A9A9B1A23F07F49BBF1FF0FDAF8003037
:10994000009300F0AB800027CDF814800696B8464F
:10995000049E07E0A37863709AF818B0BBF1FF0F7C
:1099600000F09A80009B0BEB8B050BEB450503EB9E
:109970008504A368B34200F2D381A1786278E08BBA
:10998000521ADAF81C108B42A6EB0306A9EB030966
:10999000984431BFC91A4FF0FF3300218AF81B30B9
:1099A000CAF81C10A369D2B20BB1022A15D0002349
:1099B000A360009B13F825308AF818306168C9B994
:1099C000002AC7D0012A01D00028C3D0236A002B67
:1099D000C0D0616A01209847BCE7002800F0D3801E
:1099E0000023A360009B13F825308AF818306168C3
:1099F0000029EBD0B4F81EC0BCF1000F40F0A180EC
:109A0000B4F81CC0E646481CCDE90104D4E908734B
:109A10000022704609E000BF5A2B17FF592B177F11
:109A200001388E46441C724412D0DFF8ECE2BB4C85
:109A30003B449E44A645F3D8DDF804E0A3F1E87367
:109A40000138A3F5D433441CA3F5A5737244ECD1BB
:109A5000029C94F828006362002800F02D810A9B84
:109A6000A260A4F81EC003EB080222F07F42DAF8DD
:109A700014102046FFF720FB009B039A03F82520D3
:109A80006378CDF80CB00133DBB263709AF818B08C
:109A9000BBF1FF0F7FF466AFDDE905860C9B079AEB
:109AA000039950465A4518BF9846FFF729FB9AF884
:109AB0001830079A934252D0002E73D0FF2B00F03B
:109AC0005881079AFF2A00F04481DAF8002003EB5E
:109AD000830103EB410302EB83029768002F00F040
:109AE00028810AF0B3FC0A260446DAF81430E21A98
:109AF00022F07F42974206F1FF3602F1030240F264
:109B0000CD80BA422CBF9B18DB1923F07F45284635
:109B1000DAF8283098470AF099FC021B2B1B22F038
:109B20007F42033223F07F439A4240F2B980002EF5
:109B300000F0A5800446D8E7DDF818B0099CAA8A91
:109B40005CE6A37863704FF0000E5CE70399504623
:109B5000FFF7D6FA9AF81830079A9342ACD1002E44
:109B600000F0EA80B8F1000F40F000818AF8198017
:109B70009AF81A30002B00F09C80DAF82440534603
:109B800001220321B2E5CAF81C30009B8AF81BB001
:109B9000A06013F825308AF81830616800293FF476
:109BA000D9AE27E79AF80920DAF80440551EEDB23D
:109BB0004FF00108002A81D004EBC5050026CDF83E
:109BC00000806B78EA78D5F804809A4251D01BB2B5
:109BD00003EB830103EB410308EB830C18F82330FC
:109BE000012B32D0022B3AD1DCE9019299F800B076
:109BF000DCF80CE0DAF80000DEF80010DAF8147097
:109C0000BBF1FF0F02D01368BB423BD09AF818306B
:109C100017600021FF2B07D113E010F82230DBF88A
:109C20000870FF2B39440CD003EB830203EB420294
:109C300000EB820BDBF81870002FEED0DBF8082069
:109C4000114489F80030CEF80010DCF824308CF88C
:109C500002601BB1DCF8281000209847EA786B7886
:109C600029780133DBB2994208BF00239A426B7016
:109C7000ADD1A542A5F108034AD01D46A1E700DEFB
:109C8000044632E70BEB8B030BEB430B10F82B3046
:109C9000C0E770470D9B0C930493C3E401230D931D
:109CA00000238AF819309AF81A300D9A1A437FF473
:109CB00064AF0FB0BDE8F08F91457FF6D0AE029053
:109CC000481C0190DFF854E00298CDF810B005E090
:109CD0008B465A440130914580B212D9DFF838B032
:109CE0003B449B44F345F3D8DDF804B0A3F1E8739B
:109CF0005A44A3F5D43301309145A3F5A57380B23E
:109D0000ECD86044DDF810B063621FFA80FCA6E670
:109D1000DDF8008026E700BF5A2B17FF592B177F6D
:109D200032469B1AA360DDF81480069E9AF818B09C
:109D3000B4E68AF8197020E79AF80930DAF8044096
:109D40005D1EEDB2002B7FF437AF0BE7FF230393CB
:109D5000E1E50AF07BFB04460AF054FB9AF8183060
:109D600000287FF4B2AECAF81440AEE69AF8183074
:109D7000A4E60AF057FB044640B100238AF81930E4
:109D80009AF81A30002B7FF4F8AE92E7CAF81C005C
:109D90000AF05CFB8AF81940CAF814009AF81A30E5
:109DA000002B86D0E9E600BFF8B5069F9DF81C5051
:109DB000089CC8B9154E32605A1E317273727760B2
:109DC000D2B283B107EBC2025460104612F80839D0
:109DD00003EB830103EB41018742A5EB030304EB93
:109DE0008104DDB2F0D10DB10120F8BD099B3362D1
:109DF0000A9B7362FF240B9BB36234760AF026FB46
:109E000075817061F476F5612846F8BD302A00202E
:109E100040B9064B1A7EFF2A01D1187270476FF0C5
:109E20000F0070476FF01500704700BF302A002008
:109E300010B40A4B2C2202FB0032546A5CB100EBD6
:109E4000800200EB420003EB8003A446012210BC19
:109E500003210220604710BC704700BF302A002059
:109E60002DE9F843274E04462C2505FB046504EB39
:109E7000840704EB470406EB84066C68084604EB91
:109E8000C00714F83080FC7897F801E0BDF8301076
:109E900004F1010C5FFA8CFCE04598BF4FF0000C18
:109EA000E6452CD0D7F8049004EB840E04EB4E0E5C
:109EB00009EB8E044FF0040809F82E806360089BBC
:109EC000A3600A9BE3600B9B23610D9BA3610E9B28
:109ED000E3610F9B2362109B6362119BA3620223C9
:109EE0006270A182A37087F803C0D5E9083598474E
:109EF000334641460022A847A078BDE8F8830120F8
:109F0000BDE8F883302A002010B58AB00C9C00947C
:109F10000D9C0294002401940E9C0394BDF83C40D7
:109F20000494109C0594119C0694129C0794139C15
:109F30000894149C0994FFF793FF0AB010BD00BF6A
:109F40002DE9F047264DBDF82C709DF83090044661
:109F500008462C2101FB045104EB840604EB460463
:109F600005EB84054C6804EBC00614F83080F478E7
:109F700096F801E004F1010C5FFA8CFCE04598BF13
:109F80004FF0000CE64528D0D6F8048004EB840E90
:109F900004EB4E0E08EB8E044FF0050A08F82EA0D5
:109FA0006360089BA360099BE3600A9B23610D9B90
:109FB00063620E9BA36202236270A78284F81690EC
:109FC000A37086F803C0D1E9083698472B460022D3
:109FD0000421B047A078BDE8F0870120BDE8F087F4
:109FE000302A00202DE9F04106461E4D06EB86047E
:109FF000084606EB44042C2105EB840701FB0654BC
:10A00000666806EBC00516F8306095F803E06978DD
:10A010000EF1010C5FFA8CFC664598BF4FF0000C06
:10A0200061451CD069680EEB8E060EEB460E01EB07
:10A030008E064FF0070801F82E807362069BB3620C
:10A0400002237270B37085F803C0D4E908359847CD
:10A050003B4600220421A847B078BDE8F0810120EA
:10A06000BDE8F081302A00202DE9F04106461F4D61
:10A0700006EB8604084606EB44042C2105EB840716
:10A0800001FB0654666806EBC00516F8306095F8CB
:10A0900003E069780EF1010C5FFA8CFC664598BF0D
:10A0A0004FF0000C61451ED069680EEB8E060EEB7A
:10A0B000460E01EB8E064FF0080801F82E80736003
:10A0C000069B7362079BB36202237270B37085F8BC
:10A0D00003C0D4E9083598473B4600220421A8472D
:10A0E000B078BDE8F0810120BDE8F081302A002081
:10A0F0002DE9F0410646204D06EB8604084606EBA6
:10A1000044042C2105EB840701FB0654666806EB2A
:10A11000C00516F8306095F803E069780EF1010C7F
:10A120005FFA8CFC664598BF4FF0000C614520D06B
:10A1300069680EEB8E060EEB460E01EB8E064FF6AF
:10A14000027821F82E80C6E90123069BF360079B65
:10A150007362089BB3620223B37085F803C0D4E92D
:10A16000083598473B4600220421A847B078BDE84F
:10A17000F0810120BDE8F081302A002070B50A4D41
:10A180002C2202FB0052D2E90836044608469847C2
:10A1900004EB840304EB430305EB8303B446002282
:10A1A000BDE8704004216047302A00200AF04EB913
:10A1B000401A20F07F40704701480021704700BFDF
:10A1C000FF410100022801D00120704738B5044644
:10A1D00008461D4602F08AFE10B10020287038BDE6
:10A1E000204638BD002303700B70704738B5054614
:10A1F00000200C4602F012FD10F0060F0ED13DB902
:10A20000074B44B120681860A2889A80002038BDAE
:10A21000044B002CF6D11C609C80F7E70C2038BD65
:10A22000642A00205C2A00200128034605D8044A3D
:10A230000448002B08BF104670470020704700BF3D
:10A24000642A00205C2A002001280AD8064A074B0D
:10A25000002818BF1346186808609A888A80184634
:10A2600070470023184670475C2A0020642A0020AB
:10A2700010B5044608F054FF50B909F065FB60B909
:10A2800009F076FC70B92046BDE8104010F09CBC87
:10A2900000DE09F059FB0028F2D000DE09F068FC6E
:10A2A0000028F0D000DE2046BDE8104010F08CBC45
:10A2B0000860014810F088BC7837002010F084BC9A
:10A2C0002DE9F84F89462A4D99F8003095F860102D
:10A2D0000B2B88BF0B469A423ED05C1CE4B29246E0
:10A2E0000C2C35F833200280834608BF002405EB90
:10A2F000C303002601274FF012081AE0012833D0CB
:10A30000C3F8048089F8004095F860300B2C98BFA2
:10A3100023469A4521D01AB20133DCB235F8320017
:10A32000BBF800100C2C08BF0024884205EBC203C8
:10A3300013D1586860B1FF28E0D9027902F0030216
:10A34000013A012A0CD912225A6002F0EBFDD9E73A
:10A3500001365F60F6B2D5E700263046BDE8F88FDB
:10A360000136F6B20122EFE70136F6B2CAE700BFC6
:10A37000902A00202DE9F047374F3B8898425DD95D
:10A3800013F0FF0528D0DFF8D4A0DFF8D4809AF8C6
:10A390001540DFF8D0909AF814300134E4B2052C5F
:10A3A00008BF0024A342404618D0FEF7A1FB064692
:10A3B00048468EB1FEF79CFB002841D006609AF813
:10A3C00015304AF823003B888AF81540013D013BCF
:10A3D00015F0FF053B80DED1BDE8F0873B88002B00
:10A3E000FAD0DFF884A01E4D9AF815401D4E4FF0AC
:10A3F00000080134E4B2052C9AF8143008BF002498
:10A40000A3422846E8D0FEF773FB81463046B9F1F7
:10A41000000FE1D0FEF76CFBC0B1C9F80480C0F8B2
:10A4200000909AF815304AF823003B888AF81540C6
:10A43000013B9BB23B80002BDBD1CDE70546A2E779
:10A4400030460749BDE8F047FEF768BB4846044977
:10A45000BDE8F047FEF762BB202B002088350020C6
:10A46000242B0020882B0020F82A00202DE9F84F0B
:10A47000324B334FDFF8CC90DFF8C0B0181D052207
:10A4800014214FF00008A7F81880FEF70DFB2D4BA4
:10A4900005220821181DFEF707FB97F818A07C7EFF
:10A4A00005260134E4B2062C08BF0024A245484624
:10A4B00013D0FEF71DFB0546584675B1FEF718FB95
:10A4C000002836D0C5F8048005607B7E47F823005D
:10A4D000013E16F0FF067C76E3D11B4B0922181DC6
:10A4E0004FF48E71FEF7E0FA184B0C22181D08216C
:10A4F000FEF7DAFA1548FEF7FBFAB0B1144A111F5D
:10A50000FEF744FB1148FEF7F3FA80B1114A111F20
:10A51000FEF73CFB104B0822FF201A80FFF72AFFB2
:10A5200007F04CFB0020BDE8F88F00DEE6E700DE18
:10A53000ECE704492846FEF7F1FACEE7CC350020D7
:10A5400034360020A0350020882B0020242B00204A
:10A550001C2B0020142B0020202B00202DE9F04183
:10A560007B4D7C4E86B004AA02A90DF1070003F0D2
:10A5700009F90446D5E9000103AAFEF71FFB0746C7
:10A5800050B3039B002B6BD0187804AA02A903F0E8
:10A5900011F90446002841D0DDE90313BDF8082075
:10A5A0000F78ADF80A20059303F016F92146059AB5
:10A5B000BDF80A0003F044F9204603F0D7F805AAD5
:10A5C0000DF10A01384603F0F5F804460028EBD1F6
:10A5D000306810F0F9FAC6E7002C3ED0049B0593D2
:10A5E0009DF80770BDF80830ADF80A3003F0F4F8B4
:10A5F0002146059ABDF80A0003F022F9204603F02F
:10A60000B5F805AA0DF10A01384603F0D3F804465F
:10A610000028EBD1306810F0D7FAA4E7039B05932C
:10A620001B79013B2C2B1ED8DFE803F01F32741D71
:10A630001F1D1D1D1D1D1D1D1D1D1D1D1D1D1D1D48
:10A640001D1D6A1F1D1D1D1D1D1D1D1D1D1D1D1DEB
:10A650001D1D1D1D1D1D1D1D1F0006B0BDE8F08127
:10A6600000DE039B90E700DE7DE739496868002241
:10A67000FEF7ACFA384B059993F8613038460B7009
:10A68000364AFEF791FA334B186810F09DFA6AE7E4
:10A690002F4968680022FEF799FADDF81480D8F88F
:10A6A000084034B12378002B50D02378013BDBB233
:10A6B000237098F80C3013B1012B41D000DE284AEA
:10A6C000002388F80C30537E117E0133DBB2062B59
:10A6D00008BF0023994237D0C8F80070517E42F875
:10A6E00021805376002C3FF43EAF2378002B7FF47B
:10A6F0003AAFA368002B3FF436AFE068984732E7E3
:10A70000134968680022FEF761FA0599384602F09D
:10A71000B5FE28E705A9384602F0CCFE0C4968686A
:10A720000022FEF753FA059900293FF41CAF0B797C
:10A730002E2B3FF418AF084B384693F861309EE754
:10A740004046EEF7E5FDBAE700DECBE700DEACE71A
:10A75000182B002074370020902A0020142B002092
:10A760003436002030B5284B284C186087B009F0EB
:10A770003BFE2378002B40D0254A264D264C274906
:10A78000CDE90425264A0220CDE9022404230C2425
:10A79000CDE90014234A087408760B700B72002070
:10A7A0000521FFF701FB68BB012200211E481AF0BA
:10A7B00072FE08F053FC044610B1204607B030BDCD
:10A7C000FFF754FE04460028F7D109F0BBF8044611
:10A7D0000028F2D102F048F904460028EDD109F032
:10A7E000BBF904460028E8D102F0ACFD044600287D
:10A7F000E3D1012007F09EFEDFE7FEF7F7F9012322
:10A800002370B9E700DECFE774370020F45700204B
:10A810008D4E04002D4F04006D4E0400A039002021
:10A8200090370020C03900207837002010B586B05E
:10A8300002F0A2F978BB02F087FD88BB00241B4B15
:10A840002046A3F8604007F075FE1949194A1A4BD3
:10A85000A1F8204194829C820122214668461AF088
:10A860001AFE164B224621460320C3F808D0FEF7F5
:10A8700011FAB8B94FF0FF324FF0FF33684610F0CD
:10A88000DDF9FFF7F3FD78B90021012006B0BDE83E
:10A890001040FFF7ABBC00DE02F056FD0028CDD023
:10A8A00000DECBE700DEE5E700DEEDE7902A0020E2
:10A8B0005036002088350020F82A0020340500207A
:10A8C00008B5FFF7B3FF08F0FFFB00B108BDBDE816
:10A8D0000840FFF79DBA00BF2DE9F04F2B4C2C4EDE
:10A8E000DFF8B0A083B00746884604F16009002372
:10A8F0003B6094F861B0D6E9000101AAFEF75EF969
:10A90000054690B3019B49461A784046FFF7D8FCAC
:10A9100080BB94F860308DF8013094F86120834654
:10A920000DF101010DF10200FFF7CAFC4BEA000234
:10A9300012F0FF02F1D1019B1979012920D1314692
:10A940007068FEF743F951462846FEF7E7F8124AC9
:10A950001388072B11D80198104901331380FEF793
:10A96000DDF80120FFF706FDC1E70D495A464046D4
:10A97000FFF7A6FC03B0BDE8F08F00DE1388EAE71E
:10A9800010463B6003B0BDE8F08F00BF902A002066
:10A99000102B0020242B0020202B0020882B0020AF
:10A9A000F02A002000B51D4983B0002348680193B8
:10A9B00001AAFEF70BF970B31949FEF7AFF8019A37
:10A9C0001379172B12D009D8052B0BD82922DA407E
:10A9D000D20707D533B103B05DF804FB1D2BFAD9BC
:10A9E0002D2BF8D000DE03B05DF804FB93681B68E4
:10A9F00093F84C20002060F30002586183F84C204B
:10AA000002F00CF9400010F0FF00E4D107F014FE52
:10AA100003B05DF804FB00DECEE700BF102B002082
:10AA2000242B00202DE9F843046807461CB3354E5B
:10AA3000DFF8D4802925204624680379052B13D913
:10AA4000173BDAB2162A13D8162B11D8DFE803F019
:10AA50001A291E1E1E1E1E1010101010101010108D
:10AA60001010101010101E0025FA03F2D2073ED469
:10AA700000DE002CDFD100233B60BDE8F843FF205F
:10AA8000FFF778BC037F022B24D073BB3388072BDE
:10AA900028D8013341463380FEF740F8002CCAD154
:10AAA000E9E7C0880128E4D802F014FA814630B3FF
:10AAB000D9F86C30FBB909F1600109F15C00FEF7CF
:10AAC00069F8D0B1C9F86C00484602F0F5F9002CDD
:10AAD000B1D1D0E707F00CF8002007F0ADFD002C55
:10AAE000A9D1C8E700DE3388D3E700DE0379002B65
:10AAF000CCD100DECAE700DEDDE700DEE2E700DE03
:10AB0000D6E700BF202B0020882B00200148FDF74E
:10AB1000EFBF00BF242B00200149FDF7FFBF00BF9E
:10AB2000242B0020034B044A93F861300B70FEF78E
:10AB30003BB800BF902A0020142B002008B5064B1C
:10AB4000064A93F861300B70FEF72EF8044B186834
:10AB5000BDE8084010F038B8902A0020142B0020DF
:10AB6000743700200B490A7D4B7D9A420AD8A3EB2B
:10AB7000020C5FFA8CFC604509D89A4207D051F864
:10AB80002200704705339B1ADBB29842F7D90020A8
:10AB9000704700BFF82A0020074A117D537D8B4281
:10ABA00008D04B1CDBB2052B08BF002352F8210054
:10ABB0001375704700207047F82A002000B50D4A31
:10ABC00092F861C092F860E00CF10103DBB20C2B4B
:10ABD00008BF00239E4509D022F83C0002EBCC0CB4
:10ABE000CCF8041082F861305DF804FB00DE00232D
:10ABF0001B80FFDE902A0020022810B50C4602D0F0
:10AC00000B68022B07D004484FF0FF324FF0FF33A0
:10AC100010F014F8206810BD78370020014B186838
:10AC2000704700BF8C2A002004490A680AB1104608
:10AC30007047024608601046704700BFF42A0020A3
:10AC4000044A136823B1984206BF00211160002313
:10AC500018467047F42A0020014B1868704700BF5F
:10AC6000F42A002030B505682B7887B0EBB1044694
:10AC70000122002168461AF00EFC0D4BC5F80CD0DD
:10AC8000AB602B788BB10B4B0022114603209C60EC
:10AC9000FEF700F838B94FF40042002368460FF081
:10ACA000CDFF07B030BD00DEF5E76FF07700F8E7C5
:10ACB000BDA2030024050020F0B5254E336885B001
:10ACC0000C461746002B36D0994215D10223039328
:10ACD00003AB0246009303211E4B0020FFF782F9CD
:10ACE000022805460CD0039B022B09D195B133688D
:10ACF0000BB19C4221D014B36FF02D0005B0F0BD14
:10AD000015484FF0FF324FF0FF330FF097FF039DD0
:10AD1000002DECD13846FFF7A5FF33680BB19C42FC
:10AD200011D0002CE8D10028E8D010F1780F08BF2E
:10AD3000002005B0F0BD3160C8E7002333606FF03C
:10AD4000770005B0F0BD35600028D7D0EDE700BF33
:10AD50008C2A0020B1A20300783700200B490A7D1D
:10AD60004B7D9A420AD8A3EB020C5FFA8CFC60453B
:10AD700009D89A4207D051F82200704705339B1A30
:10AD8000DBB29842F7D90020704700BF8835002019
:10AD9000074A117D537D8B4208D04B1CDBB2052B3B
:10ADA00008BF002352F82100137570470020704738
:10ADB0008835002038B50C46054602F0DDFC2070D1
:10ADC00021462846024ABDE83840FDF7EDBE00BFE7
:10ADD0001C2B00200122024B11460020FDF75ABF18
:10ADE0001405002070B50C46054602F0C5FC21464E
:10ADF0002070064A2846FDF7D7FE0122BDE87040C4
:10AE0000034B11460020FDF745BF00BF1C2B00205F
:10AE1000140500202DE9F0431A4D9DF81C8095F88B
:10AE200021C10CF1010E5FFA8EFEBEF1090F9946A9
:10AE300095F8203108BF4FF0000E73451DD0144621
:10AE400005EB4C1CE36807460E4610685168926893
:10AE500064460FC49CF81C30CCF8186008F0010858
:10AE600023F0030343EA0803CCE904978CF81C3071
:10AE700085F821E16046BDE8F0834FF0000C6046A4
:10AE8000BDE8F08350360020054890F8203190F856
:10AE900021219A4214BF00EB43100020704700BFED
:10AEA0005036002001460B480A7890F82131082AD4
:10AEB00084BF90F820210A70934208D0531CDBB263
:10AEC000092B08BF002300EB42100B7070470020D5
:10AED000704700BF503600202DE9F04F3D4E96F8E8
:10AEE000201196F8213187B08B42039047D04FF064
:10AEF000000906EB41110B24CDF81090CA46CB4651
:10AF0000CDF80890CDF814900D7FD1F80080CF686F
:10AF1000C5F3400205F00105002C4FD0013CE4B21E
:10AF200082B396F8211196F82031994227D0013347
:10AF3000DBB2092B08BF0023994286F820311ED0CE
:10AF400006EB43115B01C868002ADDD135BBBBF1BC
:10AF5000000F37D0BAF1000F029A08BF42460292A2
:10AF600008BFBA460A7F9507CED4D2071DD48345C1
:10AF7000F3582BD08245C7D1029A9A42C4D107B068
:10AF8000BDE8F08F144B0398996011460192FDF7CC
:10AF900081FE019A0028C4D000DEC2E7049A7AB18B
:10AFA000B9F1000F08BFB946DCE7BAF1000FABD129
:10AFB000049B8342E3D04845A6D1E0E700DEADE73D
:10AFC0000497CFE7BB46CDF81480CBE7059A9A42A9
:10AFD000D0D1D4E75036002004050020054B1A7E5E
:10AFE000597E914204D053F8220010B10C307047C2
:10AFF000002070473436002070B5134A117E537E0E
:10B000008B421ED04B1CDBB252F82140062B08BFEE
:10B0100000231376ACB10223002526682371256036
:10B02000A06002F0A9FB094A207021463046FDF7D6
:10B03000BBFD0122064B11462846FDF72BFE20469C
:10B0400070BD0024FBE700BF343600201C2B00201D
:10B050001405002010B582B0049B9C7A6FF3410464
:10B060009C720024CDE9004408F098F902B010BDAC
:10B0700010B50346007F1A699969012482B0204007
:10B08000CDE90004586908F089F908B902B010BD8B
:10B090007730FBD000DEF9E710B4CB6804691A788A
:10B0A000042A02D0236810BC18475B78052BF9D11D
:10B0B000002010BC704700BF30B50B8A83B0002B56
:10B0C0003ED0054601F10C000C4614F077F901283A
:10B0D00003461BD0022808D01C4A1D48012113F04A
:10B0E0008CFF6FF0150003B030BD01A9204600F0C1
:10B0F0008FFF019911B12846FFF7CEFF0028F2D14A
:10B100002046F3F7B9FF002003B030BD002301A9AA
:10B110002046019300F0E6FA01460028F0D02846C8
:10B12000FFF7BAFF0028DED1019D002DE8D02846A8
:10B1300001F038FC6871019906481AF093F9DFE7CD
:10B14000054A0348012113F04FFFCAE70C720500BE
:10B1500034660500A03A0020F871050010B50469B6
:10B16000FFF7AEFB40B90548F3F778FB0448F3F767
:10B1700075FB0020206010BD00DEF4E7081C0020F5
:10B18000981C00202DE9F0433F4FD0F8108083B089
:10B1900006464FF000094FF0FF324FF0FF333846BC
:10B1A0000FF0E0FC0028F6D043790190042B15D86D
:10B1B000002B43D100DE019B01A8C3F80090FFF7EC
:10B1C00031FC4FF0FF324FF0FF3338460FF0CAFC2E
:10B1D0000028E0D043790190042BE9D9052BE9D16F
:10B1E0004FF0FF334FF0FF320820F4F7B5FF04466D
:10B1F0002146019800F0BAFF019B01A8C3F8009016
:10B20000FFF710FC002CC6D0204614F04BF8054682
:10B210002146002014F06CF82B8A012B04462946A5
:10B22000304607D9D8F80030984710F033FA002C90
:10B23000EAD1B0E72846F3F71FFFF6E7022B13D059
:10B240004FF0FF324FF0FF330220F4F785FF044642
:10B2500001989CB1214600F0B1FF019B01A8C3F801
:10B260000090FFF7DFFBCFE7002200230121002041
:10B27000F4F78AFF04460198002CEBD1046001A882
:10B28000FFF7D0FB87E700BFA03A00202DE9F0438D
:10B29000344F354E83B0054614E04FF0FF324FF087
:10B2A000FF3300211320F4F76FFFBDF80210224690
:10B2B000044601F05FFB21462846FFF7EDFE68BB20
:10B2C00010F0E8F90DF1020101A8FFF705FB0446B3
:10B2D0000028E2D1019BCBB1FFF764FBDDF80490BD
:10B2E000484601F05FFBDDF8048089F8050098F816
:10B2F0000530032B03D198F80430182B10D04146A9
:10B3000030461AF0AFF8019B002BDBD14FF0FF3233
:10B310004FF0FF3338460FF091FCD3E700DECFE764
:10B3200021464FF0FF324FF0FF330520B8F806906A
:10B33000F4F72AFF49460446024608F11C0000F0D3
:10B34000EDFE484600F00AFF3CB121462846FFF7D3
:10B35000A3FE28B92046F3F78FFEDDF80480CEE780
:10B3600000DEF7E7B83A0020A03A0020F0B5054625
:10B37000076989B00E4624481AF035F84FF0FF32BD
:10B38000002122481AF087F82048FFF7EBF904461D
:10B3900000282FD13E6001F01BFB002600276FF034
:10B3A0000903CDE90334CDE90667CDE90144184B23
:10B3B000184900954FF4E07217480FF04BFF1749FA
:10B3C00015481AF0ABF96FF00702CDE90324CDE977
:10B3D0000667CDE90144124B124900954FF46072A3
:10B3E00011480FF037FF11490F481AF097F920461E
:10B3F00009B0F0BD0E4A0F482346012113F0FDFDB0
:10B40000204609B0F0BD00BFA03A0020B83A0020A5
:10B410008DB2030040870020081C00204072050008
:10B4200085B1030040890020981C0020507205005F
:10B43000207205003466050010B510F0DBF8054CED
:10B44000204619F0DCFF204619F0CDFFBDE8104082
:10B4500010F0E4B8A03A00202DE9F047DFF898A0FA
:10B46000DAF80090B9F1000F32DB80460F4616463D
:10B4700010D0224C00252146062230461AF009FC45
:10B4800018B914F8013CBB4225D00135A94504F197
:10B490000804F0D11A4C1B4923683568DA00501CA7
:10B4A000B9F10F0F0D500844B588858001F833704D
:10B4B000D4BF09F1010301330A44D8BFCAF80030F0
:10B4C0000121102B01FA08F108BF0023D17123607C
:10B4D0000020BDE8F0870B4B03EBC503DA7922FAB5
:10B4E00008F1C90702D50120BDE8F087012101FA62
:10B4F00008F10A43DA71EBE7D83A0020DD3A002080
:10B50000D43A0020DC3A00202DE9F0411A4C64685E
:10B51000A40004D51646194A1268120701D4BDE8E2
:10B52000F08103F10C0405460F462046022113F07A
:10B53000FCFE40F63E4303800121204613F0F5FE59
:10B540000346042220461A700B2113F0EEFE05700C
:10B55000A0F801603DB97B68BA68C0F80720C0F860
:10B560000330BDE8F0814FF00008C0F80380C0F858
:10B570000780BDE8F08100BF800200207802002033
:10B58000F0B5013887B01446092806D8DFE800F086
:10B5900009273D05054F056180936FF0150007B041
:10B5A000F0BD4E4B0D21188815F029FB0D212060B0
:10B5B0000C3013F0BAFE4FF0021400234FF48061F8
:10B5C00003220370C0F80140A0F80510C271037295
:10B5D00043728372C3720373002007B0F0BD3F4B08
:10B5E0004121188815F00BFB412120600C3013F02D
:10B5F0009CFE002104463E2200F8031B1AF041FB8A
:10B6000040F2A733A4F80130E6E7344B092118884B
:10B6100015F0F5FA092120600C3013F086FE034680
:10B62000002203F8012BC0F801205A60D4E7C96852
:10B630000020FEF7DBFD294B0121188815F0DFFA09
:10B64000012105460C3013F070FE002303702560C5
:10B65000C2E7234E214F0FCE01AD0FC533683888A6
:10B660002B70122115F0CBFA122120600C3013F050
:10B670005CFE0446002301AE04F8013B84460FCE75
:10B680002D78CCF801006160A260E3602574A3E727
:10B69000124B1821188815F0B2FA182120600C30CE
:10B6A00013F043FE00230446012100F8023B08F09A
:10B6B00021FE607090E7094B2121188815F09FFA50
:10B6C000212120600C3013F030FE0146002301F8E8
:10B6D000113B013008F05EFE7EE700BF7E54002083
:10B6E000847205002DE9F041038A8EB00022022BFE
:10B6F000099240F21F8105460E460C30032113F0DB
:10B7000055FE2A8A83789A42C0F04A810288D64F31
:10B71000C2F38523082B1FFA82FC3A80C2F3090486
:10B7200009D8A3B1013B072B11D8DFE803F01710AC
:10B73000C5EA101010233F2B09D109AA294620463B
:10B74000FFF71EFF163040F04884B7F800C0012113
:10B7500060460EB0BDE8F04115F063BA062C00F06B
:10B76000F1831D2CF3D1EB68188801F0C9FC014668
:10B770003888EEE7621E4D2AE9D801A353F822F07B
:10B78000F1BC0300CDBC030083BC03004FB7030032
:10B7900079BC03004FB703004FB703004FB7030056
:10B7A0004FB703004FB703009DBD03006DBD0300FD
:10B7B0003FBD030037BD030017BD030011BD0300EB
:10B7C00009BD030001BD030023BF03001BBF03002D
:10B7D000F3BE0300E5BE0300ABBE03008BBE030057
:10B7E00073BE03004FB703004FB7030053BE0300FF
:10B7F0004FB703004FB703004FB703003BBE030032
:10B8000021BE030011BE0300DDBD0300D1BD030056
:10B810004FB703004FB70300C3BD0300BBBD030018
:10B82000B5BD030001BC0300CFBB03009DBB0300FB
:10B8300093BB03006BBC030021BC03003DBB0300B2
:10B840001DBB0300CBBA03004FB703004FB7030083
:10B850004FB703004FB703004FB703004FB70300C4
:10B860004FB703004FB703004FB703004FB70300B4
:10B870004FB703004FB703004FB703004FB70300A4
:10B880004FB703004FB703004FB703004FB7030094
:10B890004FB703004FB703004FB703004FB7030084
:10B8A0004FB703004FB70300A9BA03004FB7030017
:10B8B0004FB7030089BA0300632C00F08B8355D87F
:10B8C000032C00F048832D2C3BD1EB68604604210B
:10B8D0001E8893F8028015F092F9042105460C3079
:10B8E00013F023FDB7B20446C31C4246394602207A
:10B8F000FEF768FCA4F80160207028460EB0BDE891
:10B90000F081621E082A3FF622AF01A353F822F00D
:10B910003FBA0300F3B90300CDB903004FB70300EA
:10B920004FB703004FB703004FB703004FB70300F3
:10B93000ADB903004D4A4E48012113F055FB0025D7
:10B94000DBE7012C7FF403AFEA684A4B11685268C9
:10B950001960604621465A6015F051F901210546EB
:10B960000C3013F0E2FC00230370C6E77B2C00F0E0
:10B9700019837C2C7FF4EBAEEB681E885988B0B23B
:10B9800001F0AAFC04460321388815F038F9032198
:10B9900005460C3013F0C9FC0470A0F80160ACE758
:10B9A000354A3348012113F01FFBC8E760460721E1
:10B9B00015F025F9072105460C3013F0B6FC0146B9
:10B9C000002001F8010BFEF73FFC96E709216046D5
:10B9D00015F015F9092105460C3013F0A6FC0346B5
:10B9E000002203F8012B6021C0F801205A60417148
:10B9F00083E76046412115F002F9412105460C30EC
:10BA000013F093FC002104463F2200F8021B1AF0B9
:10BA100038F90423194AE372E37520231849C4F85E
:10BA20001A20C0204FF4906263704FF40A73A07123
:10BA3000C4F82110A4F82720A4F80F305DE70921ED
:10BA4000604615F0DCF8092105460C3013F06DFC5A
:10BA50004FF4506100230B4A01800D218370C370A5
:10BA60000171C0F8052048E77E5400209872050057
:10BA70002C66050080020020B072050017FCFF094B
:10BA800030F0F97FF105FFFFE868C17906F00AFDA3
:10BA900004463888012115F0B2F8012105460C3022
:10BAA00013F043FC047028E76046032115F0A7F863
:10BAB000032105460C3013F038FC0146002301F841
:10BAC000023B0130FEF78EFB17E7EA689178108899
:10BAD000B2F80540CB0703D5D37843F00303D37006
:10BAE00013798E07D17844BF43F00303137143EAFF
:10BAF0000102032A00F279824D0700F073825A078F
:10BB000000F0708214F003021CBF04F1FF3404F053
:10BB1000010201F07FFB014638881AE6EB681A78CB
:10BB2000D10744BF0721597092074CBF072199786C
:10BB3000587848BF997001F063FBA9E7EB6860464D
:10BB400005211E8815F05BF8052105460C3013F021
:10BB5000ECFB0446221DB0B2E11C01F02DFBE378A2
:10BB600022792070002B93FAA3F3B3FA83F308BF72
:10BB70004FF0FF330133E370002A92FAA2F3B3FAD5
:10BB800083F308BF4FF0FF330133A4F80160237142
:10BB9000B3E6EB68187806F067FC79E7EB6818689D
:10BBA0000A909A889B798DF82E3060460721ADF86F
:10BBB0002C2015F024F8072105460C3013F0B5FBB6
:10BBC0000446411C0AA806F01BFC207095E6EB68B1
:10BBD00018680A909A889B798DF82E306046072164
:10BBE000ADF82C2015F00BF8072105460C3013F0AA
:10BBF0009CFB0446411C0AA806F0C8FB20707CE6AA
:10BC00006046022114F0FBFF022105460C3013F0C0
:10BC10008CFB044606F05EFA0023607023706CE62D
:10BC20006046092114F0EBFF092105460C3013F0A2
:10BC30007CFB0AAB04460DF1220208A90DF11E009F
:10BC400001F0AEFABDF81E30A4F80130BDF8203086
:10BC5000A4F80330BDF82230A4F80530BDF8282040
:10BC6000A4F807200023237047E6EB68188806F045
:10BC70000FFC388801216FE6E9680120FEF7B6FA6B
:10BC800006E76046092114F0BAFF092105460C3089
:10BC900013F04BFB0346002403F8014BC0F80140AE
:10BCA0005C600646FEF788FA234661F30703C1F39A
:10BCB000072262F30F23090C61F31743090A61F3AA
:10BCC0001F63C6F80100C6F8053016E60421604679
:10BCD00014F095FF042105460C3013F026FB0023D9
:10BCE0006FF004010322037041708370C27004E698
:10BCF000EA68BF4B116852681960604601212AE664
:10BD0000E86806F075F9C3E6E86806F0DFF8BFE614
:10BD100006F0B4F8BCE66046022114F070FF022180
:10BD200005460C3013F001FB00230370044606F0B7
:10BD3000A3F86070E1E5304605F066FEA8E6EC6821
:10BD4000B4F8135061886379227920880495B4F897
:10BD500011500395B4F80F500295257B01950634D8
:10BD60000094EDF7A1FD01463888F2E4EB681878FD
:10BD7000002800F034815B78002B00F030819D4A70
:10BD8000002313609C4A136000F09EFE0C280446BA
:10BD90004FF00101388808BF00247CE6EC68637925
:10BDA000B4F80320B4F801102078A4790094EDF7DA
:10BDB0008FF96DE606F090F96AE6E86806F0CCF9CE
:10BDC00066E6E86800F11702C11D06F063FD5FE654
:10BDD000EB685988188801F0D9F959E660460521C1
:10BDE00014F00DFF052105460C3013F09EFA0AA948
:10BDF00004460DF1220001F0BDF9BDF82230A4F88F
:10BE00000130BDF82820A4F803200023237074E536
:10BE1000EB681E889A885988B0B201F089F9B1E5BB
:10BE2000EA68002316889278CDE90233CDE9003321
:10BE30000221B0B201F0BAF8A4E5E96800220E8848
:10BE40004B88039208890290C888019089880091E4
:10BE5000EEE70921604614F0D2FE092105460C30B8
:10BE600013F063FA6549664A016000234260037279
:10BE700043E5EA68114602F10C0331F8020B0A327D
:10BE800005F0FAFD0146388863E46046092114F0A4
:10BE9000B6FE092105460C3013F047FA002300F8DE
:10BEA000013B082107F020F927E5E86800230AAAEA
:10BEB00000F1100109F08CF83888112114F09FFE70
:10BEC000112105460C3013F030FA0646002306F81F
:10BED000013B0AAC07460FCCC7F801007160B260A5
:10BEE000F3600AE5EB68188801F0F0F8014638883D
:10BEF0002FE4EB68604608211E8814F080FE0821BC
:10BF000005460C3013F011FA0446E11CB0B201F002
:10BF10008BF8A4F801602070EFE4E86805F038FEC3
:10BF2000B6E5E96800224B88088803920C890294E0
:10BF3000CC88019489880091114601F037F80146B8
:10BF4000388806E4EB689978188801F093F8014680
:10BF50003888FFF7FEBB28482A492B4A244B4FF06C
:10BF6000FF34046041F6FF754FF0FF34C1E900452E
:10BF700000200021C2E900011F200021C3E90001C7
:10BF8000FEF754FC3888012114F039FE01210546E2
:10BF90000C3013F0CAF900231C4A03701360FFF73A
:10BFA0004BFAAAE4EB681E880AA9B0B201F05CF96A
:10BFB00005210446388814F022FE052105460C3080
:10BFC00013F0B3F90470A0F80160BDF82830A0F8B0
:10BFD000033092E4EA680C4B8CE6099D8DE44FF047
:10BFE000FF33CFE61221FFF7B3BB1121FFF7B0BB40
:10BFF00078020020D43A0020D83A00200070330F95
:10C00000133F020080020020281D0020D03A0020AB
:10C010002DE9F84300230B60038A032B2ED9054634
:10C0200088460C30042113F0C1F92B8A4788B0F8F8
:10C030000090BB4230D3FB2F28D800F06DFF4FEAB1
:10C04000193633460446002835D09B081BD19EB1D3
:10C05000012E18D12379677166F301032371E96812
:10C060003A46E01D19F0FFFD2146C9F30B0000F030
:10C070005FFFB8B9BDE8F8830226EBE7204A214804
:10C08000012112F0B1FF6FF01500F3E71E4A1D48C1
:10C09000012112F0A9FFF6E71C4A1A48012112F00B
:10C0A000A3FFF0E71A4A1748012112F09DFF20462E
:10C0B00000F038FFE7E7174A1248012112F094FF19
:10C0C000154B1B689B0117D54FF0FF324FF0FF3324
:10C0D0000220F4F741F80221C8F800000C3013F0F8
:10C0E00024F94FF48D730380D8F8000001210C303F
:10C0F00013F01BF9012303706FF06800BAE700BF6B
:10C10000D07205002C66050004730500E47205007A
:10C11000347305002073050080020020F8B50E4B33
:10C120001B68DB0600D4F8BD02F10C0406460D4680
:10C130002046022113F0F9F8034640F205421A8026
:10C140002046042113F0F1F800270770A0F80150F1
:10C150003278C270F8BD00BF80020020024A136826
:10C16000013B1360704700BFD03A002070B5037FD9
:10C17000C68803F00303013B012B01D900DE70BD2B
:10C18000044601F10C052846042113F0CEF8237F64
:10C1900003F00303022B0CBF46F4005646F480560E
:10C1A0000680637F4380617F284613F0BEF8627F7C
:10C1B00004F11F01BDE8704019F055BD2DE9F04FA5
:10C1C00089B00379C688032B04AF04460D4600F1FD
:10C1D0001C081DD0053B182B33D8DFE813F03700BF
:10C1E00032003200320032003200320032003200BF
:10C1F00032003200320032003200320032003200AF
:10C200003200B20015011B01490160017301930165
:10C21000C37F033B122B14D8DFE813F0090213008D
:10C2200013007F0298021300300213001300130062
:10C230003702130053021300770213001300B601F4
:10C24000B60100DE1437BD46BDE8F08FC74B067E51
:10C2500094F81A8094F8199093E803000B0CBB73C0
:10C26000237FB98176425906B86076B2C8F3400898
:10C2700000F18082BE4B5B6803F00053B8F1000F01
:10C2800040F0AD82002BDDD0BA4B1B689B07D9D59F
:10C29000207F04F11E0BC0F380115A4600F00F00FE
:10C2A000FFF7DAF80028CDD1237F03F00F03012B2D
:10C2B00000F04983627FA2F1060A931D05325FFAFE
:10C2C0008AFAD2B2DBB27A60D0460C350221284617
:10C2D0003B6013F02AF83B6843703E230370012152
:10C2E000284613F022F8034602221A70796828467D
:10C2F00013F01BF801230370237F03F00F0307F1F2
:10C30000080208331344054613F8083C437005F04F
:10C31000E1FE814580F00A834846EA1CA91C05F02D
:10C32000B5FEAB780233AB7005F10A0385F809A0BE
:10C33000424604F12401184619F095FC00F8086003
:10C3400080E718F0010F40F0EF8294F81C80B8F1FC
:10C35000000F00F00682864B5B6898007FF572AF95
:10C36000844B1B6840F20122134203F400793FF42E
:10C3700069AF0C35B8F1000F40F00F827E4A1368A8
:10C3800001331360B9F1000F00F0728202212846D8
:10C3900012F0CBFF41F63E7303800121284612F0D4
:10C3A000C4FF0A2303701E21284612F0BEFF80F846
:10C3B0000080A0F80160637FC370A37F0371D4F88D
:10C3C0001F30C0F80530B4F82330A0F80930D4F895
:10C3D0002B30C0F80B30B4F82F30A0F80F30D4F861
:10C3E0002530C0F81130B4F82930A0F81530638E2C
:10C3F000A0F81730A38EA0F81930E38EA0F81B30F8
:10C4000094F8383043771DE70A4640463146FFF737
:10C4100085FE17E7564B5B6899007FF513AF554BC8
:10C420001B685A077FF50EAF0C350221284612F023
:10C430007CFF40F63E2303800121284612F075FF61
:10C44000032303700921284612F06FFF18F0010F33
:10C4500040F07E82237F0370A0F80160E38BA0F898
:10C460000330238CA0F80530638CA0F80730E9E690
:10C470003F4B5B681B044FF000047FF5E3AE0C35C7
:10C480000221284612F051FF4FF44C730380032120
:10C49000284612F04AFF0470A0F80160D2E6374B3C
:10C4A0001B681C027FF5CEAE0C350221284612F027
:10C4B0003CFF40F2572303800221284612F035FF4B
:10C4C0000680BFE62A4B5B6898007FF5BBAE294B20
:10C4D0001B6819037FF5B6AE0C350221284612F011
:10C4E00024FF40F23E4303800121284612F01DFF45
:10C4F000142303700321284612F017FF0680237FC0
:10C5000083709FE61A4B5B689A0003D5194B1B6832
:10C510001B055FD4627FA37F94F81CC0002A92FAA7
:10C52000A2F2B2FA82F208BF4FF0FF32002B93FA68
:10C53000A3F3B3FA83F36D4608BF4FF0FF338AB01D
:10C54000511C013304A80246436206240C4B866149
:10C55000C0E907C1436142F8104F0A4800234FF475
:10C560004251F1F75FFBAD466CE600BFEC6705009A
:10C570008002002078020020D03A0020281D0020F0
:10C58000487305002C660500D54B5B689A007FF563
:10C5900059AED44B1B685B067FF554AE0C350221B7
:10C5A000284612F0C2FE40F63E33038001212846A1
:10C5B00012F0BBFE072303700A21284612F0B5FED5
:10C5C0000680A38C4380E38C8380238CC380638CA0
:10C5D000038137E60C350221284612F0A6FE40F210
:10C5E0003E6303800121284612F09FFE0C23037056
:10C5F0000521284612F099FE237F0370A0F8016000
:10C60000627F002A92FAA2F3B3FA83F308BF4FF0D5
:10C61000FF330133C370A27F92FAA2F3002AB3FA68
:10C6200083F308BF4FF0FF33013303710AE6AC4BCD
:10C630005B6898007FF506AEAA4B1B68D9067FF5AC
:10C6400001AE0C350221284612F06FFE40F63E5333
:10C6500003800121284612F068FE052303700C2197
:10C66000284612F062FE034623F8026B216A626AD2
:10C67000C0F802105A60238D4381E3E50B46324631
:10C6800041460020FEF740FFDCE5954B90F8204046
:10C690001B681B067FF5D6AD0C350221284612F02B
:10C6A00044FE4FF4816303800421284612F03DFECE
:10C6B000002C08BF1F2400230470A0F80160C37081
:10C6C000C0E5874B5B6898005CD5864B1B68990674
:10C6D00058D50C350221284612F027FE40F63E338D
:10C6E00003800121284612F020FE062303700A2150
:10C6F000284612F01AFE0680238C4380638C8380C8
:10C70000A38CC380E38C03819CE590F82030764AAB
:10C710007648022112F071FC94E5714B1B681A06F1
:10C720004FF000047FF58EAD0C350221284612F043
:10C73000FCFD4FF4816303800421284612F0F5FDCF
:10C7400001230470A0F80160C3707BE590F82030ED
:10C750000E2B00F0BD80664A6448022112F04DFCA9
:10C7600070E5A07F04F12503FF2204F11F0105F00D
:10C77000A3FDF0E5002104F11E034A46084605F03A
:10C780009BFD77E50023CDE90233CDE900331A2282
:10C790000221304600F00AFC54E5B9F1000F40F0E8
:10C7A000A9800221284612F0C0FD41F23E330380E9
:10C7B0000121284612F0B9FD0123037012212846F9
:10C7C00012F0B3FDC0F80190C0F80590C0F80990D0
:10C7D000C0F80D9080F8119080F8008032E5002BB1
:10C7E0003FF430AD3F4B1B685A057FF52BAD207FE2
:10C7F00000F00F03012B40F0BA8004F11E08C0F3D3
:10C800008011424600F00F00FEF726FE00287FF45C
:10C8100019AD0C350221284612F087FD41F23E2366
:10C8200003800121284612F080FD03460B221A7076
:10C830002846112112F079FD40F2011303800546CC
:10C8400005F048FC814580F08580EA1CA91C48461B
:10C8500005F01CFCAB780233AB70237FC3F3C0132D
:10C860006B72636AC5F80A30238DEB812E74E9E49C
:10C870000221284612F059FD41F23E330380012186
:10C88000284612F052FD012303701221284612F0AF
:10C890004CFD80F80080A0F80160637FC370A37F27
:10C8A00003F001030371D4F81F30C0F80530B4F869
:10C8B0002330A0F80930638EA0F80B30A38EA0F8C7
:10C8C0000D30E38EA0F80F3094F838304374B9E49B
:10C8D0000B46324600211A20FEF716FEB2E400BFD6
:10C8E0008002002078020020847305002C66050079
:10C8F000747305000221284612F017FD41F63E73BD
:10C9000003800121284612F010FD0A2303701E2126
:10C91000284612F00AFD04461D220021013019F0BC
:10C92000B0F984F800808DE400DE0EE5237FC3F3C8
:10C930008013AB70D4F81E30C5F80330BBF8043058
:10C94000A5F80730F0E40B237B60C2460C23BCE45F
:10C9500000DE7FE5237FC3F38013AB70D4F81E3075
:10C96000C5F80330B8F80430A5F8073075E700DEE5
:10C97000207F42E770B500F10C040E4620460221EC
:10C98000154612F0D2FC40F21353038005212046D5
:10C9900012F0CBFC01230370A0F80160A0F8035053
:10C9A00070BD00BF0379032B08D0053BDBB2182B09
:10C9B00001D900207047054AD05C7047037F03F01F
:10C9C0000303032B14BF0520042070479C7305004C
:10C9D0000D480E4B0E4A0F4930B44FF0FF3404603F
:10C9E00041F6FF754FF0FF34C3E9004500240025F0
:10C9F000C2E900451F240025C1E90045064B00227D
:10CA00001A6030BCFEF718BDD83A00208002002022
:10CA1000281D002078020020D03A002038B5059D5E
:10CA20009DF810C02C4614F8101B0131C9B22970B2
:10CA300099B10B49C1E90002887A0B81094BCC609E
:10CA40006CF3000000228872996001201146FCF707
:10CA500021F900B938BD00DE38BD00DEE9E700BFCE
:10CA6000643B0020440500200020704738B505468F
:10CA7000023001F11002C0B2FEF71EF9044600B9FF
:10CA800038BD10F1780F01D10C2038BD40F2912350
:10CA9000094A0A490A4811F08AFA0A4822462946F0
:10CAA00011F085FA002383F31188BFF36F8F0323FE
:10CAB000184602DF0C20E8E7C47305000474050083
:10CAC0001C7405003C74050038B52A4C94F84C30B1
:10CAD00003F0010258B35ABB9A07C3F341050BD5C3
:10CAE0000120FDF7A1FB0621FCF744F800283ED009
:10CAF00094F84C50C5F3410594F83800C0F3C100D8
:10CB000005F0B8FD94F8393094F838206FF34103FC
:10CB1000FF2184F83930930684F83A1002D5023D9B
:10CB2000012D1AD9BDE838401248ECF739BB12B9CB
:10CB30000C25284638BD6369002BF9D12146FFF743
:10CB400095FF05460028F4D194F84C3060F30003BB
:10CB500084F84C3005F070FDEBE7002005F0A4FDF3
:10CB600094F8393043F0020384F83930DAE71225BB
:10CB7000DFE700BF301D002038B50D4D00243CB963
:10CB800095F84C4014F0010402D06869084908B1D6
:10CB9000002038BDFFF76AFF0028F0D195F84C203F
:10CBA00060F3000285F84C2005F046FDE7E700BF82
:10CBB000301D0020034A044B801AA3FB0030C0F351
:10CBC00087107047301D0020CDCCCCCC044A0068C3
:10CBD000044B801AA3FB0030C0F38710704700BFDE
:10CBE000301D0020CDCCCCCC38B9054890F84C3065
:10CBF00013F0010F08BF002070470020704700BFEE
:10CC0000301D0020044A92F84C3003F00103184311
:10CC10000CBF104600207047301D0020A0B90B4A01
:10CC200092F84C3013F001000FD0506992F8381090
:10CC30000038C1F3401203F0010303FA02F318BFF6
:10CC4000012043EA8000704700207047301D00201B
:10CC500050B9064B93F84C0010F0010005D093F842
:10CC60003800C0F3C100704700207047301D00201D
:10CC700008B5054B0022986011460120FCF70AF820
:10CC800000B908BD00DE08BD5405002083685A685D
:10CC900092F82730DB09014601D000DE70470831E9
:10CCA000ECF7DEBF2DE9F0410668254982B0044665
:10CCB0004FF4C4723046FBF749FF04F14C0521469E
:10CCC00006F058FF206D01AA2946FBF77FFF08B345
:10CCD000DFF870804FF6FF7798F8612098F86010C1
:10CCE000531CDBB20C2B08BF0023994223D008EB66
:10CCF000C20128F83270019A4A6012680260019AF3
:10CD0000106088F86130206D01AA2946FBF75EFFAC
:10CD10000028E1D1D6F8400106F5A07138B1002312
:10CD2000C6F84031FEF75EF802B0BDE8F08100DEE3
:10CD3000D6F84001F3E700DE00231B80FFDE00BFD2
:10CD4000801D0020043F002010B50C4630B920465D
:10CD5000FDF776FF844200D000DE10BD00DEF6E76E
:10CD600010B50C4630B92046FDF75EFF844200D076
:10CD700000DE10BD00DEF6E710B50C4640B9074BEB
:10CD80000246012102209C60FBF784FF20B910BD00
:10CD9000FDF744FF8442FAD000DE10BD7405002088
:10CDA00000B9704710B50C46FDF756FF844200D11C
:10CDB00010BDFDF733FF8442FAD000DE10BD00BF86
:10CDC00038B51C4C1C4B204602224FF4C471FBF7B3
:10CDD0006BFE00224FF4C4712046FBF7B3FE4FF602
:10CDE000FF75858401224FF4C4712046FBF7AAFE2B
:10CDF000124B134C01460322181D8D844FF482718F
:10CE0000FBF752FE0F4B0B22181D0821FBF74CFEBF
:10CE100001F0EEFF0C4A0D4B0D49002010601B2263
:10CE20001A800C4A03234FF4A47525800B701370ED
:10CE300038BD00BF801D0020943B0020F43B002043
:10CE400080540020983B00208C3F0020825400201A
:10CE5000F6570020F557002010B5044614F8103B93
:10CE600073B10F4B9C608268B2B90E490C4B002223
:10CE7000C0E9021411460120FBF70CFF50B910BDA8
:10CE800003F0FF02084B114601209C60FBF702FFF4
:10CE90000028F4D000DE10BD00DE9C68E5E700BF8E
:10CEA0006405002071CC0300540500200148FBF705
:10CEB0001FBE00BF943B00200149FBF72FBE00BFFF
:10CEC000943B002002494FF4C472FBF73FBE00BF01
:10CED000801D00200128024604D803484FF4C47185
:10CEE000FBF730BE00207047801D002001280ED8BF
:10CEF00010B50446224607484FF4C471FBF722FEE2
:10CF000018B1838CA34200D110BD002010BD0020B9
:10CF1000704700BF801D00200148FBF7E9BD00BF3E
:10CF2000F43B00200149FBF7F9BD00BFF43B0020B2
:10CF300001282FD838B504460D46194822464FF42B
:10CF4000C471FBF7FFFDD0B1B0F824C0A44516D1E1
:10CF5000144A92F8214092F82010631CDBB2042B93
:10CF600008BF0023994218D022F834C002EBC40451
:10CF7000656082F82130037823B9002038BD6FF056
:10CF8000150038BD084B0022986001210320FBF7F3
:10CF900081FEF2E76FF0150070476FF0680038BD52
:10CFA000801D0020683F0020840500202DE9F04FFF
:10CFB00081B00128BDF82880BDF82C90BDF830A0C4
:10CFC000DDF834B014D804460D46164615482246FE
:10CFD0004FF4C4711F46FBF7B5FD48B1838CA342E3
:10CFE00006D18DB1022D07D0012001B0BDE8F08F30
:10CFF000022001B0BDE8F08F86B1314602F066F93B
:10D00000002001B0BDE8F08F4B4642463946CDE9DD
:10D010000AAB01B0BDE8F04F02F0E0B802F046F90B
:10D02000EEE700BF801D002001281FD870B5044620
:10D030000D460F4822464FF4C471FBF783FD0646A8
:10D0400058B1838CA34208D102F098F838B1036834
:10D050002B6003792B71002070BD022070BDD6F8C3
:10D0600032302B6096F836302B71F4E7022070478F
:10D07000801D0020012801D90220704738B50546DF
:10D080000C4610482A464FF4C471FBF75BFDB0B163
:10D09000838CAB4213D11A2C03D8042C0AD812204B
:10D0A00038BD292C01D03B2CF9D12146BDE83840B0
:10D0B00002F02EB8044BE340DB07F6D4EFE70C2078
:10D0C00038BD00BF801D002020003804012812D880
:10D0D00010B50446224609484FF4C471FBF732FDEF
:10D0E00038B1838CA34204D1BDE81040012101F086
:10D0F0005DBF022010BD0220704700BF801D0020D0
:10D10000012811D810B50446224608484FF4C471CE
:10D11000FBF718FD30B1838CA34203D1BDE810406A
:10D1200001F05CBF022010BD02207047801D00206E
:10D1300001281BD870B504460D4616464FF4C4713D
:10D1400002460B48FBF7FEFC60B1828CA24209D17B
:10D15000D0F818319B0607D532462946BDE8704005
:10D1600002F01EB8022070BD1A2070BD0220704768
:10D17000801D0020034A044B12881B8802800B800C
:10D18000704700BF8254002080540020024A034BA5
:10D1900010801980002070478254002080540020A5
:10D1A0004FF0FB0CA0F800C040F64800A2F800C009
:10D1B00008801880704700BF01281CD870B504464D
:10D1C0000E4615464FF4C47102460C48FBF7BAFCF4
:10D1D000034670B1828CA2420BD190F85A40C4F33E
:10D1E0000204347093F85B30C3F302032B70002009
:10D1F00070BD022070BD0220704700BF801D00205E
:10D20000024A034B1070197000207047F657002037
:10D21000F5570020012822D8F0B5044683B00F4608
:10D2200016464FF4C47102460E481D46FBF78AFCB1
:10D2300078B1838CA3420CD1D0F81831DB050BD523
:10D240000123009332462B46394601F039FF03B0E3
:10D25000F0BD022003B0F0BD1A2003B0F0BD0220E3
:10D26000704700BF801D002001282FD838B5044624
:10D270000D46174822464FF4C471FBF763FC18B300
:10D28000838CA34220D1C38CB0F86421052B0FD826
:10D2900001339BB202FB03F30E494FF4FA7202FB17
:10D2A00003F3A1FB0313C3F34F332B80002038BDDE
:10D2B00003FB02F2074940F2E24303FB02F2A1FB47
:10D2C0000212C2F34F33F0E7022038BD022070474C
:10D2D000801D00205917B7D101282FD838B5054631
:10D2E0000C4617482A464FF4C471FBF72BFC8446C2
:10D2F00010B3838CAB421FD1C38C42F2107202FB7D
:10D3000004F1052B01F1FF310DD801339BB24FF42D
:10D31000FA7202FB03F31944B1FBF3F189B2ACF8E2
:10D320006411002038BD40F2E24202FB03F31944CD
:10D33000B1FBF3F189B2F2E7022038BD0220704759
:10D34000801D0020FFF73CBD2DE9F041DFF884800F
:10D35000002504F0B3FB2A464FF4C4714046FBF7A6
:10D36000F1FB2F46044650B304F110022146E81C9D
:10D37000FDF7A2FC0646B0B110F1780F13D040F2D1
:10D380004D73154A1548164910F011FE15483246DE
:10D39000294610F00CFE002383F31188BFF36F8F32
:10D3A0000323184602DFE7665DB901252A464FF4DC
:10D3B000C4714046FBF7C6FB04460028D4D100DE0A
:10D3C000D2E7094A094B1784A3F86070BDE8F04121
:10D3D000FFF7F6BC801D0020547405001C74050086
:10D3E000047405003C740500683F0020043F0020E1
:10D3F000014B1878704700BFF6570020014B187892
:10D40000704700BFF55700202DE9F84FDFF868B0EE
:10D4100081468A46164698460025AFB23A464FF4F2
:10D42000C4715846FBF78EFB044640B1838CBB4267
:10D4300005D190F87A71C7F34003B34205D00DB916
:10D440000125EAE70020BDE8F88F0622414600F2F8
:10D45000811018F01EFC0028F1D107F001074F459C
:10D46000EDD104F27B100622514618F012FC002880
:10D47000E5D10120E7E700BF801D00200B46896849
:10D4800018600A68107828B1916879B90849C2E92A
:10D49000021370474A6892F82710C90901D000DECC
:10D4A000704703F108011846ECF7DABB00DEEDE740
:10D4B0008DCC0300F8B50B68DE88012E31D80C4600
:10D4C0000746324618484FF4C471FBF73BFB05464C
:10D4D00030B3838CB34223D101F034FF2268137F31
:10D4E00003F00303032B08D101231371226839468B
:10D4F0002846BDE8F84001F039BF53B995F83A31F4
:10D500009B0703D53D2385F83C3122680123137125
:10D51000F8BD95F83A319A07FAD53D2385F83C31A4
:10D52000236801221A71F8BD801D002010B5B0F8E3
:10D5300024C004464FF6FF7084450CD0A4F8FC309C
:10D540002046C4E93D1201F0E1FC94F83A3113F0B1
:10D55000010002D110BD00DEF0E76FF3000384F894
:10D560003A316FF08B0010BD2DE9F0411D4C1E4F7C
:10D5700094F8212006461EE042464FF4C471384616
:10D58000FBF7E0FA10B3838C696843451FD1B830CC
:10D5900001F08EFA94F8212094F820309A4206D0B7
:10D5A0000133DBB2042B08BF002384F82030013E96
:10D5B00016F0FF0614D094F82030934210D034F8BF
:10D5C0003380B8F1010F04EBC305D5D969680B7935
:10D5D0006FF301030B714FF6FF70FDF7EFFAD9E718
:10D5E000BDE8F081683F0020801D00202DE9F0415A
:10D5F000324A1468A04205460B4604BF0021116060
:10D60000808CA5F84601182282B0012185F84421BA
:10D6100085F85C31284601F083FC05F1B806284600
:10D6200001F092FC304601F02BFA304601F060FA2E
:10D63000044638B30379DFF8888003F00303032B33
:10D640000CBF034600230360404605F16007FBF76B
:10D650004FFAA8B121463A46FBF7A6FA304601F048
:10D6600047FA044670B1037903F00303032B0CBFA0
:10D670000346002303604046FBF73AFA0028E9D14D
:10D6800000DEE7E7AA8C0F4B00950332D2B20121EE
:10D690000020FCF7A7FC10F0FD0F08D14FF6FF7338
:10D6A000FF20AB8402B0BDE8F041FFF75DBFFDF79E
:10D6B000B5FA8542F2D000DEF0E700BF8C3F0020D3
:10D6C000983B002079CD030038B505460120FFF7CF
:10D6D0004BFF05F1B80001F00BFAA8B1037903F094
:10D6E00003030446032B0CBF234600230748236093
:10D6F000FBF7FEF930B105F160022146BDE8384084
:10D70000FBF752BA00DEF6E738BD00BF983B0020B9
:10D7100041B32DE9F0414D1EDFF84C80EDB200F130
:10D72000B80700F1600612E0237903F00303032B2E
:10D730000CBF234600232360FBF7DAF980B1013DDB
:10D7400032462146EDB2FBF72FFAFF2D06D03846C0
:10D7500001F0CEF904464046002CE5D1BDE8F08149
:10D7600000DEECE7704700BF983B00200149FBF763
:10D77000D5B900BF983B0020014B93F8610070477A
:10D78000043F002000B50A4B93F860C093F861E0B5
:10D79000F4450BD080F800E033F83C00088003EB40
:10D7A000CC035B68136018685DF804FB0020FBE79E
:10D7B000043F0020074B93F860C0844508D003EB7A
:10D7C000CC0033F83C300B80436813601868704716
:10D7D00000207047043F0020094A92F8601092F838
:10D7E00061308B4209D04B1CDBB20C2B08BF0023ED
:10D7F00052F8310082F8603070470020704700BF57
:10D80000043F002000B50D4A92F861C092F860E034
:10D810000CF10103DBB20C2B08BF00239E4509D09D
:10D8200022F83C0002EBCC0CCCF8041082F86130FA
:10D830005DF804FB00DE00231B80FFDE043F0020B8
:10D8400070B55379144605460E46002B36D0237921
:10D8500003F00302032A0CD04FF6FF72954204BF77
:10D860006FF30103237121462846BDE87040FDF7A0
:10D87000A5B94FF6FF739D4217D0012D10D8174858
:10D880002A464FF4C471FBF75DF928B3214601F035
:10D890003BFD3368A34213D0002BE4D000DEE2E767
:10D8A00000DE0020214601F02FFD33689C42F3D1B9
:10D8B00000202146BDE8704001F0ECBA00DEC6E76A
:10D8C00006482A464FF4C471FBF73CF90028EFD014
:10D8D000838CAB42EDD0EBE700DED7E7801D002064
:10D8E00090F84A20B0F84030C2F30212022A14BF66
:10D8F000DB089B0890F86220808F14BF0A3B0B3B2B
:10D900009BB2D20644BF043B9BB2984228BF184644
:10D91000704700BF704700BF90F83A3143F00203F0
:10D9200080F83A31704700BF90F83A316FF3410305
:10D9300080F83A31704700BFB0F83831B0F8FC20B9
:10D94000981880B2704700BF0278038E12B1581E3B
:10D9500080B27047418DB0F8FC205818104480B256
:10D96000704700BF10B50B68C0F832300446323043
:10D970000B7903710521FBF7A5FA94F8373060F3B2
:10D98000050384F8373010BDB0F8543040F6480C29
:10D99000634528BF6346B3F5A47F38BF4FF4A47333
:10D9A000A1F800C01380704700B5B0F84420C18FC3
:10D9B00003468A4290F85B00B3F842C028BF0A468B
:10D9C00000F00700B3F848101B2A38BF1B220428B8
:10D9D00014BF4FF4A4704FF42960614528BF61461D
:10D9E0008142B3F852C038BF01468C45B3F84E00AF
:10D9F00044D09042A3F8521001D0A3F84E2093F8DF
:10DA0000B52042F00202012083F8B520B3F83CC0F3
:10DA1000B3F8462093F85A10B3F840E0624528BFA7
:10DA2000624601F007011B2A38BF1B220429B3F804
:10DA30004A1014BF4FF4A47C4FF4296C714528BFE1
:10DA400071466145B3F850E038BF61468E45B3F882
:10DA50004CC017D06245A3F8501001D0A3F84C2059
:10DA600093F8B5206FF3410283F8B52093F8B52001
:10DA70000120024383F8B5205DF804FB9042BCD13D
:10DA80000020C3E76245E9D193F8B51041EA51029D
:10DA900002F0010221F003010A4383F8B5200028B7
:10DAA000E4D15DF804FB00BFB0F84420C18F034609
:10DAB0008A4290F85B00B3F842C028BF0A4600F0E3
:10DAC0000700B3F848101B2A38BF1B22042814BFD4
:10DAD0004FF4A4704FF42960614528BF614681422C
:10DAE000B3F852C038BF01468C45B3F84E000DD094
:10DAF0009042A3F8521001D0A3F84E2093F8B5201D
:10DB000042F00202012083F8B52070479042F3D121
:10DB100000207047B0F84620818F03468A4290F873
:10DB20005A00B3F840C028BF0A4600F00700B3F817
:10DB30004A101B2A38BF1B22042814BF4FF4A470BC
:10DB40004FF42960614528BF61468142B3F850C057
:10DB500038BF01468C45B3F84C0014D08242A3F87C
:10DB6000501001D0A3F84C204FF0010C93F8B510E1
:10DB70006046C1F3400242EA0C0221F003010A436D
:10DB800083F8B52070478242ECD193F8B51000209D
:10DB900001F0010CEDE700BF40F648039A4228BFB0
:10DBA0001A46FB2928BFFB21B2F5A47F944638BF53
:10DBB0004FF4A47CA0F85610A0F85420A0F84230EE
:10DBC000A0F840C08187704701F0030238B502F128
:10DBD000280302F584720446C1F34001D200CA4012
:10DBE000A4F84220274A1288DB00FB2A23FA01F31B
:10DBF000254928BFFB220988A4F85620A287FB22CA
:10DC00000020E28740F648028A42E0642065A4F8DA
:10DC1000580094F85B0028BF0A46B2F5A47F00F0D4
:10DC200007009BB211464FF01B1538BF4FF4A4718B
:10DC300004286564A4F84830A4F84A30A4F85420B5
:10DC4000A4F840101BD0B3F5A47F38BF4FF4A473E1
:10DC500094F8B520A4F8523042F002021B2184F857
:10DC6000B520A4F84E102046FFF754FF94F8B530C5
:10DC70000122134384F8B53084F8582038BD4FF49E
:10DC80002963E5E7825400208054002008B5002273
:10DC9000D0E91701FAF792FFB0FA80F0400908BD09
:10DCA0008A690B4600219961B2B103211171818CFF
:10DCB000D18093F8201002F11C0031B91B7A052B9A
:10DCC00008D0062B03D000DE704702F021BB1A23D8
:10DCD0001371704702F0FEBA00DEE6E770B5044645
:10DCE0000D4600F17306334600223B3105F12B004F
:10DCF00007F06EF9D4F87B10C4F89C10D4F88C109F
:10DD0000D4F87F20C4F8AD10D4F89010D4F8773050
:10DD1000C4F8A020C4F8B11094F8AC2094F88B108B
:10DD2000C4F898300023D4F87300C4F8940063F367
:10DD3000000142F0010284F88B10C4E9293384F811
:10DD4000833084F8843084F8853084F8863084F811
:10DD5000873084F8883084F8893084F88A3084F8F1
:10DD6000AC202946204600F0A1FF0646B8B1301D80
:10DD700002F0B0FAF3796B733146204600F0ACFF45
:10DD8000204602F003F840F206636B8194F872308B
:10DD900023F0180343F0180384F8723070BD00DEDE
:10DDA000E5E700BF70B50C46897A82B005460A29BE
:10DDB00000F23E81DFE801F00A1E2326789E4957D3
:10DDC00066690600002A65D002B070BD002AFBD14A
:10DDD000237A062B4FF00101284648D000F080FF3F
:10DDE0002146284600F05AFF002840F0C280022356
:10DDF000A372E9E7002AE7D101212846EEE7002ACD
:10DE0000E2D1EDE7012A00F09F80042ADCD1012154
:10DE10002846009300F078FF009BDA780D2A00F086
:10DE2000ED80112A00F0FA8000DE1F2384F82030F4
:10DE3000284603F049FB21462846FFF731FF2846D4
:10DE400002F054F80023A372BEE7032ABCD10121DB
:10DE5000284600F059FF00262846FFF765FD2846B2
:10DE600084F820603AE0002AAED10121284600F073
:10DE700037FF2146284600F011FF002845D108232E
:10DE8000A372A1E7002A9FD1F3E7062A9CD1284676
:10DE9000FFF742FD2146284600F000FF002840F031
:10DEA00091800A23A3728FE7022A26D0042A8BD1FD
:10DEB00001212846009300F027FF2846FFF734FD94
:10DEC000009BDA780D2A00F0A180112A00F0A880CA
:10DED00000DE1F232846002684F8203003F0F4FAE1
:10DEE000214628462673FFF7DBFE284601F0FEFF99
:10DEF000A67269E7002A7FF467AF2146284600F042
:10DF0000CDFED0B90523A3725EE72146284600F076
:10DF1000CDFE0646002800F08780301D02F0E4F9AF
:10DF2000F37963733146284600F0D6FE284601F0A7
:10DF30002DFF40F60933638146E72146284602B0AB
:10DF4000BDE87040FFF7CABE2846CDE90023FFF7C1
:10DF5000E3FC019B009A59689868C4F84700C4F82C
:10DF60004310D968C5F8901040F2045322736381BE
:10DF70002AE72146284600F099FE0646002851D09F
:10DF8000311D204602F080F9F3796373314628464B
:10DF900000F0A2FE284601F0F9FED6F81230D6F8BD
:10DFA0001620C4F83F20C4F83B30D6F81A20C5F834
:10DFB0008C2040F203432846638102B0BDE87040E4
:10DFC00003F07EBA2146284600F070FE064668B38C
:10DFD000301D02F093F9F37963733146284600F05F
:10DFE0007BFE284601F0D2FE4FF60173638195F85F
:10DFF000723023F0180385F87230E5E61B79062BA2
:10E000003FF414AF1A2B3FF411AF0EE71B79062B28
:10E010003FF460AF1A2B3FF45DAF5AE75B79EEE750
:10E020005B79F4E700DEABE700DE76E700DECFE702
:10E0300000DEC9E692F81FC0ACF1040C02F11C032B
:10E04000BCF10D0F08D8DFE80CF00E141707070716
:10E050000711070B0707070B3D2380F83C3170477A
:10E060000422FFF79FBE0122FFF79CBE0622FFF7A6
:10E0700099BE0222FFF796BE0322FFF793BE00BFB0
:10E0800013460022FFF78EBEF0B50E4683B00DF1A9
:10E09000060201A9B0F85050B0F852700446FFF7DC
:10E0A00073FC96F82D20002A5CD196F82C30FBB931
:10E0B000B4F85030AB420ED3BDF806209A420AD3D2
:10E0C000B4F85230BB4206D3BDF804209A4202D3C2
:10E0D000002003B0F0BD94F8B530A4F8505043F0E0
:10E0E00001030120A4F8527084F8B53003B0F0BDEC
:10E0F00094F9370000281DDB94F85A1094F84C501E
:10E1000001F003032B440D33DB00C1F34001CB408E
:10E110009BB2BDF80650B3F5A47F38BF4FF4A4738B
:10E120009D4228BF1D4632B3002803DA96F82C30F2
:10E13000002BBDD094F85B2094F84E10BDF804700D
:10E1400002F003030B440D33DB00C2F34002D34063
:10E150009BB2B3F5A47F38BF4FF4A4739F4228BF8E
:10E160001F46A5E794F937000028C5DB96F82C3048
:10E17000002BDFD0C0E796F82C30002B98D0002879
:10E1800096DAD7E710B50C4689690023A36131B34D
:10E1900094F82130DB071DD50B792E2B1DD11D23C3
:10E1A0000B71838CCB8094F828300B7790F85B3020
:10E1B000C3F302038B7790F85A30C3F302034B7713
:10E1C0000868FCF7BBFC94F821306FF3000384F877
:10E1D000213010BD01230B71F2E700DEDFE700DE26
:10E1E000D6E700BF38B591F821304D6A9B070C4641
:10E1F00003D4BDB101232B7108E0A5B103232B711A
:10E20000838CEB8005F11C0102F00AFA286829468C
:10E21000FCF794FC94F8213000226FF3410384F85A
:10E220002130626238BD00DEE8E700BF91F82020AF
:10E2300030B5940740D402F0070313F0010535D13F
:10E24000032B94BF002301234FEA830E754691F8F8
:10E25000203065F3020381F82030C3F3C202DB06ED
:10E260002DD412F0010424D1032A94BF00220122EC
:10E270004FEA820C644691F8203064F3C50381F8BC
:10E28000203090F85A3003F00703AB4208BF4FF03C
:10E29000000E81F82CE090F85B3003F00703A342F6
:10E2A00008BF4FF0000C81F82DC030BD4FF0010EBB
:10E2B000CDE74FF0010CDEE70225AE46C7E70224AA
:10E2C000A446D8E7F8B5CB690C460646002B67D0C4
:10E2D000637B162B2FD196F93730002B2BDBE569AA
:10E2E00065610023E3612F1D94F8203096F87421B6
:10E2F000C3F3C20363F3C50286F8742194F82020A7
:10E3000096F8743162F3020386F8743194F8203081
:10E3100096F85A20C3F3801363F3C302394686F894
:10E320005A20204602F016F80221304600F0D8FCB0
:10E330000223A37215E000F0C5FC10B90723A372F5
:10E34000F8BD00F0C7FC606260B3637BE56965619E
:10E350000022162BE26105F10407C5D0182B09D065
:10E3600000DE3046294600F0B7FC3046BDE8F840F4
:10E3700001F00CBD21463046FFF758FFA38D43B98D
:10E3800063853946204602F009F84FF6057363812C
:10E39000E7E7FFF7D9FA338D063303449BB2EFE783
:10E3A00000DE95E700DED0E738B505460C4601F003
:10E3B000E5FC10B10123A37238BD284603F06EF8C6
:10E3C0000028F7D12146284600F068FC0028F1D04B
:10E3D000284603F061F80728ECD02846012103F015
:10E3E00055F828460D2103F055F81623214663738E
:10E3F000284600F05BFCE06121462846BDE8384035
:10E40000FFF760BF38B505460C4601F0B7FC10B108
:10E410000423A37238BD2146284600F03FFC0028A3
:10E42000F6D005F1B80000F061FB0028F0D12846D5
:10E43000FFF72CFC0028EBD01823214663732846F5
:10E4400000F034FCE06121462846BDE83840FFF783
:10E4500039BF00BFF0B50C46897A83B0054609295B
:10E4600000F2DB80DFE801F005051E295567D95E63
:10E47000820A002A00F0CA8003B0F0BD042AFBD152
:10E4800021462846FFF77EFE21462846FFF7AAFED2
:10E49000284601F02BFD0021284602F0FBFF002357
:10E4A000A372E9E7032AE7D195F83730DB0940F09A
:10E4B000B48041F203736381DEE7012A00F0B0808B
:10E4C000062AD9D10021284602F0E0FFD5F81831FC
:10E4D00023F48073C5F81831204600F021FC94F82D
:10E4E00021301A2243F0010384F8282084F82130D7
:10E4F00095F85A30C3F3020262F30613092285F835
:10E500005A300221A272284603B0BDE8F04000F064
:10E51000FBBB002AB0D12146284603B0BDE8F0403D
:10E52000FFF770BF002AA7D12146284603B0BDE8F7
:10E53000F040FFF7C7BE032A9ED195F93730002B74
:10E54000C0F2D180A68D002E00F09F8094F82C3070
:10E550002BB195F85A2063F3061285F85A20284605
:10E5600001F01EFC0823A3720221CCE7002A83D10C
:10E570002846FFF7E1F9638DC01A03043FF57CAF2D
:10E5800095F9376095F85A2095F85B1094F82C307F
:10E5900094F82D00002E02F0070201F00707C0F2E8
:10E5A000978010F003001CBF60F3020185F85B1038
:10E5B00013F0030340F0828095F85B3003F007030B
:10E5C000BB4200F0858021462846FFF75DFD94F8A8
:10E5D000213060F3410384F821300021284602F005
:10E5E00055FF002384F82830012394F8212063F399
:10E5F000000284F8212095F85A30C3F3020262F336
:10E600000613092285F85A30A27235E721462846BA
:10E6100003B0BDE8F040FFF7C7BE00DE03B0F0BDB9
:10E6200002212846019302F031FF019B94F820203B
:10E630001946204602F00707C2F3C20601F0C2FEE7
:10E640000221284600F04CFB94F82030C3F3C202AC
:10E65000324062F3C5031F4067F3020384F82030A1
:10E6600095F93730002B0CDB94F8203013F0380F7D
:10E6700001D05A0705D194F8203023F03F0384F8E5
:10E680002030204600F04CFB45E73146284602F09A
:10E69000FDFE94F8203094F8212084F82860DB09EE
:10E6A00063F3000284F8212095F85A30C3F3020284
:10E6B00062F3061385F85A30092354E795F85A1087
:10E6C0009A4263F3020185F85A107FF47CAF73E736
:10E6D0000021284602F0DAFE94F82030002284F867
:10E6E0002820DB0981E700DE2CE700BF70B5CB698D
:10E6F0000C460546D3B100F0E5FA10B90723A37222
:10E7000070BD00F0E7FA606208B3637BE66966619A
:10E710000022182BE2610BD000DE2846314600F0C3
:10E72000DBFA2846BDE8704002F0D2BE00DEE2E728
:10E7300021462846FFF77AFDA38D53B96385311D25
:10E74000204601F02BFE4FF605736381E5E700DEFE
:10E75000DBE7FFF7F9F82B8D063303449BB2EDE7B7
:10E7600038B505460C4602F0A3FE10B10423A3728F
:10E7700038BD2146284600F091FA0028F6D02846F8
:10E7800002F08AFE0728F1D005F1B80000F0AEF9DA
:10E790000028EBD12846FFF779FA0028E6D0284672
:10E7A0000D2102F077FE182321466373284600F0FE
:10E7B0007DFAE06121462846BDE83840FFF796BF64
:10E7C00070B50C46897A06461546092906D8DFE851
:10E7D00001F0070C0505484F056A71B700DE70BDF2
:10E7E000002DFCD10123A37270BD1946204601F013
:10E7F000C7FD94F8202096F87431C2F3C200C3F329
:10E80000C2010140C3F30203C2F30200034043EA22
:10E81000C10322F03F02134384F8203096F93730C9
:10E82000002B0BDB94F8203013F0380F40F09C8065
:10E8300094F8203023F03F0384F820300221304642
:10E8400000F04EFA012DCAD196F83730DB09C5D158
:10E85000204600F065FA21463046BDE87040FFF7DB
:10E860007FBF002DBBD12146BDE87040FFF778BFC8
:10E87000022DB4D190F93730002BC0F28C80A38DDB
:10E88000002B7ED094F82C302BB196F85A2063F3ED
:10E89000061286F85A200823A37230460221BDE8EA
:10E8A000704000F031BA002D99D12146BDE870408A
:10E8B000FFF71CBF002D92D1FFF73EF8638DC01A01
:10E8C00003048CD484F8285096F9375096F85A20CF
:10E8D00096F85B1094F82C3094F82D00002D02F07F
:10E8E000070201F0070C58DB10F003001CBF60F3B7
:10E8F000020186F85B1013F0030339D196F85B3000
:10E9000003F00703634548D021463046FFF7BCFBC0
:10E9100094F8213060F34103012284F8213094F807
:10E92000213062F3000384F8213096F85A30C3F3A3
:10E93000020262F30613092286F85A30A27270BDF1
:10E94000042D7FF44CAF2146FFF71CFC21463046D6
:10E95000FFF748FC304602F033FF0021304602F05A
:10E9600099FD0023A37270BD5A077FF467AF5FE77C
:10E9700096F85A109A4263F3020186F85A10C3D1EE
:10E98000BCE796F85A30C3F3020262F3061386F826
:10E990005A30092380E700DE71E70022BFE700BF9D
:10E9A00092F81FC0BCF1110F02F11C030FD0BCF193
:10E9B000170F12D0BCF1070F0CD010B524230C4652
:10E9C00080F83C3101F092FA0023A37210BD0522B9
:10E9D000FFF740BD0622FFF73DBD0122FFF73ABD1C
:10E9E00013460022FFF736BD13460322FFF732BD60
:10E9F00038B58B7A082B03D8062B00D100DE38BD42
:10EA0000092BFBD105460C46FFF7BCFB21462846E7
:10EA1000FFF7E8FB284601F069FA0021284602F0DA
:10EA200039FD0023A37238BD92F81FC0BCF1160F48
:10EA300009D010B524220C4680F83C2102F0C0FE1B
:10EA40000023A37210BD02F11C030122FFF7B8BE20
:10EA500013460022FFF7B4BE13460222FFF7B0BEF2
:10EA600000230422FFF7ACBE0023037043608360E1
:10EA7000C3600361704700BF0378013303707047C0
:10EA800003785BB9C3687BB102691AB1816861B16F
:10EA90000B6082600023C36003617047013BDBB2FF
:10EAA0000370002BEED0704770474360F1E700BF62
:10EAB00003783BB100230C300B60436843B119600D
:10EAC00041607047002304300B604368002BF6D18F
:10EAD00001604160704700BF00230B60836813B181
:10EAE000196081607047416081607047406870477D
:10EAF0000346406828B1996802685A60884208BF96
:10EB00009A6070474078A0F10200B0FA80F04009A6
:10EB1000704700BF4078A0F10D00B0FA80F04009C6
:10EB2000704700BF4078A0F10100B0FA80F04009C2
:10EB3000704700BF4078A0F10900B0FA80F04009AA
:10EB4000704700BF4078A0F10600B0FA80F040099D
:10EB5000704700BF4078A0F11800B0FA80F040097B
:10EB6000704700BF4078A0F10300B0FA80F0400980
:10EB7000704700BF4078A0F10500B0FA80F040096E
:10EB8000704700BFF8B5064608460D46F9F7B0FFD6
:10EB9000044680B1002745600672476187612C22D8
:10EBA0003946203017F06DF84FF47F43FF22627230
:10EBB0006381A381A7732046F8BD00BF4078A0F110
:10EBC0000200B0FA80F04009704700BF4078A0F121
:10EBD0000200B0FA80F04009704700BF4078A0F111
:10EBE0000100B0FA80F04009704700BF4078A0F102
:10EBF0000200B0FA80F04009704700BF4078A0F1F1
:10EC00000900B0FA80F04009704700BF4078A0F1D9
:10EC10001800B0FA80F04009704700BF4078A0F1BA
:10EC20000100B0FA80F04009704700BF4078A0F1C1
:10EC30000100B0FA80F04009704700BF4078A0F1B1
:10EC40000900B0FA80F04009704700BF4078A0F199
:10EC50000900B0FA80F04009704700BF4078A0F189
:10EC60000300B0FA80F04009704700BF4078A0F17F
:10EC70000300B0FA80F04009704700BF4078A0F16F
:10EC80000300B0FA80F04009704700BF416809B145
:10EC9000F9F744BF00DE4168F9F740BF024B18683E
:10ECA000003818BF01207047A405002010B50448A3
:10ECB000F9F71EFF04460430FEF72CFE204610BD77
:10ECC000A405002008B50120FBF74CFF003818BF51
:10ECD000012008BDFBF760BFB830FFF7FDBE00BFE5
:10ECE00038B590F82E3105460C461BB11C4385F80B
:10ECF0002E4138BDB830FFF7BFFE95F82E311C43CA
:10ED000085F82E4138BD00BF90F82E3123EA01016D
:10ED100080F82E1101B17047B830FFF7B1BE00BFC7
:10ED2000836943B11A792E2A04D02E221A7183697D
:10ED300002691A60704700DE8369F3E783694BB1AB
:10ED40001A792E2A00D0704701221A718169086849
:10ED5000FBF7F4BE00DE8369F2E700BF8B6913B1F5
:10ED60001A792E2A0BD00B7A072B15D0CB692BB131
:10ED7000D0F834211A60CB69C0F8343170471B6871
:10ED8000D0F830215A608B6901221A718B69C0F862
:10ED900030310B7A072BE9D14B6A002BE6D01B6888
:10EDA000D0F830215A604B6A01221A714B6AC0F8C0
:10EDB0003031DBE7F8B50D4F05463846F9F798FED8
:10EDC000044680B1002647600572466186612C22A8
:10EDD0003146203016F055FF4FF47F43FF22627218
:10EDE0006381A381A6732046F8BD00BF940500206F
:10EDF00010B50A4B022258685021F9F755FE084B0E
:10EE0000022258685021F9F74FFE064BBDE810402A
:10EE1000586808222C21F9F747BE00BF9C05002046
:10EE200094050020A405002038B50446002501F013
:10EE300031F82046C4E9345584F8DC5002F0A2FCD5
:10EE4000C4F80051C4E9385584F8EE50A4F8EC50E9
:10EE5000A4F8F050C4F80351A4F82051C4F80851A4
:10EE6000C4F80C51C4F81051C4F81451C4F8185126
:10EE7000C4F81C51FBF7A0F994F8723084F82E51B5
:10EE8000C4E94601C4E94C5523F0180384F87230F4
:10EE9000258638BD08460149F9F740BEA405002083
:10EEA00010B5B0F8DA4082B0034624B1A1420FD2C7
:10EEB000641AA0F8DA40B3F8EA0020B181420FD218
:10EEC000401AA3F8EA0000231846137002B010BDE0
:10EED000019200F0F9FE019A58B1037A0A2B03D08F
:10EEE00022236FF07300F0E790F820306FF073008A
:10EEF000EBE700DEF1E700BF034B0B44B3FBF1F39C
:10EF0000A0F8F030704700BFFF59620210B5044608
:10EF100002F040FC2046BDE8104000F0C3BF00BF37
:10EF200010B5044611B1012907D010BD02F068FCEC
:10EF30002046BDE8104000F0FDBF02F075FC204601
:10EF4000BDE8104001F004B870B5D0F83041064675
:10EF500034B1206821464468FBF7E4FD002CF8D169
:10EF6000D6F834410023C6F830313CB1054D204677
:10EF700024682946F9F7D2FD002CF8D10023C6F801
:10EF8000343170BDA405002010B5074904460120A6
:10EF9000FFF7F8FD28B10146204600F061FE002091
:10EFA00010BD0C2010BD00BF9C05002038B50446E4
:10EFB0000D4602200849FFF7E5FD58B190F82030D2
:10EFC00065F30003014680F82030204600F048FE3B
:10EFD000002038BD0C2038BD9C05002010B5074925
:10EFE00004460420FFF7CEFD28B10146204600F07C
:10EFF00037FE002010BD0C2010BD00BF9C05002076
:10F00000F8B5054690F93700002825DB0F460520A6
:10F01000124916461C46FFF7B5FD0146E0B13B68B4
:10F020007A68C1F82520C1F82130337881F8293079
:10F03000737881F82A306268A36828462568E468F6
:10F04000C1F83740C1F82B50C1F82F20C1F8333038
:10F0500000F006FE0020F8BD0C20F8BD9C05002045
:10F06000F8B5054690F93700002825DB0F46062045
:10F07000124916461C46FFF785FD0146E0B13B6884
:10F080007A68C1F82520C1F82130337881F8293019
:10F09000737881F82A306268A36828462568E46896
:10F0A000C1F83740C1F82B50C1F82F20C1F83330D8
:10F0B00000F0D6FD0020F8BD0C20F8BD9C05002016
:10F0C0002DE9F04105468846072010499DF8186053
:10F0D00017461C46FFF756FDA8B1E30008F00708E5
:10F0E00003F03803BF0143EA080307F040073B433E
:10F0F00043EAC613014680F82030284600F0B0FDF0
:10F100000020BDE8F0810C20BDE8F0819C050020C6
:10F1100038B504460D4600F05FFF204602F018FCAB
:10F1200007490A20FFF72EFD38B1014680F820502C
:10F13000204600F095FD002038BD0C2038BD00BFF2
:10F140009C05002038B590F93730002B12DB0446BF
:10F150000D460B200849FFF715FD014650B12B68FD
:10F16000C0F822302B7980F82630204600F078FD58
:10F17000002038BD0C2038BD9C05002008B590F952
:10F180003730002B08DB00F09FFD20B1037A0B2BFA
:10F190000CBF2230002008BD02F086F9F5E700BF61
:10F1A000F8B5D0F818319B0601D40020F8BD04460C
:10F1B0000D460C2008491646FFF7E4FC074648B107
:10F1C000294620463246FEF7E7FC3946204600F045
:10F1D00047FDEAE70C20F8BD9C0500202DE9F04131
:10F1E0000446D0F81801BDF818701D4683070E4676
:10F1F000904616D494F93730002B1DDB23490820A4
:10F20000FFF7C0FC0146002934D00B7A082B0ED042
:10F21000092B14D000DE204600F022FD0020BDE8BE
:10F22000F0811A490920FFF7ADFC0146EBE7A1F890
:10F2300028804D858F85EEE71A20BDE8F081079B79
:10F24000CE84A1F828804D858F85ABB11B880B87B4
:10F25000079B5B884B87079B9B888B87079BDB887B
:10F26000CB87079B1B89A1F84030079B5B89A1F8DE
:10F270004230D0E70C20D2E7054A4FF0FF33C1E916
:10F280000E23A1F840304FF6FF73F0E79C050020F5
:10F290000000FFFF08B502F007F928B1007AA0F1DD
:10F2A0000C00B0FA80F0400908BD00BF10B504465C
:10F2B00002F0FAF810B1037A092B00D010BD014614
:10F2C0002046BDE8104001F0ABBF00BF38B5044692
:10F2D0000D4602F0E9F810B1037A092B00D038BDD1
:10F2E00080F8205001462046BDE8384001F09CBF20
:10F2F00008B502F0D9F828B1007AA0F10900B0FAF7
:10F3000080F0400908BD00BF38B505460C4600F046
:10F31000DBFC10B14369A3420ED0284602F0C4F8CA
:10F3200010B14369A34200D038BD224601462846A9
:10F33000BDE8384002F0C4B901462246284600F034
:10F3400073FDEAE710B5044600F0BEFC18B10146B3
:10F35000204600F08DFD204602F0A6F8014620B1BF
:10F360002046BDE8104002F0DFB910BD2DE9F041A4
:10F37000537F144605460E46002B3FD0D37F1E2BED
:10F3800029D9284600F0A0FC0746284602F08CF850
:10F390000146002F5ED0FA7AE37F002848D09342DE
:10F3A000C07A51D03A7B002A5DD098424ED00A7B79
:10F3B000002A4BD1072B6DD0112B04D14A7B94F836
:10F3C00020309A4242D02346324639462846BDE88C
:10F3D000F04100F0E9BC444A52F8232022B104F184
:10F3E0001C00904760B1E37F022BCAD10123224663
:10F3F00031462846BDE8F04102F032BAFF23D37708
:10F40000284600F061FC28B1E27FC37A9A420DD011
:10F41000037B5BB9284602F047F8002850D0E27F12
:10F42000C37A9A4202D0037B002BE0D0BDE8F08182
:10F430009342C8D03A7B002AC5D1072B4DD0112B5F
:10F440004BD00D2BBFD0D1E798421CD11F2385F89C
:10F450003C31EBE70028C9D0234632462846BDE8B8
:10F46000F04102F0D5B8072B2CD0112B18D0B3F1F6
:10F470000D0218BF012298421FD00B7BEBB9002A66
:10F48000A1D02423E3E70A7B002ADFD1072B95D004
:10F49000112B98D14B7B94F820209A42D6D092E73A
:10F4A0007A7B94F82030D21A18BF0122112804D098
:10F4B000087B10B9487B9842E1D1002ACCD1C5E73E
:10F4C000034694E77A7B94F82030D21A18BF0122C1
:10F4D0000728EDD1002ABFD1B8E77A7B94F8203015
:10F4E0009A4283D16FE700BFA8740500F8B58D6913
:10F4F00000270C4606468F6175B3012703232B7145
:10F50000B38CEB80237A042B05F11C0119D00C2B52
:10F5100013D0022B08D000DE07B1F8BD28682946B9
:10F52000BDE8F840FBF70ABB637A072B10D0092B24
:10F53000F1D1304600F0E0FDEEE7304601F070F822
:10F54000EAE7637A0C2BE6D1304600F077FEE3E77A
:10F55000204600F085FDDFE7FFF7BCFB05460028ED
:10F56000CCD100DE0071FFDE70B505460E46FFF718
:10F570009DFB044600284ED0337A013B211D0B2B06
:10F5800007D8DFE803F0151B062106060606062746
:10F59000062E00DEE379737321462846FFF79CFBB5
:10F5A000337A0A2B23D02846BDE8704000F0EEBB2A
:10F5B000084600F02FFD1323F372EBE7284600F016
:10F5C0005DFD0923F372E5E7084600F025FE0C23F4
:10F5D000F372DFE7304600F00FFEFF237461F37231
:10F5E000D8E7284600F0F0FF1523F372D2E7EB8C42
:10F5F000B5F86A1140F2E24202FB03F342F21072E4
:10F6000002FB013101392846B1FBF3F1BDE870403E
:10F6100089B200F0C1BB00DEAEE700BF2DE9F041CA
:10F6200007460C46164601F043FF28B10323A37298
:10F6300000252846BDE8F08121463846FFF72EFB1D
:10F6400005460028F2D021463846FFF72FFB8046BA
:10F6500000283CD0237A013B08F104010B2B07D88A
:10F66000DFE803F01B210627060606060606062D20
:10F6700000DE98F80730637341463846FFF72CFBED
:10F68000384601F025FF0423A372002ED1D038465E
:10F6900002F096F80023A372CBE7084600F0C4FC02
:10F6A000FF23E372E5E7384600F004FDFF23E37231
:10F6B000DFE7084600F0B0FDFF23E372D9E73846E4
:10F6C00000F098FFFF23C4F81480E372D1E700DE56
:10F6D000C0E700BF38B50B7A013B0C4605460B2B43
:10F6E00012D8DFE803F006060B13111111111120D7
:10F6F0001127BDE838400122FFF790BF284602F0ED
:10F700005FF80023A37238BD00DE38BD90F80031E9
:10F71000002BF3D10122FFF781FF0028F3D0012352
:10F7200085F8003138BD90F93730002BEBDB022330
:10F730008B7238BDBDE838400022FFF76FBF00BFB5
:10F7400038B50B7A013B0C4605460B2B07D8DFE892
:10F7500003F008160624060606060633063B00DEFE
:10F7600038BD4B7A072B04D0132B02D0242385F805
:10F770003C31284600F0BAFB0023A37238BD4B7A17
:10F78000072B01D0092BF1D194F82030DB07F0D5FD
:10F7900021462846FFF7AAFEEBE74B7A0C2BE5D172
:10F7A0008B6993B321462846FFF7A0FE284600F058
:10F7B0009DFB0023A37238BD00F098FB00221623A6
:10F7C000A27285F83C3138BD4B7A152B16D0072B29
:10F7D000CCD1D0F8183123F02003C0F8183100F054
:10F7E00085FB0023A3722846FFF754FD0028B7D1FC
:10F7F00028460421BDE83840FFF786BAFEF7D4F862
:10F8000068B9284600F072FBEBE7FFF75BFA0028C7
:10F81000C8D1284600F0BAFA0423A37238BD2146A5
:10F820002846FFF763FEECE770B50E7A731E0C46B0
:10F8300005460B2B07D8DFE803F0080F063F060646
:10F8400006060623063100DE70BD00F097FA002898
:10F8500056D00123A37270BD00F090FA0028F8D1B1
:10F8600021462846FFF71AFA0028F2D021462846FA
:10F87000FFF77AFE6369002B08BF0326A67270BDEE
:10F88000FFF70CFA0028E4D021462846FFF76CFE6B
:10F890001622022384F82020A37270BDD0F81831FC
:10F8A0009B0603D5FFF7F6FC00283AD0284600F067
:10F8B0001DFB0023A37270BD90F80031C3B900F0A6
:10F8C0005DFA0028C5D121462846FFF7E7F9002850
:10F8D000BFD021462846FFF747FE6269002A4FF055
:10F8E00001030CBF03220222A27285F8003170BD11
:10F8F0000C2200234A728B61BDE87040FFF720BFE5
:10F9000021462846FFF7CAF90028A2D021462846FA
:10F91000FFF72AFE6369002B0CBF03230223A372A7
:10F9200070BD284600F02AFA002892D121462846C8
:10F93000FFF7B4F900288CD004212846FFF7D0F94E
:10F9400021462846FFF710FE0323A37270BD00BFB7
:10F950008B7A022B04D002D9033B012B05D87047C8
:10F960000B7A0A2BFBD1FFF7EBBE00DE704700BF1E
:10F9700038B58B7A032B05D001D9042B00D138BDC3
:10F9800000DE38BD0546D07F0C46831E02F11C0107
:10F990006072172B0DD8DFE803F00C0C0C0C0C1F59
:10F9A0000C1B0C0C170D0C0C0C130C0D0C230C0C5D
:10F9B0000C0D00DE21462846BDE83840FFF7C0BEEA
:10F9C000204600F0BFFCF5E7284600F04DFCF1E7CB
:10F9D000284600F0DDFBEDE7204600F03DFBE9E7BF
:10F9E000284600F05FFEE5E738B58B7A032B05D893
:10F9F000012B0AD8BDE83840FFF716BF042B03D10E
:10FA00000B7A042B0C4601D000DE38BD0546FFF70B
:10FA100059F90028F9D021462846FFF767FD284606
:10FA200000F064FA0023A37238BD00BF38B58B7AAA
:10FA3000012B06D002D9023B022B00D838BD00DED4
:10FA400038BD0546D07F0C46831E02F11C01607252
:10FA5000172B22D8DFE803F02F212121212121219A
:10FA600021212B21272121211B210C21212121238F
:10FA7000284600F0EDFD04212846FFF731F928461D
:10FA8000FEF712F884F820002046FFF749F92146D6
:10FA90002846BDE83840FFF71DBE00DEF7E72846E0
:10FAA00000F0A2FBF3E7284600F044FBEFE728460E
:10FAB00000F0DAFBEBE7204600F0AAFB082128461D
:10FAC000FFF70EF9E3E700BFF8B58D7A032D00D8F4
:10FAD000F8BD042D23D10B7A0C2B0C46F8D1064629
:10FAE000FEF718F894F82030294640EA030530461E
:10FAF000FFF70AF9A7690023EDB2A36107B33B79C9
:10FB00002E2B0ED17DB901233B7138683946FBF7A6
:10FB100015F8304601F054FE0023A372F8BD00DE54
:10FB2000F8BD00DEEEE703233B71B38CFB80237A44
:10FB30000C2B07F11C0105D1304600F071FDE4E704
:10FB400000DEDCE700DEF7E738B58B7A0C460546C9
:10FB5000042B1AD8DFE803F0140F03100F000B7A00
:10FB60000A2B10D1284601F02BFE94F820300022F9
:10FB7000A27285F83C3138BDBDE83840FFF7AABD18
:10FB800001238B7238BD00DEECE700DE38BD00BF1C
:10FB900070B5044605F066F968B1D4F8D05045B1A7
:10FBA000D4F8D4202B68C4F8D030954208BFC4F8EC
:10FBB000D430284670BD05460121032005F018F910
:10FBC0002A46064601210320F9F730F8D4F8D05030
:10FBD00045B1D4F8D4202B68C4F8D030954208BF82
:10FBE000C4F8D430002EE4D0012211460320F9F7E6
:10FBF0001DF8284670BD00BFF8B506460C4605F056
:10FC000031F968B1D6F8D050AC421FD1A3690BBB13
:10FC10003046FFF7BDFF2046BDE8F840FFF736B895
:10FC200005460121032005F0E3F82A460746012195
:10FC30000320F8F7FBFFD6F8D050002FE4D00122C4
:10FC400011460320F8F7F2FFAC42DFD000DEA369D3
:10FC5000002BDDD01B792E2BDAD100DED8E700BFD8
:10FC6000F8B505460C4605F0FDF840B100232360C9
:10FC7000D5F8D430F3B11C60C5F8D440F8BD0646C1
:10FC80000121032005F0B4F8324607460121032084
:10FC9000F8F7CCFF2660D5F8D43083B11C60C5F8E6
:10FCA000D440002FEAD00122BDE8F84011460320DD
:10FCB000F8F7BCBFC5F8D040C5F8D440F8BDC5F8CA
:10FCC000D040C5F8D440ECE770B5054605F0CAF859
:10FCD00018B1D5F8D040204670BD0446012103205C
:10FCE00005F086F82246064601210320F8F79EFF1C
:10FCF000D5F8D040002EEED0012211460320F8F7AF
:10FD000095FF204670BD00BF38B50546FFF7DCFF04
:10FD1000037A013B04460B2B2DD8DFE803F00606DF
:10FD200006061A1A20141406260601460022284642
:10FD3000FFF75AFEA37B03B938BD21462846BDE82C
:10FD40003840FFF759BF01460022284601F03AFA31
:10FD5000F0E7014600222846FEF792F9EAE701465D
:10FD600000222846FEF73CFEE4E701460022284632
:10FD700001F068FADEE700DEDCE700BF90F8DC00A7
:10FD8000A0F10100B0FA80F040097047B0F8F030FF
:10FD9000A0F8DA30704700BFA0F8DA10704700BF53
:10FDA0000023A0F8DA30704738B50C46896905465B
:10FDB00010461A46F9B1217A01390B2932D8DFE809
:10FDC00001F0060606062222271D1D062C062146E6
:10FDD0002846FFF7CDFDA36923B11B792E2B1CBF4D
:10FDE0000023A361A37B03B938BD21462846BDE8A3
:10FDF0003840FFF701BFA3612061DCE721462846B8
:10FE000001F08AF9E7E721462846FEF713F9E2E711
:10FE100021462846FEF7C4FDDDE72146284601F0CD
:10FE200007FAD8E700DED6E738B50B7A033B0C4675
:10FE30000546092B09D8DFE803F0050808080D0876
:10FE4000080508052146FFF783FDA37B00226261B8
:10FE500043B938BD2146FEF7C7FDA37B002262618E
:10FE6000002BF6D021462846BDE83840FFF7C4BE37
:10FE700038B50B7A072B0C46054608D0A37B03B98F
:10FE800038BD21462846BDE83840FFF7B5BEFEF72D
:10FE9000AFFDF3E70222002380F8D820A0F8DA3083
:10FEA000704700BF38B590F8D8300446032B1AD8F5
:10FEB000DFE803F002100F10FFF706FF48B1057AE4
:10FEC0002046FFF721FF0A2D14BF0123032384F8E6
:10FED000D83038BDFFF7F8FE0028FAD02046BDE83C
:10FEE0003840FFF711BF00DE38BD00BF10B590F8F5
:10FEF000D8300446032B1BD8DFE803F00D020C02B8
:10FF0000FFF7E2FE90B100230122A4F8DA308273F9
:10FF100084F8D83010BDFFF7D7FE28B100220123A6
:10FF2000A4F8DA20837310BD00DEF7E700DEEAE70D
:10FF300000DE10BD90F8D830022B03D001D9032B7E
:10FF400004D17047002380F8D830704700DE704736
:10FF500038B590F8D8300446032B3AD8DFE803F0E0
:10FF60000926121320462946FEF7F8FE2846FEF71A
:10FF70008DFE2046FFF70CFE05460028F2D1022335
:10FF800084F8D83038BDFFF703FE05460028F6D0C8
:10FF900029462046FEF7E2FE2846FEF777FE204679
:10FFA000FFF7F6FD05460028F2D1E8E7FFF7F0FD80
:10FFB00005460028E3D029462046FEF7CFFE284616
:10FFC000FEF764FE2046FFF7E3FD05460028F2D168
:10FFD000D5E700DE38BD00BF38B50546FFF7D8FDD0
:10FFE00068B1044621462846FEF7B8FE2046FEF7D3
:10FFF0004DFE2846FFF7CCFD04460028F2D1002430
:020000024000BC
:10000000A5F8DA402146284601F040FA85F8D840A4
:1000100038BD00BF03780121122243F003030370AF
:100020004170C270704700BF03780121132243F072
:10003000030303704170C270704700BF0B784FF02C
:10004000020C43F0030307220B7081F801C0CA7051
:1000500090F84C300B7170470B7980F84C3070473A
:100060000B784FF0020C43F0030307220B7081F86A
:1000700001C0CA7090F84C300B71704710B50C4637
:1000800008222378E27043F0030309212370617092
:10009000FAF792F8002261F30702C1F3072C0B0C68
:1000A0006CF30F2263F317421B0A63F31F62606055
:1000B000A26010BD38B50C460546FAF77DF82378E6
:1000C00043F00303237009236370E370D5F81831FC
:1000D000217263F0FF031840020C0B0CC0F30725DC
:1000E0002071C1F30721100AA2711A0AE07165712B
:1000F0006172A372E27238BD0B78092243F00303E8
:100100000B704A70CA70D0E94423100CC2F3072C5C
:100110000A711A0C81F805C088714FEA102C0B7215
:10012000C3F30720130A81F807C048728A72CB72A2
:10013000704700BF2DE9F0414B68144F8E685A0F8D
:1001400082EA137202F001021F4000219318494114
:100150009B18054641F1000887EA0374FAF72CF86A
:1001600004EA0003C5F8183163F0FF0306F0EF0658
:100170003B4046EA0878C5E9443608EA0101012215
:10018000C5F81C1185F80821BDE8F0812FCF87F74D
:100190002DE9F0414A68134F8E68530F83EA1273BA
:1001A00003F00103D91807EA02074FF00002524199
:1001B000C918054642F1000487EA0178F9F7FCFF07
:1001C00006F0EF0646EA0474C5E9447608EA000042
:1001D0000C400123C5F81801C5F81C4185F8083109
:1001E000BDE8F0812FCF87F70B7980F820314B796C
:1001F00080F82131704700BF0B78022243F00303DF
:100200000B704A70CA7090F820300B71704700BFB5
:100210000B7980F8203070470378074AC0F8052032
:100220004FF0060C43F0030340F60C51037080F8C6
:1002300001C0A0F803107047F105FFFF0B784FF0E5
:10024000060C43F003030C220B7081F801C0CA7046
:1002500090F802310B71B0F80331A1F80530B0F815
:100260000531A1F807307047012380F801310B797F
:1002700080F80231B1F80530A0F80331B1F8073049
:10028000A0F80531704700BF10B50B78172443F074
:10029000030303224C700B70CA70D0F82130D0F8E1
:1002A00025208A604B6090F829300B7390F82A3033
:1002B0004B7301F10E0404F0D5FD0C2120B1204652
:1002C000BDE8104002F01ABF2046BDE8104002F021
:1002D0000BBF00BF03780121062243F00303037024
:1002E0004170C270704700BF037801210A2243F0B9
:1002F000030303704170C270704700BF037801218F
:100300000B2243F0030303704170C270704700BFBB
:10031000037801714FF0020C43F003030D220370C8
:1003200080F801C0C27070470378017143F0030385
:100330004FF0030C0370112380F801C0C3704271A9
:10034000704700BF0B7980F84D304B7980F84E3004
:10035000704700BF0B784FF0030C43F003031622E5
:100360000B7081F801C0CA7090F82030C3F3C2034B
:100370004B7190F82030C3F302030B71704700BF3C
:100380000A7990F8203062F3C50380F820304A796A
:1003900062F3020380F82030704700BF0B784FF003
:1003A000050C43F0030318220B7081F801C0CA70DA
:1003B000438DCB8090F82C300B7190F82D304B7121
:1003C000704700BF0A7990F8203062F3C50380F8C7
:1003D00020304A7962F3020380F82030704700BF72
:1003E0000B784FF0180C43F003030F220B7081F8C9
:1003F00001C0CA70C38C8B80038DCB80438D0B8171
:10040000838D4B8190F834300B73C38EA1F80D307F
:10041000038FA1F80F30438FA1F81130838FA1F81B
:100420001330C38FA1F81530B0F84030A1F8173061
:10043000B0F84230A1F81930704700BF0B784FF088
:10044000180C43F0030310220B7081F801C0CA702E
:10045000C38C8B80038DCB80438D0B81838D4B812F
:1004600090F834300B73C38EA1F80D30038FA1F8D0
:100470000F30438FA1F81130838FA1F81330C38F51
:10048000A1F81530B0F84030A1F81730B0F842307C
:10049000A1F81930704700BF8B88C384CB880385CF
:1004A0000B8943854B8983850B7B80F83430B1F809
:1004B0000D30C386B1F80F300387B1F81130438790
:1004C000B1F813308387B1F81530C387B1F817300E
:1004D000A0F84030B1F81930A0F84230704700BFA2
:1004E0008B88C384CB8803850B8943854B8983859F
:1004F0000B7B80F83430B1F80D30C386B1F80F3083
:100500000387B1F811304387B1F813308387B1F80E
:100510001530C387B1F81730A0F84030B1F8193062
:10052000A0F84230704700BF0B78002243F003036D
:100530004FF00C0CCA700B7081F801C090F823309A
:100540000B71036B094AA2FB03239B0AA1F8053038
:10055000438DA1F80930038DA1F80730838DA1F8F0
:100560000B30838CA1F80D30704700BF5917B7D1FD
:100570000B7980F82330B1F8053040F2E24202FBFB
:1005800003F30363B1F809304385B1F807300385FD
:10059000B1F80B308385B1F80D308384704700BF0C
:1005A0000B784FF0080C43F0030301220B7081F825
:1005B00001C0CA70038CA1F80930D0F822304B601A
:1005C00090F826300B7270470B784FF0090C43F00F
:1005D000030314220B7081F801C0CA70C38F8B8093
:1005E000838F0B81B0F84230CB80B0F840304B8124
:1005F000704700BF0B784FF0090C43F0030315223E
:100600000B7081F801C0CA70C38F8B80838F0B8100
:10061000B0F84230CB80B0F840304B81704700BF1B
:100620000B784FF0090C43F0030315220B7081F88F
:1006300001C0CA70B0F84E308B80B0F84C300B81DE
:10064000B0F85230CB80B0F850304B81704700BFCB
:100650008B88A3F11B02E02A22D8B1F808C0ACF1C4
:100660001B02E02A1CD830B5CD88A5F5A47244F24F
:10067000481492B2A24212D84A8900218E4662F3EF
:100680000F0EA2F5A4726CF30F0192B2A24263F3B3
:100690001F4165F31F4E9CBF4164C0F848E030BD68
:1006A000704700BF8B88A3F11B02E02A22D8B1F863
:1006B00008C0ACF11B02E02A1CD830B5CD88A5F5E6
:1006C000A47244F2481492B2A24212D84A8900217C
:1006D0008E4662F30F0EA2F5A4726CF30F0192B274
:1006E000A24263F31F4165F31F4E9CBF4164C0F8F3
:1006F00048E030BD704700BFF8B5CE6900230C4616
:1007000007461546CB6136B30F2D06F104010DD017
:10071000112D13D075B100DEF3796373314638467D
:10072000FEF7DAFA237A092B10D0F8BD2046FFF73E
:1007300057FEF1E72046FFF7F7FEEDE7084694F88D
:10074000202094F82110FFF7EFFDE5E73846BDE8DB
:10075000F840FFF71BBBFEF7A9FA06460028D3D1E5
:1007600000DED1E78B6900228A610BB3192293F86E
:1007700004C01A71828CDA8091F820201A774AB965
:100780000A8DDA834A8D1A848A8D5A84BCF12E0F21
:100790000AD07047C28CDA83028D1A84B0F86A21BD
:1007A0005A84BCF12E0FF4D118681946FAF7C6B96D
:1007B00000DEDBE730B5C38C0A8D4C8D8D8D934206
:1007C00085B002D1038DA34214D0012381F82230D9
:1007D00002950B6BCDE900240C7A91F82320898CCB
:1007E0000391A4F10801B1FA81F14909E8F71CFF6E
:1007F00005B030BDB0F86A315B1B18BF0123E5E7D7
:10080000F8B5CD6900230C4607461646CB618DB37B
:10081000291D112E0AD8DFE806F020090909090967
:10082000091C0909090909090909241400DEEB79E1
:10083000637329463846FEF74FFA237A092B14D002
:10084000F8BD084694F8202094F82110FFF76CFDBD
:10085000EDE72046FFF7F2FBE9E72046FFF764FEED
:10086000E5E72046FFF7EAFDE1E73846BDE8F84056
:1008700000F02EBEFEF71AFA05460028C8D100DEA9
:10088000C6E700BF2DE9F0411B4E336804460D4614
:100890002BB1834203D00123AB72BDE8F081204627
:1008A000FFF76CFA0028F6D1204600F0F7FD074666
:1008B0000028F0D129462046FEF7F0F90028EAD0BA
:1008C0002046FDF741F801218046204600F0DEFD7C
:1008D000A5F8368085F834700F222946204634600A
:1008E000FFF70AFF94F83730DB0903D141F2020326
:1008F0006B81D2E700DED0E78C3F0020C38C052B54
:1009000003D9028DB2F5486F01D900207047934298
:10091000FBD8438DB3F5FA7FF7D200B5B0F82CC001
:10092000ACF10A0189B240F6764E714502D9002039
:100930005DF804FB01339BB202FB03F3B3EB8C0FB6
:10094000F5D290F8340090428CBF00200120EFE7F0
:1009500038B504460D4600F0ABFD20B929462046C7
:10096000FEF79CF930B910212046FEF7B9F90923AA
:10097000AB7238BD04F1B800FEF7B8F80028F2D128
:100980002046FDF783F90028EDD029462046FEF7E2
:100990008DF9E861FEF796F910B90C23AB7238BDFA
:1009A000AB695BBBFEF796F92E23A861037195F83E
:1009B00034200121002385F823102B634AB12B8DAD
:1009C000E98CB3FBF2F313FB02F39BB2994298BF9D
:1009D0002B852046FCF7B8FF238D063303442946B8
:1009E000AB8420460022FFF70BFF4FF60B736B81A1
:1009F00020461021BDE83840FEF786B900DED1E779
:100A000038B504460D46FFF7B9F920B92946204606
:100A1000FEF744F930B910212046FEF761F90323AF
:100A2000AB7238BD04F1B800FEF760F80028F2D1CF
:100A30002046FDF72BF90028EDD029462046FEF789
:100A400035F9AB69E86143B32E221A7195F8342069
:100A50000121002385F823102B634AB12B8DE98CEB
:100A6000B3FBF2F313FB02F39BB2994298BF2B85C1
:100A70002046FCF769FF238D063303442946AB84E7
:100A800020460022FFF738FE4FF606736B812046A2
:100A90001021BDE83840FEF737B9FEF713F910B959
:100AA0000723AB7238BDAB69002BCDD1FEF712F92D
:100AB0000346A861C8E700BF70B506460C4600F0C3
:100AC000F7FC10B10623A37270BD054621463046DF
:100AD000FEF7E4F80028F5D0112221463046FFF752
:100AE0008FFE304600F06CFE237A092B04D1044BB4
:100AF0001A68964208BF1D600023A37270BD00BF34
:100B00008C3F0020F8B5294A136806460C468BB185
:100B100083420FD002238B7200F0CAFC054620B935
:100B200021463046FEF7BAF868BB2046BDE8F840DB
:100B3000FEF7F6B8218DF38C16609942628DA08D78
:100B400012D0A5690023A36175B303232F792B71FC
:100B5000B38CEB8005F11C012046FFF741FC2E2FE2
:100B60001DD00423A372F8BD338D9342E9D1B6F8AA
:100B70006A318342E5D12046FEF7E0F800220523E2
:100B8000A261A372F8BD4FF47263214623843046FC
:100B9000FFF792FF2046FEF7D1F8A561F8BD28685F
:100BA0002946F9F7CBFFDCE700DECEE78C3F0020DB
:100BB00070B506460C46FFF7E1F810B10523A372A5
:100BC00070BD054621463046FEF768F80028F5D08E
:100BD0002946304600F05AFC112221463046FFF7E4
:100BE0008BFD3046FFF782F9237A092B02D00023D0
:100BF000A37270BD96F93730002B06DB064B1A68DE
:100C00009642F4D100221A60F1E73046FEF770FBFD
:100C10000028F3D0EBE700BF8C3F0020F0B50C4676
:100C2000897A83B005460C2900F2E180DFE811F0F3
:100C300012001E002C00350041004C006000DF0057
:100C400063006E007700B6000D00002A00F0D4802B
:100C500003B0F0BD002AFBD1237A082B00F00481F9
:100C6000092B40F0C4800123A372F1E7012AEFD1E0
:100C700020461946FFF710FC2046FFF73FFE28B933
:100C800040F61E7323842CE0012AE1D82146284631
:100C900003B0BDE8F040FFF735BF002AD8D101927C
:100CA000FEF710F8019A002840F0F9800323A372A0
:100CB000CEE7032A00F09D80042AC9D10F22062323
:100CC00084F82120A372C3E7002AC1D195F93730F7
:100CD000002B80F2C78094F8203073B10F2384F882
:100CE00021302146284603B0BDE8F040FFF7E4BEBE
:100CF000002AADD1F5E7002AAAD1284600F0D8FB9A
:100D0000002800F0B4800823A372A1E7002A9FD135
:100D10002146284603B0BDE8F040FFF719BE022A7D
:100D200096D195F83720C2F3C011D20900F0AE80F9
:100D300019462046FFF71CFC218D628DA68D8B1F66
:100D40009BB240F67A40834200F2BC80B2F5FA7F53
:100D500080F0B880A6F10A039BB240F67640834249
:100D600000F2B080531C9BB201FB03F3B3EB860F80
:100D700080F0A8802846FCF7E7FDA38C1B1A47F6F5
:100D8000FE729BB2934240F2C480282385F83C3126
:100D9000284600F015FD0023A37259E7002A7FF4CE
:100DA00057AF2846FCF7C8FDA38CC01A03043FF5D3
:100DB0004FAF21462846FFF7FDFC237A092B00F0B0
:100DC000838094F82260002E40F08A802046FDF750
:100DD000B5FFA661284600F0F3FC237A092BDAD18F
:100DE000554B1A689542D6D100221A60D3E700DE2F
:100DF0002EE70523A3722BE7FDF764FF00283FF4DD
:100E000027AFA369002B40F09480FDF763FF2E23EA
:100E1000A061037194F834200121002384F8231089
:100E200023634AB1238DE18CB3FBF2F313FB02F38E
:100E30009BB2994298BF23852846FCF785FD2B8DF0
:100E4000063303442146A38428460022FFF7D8FC3A
:100E50004FF60B7310212846638103B0BDE8F040C4
:100E6000FDF752BFA26153E70A23A372F0E62146C1
:100E70002846FDF713FF00283FF445AF1022214616
:100E80002846FFF7BDFC0A236381E1E684F84C1095
:100E9000284600F00DFB58B30D23A372D8E6A669CF
:100EA000A261002E43D0032337793371AB8CF380DA
:100EB00006F11C012046FFF793FA2E2F24D00423BD
:100EC000A372C5E61E2361E7284600F007FB237ADC
:100ED000092B7FF476AF94F82030002B3FF471AFEC
:100EE000002384F8203021462846FFF73BFC71E7B9
:100EF00021462846FDF7D2FE0028CDD00722214604
:100F00002846FFF77DFC65E730683146F9F716FEA5
:100F1000D5E72046FDF704FF0B23A3722846FCF714
:100F200013FDA38CC31A1A043FF592AE41E700DE0D
:100F3000B9E700DE69E700BF8C3F002070B50C46C2
:100F4000897A82B00546072910D8DFE801F0081237
:100F50001B640F3A3D04002A76D002B070BD002A0F
:100F6000FBD1237A082B5FD0092B04D000DE02B01E
:100F700070BD002AF1D12146284602B0BDE870407C
:100F8000FFF780BC032A00F09080042A4ED0012A8B
:100F9000E3D119462046FFF7A3FA2846022100F0C4
:100FA00075FA2046FFF7AAFC002840F08F8041F236
:100FB0001E0323842146284602B0BDE87040FFF797
:100FC000F7BD002AC9D1F5E7002AC6D1284601920B
:100FD000FCF7B2FCA38CC01A0304BED4019A2846C5
:100FE000114600F053FA21462846FFF7E3FB237A27
:100FF000092B78D094F82260002E7FD12046FDF78F
:101000009DFEA6612846FEF771FF237A092B5FD06B
:101010000023A372A1E7002A9FD12146284602B0EF
:10102000BDE87040FFF7ECBCA261F6E7284602215C
:1010300000F02CFAD5F8183123F002032046C5F849
:101040001831FDF76DFEE8E7FDF73CFE002884D07F
:10105000A06900285AD02E23037194F8342001216E
:10106000002384F8231023634AB1238DE18CB3FB62
:10107000F2F313FB02F39BB2994298BF23852846F3
:10108000FCF762FC2B8D063303442146A3842846DB
:101090000022FFF731FB4FF60673102128466381CB
:1010A00002B0BDE87040FDF72FBE5A791A2ABDD0B4
:1010B00000212846019300F0E9F9019B5B7984F84F
:1010C000203021462846FFF74DFB9BE72046B8E736
:1010D00095F93730002B13DB0E4B1A68954297D1E8
:1010E00000221A6094E72846FEF75AFE237A092B5D
:1010F00080D194F82030002B3FF47CAF0023DEE752
:101100002846FEF7F5F80028E6D081E7FDF7E2FD76
:10111000A061A0E78C3F002020B592F81FC082B0EC
:10112000054602F11C03BCF1110F0AD8DFE80CF0F0
:101130002C090909090909250909090909090909E0
:101140001E17242380F83C310191FEF7CFFE019950
:101150000B7A092B20D000238B7202B020BD032212
:10116000284602B0BDE82040FFF7E8BE012228462D
:1011700002B0BDE82040FFF7E1BE0422284602B0DD
:10118000BDE82040FFF7DABE8B7A032BE5D9053B9B
:10119000022BE2D900DEE0E795F93730002B06DBC1
:1011A000074B1A689542D6D100221A60D3E7284629
:1011B0000191FEF79DF801990028F1D0CBE700BF1F
:1011C0008C3F002013460022FFF7B8BE70B5D57FD4
:1011D00002F11C0335B10F2D09D1BDE87040012289
:1011E000FFF71CBDBDE870400222FFF717BD2423A6
:1011F0000E4680F83C31044600F0E2FA337A092BBF
:1012000005D1044B1A68944204BF00221A600023DF
:10121000B37270BD8C3F002013460022FFF7FEBC66
:1012200000230322FFF7FABC00230422FFF7F6BCD9
:1012300010B524230C4680F83C31FEF757FE0023FE
:10124000A37210BD70B58B7A012B0C4605460AD9E6
:10125000022B06D1FCF770FB238CC01A030408D5BF
:1012600070BD00DE70BDFEF789FD88B10123A37259
:1012700070BD0021284600F009F904F1220128463A
:10128000FCF770FB2846FEF731FE0023A37270BD09
:10129000284600F003F90028E8D121462846FDF74A
:1012A000FDFC0028E2D00121284600F0EFF8284696
:1012B000FCF74AFB2B8D0633034421462384284642
:1012C000FDF7F4FC064660B1311D2046FFF768F9D2
:1012D000F379637331462846FDF7FEFC0223A372BF
:1012E00070BD00DEF0E700BF70B5D0F8E0500446F6
:1012F0001DB394F8EC30012B03D1022384F8E830BD
:1013000070BD29462046FDF7C9FC0028F5D02946C6
:101310002046FDF7CBFC064688B1311D2846FEF776
:101320008DFEF3796B7331462046FDF7D5FC012322
:10133000AB73002384F8E83070BD00DED9E700DE2F
:10134000EBE700BF70B5D0F8E0500446A5B394F8C1
:10135000EC30012B03D1012384F8E83070BD29461D
:101360002046FDF79BFC0028F5D029462046FDF7D6
:101370009DFC064678B32046FEF7A6FC2A7A037A3F
:10138000934206F1040019D0082B19D02A2194F8B1
:1013900008311BB1D4F818315B0716D4FEF7B8FF3B
:1013A000F3796B7331462046FDF796FC0123AB734E
:1013B000002384F8E83070BD00DEC8E72321E6E7AB
:1013C000092A14BF2A212321E1E70A4694F8EF10E5
:1013D000FEF7AAFFE4E700DECDE700BF8B7B8BB111
:1013E000D0F8E03099420ED18A69A2B9D0F8E4C0B1
:1013F0001A68C0F8E0209C4508BFC0F8E420084601
:10140000FDF744BC704700DE8A6922B9D0F8E030AD
:10141000002BF4D0EAE713792E2BF7D100DEF5E7A5
:1014200038B5D0F8E0502B7A013B04460B2B1BD883
:10143000DFE803F0060606061A1A211010061A063F
:1014400029460022FEF780FB29462046BDE83840A9
:10145000FFF7C4BF29460022FFF7DEFE29462046DB
:10146000BDE83840FFF7BABF00DE29462046BDE898
:101470003840FFF7B3BF29460022FDF7E9FA2946B5
:101480002046BDE83840FFF7A9BF00BF80F8EE1046
:10149000704700BF704700BF0020704790F8ED0014
:1014A000003818BF01207047D0F8E000704700BF37
:1014B00090F8EC00A0F10100B0FA80F0400970470C
:1014C000012380F8EC307047002380F8EC3070473F
:1014D000B0F8F030A0F8EA30704700BF0023A0F861
:1014E000EA30704738B5D0F8E040A4B10546D5F8E9
:1014F000E4202368C5F8E0309442214608BFC5F8CF
:10150000E4302846FDF72AFC2046FDF7BFFBD5F85E
:10151000E040002CEBD138BDF8B505460C4631B1A2
:10152000042903D1FFF7DEFF85F8E840F8BDD0F8C5
:10153000E060002EFAD0337A90F8EE7090F837E041
:10154000112B12D83149012000FA03FC0CEA0101E9
:10155000E9B10A2B14D05BB185F8ED402846FFF7BE
:101560005FFF032385F8E830F8BD00DE337AF0E74B
:10157000D37F86F84C302846BDE8F840FFF7B4BE6C
:101580002846FFF74DFF052385F8E830F8BD1CF429
:10159000386FEAD00A2BF3D0002BE9D00FB90446FC
:1015A000DAE71EF0800F10D1012F20D0022FBDD11D
:1015B0002846FEF789FB327A037A934221D0082B22
:1015C0001DD02A2385F83C31F8BD012FEED12846E5
:1015D000FEF77AFB08B1FF23C372012385F8ED30D3
:1015E0002846FFF71DFF032385F8E830F8BDD37FB9
:1015F00085F8EF302846BDE8F840FFF7A3BE092A7A
:10160000DFD1232385F83C31F8BD00BF7FF4030010
:1016100038B50C468969054610461A46237AD9B171
:101620000C2B41D8DFE803F00D07070707404043C4
:101630003A3A0740070021462846FEF7F7F9A16924
:1016400021B10B792E2B1CBF0023A3612146284614
:10165000BDE83840FFF7C2BEA26120610C2B23D841
:1016600001A151F823F000BFBB1604003716040097
:10167000371604003716040037160400A9160400B4
:10168000A9160400AF1604009D1604009D16040060
:1016900037160400A9160400371604002146284610
:1016A000FFF794FDA169CBE700DEA169C8E72146F9
:1016B0002846FDF7B9F9A169C2E71146C0E700BFA6
:1016C00038B50B7A072B0C4605461CD00C2B01D1E4
:1016D000FEF7FAF9A37B002262619BB1D5F8E030F6
:1016E0009C4213D1A269CAB9D5F8E4101A68C5F8AA
:1016F000E0208B4208BFC5F8E4202046BDE8384012
:10170000FDF7C4BA38BDFDF7A7F9E3E700DEA2692B
:1017100022B9D5F8E030002BEFD0E5E713792E2B76
:10172000F7D100DEF5E700BF38B50B7A072B0C4682
:10173000054616D0A37B9BB1D5F8E0309C4213D16F
:10174000A269CAB9D5F8E4101A68C5F8E0208B423E
:1017500008BFC5F8E4202046BDE83840FDF796BA3A
:1017600038BDFDF77DF9E5E700DEA26922B9D5F8BD
:10177000E030002BEFD0E5E713792E2BF7D100DE18
:10178000F5E700BF0422002380F8E820A0F8EA3043
:10179000704700BF90F8E830052B0ED8DFE803F063
:1017A000060907030603D0F8E03023B97047FFF7B6
:1017B0009BBDFFF7C7BDFFF733BE00DEF6E700BFF6
:1017C00090F8E830052B04D8DFE803F00415130582
:1017D000040500DE7047D0F8E020002380F8ED30EB
:1017E0005AB100230121A0F8EA30917380F8E83063
:1017F0007047FFF779BDFFF7A5BD00DEF1E700BF39
:1018000090F8E830052B04D8DFE803F004090B0456
:10181000050400DE7047002380F8E8307047FFF7CA
:1018200091BDFFF761BD00BF90F8E83010B50446E8
:10183000052B12D8DFE803F0030D09030803FFF7B7
:1018400051FE042384F8E83010BDBDE81040FFF7D6
:101850004BBDBDE81040FFF775BD00DE10BD00BFF9
:10186000F0B5044683B00E4615467BB1D37F1B2BE3
:1018700036D8DFF8D8C090F837100CEB4307C90909
:101880007F781AB201238B403B404AD11846FDF7BE
:1018900091FA074610B300230360D4F8E4300BB389
:1018A0001860C4F8E40094F8E830052B4CD8DFE861
:1018B00003F01E2C030606062046FFF715FD3946E9
:1018C0002046FFF78BFDD4F8E01039B12B463246A5
:1018D000204603B0BDE8F040FFF79ABE03B0F0BD6C
:1018E0000023D3E7C4F8E000C4F8E400DBE72A46AD
:1018F00000212046FFF710FE39462046FFF76EFD17
:10190000D4F8E0100029E1D1E8E72046FFF71AFDFE
:1019100039462046FFF762FDD4F8E0100029D5D102
:10192000DCE71CF812300A2BB0D10193FFF7DAFD87
:101930000022A4F8EA2084F8ED2084F8E82020466C
:10194000FEF74AFB019BA1E700DEB8E7247505001E
:1019500010B50446FFF7C6FD0023A4F8EA3084F86A
:10196000ED3084F8E83010BD704700BF00B9704713
:1019700000DE70472DE9F843099C9DF8209006464B
:10198000A08C4FF6FF71884234D0314620469046F5
:101990001F46FBF7CBFD68BB23780133DBB2237016
:1019A00063B3B4F83821164D7B1C1344A4F83831C6
:1019B0000220FBF7D9FD02212046FBF7A9FEAA7AF7
:1019C000104B2F8169F3000204F11001AA7200226A
:1019D000E96001201146C5E900689D60F7F75AF9F2
:1019E00050B9FF20FBF7C0FD2046FF21BDE8F843BA
:1019F000FBF78EBEBDE8F88300DEF2E700DED0E73D
:101A000038420020AC0500202DE9F04106460020B8
:101A1000FBF7EAF850B3436904463BB393F82A2036
:101A200042F0020283F82A204769FFB101460020F4
:101A3000FBF71CF80546B0B93F68D7F8400107F539
:101A4000A078B8B1F9F768F8172387F844314FF652
:101A5000FF73A7F8463110340223C7F8484187F8CE
:101A60005C31C6F800802846BDE8F0810C25284688
:101A7000BDE8F08100DEE5E770B50C4615461E4670
:101A8000FBF734FAB8B190F872C01CF0180C04D00F
:101A9000BCF1180F08D00C2070BD33462A462146F1
:101AA000BDE87040FDF7ACBA33462A462146BDE892
:101AB0007040FDF7D5BA022070BD00BF10B582B0EE
:101AC00001A8FFF7A1FF044610B1204602B010BDE7
:101AD000FBF78AF850B190F84C3000226FF3000306
:101AE00080F84C304261204602B010BD00DEF2E7C3
:101AF00038B583681D686C69B4B100236B61E36D10
:101B0000C3B904F1500104F14C00F7F743F8034660
:101B1000D0B1E3652068FBF7CFF995F84C306FF34F
:101B2000000385F84C3038BD00DE00236B61E36DA7
:101B3000002BE6D000DE04F1500104F14C00F7F771
:101B400029F803460028E4D100DEE2E730B50120A1
:101B500083B0FBF7CBF970B10446012594F9373017
:101B6000002B07DB684600F039F869462046FDF790
:101B7000E9FA40B935B10020FBF7B8F9044608B1DD
:101B80000025EBE7002003B030BD00BF08607047C0
:101B900008B5084A0346006810601B7913710521D7
:101BA0001046F7F78FF9044B1870FFF7CFFF0020AE
:101BB00008BD00BF48420020F7570020054B064AE9
:101BC00010B41F204FF0FF3425211C6018711170D4
:101BD00010BC704748420020F7570020044A0549CE
:101BE000034610681860127908781A71704700BFB0
:101BF00048420020F757002030B5044600789DF891
:101C00000C5002FB01111F4A014482FB01020A44ED
:101C1000521102EBC20002EB80028A1AD0B2C10854
:101C20002070595C02F0070241FA02F212F0010240
:101C30001FD1B0FBF5F405FB1404E4B25D1E1046A1
:101C4000043300F1080E15F8011F5FFA8EFE0246FC
:101C500011F0010F02F1010C4FEA510102D04CB119
:101C6000013CE4B25FFA8CF27245F1D110469D421C
:101C7000E7D130BDC11D891AC9B207291046F6D86F
:101C800030BD00BFA7C867DD42880088504070475C
:101C9000F0B5344D344C48404FF0030C060A5FFA5F
:101CA00080FE0EEB8E2E06EB862004EA401705EA36
:101CB000400605EA4E0004EA4E1E3E4340EA0E008E
:101CC00000EB002706EB062E06EB0E2600EB0720A6
:101CD000360CC0F3074040EA062000EB00100CF180
:101CE000FF3C08441CF0FF0C80B2D7D141401F4894
:101CF000A0FB01400C1A00EB5400400900EBC004AB
:101D000000EB8400081AC0F3C40400F00705145D5A
:101D10002C41E407C0B21CD401FB03F3561EC3F3ED
:101D200007430432604600F1080516F801CFEDB212
:101D300001461CF0010F01F101044FEA5C0C02D0D6
:101D400043B1013BDBB2E1B2A942F2D1084696426F
:101D5000E9D1F0BD0730401AC0B207280846F6D8CE
:101D6000F0BD00BF10210200408408004D91CFBAA1
:101D70001A491B482DE9F0410023451EA1F1020C30
:101D8000012606E00133082B01F1060100F12800CD
:101D900022D003EB830215F83220D407F2D59CF849
:101DA00000409CF801E0D0F80080C2F3801206FAEF
:101DB00003F79A4001333C434EEA020287888F8042
:101DC000082B8CF800408CF8012001F1060141F845
:101DD000068C00F12800DCD1BDE8F08156420020DD
:101DE000414300202048214A2DE9F047204FDFF8E9
:101DF00084800023951EA0F1020C012615F83310F3
:101E0000C90706FA03F926D53C7812F8011C4CB133
:101E1000072901EB810405D818F834104C0701D5C7
:101E2000C90618D515F833109CF801E09CF800405D
:101E3000D2F800A0C1F3400199404EEA010144EA02
:101E40000904B2F804E08CF800408CF80110A0F806
:101E500004E0C0F800A00133082B00F1060002F1F5
:101E60000802CBD1BDE8F087C244002082440020A4
:101E7000F9570020404300200820704738B5002063
:101E8000FAF7E6FE10F0010019D10E4C0E4D621E5D
:101E900014F83030072B03EB830105D815F83130E7
:101EA0006FF3451305F8313012F830306FF300034B
:101EB00002F8303001300828EAD1002038BD0C206B
:101EC00038BD00BF81440020404300202DE9F04F81
:101ED000804683B00020FAF7BBFE10F0010578D1F0
:101EE00098F80030FF2B70D03F4E08F101094FF0F9
:101EF000FF0A2C46B71E03F0010B06E059455AD0E5
:101F00000134082C06F108060FD017F83420C2F36C
:101F10004001D207F2D4BAF1FF0F08BF5FFA84FA8A
:101F20000134082C06F10806EFD1BAF1070F56D894
:101F300017F83A2063F3410207F83A20022314FB12
:101F40000A34D8F801303B513C44B9F80430A3803E
:101F500098F800B0254C0BF0010B661E04E001352B
:101F6000082D04F1280438D005EB85034FEAC30897
:101F700016F83330C3F38012DB07F0D55A45EED1A3
:101F800020460622494613F084FE0028E7D116F8C1
:101F9000083043F0200306F80830EDB217F83A3065
:101FA00007EBCA0243F0010307F83A3055700020EE
:101FB00003B0BDE8F08F304606224946019313F086
:101FC00068FE019B00289BD1F1E7284603B0BDE8DD
:101FD000F08F0C2003B0BDE8F08FFF25DEE707206F
:101FE00003B0BDE8F08F00BF8244002041430020D1
:101FF0002DE9F04106460020FAF72AFE10F0010410
:1020000032D196F80080B8F1FF0F2AD01D4D01366D
:10201000AF1E08F0010804E00134082C05F10805A2
:102020001CD017F83430C3F34002DB07F4D5424527
:10203000F2D106222846314613F02BFE0028EBD1C0
:1020400007EBC4035B78072B11D917F834306FF313
:10205000000307F834300020BDE8F0810220BDE81D
:10206000F0812046BDE8F0810C20BDE8F081064AF1
:1020700003EB830312F8331060F3451102F83310B9
:10208000E3E700BF8244002040430020072810B44B
:1020900019D80F4C00EB800C830014F83CC01CF0E6
:1020A000010F12D0034414F83330C3F380130B70C4
:1020B0000121282313FB0013E118E35813608B88D8
:1020C00010BC9380704700DEE3E700DEEAE700BF64
:1020D000404300200820704710B50020FAF79EFD0D
:1020E000012832D81A4B1B4C93F82820187893F803
:1020F00050106FF3000283F8282093F878206FF3D4
:10210000000283F8782093F8C8206FF300006FF383
:10211000000118706FF3000293F8A00083F85010CC
:1021200083F8C82093F8F01093F818216FF300009B
:102130006FF3000183F8A0006FF30002002083F822
:10214000F01083F81821207010BD0C2010BD00BFC6
:1021500040430020F85700202DE9F04F834683B01C
:102160000020FAF75BFD01285DD8DC46DFF83081FE
:102170001CF8012BCDF804B002F00103002408F193
:10218000FF39009267469B4604E00134082C08F1B1
:10219000280844D004EB84054FEA840A19F8356016
:1021A000F30709EBC505C6F38012EED55A45ECD10D
:1021B00040460622394613F06CFD0028E5D176072B
:1021C000BC46009ADDF804B0074630D4354D02F025
:1021D0000108AE1EE34604E00137082F05F10805AB
:1021E00012D016F83730C3F34002DB07F4D542456E
:1021F000F2D106222846594613F04BFD0028EBD1B8
:1022000006EBC706FF237370A244002019F83A308A
:102210006FF3000309F83A3003B0BDE8F08F0220F5
:1022200003B0BDE8F08F0C2003B0BDE8F08FDFF8FD
:10223000788098F800305E1E023B062BF6B203D879
:10224000E97D0091B14202D188F80060BEE7174AEB
:1022500002EB061302EB0112964605460FCB8EE801
:102260000F00DFF84CE005EB850309EBC30219F81A
:102270003330D80705D5590703D59EF81730B34238
:1022800007D00135082D0EF1280EECD19BF8002067
:10229000DAE70099074BD1759BF800205D54D3E72E
:1022A0004143002082440020F8570020C042002013
:1022B00040430020B84200202DE9F8431D465B79D9
:1022C00003F0C003402B01D0BDE8F8830F46F1B105
:1022D000DFF8B090002400F0010609F1FF3804E0B7
:1022E0000134082C09F12809EED004EB840318F816
:1022F0003330D907C3F38012F2D5B242F0D10622AF
:102300004846394613F0C5FC0028E9D1E2B2072A55
:10231000DAD8DFF8748002EB820318F83330DB0779
:10232000D2D502EB8202D40004F11803286848F8E1
:10233000030008EB0306AB88B3800020FAF7D6FD54
:1023400080B100F2811506223146284613F0A1FC27
:1023500040B9013408EB040358F804202A609B8834
:10236000AB80B1E70120FAF7C1FD0028ACD000F244
:10237000811506223146284613F08BFC0028A3D194
:10238000E7E700BF41430020404300202DE9F84F1C
:1023900082461A4E1AF8018B8946002408F001087B
:1023A000771E03E0082C06F128061BD004EB8402FC
:1023B000D50017F83230C3F38012DB0704F10104B3
:1023C000F0D54245EED106225146304613F061FC6D
:1023D00083460028E6D118357C1906212046F6F7F9
:1023E000C9FB10B90220BDE8F88F7859C9F8000080
:1023F000A388A9F804305846BDE8F88F414300206F
:102400002DE9F0478246174E1AF8018B89460024C1
:1024100008F00108771E03E0082C06F128061DD0FD
:1024200004EB840207EBC20517F83230C3F38012C5
:10243000DB0704F10104EFD54245EDD106225146F8
:10244000304613F026FC0028E6D16B6A1A68C9F8FA
:1024500000209B88A9F80430BDE8F0870220BDE881
:10246000F08700BF4143002010B504460020FAF772
:10247000D5FB012808D81CB1012C01D0122010BDB9
:10248000024B1C70002010BD0C2010BDF95700201D
:10249000034B4FF47A7202FB00F01860704700BFE4
:1024A000504200202DE9F047824600208846FAF786
:1024B000B5FB01282FD81E4E1AF8019B002409F005
:1024C0000109771E03E0082C06F1280620D004EB52
:1024D0008402D50017F83230C3F38012DB0704F111
:1024E0000104F0D54A45EED130460622514613F09C
:1024F000D0FB0028E7D1B8F1000F12D0B8F1010FDE
:102500000CD17B5D43F010037B550020BDE8F087C4
:102510000220BDE8F0870C20BDE8F0871220BDE85E
:10252000F0877B5D68F304137B550020EEE700BF66
:1025300041430020D0B5314C3149002304F1FF3C28
:1025400014F83320072A02EB820E05D811F83E203A
:102550006FF3451201F83E201CF833206FF30002A0
:102560000CF833200133082BEAD1264A264C0023ED
:1025700013700A7863F300020A7091F8282063F35D
:10258000000281F8282091F8502063F3000281F8BE
:10259000502091F8782063F3000281F8782091F8B8
:1025A000A02063F3000281F8A02091F8C82063F313
:1025B000000281F8C82091F8F02063F3000281F84E
:1025C000F02091F8182163F3000281F818210F4AD6
:1025D00013700F4B4FF0FF364FF0FF37C3E9006722
:1025E0000C4B236028B1BDE8D0400B490B4813F0D9
:1025F00031B8BDE8D040094813F03AB88144002012
:1026000040430020F957002050420020F857002096
:10261000C0200020A0BB0D00F12704009020002066
:10262000034A044B002814BF10461846704700BFE9
:10263000C044002054420020A8B110B50B4A1268D3
:102640004FF4004340F2E7300021E2FB03014FF476
:102650007A720023E5F7C0F9BDE8104002460B4648
:10266000034808F033BD024813F002B8504200207E
:102670009020002008B5094B00221A80C30706D419
:10268000074B084A1B78002111801BB908BDFFF7D2
:10269000A9FBF5E7BDE80840FFF76ABBC04400208E
:1026A000F9570020544200202DE9F04F044685B030
:1026B00013F095F94B014FEA401ABAEB000A43EACE
:1026C000D06363EB01039B0043EA9A734FEA8A0AE3
:1026D0001AEB000A41EB03094FEAC90949EA5A79A2
:1026E000CAF3103A4AEA494A4FEAD939BCB93B4BD6
:1026F000D3E90023B3F1FF3F08BFB2F1FF3F0ED093
:1027000037490968BAEB020269EB03038A4273F1A5
:102710000003ACBF4FF0010B4FF0000B01E04FF096
:10272000010B304EDFF8C0800024F71F0DE0254478
:1027300017F8353043F0020307F835300134082C20
:1027400008F1060806F1280624D004EB8403A5004E
:1027500017F83330D807F1D5BBF1000F01D1990735
:10276000ECD42B1917F833305A071CD42B1917F84F
:1027700033301B07DBD5694630460EF010F858BBE6
:10278000BDF804300098A8F80430C6F81D80C8F8D9
:102790000000CCE7BBF1000F02D0104BC3E900A949
:1027A00005B0BDE8F08F317C104B0F2202EB011217
:1027B0001A440DF10F000DF1FF3312F8011903F85F
:1027C000011F8342F9D106F1170168460DF0E7FFBA
:1027D0000028CBD000DEC9E700DED1E7C020002012
:1027E000504200204743002088420020C042002081
:1027F00010B50120FFF758FF0A4A12684FF4004352
:1028000040F2E7300021E2FB03014FF47A7200232B
:10281000E5F7E2F8BDE8104002460B46024808F032
:1028200055BC00BF50420020902000202DE9F04709
:10283000894616460AB1FF231370154D002400F097
:10284000010805F1FF3A09E01EB13378FF2B08BFFC
:1028500037700134082C05F1280514D004EB8403EB
:10286000E7B21AF83330C3F38012DB07ECD54245E8
:10287000EFD106222846494613F00BFA0028E8D18A
:102880003846BDE8F087FF273846BDE8F08700BF2F
:10289000414300202DE9F04F814685B000200C46D1
:1028A0001546FAF7BBF9012800F29380C8460DF1EE
:1028B0000F0218F8010B4146FFF7B8FF072840F256
:1028C0009C809DF80F70072F00F2B28007EB870203
:1028D000D200594ED9F801100192531C07EB870A18
:1028E000F1503344B8F80410998099F8001016F8A4
:1028F0003A30934661F3861320461021B354F6F71D
:1029000039F916F80B30102160F38203284606F8D7
:102910000B30F6F72FF916F80B30019A00F0010092
:1029200060F3C30313F0040F06F80B3006EBCA0A7A
:102930004FEA870B1AD0DFF804C141499CF80030F8
:10294000DFF800E1CF544FF0FF3101EB03118AF8BB
:10295000173001338CF80030714404F10F03013C4F
:1029600013F801C901F801CFA342F9D1002848D1D9
:1029700018320024B45032440BEB0703948016F84D
:102980003320314D22F0120206F8332099F800A0CE
:10299000A5F102090AF0010A04E00134082C05F14E
:1029A00008051AD019F83430C3F3400213F00103BC
:1029B000F3D05245F1D1284606224146019313F047
:1029C00068F9019B0028E8D109EBC40989F8017076
:1029D00004E00C2005B0BDE8F08F0023BB445B0190
:1029E00016F83B2043F0010322F02102134300209C
:1029F00006F83B3005B0BDE8F08F122005B0BDE809
:102A0000F08FD01D31180BEB0703D5F800A0D5F8D7
:102A100004E0D5F808C0EC6846F800A006EBC30354
:102A2000C1F804E0C1F808C0CC60002159629FE7FA
:102A3000072005B0BDE8F08F40430020F857002084
:102A4000B8420020C042002082440020072812D84B
:102A500000EB8000094A12F8303013F0080F4FEAFB
:102A6000C001C3F3C00007D0C3F340009B0703D5E8
:102A70000A44506A70470020704700BF404300205E
:102A8000024B1B7803700248704700BFF8570020C4
:102A9000C042002050B1072913D80E4B13F8312043
:102AA000D20710D503EBC1035878704707290CD81B
:102AB000094B01EB810213F83230DB0707D50846DA
:102AC000704700DEE9E700DEECE700DEF0E700DE5D
:102AD000F5E700BF80440020404300200C4B1B78EA
:102AE00083420BD90B4B185C07280CD80A4B00EB20
:102AF000800213F83230DB0707D5704700DE054B44
:102B0000185C0728F2D900DEF0E700DE704700BF4E
:102B1000F8570020B84200204043002007280DD875
:102B2000084900EB8002830011F83220D20707D554
:102B3000034411F83300C0F3401070470020704781
:102B400000DEF5E7404300200C4B1B787BB10729E2
:102B50000DD860B90A4801EB81028B0010F83220D1
:102B6000D20709D50B4410F83300430701D40120E4
:102B70007047C0F30010704700DEF3E7F9570020FC
:102B8000404300201378FF2B19D12DE9F047194D50
:102B90000446AE46002303EB830C9E0015F83CC0B0
:102BA0001CF0010003D0CCF3801CA44509D00133F4
:102BB000082B0EF1280EEED10120BDE8F087012090
:102BC000704701F1FF3877464FF0000C17F801AF5E
:102BD00018F8019FCA450CF1010CE8D1BCF1060FB1
:102BE000F4D11E44137015F836305A07E5D5C3F3F7
:102BF0000010E2E74043002010B40E4B1C787CB17B
:102C0000072A0DD80C4C02EB820C14F83CC01CF0C7
:102C1000080F05D020B14B7903F0C003402B02D040
:102C2000002010BC7047282303FB0240073010BC73
:102C30000DF0A2BDF957002040430020024B187848
:102C4000003818BF01207047F957002000F04CBA37
:102C500008B5002302F0BCF9002008BD684620F04A
:102C600007018D4601B501F0FFFBEBF78DFBBDE8D9
:102C700001408546704700BF08B50A4BD3F8402194
:102C80003AB90120F6F764F8BDE808400220F6F7EB
:102C90005FB80020C3F84001D3F84031F7F7C8F817
:102CA000EFE700BF00B000400020F6F751B800BFCA
:102CB00090B90E4B0E4A197810788842CBB20DD1DC
:102CC0000C480D4990F800C0013313700B78634530
:102CD00007D003780B70704700DEEAE700DE137858
:102CE000EEE700DE03780B70704700BFFA57002054
:102CF000FB570020FF570020FE5700200B4A0C4BCB
:102D0000117893F800C08C450DD012781A70094ADA
:102D1000094B18B911781878884202D012781A70C5
:102D2000704700DEFAE700DEEFE700BFFD57002046
:102D3000FC570020FA570020FB57002001F094BCFC
:102D400008B50B480B4B027819788A420CD00A4B15
:102D5000017000220399996001201146F5F79AFF4E
:102D600000B908BD00DE08BD00DE1978EFE700BF3E
:102D7000FA570020FB570020BC0500202DE9F04148
:102D8000304A314D12782B789A428AB00E4605D1DE
:102D90002E4B2F4A1B7812789A424BD03768DFF8B7
:102DA000B48007F12D0424F07F44D8F800102046A9
:102DB000F7F7FEF910F4000002D10AB0BDE8F08187
:102DC000254A264B11781A7891421CD03046244B64
:102DD000C168C8F800400022CDE90732214BCDE997
:102DE0000322CDE90531CDE901222D2300932C7872
:102DF0000134E4B23B46114610462C70F7F784F8D4
:102E00000AB0BDE8F081114A11491278097891425F
:102E1000DCD01A780132D2B21A700022124B009222
:102E200011461046F7F7DEF810F0FD0FCED000DEA9
:102E300000DECBE70768DFF81C8007F12D0424F0E3
:102E40007F44C4E7FE570020FF570020FA570020B8
:102E5000FB570020FC440020FC570020FD570020B9
:102E6000B12C0400412D0400FD2C04007A4A936823
:102E7000002B00F096802DE9F04F136889B0814651
:102E8000002B46D04FF0FF338DF80A300DF10A00C9
:102E9000F8F708F8044600283BD0037F9907F5D1DE
:102EA000857A15F00205F1D1C3684B4555D0066807
:102EB000A8462F460DF10A00F7F7F4FF8346F0B15C
:102EC000027F9207F6D1827A9307F3D4C268B8F1F1
:102ED000000F21D04A4558D0DBF800A031465046BB
:102EE000F7F766F900F4000000280DF10A001CBF96
:102EF0005F465646F7F7D6FF83460028E0D1002FFD
:102F000008BF274639463846FFF738FF30F002033E
:102F100039D109B0BDE8F08F4A458046DCD1237F26
:102F2000E16843F0020323772046A3699847FF2313
:102F30008DF80A300DF10A00F7F7B4FF04460028B7
:102F4000E7D0037F9F07F5D1837A9E07F2D4C36849
:102F50004B4502D000DED4F80C903F4A4846D2E9F7
:102F6000001303AA98470646002843D010F1100F1B
:102F700059D0394A002093681168984716F10B0F11
:102F800010D08C36C5D000DEC3E7227FE16842F066
:102F9000020222772046A2699047D8457FF472AF9B
:102FA000C5E770472C4A0023D2F80890D2E90048C0
:102FB00002261360FF278DF80B700DF10B00F7F759
:102FC00071FF90B1037F9A07F7D40DB9DB07F4D4F2
:102FD000C368A342F1D1037F826943F00203037700
:102FE000214690478DF80B70E7E70125AE420AD0E5
:102FF0002E46E0E7237FA269E16843F002032377CE
:103000002046904785E70022CDE904220692039BE3
:1030100000964946404604AA0794F7F7FBFE0028AD
:103020007FF477AFAFE7A37A43F00203A3720DF109
:103030000A00F7F737FF014600283FF46AAF037F25
:103040009D07F4D1837A9C07F1D4FFF797FE30F007
:1030500002033FF45EAF96E70045002010B5174825
:1030600012F03EF830B3164B00249C6000F076FA64
:1030700000281EDB214601202246EBF779FC224680
:103080000B200121EBF774FC214622461820EBF7B8
:103090006FFC0C4B1022C3F804230120EBF738FC23
:1030A0000B20EBF735FC1820EBF732FC01F0F6F9BA
:1030B000204610BD6FF0120010BD00BFCC610500AE
:1030C000004500200010004008B500F057FA002825
:1030D00009DB0120EBF72AFC0B20EBF727FC18207B
:1030E000EBF724FC002008BD034603488AB21946CA
:1030F00083681B68184700BFCC61050030B4074DDA
:10310000AB685C6834B18AB2A44601460023284605
:1031100030BC60476FF0850030BC7047CC61050063
:103120000020704730B5044683B078B31D4B1A6851
:10313000824225D0FF250DF107008DF80750F7F7E3
:10314000B1FE38B91AE0A1420AD00DF10700F7F735
:10315000A9FE98B1037F9B07F7D4C168002CF2D178
:10316000037F826943F00203037790470DF1070064
:103170008DF80750F7F796FE0028EBD103B030BD6D
:103180009B686BB1014600209847D3E7054A9368D6
:10319000002BCFD011680029CCD000209847C9E778
:1031A00000DEC7E7004500200020704710B5044648
:1031B000F7F76AFE8CB90D4B9A68AAB11C68002219
:1031C0009A601A6004B124680020F7F785FE204653
:1031D000F7F712FF28B1002010BD0028F3D100DE60
:1031E000F1E700DE002010BD00DEE7E7004500202B
:1031F000054A136892681B1A18BF0123B2FA82F0BD
:103200000B704009704700BF004500202D2070471B
:1032100010B51446F6F7CAFF2146F6F7C9FF034674
:1032200010F4000004D10333092B88BF184610BDE9
:10323000002010BD262810B504461DD0272813D025
:10324000252809D00A281FD9272822D900DE2046A0
:10325000BDE8104001F074B9022001F06BF920467E
:10326000BDE8104001F06CB9502001F063F9204630
:10327000BDE8104001F064B91A2001F05BF9204666
:10328000BDE8104001F05CB90230400001F052F995
:10329000E5E70330400001F04DF9E0E701F0AEB999
:1032A00001F0B4B908B501F0DFF9BDE8084001F05C
:1032B0004DBB00BF08B501F0D7F901F047FBBDE8F1
:1032C000084001F0EBBA00BF08B501F0CDF901F0FC
:1032D0003DFB01F021FB01F033FDBDE8084001F0AA
:1032E000DDBA00BF08B50146114801F0CDF801F084
:1032F000E5F960B101F0F0FB01F006F900F082F9A8
:1033000000280EDBBDE808400020FFF74FBF01F0AA
:103310008BF901F0E1FB01F0F7F800F073F90028F8
:10332000F0DA00DE0020BDE80840FFF73FBF00BF35
:103330003D2D040010B5044601F096F901F006FB9E
:1033400001F0EAFA01F0FCFC01F0A8FA2046BDE821
:103350001040FFF7C7BF00BF10B5044601F084F965
:103360000D48214601F090F801F0A8F940B100F0B5
:1033700049F900280ADBBDE810400020FFF716BF1E
:1033800001F052F900F03EF90028F4DA00DE0020E6
:10339000BDE81040FFF70ABF3D2D04002DE9F04FB6
:1033A00089B01F469DF848B0FF2380468946924663
:1033B0008DF81F300DF11F00F7F774FD002866D05F
:1033C000037F9D07F6D1837A9C07F3D405683E6896
:1033D0009DF81F300593044629463046F6F7E8FE6F
:1033E000BBF1000F4CD0BC4208BF002426460DF1B3
:1033F0001F00F7F757FDD0B1027F9107F7D1827A0E
:103400009207F4D402680490294610460392F6F716
:10341000CFFE039A049B00F4000000280DF11F006A
:103420001CBF15461E46F7F73DFD0028E4D1059B5D
:103430008DF81F30314B9A687ABB76BB24B1BBF153
:10344000000F48D1BC4244D1FA681A60C3E901892F
:103450003846D04704460DF11F00F7F723FD01461B
:1034600050B1037F9A07F6D1837A9B07F3D4FFF715
:1034700085FC30F002033FD1204609B0BDE8F08F53
:103480000002B0D5FF23354605935C46AEE71B4BE3
:103490009A680446002AD7D026464946CDF800B09F
:1034A000534640463A46F7F7B5FC014678B1BBF1C2
:1034B000000F09D1BB7A980706D4C6B13046FFF792
:1034C0005DFC30F0020310D16FF07604D4E700DE2B
:1034D000EDE700DEB8E7CDF800B053463A4649467E
:1034E0004046F7F797FC0028EED100DEECE7002C11
:1034F00014BF26460E46E1E700DEBDE7004500208A
:1035000001F1100007F060BB70B505468AB00C46AB
:103510000122002104A811F0BEFF0F4B01930026E9
:10352000032369462846039602930BF034F80028DB
:1035300010DB4FF40043314640F2E730E4FB030177
:103540004FF47A720023E4F747FA02460B4604A8C8
:1035500007F074FB0AB070BD0135040010B50120FE
:1035600003F092F90449002301244B608C60CB6086
:10357000BDE810400BF00FB81045002010B5012039
:1035800003F082F9044904460BF080F82046BDE8B8
:1035900010400BF057B800BF104500200C4B1A78B4
:1035A0000AB10020704710B50120187003F06CF9C3
:1035B0004FF4FA710446FFF7A7FF38B920460BF025
:1035C00041F802280CBF00206FF0040010BD00BFBE
:1035D0000058002008B50A4BBFF35B8F53E8002F5B
:1035E000511C43E800100028F8D1BFF35B8F002A7C
:1035F00001DD002008BD03F04FF9002008BD00BF29
:103600000C45002008B50E4BBFF35B8F1A68BFF363
:103610005B8F002A11DDBFF35B8F53E8002F511E33
:1036200043E800100028F8D1BFF35B8F012A01DDC9
:10363000002008BD03F046F9FAE76FF0770008BDF7
:103640000C4500200520704700B9704700DE704728
:1036500008B5064B03989860002211460120F5F743
:1036600019FB00B908BD00DE08BD00BFDC05002065
:103670000021E6F775BD00BF10B5044682B0FFF724
:1036800023FE94F828306FF3000384F828309B065B
:1036900001D4636833B3962001F068F9002318461B
:1036A0001A46194601F07AF80120F7F757FB00B3E4
:1036B0001C3000F097FFFFF7C1FA40B901F0DEF8C7
:1036C0000D48214602B0BDE8104000F0DDBE0DF10E
:1036D0000700FFF7D5F9002201469DF8070001F029
:1036E000EDFAEBE701F0BAF80120F7F737FB002815
:1036F000DED100DEDCE700BF69A4020010B504469D
:10370000FFF7E2FD01F0FEF82046BDE81040FFF7AC
:10371000E9BD00BF08B5FFF7AFFF00F07FFFBDE8D0
:10372000084001F005BA00BF70B582B00546FFF74A
:10373000B9FD01F093F80120F7F710FB78B31C30C6
:1037400000F050FF00F0A6FF38BBFFF777FAC8B9CA
:1037500001F0FCF900210446084600F059FF002161
:103760000646084600F050FF3444CB34201A01F0DE
:10377000BFF901F083F80B48294602B0BDE870405C
:1037800000F082BE0DF10700FFF77AF90022014632
:103790009DF8070001F092FADAE700DED5E700DED7
:1037A000CDE700BF69A4020070B5C36804461E6877
:1037B000F6F7FCFC05463046FFF728FD00232D1ADE
:1037C000C4E90053238120460121BDE87040E6F79B
:1037D000C7BC00BF08B54B6823B14B6893F82A30CB
:1037E000DB0714D481420DD04B6B13B16FF08B000B
:1037F00008BD094B1360FFF7EDFE002809DB6FF0F1
:103800000A0008BD054800F03FFE00F00DFF002053
:1038100008BD00DEF3E700BFA9370400C9A302001A
:1038200030B5044685B0FFF74FFD0DF10F0120467E
:10383000FFF7DEFC08B105B030BD054601F062F8C7
:1038400094F828200095C2F34103013303F00303E9
:10385000032B08BF002363F3420284F828202B4681
:10386000012229462846F6F7BDFB94F92830002BA3
:1038700004DB2046FFF736FD05B030BD054B0122C5
:10388000294628469C60F5F705FA0028F1D000DEAD
:10389000EFE700BFCC0500202DE9F8439DF820900C
:1038A000164680460D464A46194630461F46FFF7E3
:1038B000A3F90446A0B91DB198F829309B071CD480
:1038C00098F82850C5F38013B3420CD0C5F3C10556
:1038D000012D05D926B17B7903F0C003402B12D00E
:1038E0002046BDE8F88308F12B000622394612F085
:1038F000D0F90028EAD10124F2E74846FFF7A6F8FC
:103900000028EDD1DCE7099B002BF4D0099A0123B4
:103910001370F0E710B548B10C46FFF773FE0028AE
:103920000BDB2046BDE81040FFF740BC044800F028
:10393000ABFDBDE8104000F077BE00DEF1E700BF50
:1039400021380400002070470020704710B582B075
:103950000446FFF73FFE002809DB084A08490948EA
:1039600000940023F7F776FB18B902B010BD00DE13
:10397000F3E77730F9D000DEF7E700BF71360400D7
:1039800015390400D537040090F828C01CF0080F42
:1039900002D132B901207047002AFBD11846FFF747
:1039A000BDB810B5044608461946FFF7CDF820B952
:1039B00094F82800C0F3C00010BD012010BD00BF66
:1039C0002DE9F04F83B015469DF8382046680C4627
:1039D00092019DF83010984602F04002237842F0A0
:1039E000250242EAC11203F010031A4322210F9B61
:1039F000227061701A68C4F802209B88E3800D9BD6
:103A00001968A1609B88A3817368C4F80E3033895C
:103A1000B17A2175012263826275B6F816908246EA
:103A200001F08EF80746002D3DD005F0030B0BF199
:103A30002B0B4FEACB0BC5F340032BFA03FB41469C
:103A4000284600F0E5FD07F5AF67DAF810305F446F
:103A50008046A7EB000B4BBB109AC2F800B0A375D1
:103A6000E375F38A2383338B6383BAF81430A3831B
:103A7000D6F82230C4F81E3096F8263084F822306A
:103A800096F8282094F8233062F3040384F8233056
:103A9000FFF7D8FD94F8233060F3471384F8233000
:103AA00003B0BDE8F08F4FF4B07BC8E740F2E243CB
:103AB00003FB09F901F00EF8DAF810200192034631
:103AC000012128461D4600F0A1FD019A2B18134440
:103AD000002B01DB5B4501D24B44F9E7109AA8EBC0
:103AE00007081360044A4344A2FB0323627D9B0A38
:103AF0000132E3826275B4E75917B7D138B504468D
:103B0000FFF7E2FBF7F76AFA0246D8B10E4B0F490E
:103B10001B78087811790E4D5B0000F0010003F06E
:103B20000203034321F003010B430A492888508014
:103B3000097813710120107091712046BDE838405A
:103B4000FFF7D0BB00DEE1E7035800200458002057
:103B5000845400200158002008B500F0CFFD027801
:103B60000346012161F301021A70002008BD00BF65
:103B700000207047704700BF30B40849084A094D1B
:103B8000094C0A4800230B8013700949094A2B800D
:103B9000237003700B70137030BC70478454002086
:103BA00005580020865400200458002003580020A7
:103BB0000258002001580020814207D091F82A3095
:103BC0005B070BD50B4B188840B97047094A0A4B65
:103BD000128819781AB941B100DE03E0064B1B7850
:103BE000002BF9D16FF08B00704701221A706FF033
:103BF0000F007047845400200258002038B50D464D
:103C0000F0B10446FFF7FEFC002834DBE2682389AC
:103C1000518B938301330B445383F7F7DFF960B380
:103C2000037923F00303002243F002030121017012
:103C30004280037182712846BDE83840FFF7B6BA6A
:103C400091F92730002B0ADB0D48294600F01CFCB7
:103C500000F0EAFC95F862301B0708D438BD094B28
:103C60001B88002BF0D1084B01221A70ECE7BDE84D
:103C7000384001F019B800DEC8E700DED0E700BF29
:103C8000FD3A04008654002003580020F8B506468B
:103C90000120F7F763F8024668B30021517796F8E0
:103CA0004B50F78F05F00705284602F11C0400F081
:103CB0002DFC96F862301B074FEA850210D5391D9E
:103CC00042F00102C9B2082000F062FC22462946F7
:103CD00006F1630000F040FFBDE8F84000F082BC50
:103CE000F9B2082042F0010200F052FC2046BDE883
:103CF000F84000F077BC00DECFE700BF38B50446DF
:103D0000FFF7D0FA244AA08913880133138000F00A
:103D10002DFE94F84A2094F84B00C2F3C00300F043
:103D2000070002F00702002100F038FD2046FFF7EF
:103D3000ADFF00F0AFFC60BB00F008FF258A034632
:103D400094F84B000D35012100F007001D4400F0F0
:103D50005FFC94F84B3003F00703022B054416D0A8
:103D6000042B0CBF4FF4BC73282394F84A00C0F313
:103D7000C00100F007001D4400F046FC281A00F0C6
:103D8000B7FE21460548BDE8384000F07DBB18234A
:103D9000EBE700DED0E700BF86540020B53E04000C
:103DA000F8B50F4690F84A10868F01F007040546D3
:103DB000C1F3C001204600F0A9FB95F86230A200D3
:103DC000DB0642F00102F1B20DD50431C9B2082080
:103DD00000F0DEFB394605F1840000F003FFBDE88A
:103DE000F84000F005BC082000F0D2FB3846BDE8E2
:103DF000F84000F0FDBB00BFF0B5054683B001AA56
:103E0000C06C0F46296DF4F7D9FE95F862305A0759
:103E1000064638D448B3019C95F8613095F8602087
:103E200004341C4412B9627885F8602033B12378D9
:103E3000012262F30103237095F8613095F8602048
:103E4000D31A63702846F9F74BFD637883422AD969
:103E500060700121237803F00F03002243EA01136D
:103E60002370A2703C6003B0F0BD43F0040385F8FA
:103E7000623000F043FC044623786FF30413237090
:103E80003C6003B0F0BD43F0040385F8623000F0FD
:103E900035FC0446002EEFD0037843F01003037086
:103EA0003C6003B0F0BD32682B6D9A42D1D1002145
:103EB000D0E700BF2DE9F04383B0044600F0F4FBE7
:103EC000C0B250B9FFF7F6F9BB48214600F0DCFA62
:103ED00003B0BDE8F04300F0A7BB00F005FCC5B29D
:103EE00000F0E6FCFFF7E6F9B44A1388012003442A
:103EF0001380F6F733FF0646002800F0FD80002D02
:103F000049D1AF4A1778002F40F0AF8094F8623063
:103F100001A9C3F38008204601231370FFF76CFF4B
:103F2000A84B1B78002B00F09080A348214600F09E
:103F3000ABFA94F92730002B80F2E380019994F8D2
:103F400062200B7862F3C3030B7094F862300A7836
:103F5000C3F3400363F382020A702046FFF720FF99
:103F600000F098FB002840F0F78000F0DBFD00280F
:103F700061D0002D65D0A08A4FF6FF73984200F003
:103F8000FD802946F9F73EFC002F7ED103B0BDE845
:103F9000F043F6F71FBF94F86230327F03F001015F
:103FA000C2F3800088427FD081F0010161F30003F9
:103FB00013F0040984F86230DAB240F0AF80D4E93B
:103FC000130101AAF4F7FAFD0546002800F0BD80B0
:103FD000019F94F86180043707EB08035A7872B1A7
:103FE00094F86230D9060AD5D4F894300133C4F875
:103FF0009430D4F8983043F10003C4F8983094F822
:1040000060304244D2B29A4280F0A88084F86120A5
:10401000002594F92730002BC0F2C380327FD306ED
:1040200058BF17F8089094F862305CBF89F0100907
:10403000C9F300193BE000F069FD00F06DFD002DB3
:1040400099D117BB03B0BDE8F083E08900F08EFC86
:1040500094F84B0000F0070000F058FB5A48214646
:1040600000F012FA00F064FD68E794F86230013F56
:10407000FFB201A920461770C3F38008FFF7BCFE0A
:10408000002F3FF452AF2F464AE7F6F781FE032395
:104090003371A38A3068F3803146F6F78BFE03B0A4
:1040A000BDE8F043F6F796BE4FF000094D46C2F367
:1040B000C002C3F340018A4263D00027404A002176
:1040C000C3F38008414B11702046012201A91A70E8
:1040D000FFF792FEB9F1000F7FF427AF337FD906C7
:1040E0003FF51EAF019B1A78D2063FF519AF5B78FA
:1040F000002B3FF41AAF13E700DE002D3FF401AFB1
:1041000049E700F091FA00F0C5FA002860D194F870
:10411000623068F3820384F8623026E76FF382022C
:1041200084F8622000F0EAFA94F92730002B0CDBC7
:10413000327F12F0100509D190F8009094F86230A7
:1041400089F01009C9F30019B1E7327F94F86230A1
:104150004FF000094D46AAE700DE06E73AD000DE40
:1041600056E700F0D3FC00F0D7FC002D3FF46AAF17
:10417000A08A4FF6FF73984266D1002700DEA08A1E
:10418000FFE60320F6F7EAFD94F86230002894D0A9
:1041900083F0020384F86230737F33B994F862309D
:1041A0008BE794F86230327F81E794F86230180729
:1041B0001FD4012782E700BFFD3A04008454002089
:1041C0000558002002580020FD3C0400045800203F
:1041D00000DE9CE70022206DA4F8602004F14C0171
:1041E000F4F7F4FC019B1B682B60019B1D60019D93
:1041F0000FE700F027FD002858D000F04BFD002805
:104200003FD1D4F87330D4F87720134304D1337FEF
:1042100003F00303032B1DD0254B26480222214621
:104220001A7000F031F900F0FFF900F033FA78B9B4
:1042300000F078FC002894D0002D3FF403AFA08A52
:104240004FF6FF7398422ED02946F9F7DBFA9DE628
:1042500000DEEDE700F056FA4378272B0146DBD865
:104260000333DAB206F11C0011F0FDFCD4F8733010
:10427000013BC4F87330D4F8773043F1FF33C4F80E
:104280007730D4F873300133C4F87330D4F8773012
:1042900004F1730243F100035360054B01221A70CD
:1042A00094F8623085E700DEA08ACDE700DEA4E75F
:1042B00001580020FD3A040010B582B00446FFF713
:1042C00089F9002809DB084A0849094800940023B5
:1042D000F6F7C0FE18B902B010BD00DEF3E7773084
:1042E000F9D000DEF7E700BFA1A90200FD3B040002
:1042F000B93B04004FF080530246D3F8A4100131BB
:1043000007D04FF08051D1F8A00010F0010009D182
:104310007047D3F8A8304FF6FF719BB28B42F0D1B3
:1043200000207047D1F8A4301360D1F8A830137181
:10433000C3F3072363F03F035371D1F89030013387
:104340001CD0D1F89430013318D0D1F89830013313
:1043500014D0D1F89C30013310D0D1F89030C2F88D
:104360000630D1F89430C2F80A30D1F89830C2F84B
:104370000E30D1F89C30C2F8123008E00023C2F8A9
:104380000630C2F80A30C2F80E30C2F812300120EE
:10439000704700BF00234FF080520360436083608A
:1043A000C360D2F88030013318D0D2F884300133A2
:1043B00014D0D2F88830013310D0D2F88C300133C9
:1043C0000CD0D2F880300B60D2F884304B60D2F839
:1043D00088308B60D2F88C30CB60704700230B6044
:1043E0004B608B60CB607047054B4FF480320021EF
:1043F000C3F80815C3F84423C3F80423704700BF6B
:1044000000B00040054B1878421C1A7018B9044BD4
:1044100001221A6070470120704700BF0658002033
:1044200000B00040074B187848B10138C0B218708E
:1044300018B9054B01225A6070470120704700DE11
:104440001878F2E70658002000B00040014BD3F87E
:104450000405704700B00040024B00F5A87043F817
:104460002010704700B00040044BD3F8103123B146
:10447000034A044B10681B6818477047001000403F
:104480005048002054480020024A034B1160186035
:10449000704700BF50480020544800204FF0804330
:1044A0004FF0FF320021C3F8002EC3F8042EC3F8EA
:1044B000081EC3F80C2EC3F8101EC3F8142EC3F840
:1044C000182EC3F81C2EC3F8202EC3F8242EC3F8D0
:1044D000282EC3F82C2EC3F8302EC3F8342E704784
:1044E000074B084810B44FF4905100244FF4105279
:1044F000C0F81845C3F80018C3F8042810BC70476A
:1045000000F0014000100040704700BF054B02283A
:104510000CBF0421032140F20122C3F81015C3F897
:104520005026704700100040014BC3F80C0570473F
:1045300000100040014BC3F8080570470010004010
:10454000084B00F07F00C3F85405D3F8182522F07B
:104550000072C3F81825D3F8182542F00072C3F88A
:104560001825704700100040084A00210123C2F8B6
:104570002C15C2F83035C378C2F824358178038809
:1045800043EA01431B02C2F81C357047001000408B
:10459000C2F38203A3F1020302F00302B3FA83F32E
:1045A000013A5B091B06022A98BF43F4801300F00E
:1045B0000F000A4A184340F48070C2F81405D2F87C
:1045C0001805074B0340C2F81835D2F818351943BF
:1045D00041F44031C2F81815704700BF0010004088
:1045E0000000F8FE014BC3F80405704700100040BE
:1045F000014BC3F8040570470010004002280CBFAF
:1046000028202920704700BF0120704729207047CB
:1046100002280CBF05200A20704700BF014B012271
:104620005A607047001000400B4B0C480C4910B406
:104630004FF41064C3F8084501224FF480245A60F7
:10464000DA60C0F84843074CC3F808450020C1F8B9
:1046500000020A6110BC704700F0014000B0004049
:1046600000100040C001700E094B0022C3F8002169
:10467000D3F80011C3F80421D3F80411C3F80C21B6
:10468000D3F80C11C3F81021D3F81031704700BFD4
:1046900000100040034BD3F80001003818BF012080
:1046A000704700BF00100040034BD3F80C010038E6
:1046B00018BF0120704700BF00100040034BD3F823
:1046C0005005B0FA80F04009704700BF001000406C
:1046D000044B40F20312C3F83425C3F83805C3F87D
:1046E0003C15704700100040034BD3F8000400381D
:1046F00018BF0120704700BF0010004000487047FD
:1047000050470020004870474C460020F0B41D4B35
:104710001D4D1E4E1E4C1F4F0322C3F800222A7847
:10472000C6F8687502F10C03DBB2D000DB00910023
:1047300003F1804300F1804003F5F83300F5F830D1
:1047400001F18041C6F86C0501F5104104EB8204CB
:104750001148C3F81045C3F81405D1F840352D2B86
:104760008ABFD1F8403501232D3BC1F840350132D5
:10477000064B4FF4106102F00102C3F804152A70D1
:10478000F0BC7047001000400758002000F00140C6
:10479000409100400C110040041000402DE9F04110
:1047A000284E294C294FDFF8A8E0DFF8A880032322
:1047B000C6F800322178CEF8688501F10C03DBB22F
:1047C000DB00CD0003F1804303F5F83305F18045AC
:1047D00007EB810705F5F835CEF86C554FEA810CEB
:1047E000C3F8107549F63465C3F814654AF2B81376
:1047F000022A18BF1D460CF1804C42F2B84241F229
:104800008833022818BF13460CF5104C124A2B446B
:10481000A2FB0323DCF84025B2EB931F85BF980968
:10482000DCF8403501231B1ACCF840350131084B28
:104830004FF4106201F00101C3F804252170BDE8B6
:10484000F08100BF00100040075800204091004058
:1048500000F001400C110040D34D62100449054B9B
:1048600003204FF41062C1F80002C3F80825704716
:104870000010004000F0014000207047034AD2F8C9
:10488000003243F48873C2F80032704700100040D1
:10489000014BD3F84805704700100040034B00223D
:1048A000C3F81C21D3F81C31704700BF0010004032
:1048B000034BD3F81C01003818BF0120704700BF1C
:1048C0000010004010B44FF0000C4FEA8C0303F1CD
:1048D000804303F580531468C3F800460CF1010CC3
:1048E0009488C3F82046BCF1080F02F10602ECD10F
:1048F000034B40EA0120C3F8400610BC704700BFDC
:1049000000100040034AD2F8403623F0FF03C2F8FB
:104910004036704700100040034B0022C3F81421BA
:10492000D3F81431704700BF00100040034BD3F898
:104930001401003818BF0120704700BF001000406C
:10494000014BD3F810047047001000400449054B98
:10495000054A4FF48020C1F84803C3F80825704782
:1049600000B0004000F00140C001700E034B044A4B
:104970001B7803F5A87342F82300704707580020FE
:1049800000900040F0B4A2F574232F4DA3F51073EE
:10499000AB42044606D902F1E87202F5D43201397D
:1049A00002F5A572294B2A482A4D2B4E0127DF60BC
:1049B0000027C3F80475A0FB02020427C3F8107592
:1049C000900C0227C3F80875244AC3F84005C5F8BF
:1049D00048154FF48021C5F844134021C2F84065C2
:1049E000C2F84435C2F804154CB34FF48013C2F832
:1049F00004351B4A012100240423D160C2F8044578
:104A0000C2F81035154BC2F8084511601549C3F8B6
:104A100050150C32C3F8542502F5AF32124CC3F8CE
:104A2000584502F5FC7201F50041C3F85C253831A8
:104A30000832C3F86015C3F86425F0BC70474FF422
:104A40000013C2F80435D4E7BFBDF07F00800040FA
:104A500083DE1B4300B0004048B1004000F001403D
:104A6000009000400C11004040910040134A30B4C7
:104A70000123134C53604FF48025D360C2F84035B6
:104A8000104BC4F84815C4F84453402104F5A474ED
:104A9000C3F84045C3F84425C3F8041530B14FF4BA
:104AA0008012C3F80425012030BC70474FF4001277
:104AB000C3F80425012030BC704700BF00800040CF
:104AC00000B0004000F00140014BD3F848057047AA
:104AD00000B00040002070470349044A01234B60A6
:104AE0000B615360136170470080004000900040EC
:104AF0000449054BC1F844054FF08862C3F804250A
:104B0000704700BF0080004000F00140014BD3F827
:104B10004405704700800040014B1860704700BF9B
:104B200048460020014B1868704700BF48460020E7
:104B3000024B4FF00062C3F80425704700F00140BB
:104B4000014BD3F84805704700800040014BD3F873
:104B500048057047008000401C4B30B40024C3F867
:104B6000004502294FF00204C3F80045044626D050
:104B700003F580334FF00071154DC3F80415134B46
:104B80001448C3F804550021C3F80845124CC3F873
:104B90000C05C3F81025C3F81445C3F80012C3F878
:104BA0000011D3F80021C3F80411D3F80421C3F88D
:104BB00008110122D3F808111A6030BC7047074B66
:104BC000074D4FF00071C3F80415D8E700F000401E
:104BD000010000014C4600203C45002000F001404F
:104BE0000100010110B4134B002204460220C3F857
:104BF0000025C3F800051048C3F80405C3F80845AC
:104C00000E48C3F80C150E4CC3F810050121C3F86B
:104C10001445C3F80012C3F80021D3F80041C3F8CB
:104C20000421D3F80441C3F80821D3F808211960FE
:104C300010BC704700F00040000001014C4600200D
:104C40003C45002038B5114C0223C4F80433D4F895
:104C5000043163B92025EFF3118085F31288BFF387
:104C60006F8F0AF0C0FAD4F80431002BF3D0074B51
:104C7000074A02204FF40041C3F80803C2F880112C
:104C8000D3F80801B0FA80F0400938BD00F00040C8
:104C900000E100E0034BD3F80004003818BF012006
:104CA000704700BF00F00040034B012100229960D3
:104CB000C3F80025704700BF00F00040F0B4194A67
:104CC000194BD2F80455194E0024013D0327C3F8AF
:104CD0000075C3F80405C3F80815C3F81055C3F8E8
:104CE0001465C3F80041D3F80011C3F80441D3F8A8
:104CF0000411C3F808414021D3F80831C2F8601507
:104D0000D2F800320A4943F04003C2F80032C2F838
:104D100028414FF40003D2F82821C1F80435F0BC33
:104D2000704700BF0010004000F0004038450020F0
:104D300000F00140014BD3F80004704700F0004040
:104D400010B4084A084C09490023C2F828314FF42E
:104D50000000D2F82821C4F80035C1F8080510BCBD
:104D6000704700BF0010004000F0004000F001401C
:104D700038B5164BD3F828312BB3154C0123C4F8A2
:104D80000433D4F8003163B92025EFF3118085F3A3
:104D90001288BFF36F8F0AF026FAD4F80031002B87
:104DA000F3D00B4B0B4A01204FF40041C3F808032A
:104DB000C2F88011D3F804212AB1D3F80801B0FA5F
:104DC00080F0400938BD002038BD00BF0010004011
:104DD00000F0004000E100E00139012905D80B2076
:104DE0000AB1E9F795BDE9F7A1BD00DE704700BF44
:104DF00029B10139012905D80B20E9F7ABBD1820ED
:104E0000E9F7A8BD00DE0020704700BF88420FD040
:104E1000012807D002280DD1A1F10100B0FA80F0DD
:104E200040097047A1F10200B0FA80F040097047D4
:104E30000120704700207047012904D0022902D0C8
:104E400039B100DE7047064B4FF40062C3F8002111
:104E50007047034B4FF08072C3F80021704700BFCA
:104E600000E100E008B510F053FC08BD032803D8AA
:104E7000054B185C28B1704700DE034B185C002816
:104E8000F9D100DE704700BF6C760500013810B420
:104E90001C46042806D8DFE800F008111A23030096
:104EA00004292FD000DE10BC70470429FAD1194B19
:104EB0009C6010BC02210020F3F7ECBE0329F1D165
:104EC000154B01219C6010BC0846F3F7E3BE042992
:104ED000E8D1124B9C6010BC02210120F3F7DABE2E
:104EE000032908D00429DDD10D4B02219C6010BCA0
:104EF0000846F3F7CFBE0B4B9C6010BC012102208B
:104F0000F3F7C8BE084B9C6010BC02210320F3F7E6
:104F1000C1BE00BF4C0600203C0600202C0600202D
:104F20000C0600201C060020FC0500200146002085
:104F3000FFF792BA124B30B40121044600205960A9
:104F4000C3F80445C3F80001C3F80401196005E083
:104F5000D3F8042132B9D3F804251AB1D3F80021CB
:104F6000002AF5D05960D3F80421002AE7D1D3F8FC
:104F70000455002DE3D0C3F8042530BC704700BFB2
:104F800000E0004070B5114C0126D4F8045566606D
:104F90000E20E9F7CBFCD4F8040140B10021C4F89D
:104FA0000411D5E90E323046BDE870401847D4F8F8
:104FB000003143B1C4F80001D5E90E3205F12001FA
:104FC000BDE87040184700DE70BD00BF00E0004043
:104FD00070B58CB00E4615460146102268461C4638
:104FE000F3F7BAFD10220DEB02003146F3F7B4FDE2
:104FF0006846FFF79FFF25B1102208A92846F3F75E
:10500000ABFD2CB108AD0FCD20606160A260E36004
:105010000CB070BDF8B50369BFF35B8F03F1A00559
:10502000D3F8A030BFF35B8FC3F38003994200AF86
:105030000C4617D1174A184B6E4688B0002908BF96
:1050400013466A461549C2E905134FF4007393836A
:10505000134B42F8103F134800234FF4E451E8F794
:10506000E1FDB546BFF35B8F5CB155E8003F43F00F
:10507000040345E80032002AF7D1BFF35B8FBD4639
:10508000F8BD55E8003F23F0040345E80032002A4C
:10509000F3D0F6E749AF050010B1050050AF0500A9
:1050A000030000011C6705002DE9F0470546D0F814
:1050B00008A0894690461F460DF023FF0446D0B154
:1050C000067FF3070AD590F820301848184A0121C6
:1050D00009F093FF6FF07700BDE8F0873B4642464A
:1050E00049460DF0C8FE48B994F82030114A0F48DF
:1050F000012109F082FF6FF01200EDE79DF82030EA
:1051000084F8218026F00606678484F82430267708
:10511000DAF81830214628469847227FB0FA80F303
:105120005B0963F300022277D6E700BF1C67050026
:1051300062AF05007CAF050070B5054686680DF0CE
:10514000E0FE0446D8B1037FDB0709D490F8203095
:105150000C480D4A012109F050FF6FF0770070BD37
:105160000146F3692846984738B1237F03F00103CD
:10517000227F63F300022277F1E70346F8E76FF03E
:105180001200ECE71C6705009EAF0500F8B58768C4
:105190000546FB6B0C46984728690DF0A0FED8B178
:1051A000214628460DF0ADFE0646C0B1037F9B07A1
:1051B00006D090F820300B4A0B48032109F01DFF60
:1051C000346824B1BB6831462846984704462846CF
:1051D0003B6C98472046F8BD4FF0FF34F7E76FF07F
:1051E0001204F4E7B9AF05001C6705002DE9F3418F
:1051F000D0F808801746D8F83C3005460E46984748
:105200000C48002200233946E9F7B8FE044670B97D
:10521000094A0A4800963B46012109F0F8FE284653
:10522000D8F840309847204602B0BDE8F0810676B5
:10523000F5E700BFD00A0020DAAF05001C670500C3
:105240002DE9F8430E460C7E497E0569C907D5F85D
:105250008020D5F8A43000AF3ED5002C4BD1F268A9
:10526000B2F806800BB32E4A2E48032109F0C5FE82
:10527000D5F8A430012B15D1E94688B0D5F8A8306F
:105280006A462949C2E90513032342F8103F25481D
:1052900023464FF4C651E8F7C5FCCD46D5F8A80023
:1052A000E9F7EAFE0023C5F8A430C5F8A860B8F114
:1052B000000F2ED0F3681C78E4090134D5F8A4302F
:1052C0009C4204D1194A1748022109F08DFEC5F805
:1052D000A440BD46BDE8F8836CB9012B1BD0042B5C
:1052E00014D1338A002BE9D0114A02210D4809F06C
:1052F0007BFE0624E2E7052B0FD0022B04D182F0BF
:10530000040202F00404D9E7032B06D0094A012164
:10531000ECE70324D2E70524D0E70024CEE700BF62
:1053200004B005001C6705001EB0050062B0050052
:1053300035B0050042B005004FF08053D3F830215E
:10534000082A06D1D3F83431052B04D8034AD05C9F
:105350007047002070470120704700BF03B205006E
:1053600010F0080F0B4B42B20CD100F00F00002AD6
:105370004FF0140202FB0033B4BFD3F80806D3F891
:1053800008077047002AB4BFD3F8A806D3F8A807C7
:10539000704700BF00700240F8B50246EFF3118578
:1053A000202383F31288BFF36F8F00F008070EF0FD
:1053B00095F80126864012F07F0F1E4B6FEA060417
:1053C00032D057B11A6822401A601B4BC3F86C6484
:1053D00085F31188BFF36F8FF8BD184F396821FA34
:1053E00000F0C0070AD419682140196014490B68FD
:1053F000120654BF234033430B60E6E72140396077
:1054000051B2C94322F08000C90F00F2DA3009011D
:1054100001EB40010848C0F80018D0F8041841F02A
:105420000201C0F80418DEE7196821401960002F56
:10543000CBD1DBE7E048002000700240DC480020D0
:10544000E4480020EFF31180202383F31288BFF398
:105450006F8F0A4BD3F8001C032261B949F27531F2
:10546000C3F8001CC3F8142DC3F8001C80F3118886
:10547000BFF36F8F7047C3F8142DF7E700E00640C5
:10548000EFF31180202383F31288BFF36F8F0A4B51
:10549000D3F8001C61B949F27532C3F8002CC3F887
:1054A000141DC3F8002C80F31188BFF36F8F704771
:1054B0000022C3F8142DF6E700E0064070B502465E
:1054C0000EF00CF8EFF31185202383F31288BFF35D
:1054D0006F8F531E0124062B04FA00F40FD80E4ED2
:1054E0000E4B31681B680B43C34013F0010306D118
:1054F0000B4802F59472214340F822303160094A8A
:10550000136823431360084B8022C3F8042185F3FA
:105510001188BFF36F8F70BDDC480020E448002085
:1055200000700240E048002000E100E0F8B503060A
:10553000044623D410F0080720D100F00F02920097
:1055400002F1804202F51C32D2F84434B3B1EFF3D9
:105550001186202383F31288BFF36F8F0DF0BEFFF7
:10556000084DC2F8A074012303FA00F12B6823EA66
:1055700001032B6086F31188BFF36F8F024BC3F8D2
:105580001845F8BDE44800200070024008B591F8C5
:105590002030012203F00F0013F0800F02FA00F216
:1055A000134B14D0D3F8100510421AD091F82030C4
:1055B0001A070AD40E4AC2F80C3543F48073C2F8B5
:1055C0000C3591F82000FFF7B1FF002008BDD3F89B
:1055D00014051042EAD1D3F814050243C3F8142588
:1055E000E4E7D3F810050243C3F81025DEE700BF57
:1055F0000070024091F82030054A13F07F0F0BBF76
:10560000012343F480735365C2F8183500207047B6
:105610000070024038B504460D460DF051FFA8B1A8
:10562000294620460DF037FF20460DF042FF10B10D
:105630002846E9F721FD29462046FFF701FE064BE3
:105640001B7813B9054B01221A6538BD20460DF0B1
:105650003EFF0028E4D1E7E70E580020007002402A
:1056600008B5054A054803210DF06CFF0EF0B9FBA3
:1056700002F0AAFF002008BD79B0050024670500EC
:1056800038B545682C4654F8040B01F0FDF80B4B77
:105690000022186001212720E9F76AF9204602F06C
:1056A00059FF05F1080002F09BFF0EF093FB044A3E
:1056B000044803210DF046FF002038BD9848002023
:1056C00082B00500246705000146014810F0BABA0F
:1056D0007809002008B5054B1970054B1B7813B1EC
:1056E0000420FFF7F1FF002008BD00BF0C58002088
:1056F0000D5800202DE9F04F514AD0F81080064691
:1057000089B0504803210DF01DFF4F4B1E6008F17A
:1057100084000FF0D7FD00220023CDE906230024EA
:105720006FF00703CDE90334CDE90144474B484905
:1057300000964FF40072474805F08CFD464F4749EC
:105740004448DFF81CB10FF0E9FFBA69454B13403C
:1057500043F4820343F04003BB61B9464FF0280A8B
:1057600087F82040394630460DF0DDFB3E4A0546BD
:1057700078B13E4A334801210DF0E4FE284609B0D5
:10578000BDE8F08F8B690BEA030313438B61283765
:10579000E6E70134092C10D00AFB0491082C8B7E1B
:1057A00043F040038B76EDD1D9F858313049194098
:1057B000304B0B43C9F85831E9E72F4C2F4BA26906
:1057C000DFF8ACA0DFF8ACB0134043F4041343F0AF
:1057D0004003A3610746A14667F07F0384F82030A9
:1057E000214630460DF09FFB1D4A05460028C0D1DA
:1057F0000137092F1AD0282101FB0791082F8B7E32
:1058000043F020038B7608D1D9F858310AEA030314
:1058100043EA0B03C9F8583106E08B69134043F49F
:10582000C02343F040038B612834D5E798F88030DB
:1058300023F0760343F0760388F880309EE700BFBC
:105840008EB0050024670500E8480020195A0400BE
:10585000008D0020C8200020544A002096B005008A
:105860000000F9FF0000BEFF400006009FB00500E9
:105870000000F7FFFF010800EC4800200000DEFFF9
:1058800038B50D462846114614460DF080FB95F8B4
:105890002000802809D1238A3BB9637E5B0704D5A9
:1058A0004020FFF711FF002038BD0DF017FE014624
:1058B00002480DF055FE0120F3E700BFC04B002069
:1058C00008B5074A91F82030C2F80C3543F48073CC
:1058D000C2F80C3591F82000FFF728FE002008BD23
:1058E0000070024010B591F820404FF0FF324FF0A9
:1058F000FF33124805F0A2F92046FFF74DFD04F0F2
:105900000F02012393400E4A14F0800F14BFD2F807
:105910001015D2F814156FEA030315BF0B400B40A6
:10592000C2F81035C2F81435044805F04DF9054B9E
:105930008022C3F80421002010BD00BF0009002010
:105940000070024000E100E00346024A02480121E3
:1059500009F053BBBBB0050024670500012810B552
:10596000014602D0022807D0A0B90C4BBDE8104078
:10597000186800220DF01DBB094B0A4C00221A705A
:10598000094BC4F800332720E8F7C2FF0123C4F80D
:10599000043510BDBDE81040FFF7D6BFE848002031
:1059A0000B58002000700240FDFFDF0170B5054676
:1059B00091F820600C464FF0FF324FF0FF33124851
:1059C00005F03CF93046FFF7E7FC0F4805F0FCF81E
:1059D0000E4B8022C3F8042120460DF0BFFA014689
:1059E00050B16FF0700228460DF0EFFA204600210A
:1059F0000DF094FA002070BD94F82030044A054858
:105A0000032109F0FAFAF1E70009002000E100E0C3
:105A1000D2B00500246705002DE9F04FC74FC84DEF
:105A200085B004464FF0FF384FF0FF390022CDE932
:105A300000894FF0FF31384610F00BF94FF0FF317D
:105A4000384610F002F910F0080F824633D0BD4AF4
:105A5000BD4803210DF076FDBC4842464B4605F09B
:105A6000EDF8EFF31182202383F31288BFF36F8FD9
:105A7000B74B1B787BB1D5F8003413F400730AD10F
:105A80000121C5F82C15D5F82C15D5F80014890579
:105A900048BFC5F82C3582F31188BFF36F8FAB4830
:105AA00005F092F801212046FFF7B4FA0022032105
:105AB00020460DF07EFA1AF0100F0DD0A54AA2482C
:105AC00003210DF03FFD00212046FFF7A3FA00223D
:105AD000022120460DF06DFA1AF0200F0DD09E4ADB
:105AE000994803210DF02EFD00212046FFF792FA80
:105AF0000022022120460DF05CFA1AF0020F52D16A
:105B00001AF0010F10D0BFF35B8F944B002253E8C3
:105B1000006F43E800210029F9D1BFF35B8F4FF0FC
:105B20000108002E40F0B4801AF0400F0AD0802106
:105B300020460DF0E6F90DF00DFA014610B12046B1
:105B4000FFF768FD1AF0040F3FF46CAF0021204608
:105B50000DF0D7F98021804620460DF0D2F9064697
:105B600040460DF0FBF908B1E9F786FA30460DF032
:105B7000F5F908B1E9F780FA002140460DF0CEF9B9
:105B8000304600210DF0CAF90822002120460DF010
:105B900042FB0646002840F09280714A6A48012183
:105BA0000DF0D0FC3EE76F4BBFF35B8F002253E854
:105BB000008F43E800210029F9D1BFF35B8F4FF03C
:105BC0000109B8F1000F9BD098FAA8FBBBFA8BFB38
:105BD00009FA0BF3BBF10F0F28EA030816DDABF14E
:105BE0001006F6B2314620460DF08BF902900DF00A
:105BF000B1F9834698BB5C4A53483346012109F00A
:105C0000FCF9314620460DF087FCDAE74BF08006C0
:105C1000314620460DF075F902900DF09BF950B910
:105C2000524A49483346012109F0E7F931462046F6
:105C30000DF05CFCC5E70390002102980DF06EF9B1
:105C4000039BBBF1000F04D119462046FFF7E2FC8D
:105C5000ECE70022194620460DF0B7F9E6E7029876
:105C600000210DF05BF96EB920465946FFF7E8FABE
:105C700020460DF025FC0028C3D0594620460DF0E3
:105C80009FFBBEE70022594620460DF09EF9B8E77B
:105C900096FAA6F3B3FA83F308FA03F20F2B26EA77
:105CA000020606DDA3F11001C9B220460DF034FC56
:105CB00037E743F0800120460DF018FC31E70DF086
:105CC00068F9D5F88014F368C9B21970D5F884243E
:105CD000D2B25A70D5F88804D5F88CC440EA0C20AA
:105CE00058801FFA80FED5F89004D5F894C440EA95
:105CF0000C209880D5F89804D5F89CC440EA0C2074
:105D00001FFA80FCD8801A4809B9052A0DD0DFF89F
:105D100064C000220270D5F870149CF800C08C4555
:105D200034D1154B00221A7040E001220270BCF100
:105D3000000F23D03046E9F79FF973E67809002079
:105D400000700240EBB00500246705000009002048
:105D50000B58002002B1050018B10500C04B00200F
:105D60004DB10500BC4B002030B10500D2B005009C
:105D70000E5800200C5800200D5800200EF07F0215
:105D80005A8083F804C083F805C0CAE7DFF8A0C0D2
:105D90001A7001218CF80010017005215970D5F896
:105DA000701459801A715A719A71DA71082106F1CA
:105DB0000C0009F0BAFA20463146FFF741FA2046B6
:105DC0000DF070FB20B31B4B4FF0000883F80080F0
:105DD000F36841462046B3F806A00DF092F841461C
:105DE0008146524620460DF016FA014648B1484613
:105DF0000DF0CDF8414620460DF08EFB0123EB64FB
:105E000010E66FF00B02314620460DF0DEF809E691
:105E100020460DF04EFB30B1064B802220461A7012
:105E20000DF0F4FAFEE520460DF016FBFAE500BF92
:105E30000D5800200A5800204FF08053D3F830311D
:105E4000082B02BF024B0022C3F81C2C704700BF76
:105E5000007002402DE9F04105464FF0FF324FF04F
:105E6000FF33414804F0EAFE404B8022C3F884210E
:105E70002720E8F76FFDA8B13D4F3E4B3C681B68FB
:105E8000240C24041C434FF00108002C37D13A4E57
:105E900040F2FF133B602720C6F80445E8F746FDB3
:105EA000C6F80043354A13788BB1334B0021C3F851
:105EB00008110121C3F80026C3F804165960D3F86D
:105EC00008110029FBD00021C3F8081111702A4BDA
:105ED0000024C3F80045FFF7AFFF234804F074FE29
:105EE00021462846FFF728F9F0B1254A2548012127
:105EF0000DF028FB6FF004052846BDE8F08194FA08
:105F0000A4F6B6FA86F60F2E3346C6BFA6F11003E6
:105F1000D8B243F08000030701D4FFF73DFA08FA36
:105F200006F624EA0604B0E728468021FFF704F9C4
:105F300005460028D9D1144B14491E68304608F094
:105F4000A5FB10F1780F044603D1304608F07AFB28
:105F50000446002CD0DA0E4A0A482346012109F0F3
:105F60004CF82546C8E700BF0009002000E100E02A
:105F7000E4480020E048002000700240085800205B
:105F80006AB1050024670500984800208848002071
:105F90008DB105002DE9F04F414BDFF80881D3F8B2
:105FA000542187B0C2B10022C3F85421D3F804238E
:105FB000910211D5D3F8C034002BD8F8003014BFAB
:105FC0004FF001224FF480721343374AC8F8003073
:105FD000136823F001231360314BD3F8604134B1CF
:105FE0000022C3F86021D3F86C44C3F86C44D3F8A2
:105FF00028214AB10022C3F828212C4B18780DF033
:106000006DFA012383401C43294B1D7893F900103E
:106010002B0732D40029B4BF264B274B05F00F02C3
:10602000920013441A68002A5BD000221A602846A6
:10603000FFF796F9214B1A7800F0010050401870D4
:10604000FFF7FAFE1E4B28461A680DF047FAC240C9
:10605000D70706463CD4002916DA882D06D101461A
:1060600018480DF07DFA0220FFF72EFB0E4A01239F
:106070001168B3400B43136030E0134B134A13EA2B
:10608000210338BF1346CDE701460E480DF068FAEC
:106090000220FFF719FB013D062DE7D91EE000BFE6
:1060A00000700240E4480020DC4800200A5800202C
:1060B0000958002008710240307102400858002041
:1060C000E0480020BC4B00202C710240507102407F
:1060D000002D40F0FF80B64B0122DA64B54804F091
:1060E00073FD9CB1D8F80030B34AB44FDFF8D092BA
:1060F00024F001210B43C8F80030136823EA0103A0
:106100001360A4B20126002C40F0E880A84BD3F81D
:1061100000217AB10024C3F80041AA4BAA4AAB4837
:106120001C7003210DF00EFAA44B224618680421BE
:106130000CF03FFF9E4BD3F858212AB30022C3F83E
:106140005821D3F80044C3F80044E00505D59D4B21
:10615000012208201A70FFF7B7FAA10505D5994B5F
:10616000002210201A70FFF7AFFA62050CD5954B8C
:106170001A784AB100221A708D4B0122C3F8082503
:1061800020209A65FFF7A0FA894B914CD3F85C3137
:10619000F3B1884B9B681BB98E4B1B785B0617D0FD
:1061A000834B0022C3F85C212368834A23F0011348
:1061B0002360D8F8003023F4803343F00103C8F89B
:1061C00000301368042023F001131360FFF77CFAFA
:1061D0002568D8F800301D4079D0754BD3F82C4590
:1061E000002C74D173480022002304F027FD0028FE
:1061F0006DD115F0012314BF93FAA3F595FAA5F517
:10620000B5FA85F50F2D88BFA5F110096B4B8CBF32
:106210005FFA89F945F08009186849460CF071FE6B
:1062200003900CF0B2FE4FFA89F3049309F00803CF
:1062300005934FFA89F3002B064609F00F0A80F206
:106240008C80039B048A5B8CC768C3F30A039C425F
:1062500007F0604B73D9BBF1005F1C4605D039468F
:106260005D485D4F1A460FF0FEFC4FF08053012150
:10627000D3F83031082B02BF4D4B8222C3F81C2CBF
:10628000D8F80030059A01FA05F523EA0503C8F8A5
:106290000030504B83F80090454B002A40F0B2800C
:1062A000049A002A4FF0140202FB0A32A9BF0AF135
:1062B0000A0A03EB8A03C2F80077C2F80447AFBFAB
:1062C00043F82A10C2F80076C2F80446596007B0B5
:1062D000BDE8F08F0029BFF6DEAEC7E694FAA4F55C
:1062E000B5FA85F506FA05F345F0800529463868C4
:1062F00024EA03040CF005FE0CF047FE8246284613
:10630000FFF72EF801460AF10C0009F047F8BAF839
:106310001030002B7FF4F7AE50460CF041FE18B160
:1063200050460CF041FEEEE628460DF0D7F8014647
:1063300048460DF015F90220FFF7C6F9E3E60CF028
:106340002FFEBBF1005F064605D039462248224F9A
:1063500022460FF088FC1EB387E7038A56F80C7FAD
:1063600009F008021F44124B002A37D0D3F8C0B4FA
:106370001BF4803F36D0304609F034F84FF0000B64
:106380002146304608F0D1FF039B5A8CC2F30A0223
:106390005A4505D1304609F025F800287FF465AF4D
:1063A0000B4901220B68AA4023EA02030B605CE759
:1063B0000070024000090020DC480020E84800206E
:1063C000BC4B00200B580020A4B105002467050039
:1063D000E0480020095800209C4800200AF59472EB
:1063E00053F822B0304608F0FDFF5845044607D266
:1063F0000C4A00905B460C48012108F008FEBFE7FC
:106400005C46BDE7049A002AB5BFC3F8A076C3F87E
:10641000A077C3F8A446C3F8A447B4BF59629964EF
:1064200055E700BFAAB1050024670500EFF311830B
:10643000202282F31288BFF36F8F174A12781AB3A3
:10644000164AD2F82C15F9B10021C2F82C154FF0DC
:106450008052D2F83021082A05D083F31188BFF387
:106460006F8F002070470E4AD2F8000CC02140B94F
:1064700049F27530C2F8000CC2F8141CC2F8000CC6
:10648000EBE7C2F8141CE8E783F31188BFF36F8FC2
:106490006FF00A00704700BF0B58002000700240E8
:1064A00000E0064073B500220092114640230446E6
:1064B000FEF7FAFD024648B1604A614801210DF03D
:1064C00041F86FF00404204602B070BD00904023F4
:1064D00020468021FEF7E8FD04460028ECD159490A
:1064E000594B4860C860012618688E6008F053F860
:1064F000051E07DA554A52482B46314608F07DFD05
:106500002C46E0E7EFF31185202383F31288BFF3D5
:106510006F8F4F4B4FF40062C3F80024FEF70CFF5F
:1065200008B1FEF78FFF4FF08053D3F83031082BBE
:1065300018D1EFF31180202383F31288BFF36F8FFC
:10654000444BD3F8001CC022002970D149F27531A8
:10655000C3F8001CC3F8142CC3F8001C80F3118886
:10656000BFF36F8F3A4B0122C3F80025D3F8002404
:106570001205FBD54FF40062C3F800244FF080539E
:10658000D3F83031082B17D1EFF31180202383F398
:106590001288BFF36F8F2F4BD3F8001C002949D10D
:1065A00049F27532C3F8002CC3F8141CC3F8002C50
:1065B00080F31188BFF36F8FFEF7BEFE30B1FEF798
:1065C0005FFFFEF7B9FE08B1FEF73CFF4FF08053C6
:1065D000D3F83031082B1E4B0AD140F2E372C3F8D6
:1065E00000284022C3F80428BFF36F8FBFF34F8FFA
:1065F0008022C3F81C250122C3F83025164B40F237
:10660000FF121A60154B00211960154B1960154BCC
:106610001970FFF711FC144B1970FEF78DFE08B1CD
:10662000FEF72EFF85F31188BFF36F8F4BE7C3F89A
:10663000142C93E70022C3F8142CB9E7C9B1050064
:10664000246705008848002098480020EBB1050029
:106650000070024000E00640E4480020E0480020CE
:10666000DC480020085800200A580020084B70B56C
:10667000C31A0D4607499B10044659430648402259
:106680000CF08AFF2B4601462046BDE870401847B3
:10669000D84B0020B76DDBB64C61050073B50C4CD0
:1066A0000C4A4023041B00930D460B460A49A410D4
:1066B0006143064609480CF09AFF011E05DA304690
:1066C0002B4602B0BDE87040184702B070BD00BF55
:1066D000D84B002057360500B76DDBB64C6105007E
:1066E00010B5EFF31184202383F31288BFF36F8F6B
:1066F000074A136823F00201DB07116002D401206E
:106700000DF0DAFA84F31188BFF36F8F10BD00BF6C
:10671000284C0020002270B5012104461046E8F7FD
:1067200027F90F4801F080FA0E4B984215D101F07D
:106730008BFA26690C49304607F01AFF00280BDB5C
:10674000012535642469084904F11C0007F010FF95
:10675000002801DBE564002070BD6FF00400FBE75A
:106760006D6804000000AD0BDC7605007FB50022EB
:106770000123CDE9022304ABCDE90433094ACDF866
:1067800000D06B46CDF804D00CF05EFF002805DB8E
:106790004FF480420023684604F050FA07B05DF8D9
:1067A00004FB00BF7536050030B4104B0C2202FB11
:1067B000003301460020D3E90E529863EFF31180B5
:1067C000202484F31288BFF36F8F1C6C04F0C00484
:1067D00044F002041C6480F31188BFF36F8F1DB175
:1067E0002B46034830BC184730BC7047D84B0020BC
:1067F0004C61050010B4EFF31182202383F312885B
:10680000BFF36F8F1748016841F002040460C807A6
:1068100007D482F31188BFF36F8F012010BC01F001
:106820002BBA4FF08041D1F80C04D1F80C14C907F1
:10683000EFD5EFF3118083F31288BFF36F8F0A490E
:106840000B6C03F0C00343F002030B6480F3118868
:10685000BFF36F8F82F31188BFF36F8F002010BCDE
:10686000FFF7A2BF284C0020D84B002010B1012810
:1068700004D07047034B1B6C5B0701D1FFF794BF3B
:10688000704700BFD84B0020024AC3B21C2003FB54
:1068900000207047D84B0020094BBFF35B8F53E8B3
:1068A000002F42F0010143E800100028F7D1BFF3A8
:1068B0005B8F930702D4012001F0DEB9704700BF5F
:1068C000284C002010B5EFF31184202383F31288A5
:1068D000BFF36F8F074A136823F001019B07116014
:1068E00002D401200DF0E8F984F31188BFF36F8F13
:1068F00010BD00BF284C00202DE9F0413849BFF3FE
:106900005B8F0746012251E8003F41E80020002844
:10691000F9D1BFF35B8F33B9324933484B60CB6059
:106920008A6007F038FE7B1E012B2BD8012F07D180
:106930004FF08043D3F81C3403F00303012B21D024
:106940000EF0E6FE0546F8B9284B1B78E3B14FF090
:1069500080430222C3F808230646DFF894804FF0F4
:106960008044D4F81824D4F81834D20315D503F091
:106970000303012B01D0012F0FD155B386F31188EA
:10698000BFF36F8FBDE8F081EFF31186202383F30F
:106990001288BFF36F8F0125DFE7ADB1304608F0F5
:1069A00022FCD4F81835002BDBD1D4F80421002ABE
:1069B000D7D0C4F80431D4F804310123C4F8183511
:1069C000C8F88031A360CCE7002121200EF05EFFE3
:1069D000E7E74FF080430222C3F80423D2E700BF69
:1069E000D44B0020C44B0020F44B0020335800202F
:1069F00000E100E008B507480EF072FB38B1064828
:106A0000E8F706FA0448E6F711F8002008BD6FF031
:106A10001200FBE7AC6105001D6A04000A2838B5C6
:106A2000074D044604D1AB680D215B6828469847A2
:106A3000AB6803485B68E1B29847204638BD00BFA9
:106A4000AC610500EFF31182202383F31288BFF3BA
:106A50006F8F0A4BD3F8001161B10021D3F80805FC
:106A6000C3F80011D3F80031C0B282F31188BFF32C
:106A70006F8F70476FF00A00F7E700BF00D000404B
:106A8000F0B5034610469C7893F803C0EFF31182EB
:106A9000202585F31288BFF36F8F1F7893F801E0EC
:106AA000E41B04EA0C04A04288BFA0B23E180CEA22
:106AB00006063D461E7082F31188BFF36F8F0A18D9
:106AC0008A4216D177450CD1EFF31182202181F350
:106AD0001288BFF36F8F1978597082F31188BFF352
:106AE0006F8F1B79241AA34222BF064B01221A6022
:106AF000F0BD5E190135767901F8016B05EA0C05E8
:106B0000DEE700BF00D00040DB432DE9F04713F083
:106B100001050E46144604D02248FFF7B1FFBDE838
:106B2000F0879AB3EFF31188202383F31288BFF321
:106B30006F8F0D20E7F70EFF07460D20E7F7F6FEF3
:106B400088F31188BFF36F8FDFF85CA0DFF85C80FB
:106B5000CAF80051DAF800314FF400590123CAF89D
:106B600000302546C8F88091DAF8003183B1FFF78C
:106B700069FF031EC8F88091F6DB013DADB2735585
:106B8000002DF1D117B10D20E7F7C2FE2046C6E770
:106B9000EFF31180202383F31288BFF36F8F08F087
:106BA00022FBE1E75C4C002000D0004000E100E067
:106BB0002DE9F041124F0D46144607F1450814B96E
:106BC0002046BDE8F0814FF0FF334FF0FF323846EA
:106BD00004F034F8224629464046FFF751FF0646A6
:106BE000384603F0F1FF3EB94FF0FF324FF0FF336C
:106BF000044804F023F8E6E7A41BA4B23544DEE71A
:106C00002C4C0020444C002038B5194C0122114670
:106C100020460EF040FC0122002104F118000EF085
:106C20003AFC40F20743A4F848304FF07063236306
:106C30000C2384F8343000250E4B84F84550A4F81A
:106C40004650D3F8042542F00102C3F8042501217F
:106C5000C3F80051D3F80021C3F804132A46196081
:106C60000D20E7F785FE0D20E7F752FE284638BDD8
:106C70002C4C002000D0004010B5FFF7E3FE0028A8
:106C800020DB174B93F8322093F8314093F8331000
:106C9000141B31EA0404C0B20DD193F8472093F8D5
:106CA000464093F84810141B31EA04040BD10D4BF5
:106CB00001225A600EE09C180132114084F8350020
:106CC00083F8321010BD9C180132114084F84A003C
:106CD00083F847100448BDE8104003F075BF00BFBB
:106CE0002C4C002000D00040444C0020F0B516464B
:106CF0004268107B01F01F0444EA4014106987B019
:106D0000002872D0B6F5001F02F1100506D1214609
:106D100028460DF051F8002007B0F0BD01A800276B
:106D2000B6F5800F0197476039D1B3F1007F14BFEA
:106D3000052304238DF804300023CDE904030393D5
:106D4000936823FA01F111F001010DF103073ED11F
:106D5000B6F1A07F3BD104F01F03620903F5E07395
:106D600028D0012A47D1254A52F82330DB072ED4F8
:106D70003A462146284601F069FA214B98421CD038
:106D8000029703AA2146284601F020F91D4B98429C
:106D90002ED101222146284601F0B0FABBE7B3F11B
:106DA000C06F05D0B3F1007F14BF01230223C1E7F8
:106DB0000323BFE74FF0A042D6E73946284601F04B
:106DC00095FA104B9842DBD06FF00B00A4E73A46DF
:106DD0002146284601F03AFA0A4B9842D1D19DF853
:106DE0000310284601F07AFACBE76FF0850093E7AD
:106DF0006FF0150090E751F82330FFDE00030050DC
:106E00000400AD0B0000AD0B420970B5034602D083
:106E1000012A17D070BD0D4E326951680029F9D092
:106E200003F01F0301250C689D400029F2D08A68F9
:106E30002A4002D04B68304698472CB1236821463F
:106E40001C46F2E7024EE7E72346F8E78C610500AF
:106E50006C61050038B545682B69B3B1103528461B
:106E600001F032FA044680B90146284601F008FADA
:106E7000084B98420BD108492246284601F0E0F918
:106E8000224605210620E7F773FD002038BD6FF08C
:106E90000400FBE70000AD0B096E04002DE9F04390
:106EA000466840F20635D006337B87B002EA050516
:106EB00054BFC2F34010032001F01F07B5F5837FD4
:106EC000144647EA43178DF8030045D00FD8062D26
:106ED00018D007D8B5B1022D40D06FF0150007B01B
:106EE000BDE8F083B5F5807FF7D101250AE040F2D7
:106EF0000222954234D0B5F5407F33D0B5F5007FFE
:106F0000EBD102250123220303FA01F12CD573688A
:106F1000C3F80815326982BB07F01F037F0929D027
:106F2000012F77D13E4A02EB830284F48033D2F8FA
:106F30000017C3F30043C4F3404444EA430421F47C
:106F4000E16144EA800421F0070144EA05230B4390
:106F5000C2F800370020C2E70725D3E70425D1E7B0
:106F60000525CFE70325CDE7630344BF7368C3F866
:106F70000C15CFE74FF0A042D5E710360DF1020215
:106F80003946304601F062F914F4403F80460CD196
:106F9000394630460CF00EFF224B9845DAD19DF869
:106FA0000210304601F09AF9D4E701AB4FF0000926
:106FB00003AA39463046CDE90439CDE90199CDF827
:106FC0000C9001F003F8174B984286D114F400336B
:106FD00015D09DF803308DF80E3084F48034C4F35E
:106FE00000444B4603AA394630468DF80C508DF8C4
:106FF0000D4001F0A7F80B4B9842CDD06DE7CDE9DD
:10700000043303AA0DF1030339463046039300F01D
:10701000DDFFF0E703F5E07352F82330FFDE00BF39
:10702000000300500000AD0B036803F01F025B0972
:10703000026004D0012B034818BF002070474FF0B6
:10704000A0407047000300502DE9F04FDFF8949105
:10705000DFF894A185B01546834600EB810140F22C
:10706000FF18594503D1002005B0BDE8F08FDBF8CB
:1070700000305E04C3F3C322C3F3080400F1AC8004
:107080001B0E19F80270444508BF4FF0FF34222B45
:1070900000F2A580DFE803F012191F22252B22A39E
:1070A000A3A3A33B68A3A3A3A3A3A3A3A3A36B81AD
:1070B0008487A3A3A38A9194979A9D00C5F80C4551
:1070C000601C5ED10BF1040BCBE7C5F81445621CC4
:1070D000F8D000265FE0C5F80845F1E7C5F810458F
:1070E000F5E7631CC5F80845ECD0002604E0661CF3
:1070F000C5F80C45E6D0012603A80394FFF794FFDA
:10710000039B012202FA03F3C0F80C3508E0C5F82E
:107110000845002FDBD1631CD4D000263246062759
:10712000DBF80030019303F40040002818BF002270
:1071300003A8009218BF01260394FFF775FF039C74
:10714000019B009A00EB8400C3F3412CD0F8004768
:107150003B0243EA8C03134304EA0A04234343EA51
:107160004603C0F80037ADE7C5F80C45D1E7C5F8D0
:107170006045601CDBF80030A4D0C3F30043002B53
:10718000B9D003A80394FFF74FFF039B012606FA2B
:1071900003F3C0F808353246C2E7C5F86445E8E7AE
:1071A000C5F86845E5E7C5F86C45E2E7C5F824454C
:1071B000621C87D000220126B2E7C5F828457FE788
:1071C000C5F83045F4E7C5F83445F1E7C5F838456A
:1071D000EEE7C5F83C4573E76FF0150044E76FF044
:1071E000850041E784B20500F0F8FCFF38B570B1C6
:1071F000074C084A4FF400450021E0FB05410023FD
:107200002046E0F7E9FBBDE838400EF03FBB38BD53
:107210003F420F0040420F00F0B583B0446800AF1A
:1072200005460CF0A6FAA06A002854D00DF058FFCD
:107230000346C0B9A26A6C4688B011686A462748FE
:10724000C2E905014FF400719183254942F8101FEE
:1072500024484FF4E251E6F7E5FC6FF01200A54632
:107260000C37BD46F0BDE38DA06A94F82C1043F4B2
:107270000032D0F810C0D0F808E013F0010F4FF042
:107280000106DCF8003006FA01F614BF3343B343BD
:10729000CCF80030DEF8003098470028E0DBA06A28
:1072A00094F82C4006698368391D5B68984700286C
:1072B00007D0D5DB011E18BF012128460CF0D2FAF9
:1072C000CEE77B6832685A400123A3401A4214BFBC
:1072D00001200020EEE70146EFE700BF8CB2050079
:1072E00003000001FC6605002DE9F04104464768F3
:1072F0000D460EF00DFA88B14FF02008EFF311861D
:10730000314688F31288BFF36F8F60680CF006FC7B
:1073100050BB86F31188BFF36F8FEFE71F4B1B78CD
:10732000002BE9D04FF02008642660680CF0F6FBD3
:1073300070B901200CF0B2FC013EF6D100212120F1
:107340000EF0A4FAF0E786F31188BFF36F8FF5E72C
:10735000EFF31186314688F31288BFF36F8F6068B0
:107360000CF0DCFB0028EED0BB691D706368BA69C5
:107370001B680020C3F844250122C3F84825C3F840
:107380002001D3F82041C3F85801D3F858019A607E
:1073900081F31188BFF36F8FBDE8F081335800206F
:1073A000F8B50022054601210220E7F7E1FA0220A4
:1073B000E7F7AEFA6C680121E0680CF003FC6B683B
:1073C0001A682369C2F82435617D237D0B43A17DB2
:1073D0000B43C2F86C356E68D6E9004313F0010325
:1073E00044D02F6907F10C000CF064FC2C4B984240
:1073F00007D02C482C4A012107F0F6FD6FF004005D
:10740000F8BD387B04F10C0204F590710CF048FCD7
:10741000387B012707FA00F000F09EFB0823C4F830
:107420000035B369C4F844350023C4F84835A76073
:10743000D4F85831002BFBD00021C4F800156D683A
:107440002C68E8680CF0BEFB0823C4F800352A7AE3
:1074500052B9EB69C4F834350123C4F83835C4F89F
:107460001021D4F8102123600020C9E70822C4F8B5
:107470000025B269C4F84425C4F848350123A36047
:10748000D4F82031002BFBD00023C4F82031D4F8ED
:1074900020310123E3604FF48073C4F80433C7E75D
:1074A0000000AD0B14670500D9B2050070B50123CB
:1074B00083400E4ABFF35B8FDC4352E8001F01EAB2
:1074C000040542E80056002EF7D1BFF35B8F4FF45E
:1074D000803282400648C0F80823BFF35F8FBFF3B5
:1074E0006F8F0B4214BF0120002070BDCC4C0020D8
:1074F0000010014070B40E49D1E90034D01AC3180D
:1075000044F1000422F07F46C1E90034A6F50013DF
:10751000B3F5400F09D2074B1B681A0A1B069C19CA
:10752000054B42F10005C3E9004570BC04F052BBB5
:1075300068210020D04C00207021002011B3BFF33F
:107540005B8F0123104A834052E800CF4CEA030CC2
:1075500042E800C10029F7D1BFF35B8F0B4A4FF41B
:1075600080338340C2F80433094BBFF35B8F1B6841
:10757000BFF35B8FC340DB0742BF064B4FF40032C3
:10758000C3F80021704700BFCC4C00200010014020
:10759000C84C002000E100E00D4B1868010A00060D
:1075A000BFF35F8F0B4BD3F80435181841F100017E
:1075B000B3F5801F0AD2084BD3E90023904271EB48
:1075C000030303D210F1807041F10001704700BF46
:1075D000D04C002000100140702100202DE9F04F18
:1075E00085B016461F469DF840A00446FFF75EFF93
:1075F0000190FFF7D1FFB04271EB070354D23E4B2D
:10760000301A67EB0101984271F100014FD23B4BF8
:1076100003EB0413D3E902239F4208BF96425ED0D6
:1076200037494FF4803804F1500508FA04F8AD00EA
:10763000C1F848832046ADB20CF01FFB26F07F4B0B
:1076400005F1804504F5A87305F58835DC464FF053
:1076500003090293029A2CF07F4341F82230C1F8CB
:107660004483D1F80435274A6FF00200C01A604401
:1076700020F07F40904232D9286868B1D1F80435B3
:107680000393A3EB0B0020F07F40B0F5000F26D949
:1076900020460CF0F2FA039BBAF1000F07D109EB78
:1076A000030C09F10109D5E7BAF1000F09D06FF019
:1076B000150520460199FFF741FF284605B0BDE8B2
:1076C000F08F0123104ABFF35B8FA34052E8000FF5
:1076D000184342E800010029F8D1BFF35B8F074946
:1076E0000E98230101EB0412C8500F9B5360C2E9AE
:1076F00002670025DDE700BF01008000582100205F
:1077000000100140FDFF7F00C84C00207FB51C4CDD
:107710001C4BC4F80833C4F848331B4B00254FF00A
:10772000FF304FF0FF31C4F80855C3E902014FF4B0
:107730008033C4F80433154B02264FF40032012184
:10774000C4F804631120C3F880212A46E7F710F932
:107750001120E7F7DDF80E4A0123A36023601360D0
:107760000C4B0D4A0093CDE9015500232846FFF745
:1077700035FF3046FFF7C0F8284604B070BD00BFA3
:107780000010014003000F005821002000E100E03C
:10779000CC4C0020F5740400FFFF7F002DE9F74377
:1077A0002F4CD4F8043399070BD5D4F8043143B1E6
:1077B0002C4A0023C4F80431D4F80431136801338F
:1077C0001360D4F80433DA0329D5BFF35B8F264B5B
:1077D00053E8002F22F0010143E800100028F7D100
:1077E000BFF35B8FD30702D4D4F84031BBB100257F
:1077F000C4F84051D4F84031FFF7CEFEEFF31182C8
:10780000202383F31288BFF36F8F184BD3E90267ED
:10781000B042B94106D282F31188BFF36F8F03B033
:10782000BDE8F0834FF0FF384FF0FF39C3E902891C
:10783000D3E900101D604FF48033C4F84833C4F816
:107840004051D4F8403182F31188BFF36F8F002983
:10785000E5D0009032463B4628468847DFE700BF28
:1078600000100140D04C0020C84C002058210020BE
:1078700030B5431C124C85B005D08442A8BF0446E5
:10788000012CB8BF0124FFF787FE0E4B0C4DD3E946
:107890000013401AB0F5000F10D22218AA4228BFD8
:1078A0002A4652184FF0000007490091CDE9010027
:1078B00043F10003FFF792FE05B030BD2A46F0E722
:1078C000FFFF7F0068210020F574040008B5FFF772
:1078D00063FE024B1B68C01A08BD00BF6821002070
:1078E0004FF08053D3F83021082A06D1D3F8343131
:1078F000052B02D8024AD05C70470020704700BFB9
:107900001CB30500024AD2F80034002BFBD07047AC
:1079100000E0014010B54FF08053D3F83021082A21
:107920004ED14FF080420021C2F80C11C2F8101164
:10793000C2F8381502F54042D3F80414C2F82015F5
:10794000D3F80814C2F82415D3F80C14C2F828157B
:10795000D3F81014C2F82C15D3F81414C2F830154B
:10796000D3F81814C2F83415D3F81C14C2F8401513
:10797000D3F82014C2F84415D3F82414C2F84815DB
:10798000D3F82814C2F84C15D3F82C14C2F85015AB
:10799000D3F83014C2F85415D3F83414C2F8601573
:1079A000D3F83814C2F86415D3F83C14C2F868153B
:1079B000D3F84014C2F86C15D3F84434C2F87035CB
:1079C000FFF78EFF18B13A4B3A4AC3F88C26FFF7FF
:1079D00087FF18B1384BFB22C3F81825FFF780FF4B
:1079E00070B14FF080414FF08053D1F8E42ED3F8BE
:1079F000583222F00F0203F00F031343C1F8E43EA4
:107A0000FFF76EFF20B12D4B4FF40072C3F84026F4
:107A10004FF08053D3F83031082B1AD14FF0804308
:107A2000D3F80024D20744BF6FF00102C3F800244A
:107A30004FF08053D3F83431052B02D8204AD35C61
:107A40003BB14FF01023D3F808224FF08043C3F826
:107A500058254FF01023D3F80022002A03DBD3F877
:107A60000432002B22DA174901234FF01020C1F80D
:107A700004351224FFF746FFC0F80042FFF742FF2B
:107A8000C0F80442FFF73EFF0023C1F80435FFF7BA
:107A900039FFBFF34F8F0C490C4BCA6802F4E06208
:107AA0001343CB60BFF34F8F00BFFDE710BD00BF96
:107AB000005000404881030000F000400090024068
:107AC00016B3050000E0014000ED00E00400FA05F7
:107AD00030B50468CCB1BFF35B8FB4FA84F3C3F163
:107AE0001F03DBB201229A4024EA020250E8005F41
:107AF000A54204D140E8002CBCF1000FF6D1BFF341
:107B00005B8FE6D102480B7030BD0248FCE700BF36
:107B10000000AD0B0200AD0B10B50368CB40DB07D6
:107B200014D401238B400268BFF35B8F43EA020148
:107B300050E8004F944204D140E8001CBCF1000F13
:107B4000F6D1BFF35B8FEED1014810BD0148FCE7D1
:107B50000000AD0B0400AD0B014BC3F804057047EA
:107B600000F00140F7B50546F8B101281BD1042209
:107B70004FF4807301464FF0804003440244C0F844
:107B800008130026012111601E608D421B688DF8CC
:107B9000071008BF0DF1070642F210744FF080473E
:107BA00045B1012D29D003B0F0BD0C224FF48273F2
:107BB0000221E0E7D7F8183403F4803366B9002BCC
:107BC000F1D001200CF06AF8013CF3D1EBE70CF0A6
:107BD00065F8013CE4D1E6E7D7F8182402F0030287
:107BE0003260002BDFD09DF807000128EFD0012D77
:107BF000D9D10C4B00225A71D5E7D7F80C3403F4D5
:107C000080333EB9002BF4D001200CF047F8013C42
:107C1000F3D1C8E7D7F80C2402F001023270002B30
:107C2000E1D1E6E7D44C0020044B1A7922B90122B5
:107C300018609A800248704702487047D44C002070
:107C40000000AD0B0C00AD0B08B5094B1B682BB148
:107C50000020E6F77FFE08B9E6F75AFE4FF08043B2
:107C60000022C3F81825034B01221A7008BD00BF7B
:107C7000D44C00203158002010B510B1012843D059
:107C800010BD4FF08043D3F81814D3F81824C8035C
:107C900021D502F00303012B04D013B10020FFF71C
:107CA00061FF00234FF080420220C2F818350822FD
:107CB0004FF4827303F180430021196002F1804286
:107CC0001C6801241460154A12680AB34FF08043FF
:107CD000C3F80403D4E7D3F81424D107E1D5D3F8CB
:107CE0001C249207DAD40D4A12681AB10222C3F892
:107CF0000423C5E7D3F80421002AFBD00022C3F8EF
:107D00000421D3F80431BBE700224FF48073D1E79C
:107D10001A68002AFCD019601B68B1E7D44C002017
:107D2000F8B54FF080431C4ED3F8044301250027DB
:107D300004B9F8BDB4FA84F0C0F11F00830003F564
:107D400080739BB203F1804305FA00F2196892B286
:107D500024EA02040029EBD01F601B684FF0804327
:107D6000012AC3F8082305D0022A08D03368C0B21C
:107D70009847DDE77379002BDAD17271F6E7D3F813
:107D80001814D3F818148907F0D1C3F81855C3F89C
:107D900004239D60CCE700BFD44C0020036803F0AF
:107DA0001F025B09026004D0012B034818BF0020AA
:107DB00070474FF0A040704700030050034A43094A
:107DC00000F01F00D35C1844C0B2704722B3050016
:107DD00070B50546FFF7F2FF0C4C08300E4634F83C
:107DE0001030DA0508D5C3F3432304EBC302284659
:107DF00054F8333052689847A3682BB1E268314693
:107E00002846BDE87040184770BD00BFDC4C00201C
:107E100008B5FFF7D3FF034B083033F81000400BD1
:107E200008BD00BFDC4C002008B5FFF7C7FF034BBF
:107E3000083033F81000C0F3400008BDDC4C0020CF
:107E400008B5FFF7BBFF034B083033F81000C0F351
:107E5000401008BDDC4C0020034611F0010010B5B5
:107E6000CCB20DD1A207C4F3400012D5094AD2F812
:107E700020055860C2F82005003818BF012008E02E
:107E80004FF0A041D1F820251A60C1F82025002A22
:107E9000E8D010BD0003005010B5FFF78FFF124A65
:107EA000083032F81030D9051CD5C3F3432123F430
:107EB000F85322F8103002F10E04002034F8023F8B
:107EC00013F4807F03D0C3F3432399420AD00130D7
:107ED0003028F3D1002342F831300448BDE8104087
:107EE000FFF71ABE10BD00BFDC4C0020544D00202F
:107EF00001F18051F0B501F5C2510446114A00204C
:107F00008900012506468A420BD10F4BD3F87C210C
:107F100032B10022C3F87C21D3F87C3140F000401C
:107F2000F0BD02F14043A3F5C2439B0805FA03F3F9
:107F30001C4204D0176817B1166017681843043242
:107F4000E1E700BF0061004000600040F7B5064671
:107F50000846FFF733FF194F00F108050C4637F8C4
:107F60001530DB0727D530460BF000FF2046FFF722
:107F700067FF40B12046FFF74BFF316800F5A27064
:107F8000002341F820302046FFF786FF002301A898
:107F900027F815300194FFF701FF019B00EB8300E8
:107FA000074BD0F80027134043F00203C0F8003716
:107FB000044803B0F0BD0448FBE700BFDC4C0020E0
:107FC000F0F8FCFF0000AD0B0400AD0B2DE9FF4104
:107FD000164680460846FFF7F1FE0C463168054616
:107FE00009B32046FFF720FF18B12046FFF728FF0E
:107FF00010BB0023CDE900338DF80E308DF80F3023
:108000000DF10F020B4620460DF10E010BF056FE4E
:10801000484A05F1080132F8113023F0020343F019
:10802000010322F8113073685BB320461F7859684A
:10803000FFF7FAFE10B1C9B13F4825E03D4A05F10E
:10804000080C32F81C3023F02003DB04DB0C22F890
:108050001C3059B1032FEFD87168D8F80000496877
:108060000978A7B901F5A27140F82170314A05F1EC
:10807000080132F8113023F01C0343EA870322F889
:108080001130B3686BBB2D4804B0BDE8F08100EB44
:10809000810043EA4133D0F810E52EF0030EC0F81A
:1080A00010E5D8F8000000EB810E43F02003DEF865
:1080B000100522F81C3020F44F3020F44070CEF828
:1080C00010052002DEF8108500F47C5040EA0740DD
:1080D00040EA0800CEF8100502EB4100A0F87C4011
:1080E000C4E7D3E900672046FFF7D6FE002ECAD0CA
:1080F000104CD4E90023964203D19F4201D10022C3
:1081000009E00F480DF10F01FFF7E2FC0B4B98421D
:10811000BAD19DF80F2044F8326004EBC203083551
:108120005F6034F8153043EA422343F4807324F847
:108130001530A8E7DC4C00200400AD0B0000AD0BAF
:10814000544D00202DE9F0430C4685B08046204672
:1081500011461E46FFF732FE054629B32046FFF7BB
:1081600063FE18B92046FFF76BFE18BB314F05F1CF
:10817000080937F8193013F01C0F02D04B78012B87
:1081800018D001238DF80F300023CDE900134A1CCD
:108190008B1C20460DF10F010BF090FD37F81930C4
:1081A00043F0030327F81930002E41D02046FFF793
:1081B0003BFE18B9204805B0BDE8F08396F800C032
:1081C000D8F800301B4F0CF5A272002143F82210A2
:1081D00005F1080237F8121021F02001C904C90C7A
:1081E00027F8121075781DB3D8F80000B67800EBA8
:1081F0008C002D04D0F8103523F4991323F4F85390
:10820000C0F81035230203F47C5305F440353605DD
:10821000D0F810E52B4306F4801641EA4C31334385
:1082200041F0200143EA0E0327F81210C0F8103580
:108230000248C0E7DC4C00200400AD0B0000AD0B91
:10824000014BC3E902127047DC4C002010B5084610
:108250001446FFF7F5FD50B10846FFF7AFFD054B9B
:10826000083033F8103004485B0B237010BD03480E
:10827000FCE700BFDC4C00200000AD0B0400AD0BA0
:1082800070B50E4C94F88C500646A5B9602229466C
:1082900004F110000DF0F5FC3068C0F87C51D0F806
:1082A0007C3140F30730E6F733FB0123044884F8C0
:1082B0008C30A36770BD0348FCE700BFDC4C002096
:1082C0000000AD0B0C00AD0B034B93F88C00003895
:1082D00018BF0120704700BFDC4C00200079024B22
:1082E00003EB8000FFF718BC300700200079024B39
:1082F00003EB8000FFF7ECBB30070020F7B5054625
:1083000008461646FFF79CFD0C462968F0B120464A
:10831000FFF78AFD0746C8B92046FFF779FD04B28A
:10832000A40004F580728F508A5829682144D1F83E
:10833000102542F00102C1F810252EB12968012252
:1083400002FA00F3C1F8043303B0F0BDD1F80433EE
:10835000002BA4BF4FF00043C1F804332046FFF7C1
:108360002DFD0F4B083033F81030C3F38203042B7C
:1083700012D0052B12D001A80194FFF70FFD019A2E
:10838000D0F81035D34003F00103991C204603B008
:10839000BDE8F0400BF0DBBC0321F7E70221F5E775
:1083A000DC4C00202DE9F04F654BD3F80403C0B23C
:1083B00087B0082140F00040FFF79AFD051E2BDA38
:1083C0000023032104A8CDE90433FFF745FDDFF8BE
:1083D00074A10DF110084FF000094FF0010B1AF8CD
:1083E000013B5949DA0803F007038A5C22FA03F3D8
:1083F000DA071CD408F10408B9F1000F14D00021E9
:108400004FF00040FFF774FD032104A8FFF724FD9F
:108410000028DCD125F00045494E4C4F0124002DA9
:1084200078D107B0BDE8F08F4FF00109D7E7484B8E
:108430004B440093D8F800100029DBD0009B91FA40
:10844000A1F11C78B1FA81F141EA44142046FFF70A
:10845000B5FC3E4B0394083033F81070C80801F0A7
:10846000070118F800200BFA01F122EA0102BB080B
:1084700008F8002003A80193FFF790FC039A019BE2
:1084800002F5E072C7F3820650F822205B073746F8
:10849000C2F3014223D520463946D6B2FFF798FCF5
:1084A00003A80394FFF77AFC039B03F5E07350F8ED
:1084B0002330C3F301439E4207D1002120460BF035
:1084C00046FC314620460BF042FC03A80394FFF71C
:1084D00065FC039B0BFA03F3C0F82035AAE7022AD8
:1084E0000CD1032120460BF032FC06F00503012BD2
:1084F000EBD139462046FFF76BFCE6E70221204628
:1085000001920BF024FC032EF3D0019A032ADCD154
:10851000022EEDE795FAA5F3B3FA83F304FA03F21A
:1085200025EA020503F5A27207EB430356F8221071
:10853000B3F87C00C1F30141FFF74AFC6FE700BFCD
:108540000060004032B30500E0770500DC4C0020FD
:1085500032B3050010B5184C237853BB0278C2F330
:108560004003920712D54FF08053D3F83021082AE8
:108570000BD1D3F83431052B07D8104AD35C23B183
:108580004FF080430122C3F8382601234FF0804288
:10859000C2F88035037803F00103C2F87835002073
:1085A000E6F7D8F908B9E6F7B3F9012304482370D0
:1085B00010BD0448FCE700BF3258002034B305006A
:1085C0000000AD0B0C00AD0B4FF080434FF4607218
:1085D000C3F80823014B00221A6070476C4D00203D
:1085E00008B5FFF7F1FF03680BB1014A136008BD3E
:1085F0006C4D002010B54FF08043D3F80443620760
:1086000007D54FF484700BF0D9FB10B11E4B1B68DB
:108610009847A30608D54FF48A700BF0CFFB18B12A
:108620001A4B00201B689847600608D54FF48C70E1
:108630000BF0C4FB18B1154B01201B6898472106AD
:1086400008D54FF48E700BF0B9FB18B1104B002019
:108650001B689847E20508D54FF490700BF0AEFB0D
:1086600018B10B4B01201B689847A3050AD54FF49E
:1086700092700BF0A3FB28B1054BBDE810401B68BE
:108680000220184710BD00BF744D0020704D00201F
:108690006C4D002001460148FFF71ABA340700204C
:1086A000C02AF0B540D0B2F5807F3FD0802A40F09C
:1086B000BB800A23036003460024520943F8044F99
:1086C00001EB82028A4233D103680C2B35D00E2B8A
:1086D00063D00A2B26D1564D564900F1A0064269B7
:1086E00055F8044B8768C2F307237C40CB5C63409A
:1086F000140E10300C5D83EA0443D4B20C5D83EA9F
:108700000463C2F307440C5D83EA042350F8044C6D
:10871000836063400468C36063405A400361426100
:108720008642DCD10020F0BD0C23C3E70E23C1E755
:1087300051F8044B43F8044FC4E73D4C3D4900F168
:10874000C005C26954F8046B8768C2F307237E40F2
:10875000CB5C7340160E18308E5D83EA0643D6B2AA
:108760008E5D83EA0663C2F307468E5D83EA0623C5
:1087700050F80C6C8360734050F8086CC360734011
:1087800050F8046C036173400668436173405A40BB
:108790008361C2618542D4D1C4E7254D254900F1EA
:1087A000E006446A55F8042B8768C4F307237A402F
:1087B000CB5C87695340220E20308A5C83EA0243F7
:1087C000E2B28A5C83EA0263C4F307428A5C83EA0A
:1087D000022350F8142C8360534050F8102CC360CF
:1087E000534050F80C2C03615340DAB243618A5C69
:1087F0007A401F0ECF5D82EA0762C3F30727C3F3F7
:108800000743CF5DCB5C82EA072282EA034350F83C
:10881000042C836153400268C36153405C4003628F
:1088200044628642BDD17DE76FF01F007BE700BF49
:10883000E47705003AB405002DE9F04FC9B00446CD
:1088400002A816460D460BF0DAFA002332466360A2
:10885000294602A8FFF724FF0646002862D1029F9E
:10886000039B3548DFF8D4C0276004A903EB8703D6
:1088700001EB830251F82330A3605368E3609368EF
:108880002361D368636104F1180E103A7B1E994688
:1088900071469046B9F1000F2CDD01F11004A8F1EA
:1088A000040B01945BF8044F250E1CF8055050F89A
:1088B00025A0E5B21CF8055050F8255085EA3A2A63
:1088C000C4F30725C4F307441CF805501CF8044002
:1088D00050F8255050F824408AEA356585EA344539
:1088E00041F8045B019CA142DCD109F1FF39A8F1F8
:1088F0001008CFE76FF00F014B43002FCCBF1C4691
:10890000002402EB0400C3F10003D8BF00230EEBE8
:10891000030112594EF8032043684B6083688B6053
:10892000C368CB6002A84FF48C7100F0EBFE3046B8
:1089300049B0BDE8F08F00BF0C7805003AB40500DF
:108940002DE9F04F904644680E684D6800F108022A
:1089500002EB840352F824208C68C96856405A6898
:1089600055409A685440DA68514002688DB04FEA29
:10897000620E03F13000CF4B0496059506940791E3
:108980000EF1FF3E002250E906ACCDF800C050F8D1
:1089900010CCCDF804C050F80CCCCDF808C050E98C
:1089A000087B50F808CCCDF80CC0BEF1000F00F1E8
:1089B000200050F8249C00F3C5801AB1CDE904656D
:1089C000CDE90641DDE90440DDE90665E1B22A0EA4
:1089D00053F8211053F8222081EA3221C0F30722F4
:1089E00053F8222081EA3261C6F3074253F822206D
:1089F00081EA3241220E794053F822700891C2B2C6
:108A000053F8222082EA3722C6F3072753F827704B
:108A100082EA3762C5F3074753F8277082EA374284
:108A2000070EC0F3074053F827C053F82000F7B2F1
:108A3000360E53F8277053F8266087EA3C27C5F3B3
:108A4000072CEDB253F82CC053F8255087EA3C6749
:108A5000C4F3074CC4F3072485EA362553F82440B1
:108A600053F82CC0009B019E85EA346484EA3040B0
:108A70005840040E904B0B901D5DCCB282EA0B0265
:108A80001C5D0992744084EA0564C2F3072587EAF5
:108A90003C475D5D87EA0A0784EA0524C7F307457A
:108AA0000A975D5D84EA054E0D0ECDF810E05E5D1F
:108AB000D5B25D5D029CC8F800E0654085EA0665B8
:108AC000C7F30726039C9E5D85EA0625C0F307468B
:108AD0009E5D85EA0645160EC2F3074213F806C0EE
:108AE000C8F80450FEB23F0E9E5DDF5D05956640FE
:108AF00086EA0C66C0F3072CC0B213F80CC0185CF1
:108B000086EA0C26C1F3074CC1F3072180EA09006D
:108B1000595C13F80CC09B5C80EA076080EA012175
:108B200081EA034386EA0C4604A8C8F80860C8F83E
:108B30000C3020210696079300F0E4FD00200DB0D4
:108B4000BDE8F08F0A0E0EF1FF3E53F822C0F2B2DC
:108B500053F822207A4082EA3C2CC5F30722EFB278
:108B600053F8222053F827708CEA326CC4F3074282
:108B70008BEA070753F822208CEA324C320E53F866
:108B8000222087EA3227C4F3072253F8222087EAFB
:108B90003267C1F3074253F8222087EA32472A0E90
:108BA000C5F3074553F822B0E2B2240E53F8222051
:108BB00053F824408AEA0202C1F3072A82EA3B22E0
:108BC00053F82AA082EA3A6AC6F30742C9B253F8B8
:108BD000222053F821108AEA324B009AC6F3072666
:108BE0004A4082EA342153F82640019A81EA3461EE
:108BF00053F825405FFA8CF581EA34410C0E53F8A6
:108C0000256053F82440724082EA3426C7F30724D3
:108C1000FDB253F8244053F82550029A86EA346690
:108C2000CBF307446A4053F8244086EA34464FEABF
:108C30001C6453F8244082EA3425CBF30724039ABA
:108C400053F8244085EA3465C1F3074453F82440BF
:108C500085EA34453C0EC7F3074753F824A05FFA72
:108C60008BF453F82440624082EA3A24C1F3072A85
:108C70004FEA1B6253F82AA0C9B284EA3A64CCF3E3
:108C8000074ACCF3072C53F82AA053F8222053F8B4
:108C9000211089EA010181EA322153F82C2081EA6E
:108CA000326153F8272084EA3A4481EA32410122B2
:108CB00069E600BF0C7C05003AB405002DE9F04FD1
:108CC000904644680E684D6800F1080202EB840388
:108CD00052F824208C68C96856405A6855409A68F2
:108CE0005440DA68514002688DB04FEA620E03F1D9
:108CF0003000CF4B04960595069407910EF1FF3E88
:108D0000002250E906ACCDF800C050F810CCCDF8E8
:108D100004C050F80CCCCDF808C050E9087B50F8DE
:108D200008CCCDF80CC0BEF1000F00F1200050F8C7
:108D3000249C00F3C5801AB1CDE90465CDE9064154
:108D40000598049E020EDDE9064553F82210F2B2A2
:108D500053F8222082EA3122C5F3072153F821106B
:108D600082EA3162C4F3074153F8211082EA3142AA
:108D70005740220E089753F82210C2B253F822200F
:108D800082EA3122C6F3072153F8211082EA3162C8
:108D9000C5F3074153F8211082EA3142290EEDB2A2
:108DA00053F821C053F82550E1B2C4F3072453F817
:108DB000211053F8244081EA3C21C0F3072CC0F372
:108DC000074053F82CC053F8200081EA3C61C6F3F9
:108DD000074C360E53F82CC053F82660009B85EAEA
:108DE000362585EA346482EA0B0284EA3040584032
:108DF000140E904B019E1D5D0992FCB281EA3C412C
:108E00001C5D0B90744084EA0564C0F3072581EA79
:108E10000A015D5D0A9184EA0524C1F307455D5DA1
:108E200084EA054E0D0ECDF810E05E5DD5B25D5DB5
:108E3000029CC8F800E0654085EA0665C7F307268E
:108E4000039C9E5D85EA0625C0F307469E5D85EA84
:108E50000645060EC0B213F806C0185CC8F80450E8
:108E6000CEB2C1F307219E5D595C0595664086EA46
:108E70000C66C2F3072CC2F3074213F80CC086EA53
:108E80000C26C7F3074C3F0E80EA0900DF5D13F89C
:108E90000CC09B5C80EA076080EA012181EA034301
:108EA00086EA0C4604A8C8F80860C8F80C302021EF
:108EB0000696079300F026FC00200DB0BDE8F08F69
:108EC0002A0E0EF1FF3E53F822C0F2B253F82220D0
:108ED0007A4082EA3C2CC1F30722EFB253F82220F9
:108EE00053F827708CEA326CC4F307428BEA070709
:108EF00053F822208CEA324C220E53F8222087EAC3
:108F00003227C6F3072253F8222087EA3267C1F3DB
:108F1000074253F8222087EA32470A0EC9B253F8B3
:108F200022B053F82110E2B2C4F3072453F82220F0
:108F300053F824408AEA0202C5F3072A82EA3B2258
:108F400053F82AA082EA3A6AC6F30742360E53F86B
:108F5000222053F826608AEA324B009AC5F307456F
:108F60004A4082EA362181EA346153F82540019A69
:108F70005FFA8CF581EA34413C0E53F8256053F8D2
:108F80002440724082EA3426C1F30724FDB253F82C
:108F9000244053F82550029A86EA3466CBF30744FE
:108FA0006A4053F8244086EA34464FEA1B6453F87B
:108FB000244082EA3425CCF30724039A53F8244052
:108FC00085EA3465C1F3074453F8244085EA344503
:108FD0000C0EC9B253F824A05FFA8BF453F8244066
:108FE000624082EA3A24C7F3072ACBF3072253F8F8
:108FF0002AA084EA3A64CCF3074A4FEA1C6C53F87F
:109000002AA053F82CC053F8211053F8222089EAE3
:109010000101C7F3074781EA3C2181EA326153F835
:10902000272084EA3A4481EA3241012269E600BFFE
:109030000C7805003AB30500F0B50C4B0C4E044615
:10904000586800B9F0BDC579C5F3840556F82550B8
:109050002D78A54208D1457905F00F07B1EB871FA0
:1090600002D1B2EB151FEDD00833E9E710800500FF
:109070000C80050038B5044638B390F84430012B15
:1090800011D1C56B4DB12B7A012B02D168680BF061
:10909000D4F90C2128460AF057FF20464821BDE8A4
:1090A000384000F02FBB006C10B124210AF04CFFB7
:1090B000E06B0028F1D02368044ADB79C3F3840312
:1090C00052F823309B699847E7E738BD0C800500CC
:1090D00038B505460C46A9B1482200210CF0D1FD57
:1090E000E379094AC3F3840352F823305B6913B967
:1090F0002C60002038BD9847E8630028F8D1A0F51F
:10910000C340F7E70148F5E70C800500009FFFFF2B
:109110002DE9F0431E46DBB2012B87B0044688469A
:10912000154672D8D0F80090B9F1000F6DD090F8C4
:109130004430012B39D1C76B1822002168460CF04E
:10914000A0FD6B0761D13B7A002B5ED199F8062018
:10915000102A08D80D2A08D8023A052A05D92C4821
:1091600007B0BDE8F083263AF7E74FF41053ADF8A7
:1091700000304FF4407302933B46414653F8042BB2
:109180000392EA1DD20868460BF028FA10F1860F08
:10919000E5D028B18D301F4818BF6FF06F00DFE7B2
:1091A00001233B7265602672DAE799F8073003F015
:1091B0000303012B06D899F8053003F00F03B2EB37
:1091C000831F22D165602672012EE06B99F807306B
:1091D000114909D099F8052002F0F004302C03D091
:1091E00002F0E002402A0AD1C3F3840351F823308D
:1091F000DB682A46414607B0BDE8F0431847C3F391
:10920000840351F823301B69F3E70448A8E700BF43
:10921000809FFFFF809EFFFF0C800500009FFFFFE7
:109220002DE9F74F15460268DDF830A00446884660
:1092300099461AB95F4803B0BDE8F08F90F8442012
:10924000012A01D15C48F6E70022CAF80020026832
:10925000002A00F0AB80167916F01F0600F0A680F9
:10926000527902F0F002102A15D1B54240F0A080E8
:10927000CAF8005002685149D279C2F3840251F809
:10928000222090F908105568C06B4246AC4603B0E6
:10929000BDE8F04F6047994208D1436A002BC9D11D
:1092A000B5FBF6F306FB1353002BC3D1202AC9D11B
:1092B00094F90830676A83B9E268F31B82B1AB4264
:1092C00047D307F114002A46414620440CF0CBFC5A
:1092D000636A2B4463620020ADE7012B02D1F31BCC
:1092E000AB42EED8002F36D1002DF4D0B5FBF6F707
:1092F00006FB175737B994F908301BB9E368002B00
:1093000018BF3746ED1B3A4608EB050104F114007F
:109310000CF0A9FC636A3B446362002DDBD0236838
:10932000264ADB79C3F38403CDE9008952F8233060
:1093300094F908109E68E06B04F128032A46B047B0
:1093400000287FF478AFDAF800302B44CAF80030F8
:10935000C1E7002FCAD0A6EB070B07F114005A464D
:10936000414620440CF07FFC2346144953F8142B4B
:10937000D279C2F38402CDE9003951F82220E06BA2
:10938000936894F908109C46324604F12803E0479C
:1093900000287FF450AFDAF800302F443344CAF885
:1093A0000030B1446062D844BD1B9DE7044842E7E9
:1093B000044840E7009FFFFF809FFFFF0C800500EF
:1093C000809CFFFF809DFFFF70B50C230024CD58CB
:1093D00022462EBA42EA460212BAC250043B1A1D75
:1093E000C5F3C014F3D1084B1A680B7882EAD31284
:1093F00053085B4252421343DB17C27B03F08703DF
:109400005340C373002070BD784D002038B5054629
:10941000D0B10468C4B1B9B10123FFF779FE0446A5
:1094200098B92B6883B19B79042B0BD8012B0BD9EE
:109430002421012000F072F948B12864102100F0C5
:1094400061F902E0242BF3D0024C204638BD024CD7
:10945000FBE700BF009FFFFF809EFFFF2DE9F04F5D
:109460000F4685B016468046002879D00368002B49
:1094700076D0002974D0046C002C71D01D79206A3C
:1094800005F01F05F8B12A1AB2421CD21030204450
:109490000CF0E9FB04F110020023191DA9422CD99C
:1094A00023441A1B954231D803AB00932A46234626
:1094B00021464046FFF7B4FEE0B9236A2062EA1A6B
:1094C000334417445E1B05F1FF394FF0010A0DF1DB
:1094D0000C0BB144B9FBF5F9CA4538D34EB1206A3B
:1094E00010303246394620440CF0BDFB236A334429
:1094F0002362002005B0BDE8F08F52F8100C13680D
:10950000434042F8103C04320B46C6E71A7C1978F7
:109510004A4003F8012BC4E7FA58E0584240E250B1
:109520000B46191D8D4204EB0302F5D2AB4210D35A
:10953000CDF800B023462A4621464046FFF770FE8C
:109540000028D7D1761B2F440AF1010AC4E7002373
:10955000E7E7F85C1178414002F8011B0133E5E7C9
:109560000048C7E7009FFFFF2DE9F04F8B4691B001
:109570008046002800F0C2800368002B00F0BE8007
:10958000056C002D00F0BA80002900F0B7800DF1C5
:109590001009102148460DF1200A1C7900F0B2F89C
:1095A0001021504600F0AEF810210CA800F0AAF8E7
:1095B000D8F8006004F01F0416B1367906F01F06D3
:1095C00003AF0CAB0097324619464046FFF728FE22
:1095D00050B9102E08D10CA94846FFF7F5FE18B96E
:1095E00049465046FFF7F0FE10210CA800F08AF81B
:1095F000D5F820C0A44505F110060FD348460CA9A4
:1096000000231A1DA2425FD9A3421BD2F25C19F8B3
:1096100003104A400CA9CA540133F5E70CA90846C7
:1096200000239C453BD9F25C00F8012B01339C429E
:10963000F7D8D44600231A1DA24235D90CAA1A44E1
:10964000A34239D30CA90023281F1A1DA24245D9D1
:10965000EA18A3424AD300972B46224629464046A1
:10966000FFF7DEFD074620B92246294658460CF092
:10967000FAFA1021484600F045F81021504600F053
:1096800041F80023102130462B6200F03BF81021F6
:10969000284600F037F8384611B0BDE8F08F0CBF0F
:1096A00001220022D201BFE708685CF8043B434076
:1096B00041F8043B1346BEE711781AF80300414015
:1096C00002F8011B0133BBE7AB1850F804CBDB6891
:1096D00083EA0C0341F8043B134692E7835851F8A0
:1096E00004CB83EA0C0383501346AEE70CA8117831
:1096F000C05C414002F8011B0133AAE7004FCAE7F2
:10970000009FFFFF10B50A46044619B1024B002125
:109710001B68984710BD00BF38070020014B1B682D
:10972000184700BF40070020014B1B68184700BFC7
:109730003C07002010B500F0FE44B4F1A06F029A7F
:1097400023D0B4F1806F12D1114CA0421DD101245D
:10975000B1F5105F1C7018D122B1022313700D4BAC
:10976000984202D00A4B98420CD1002010BD0A4CFE
:10977000A0420AD10124B1F5105F1C7005D1002A66
:10978000EBD1ECE7044B9842EFD06FF08500EDE7AA
:109790000044400400FF40040002C0037FB503689A
:1097A00016460E4A23F47E1393420D4613D16946A2
:1097B0000430FFF7D9FE044620B9324669462846F0
:1097C0000CF051FA68461021FFF79CFF20460AF082
:1097D00030FD04B070BD6FF08800FAE70002C003EE
:1097E00010B5036804464BB1094A23F47E13934233
:1097F00006D10430FFF73EFC00232360002010BD9B
:109800004C2200210CF03DFA6FF08800F7E700BF12
:109810000002C0032DE9F843D0F8009005460E463B
:109820001746B9F1000F30D123F47E140360184BB2
:109830009C420FD100F1040840460AF081FB3188B8
:1098400072884B4620460AF09EFB014658B96FF0DD
:10985000850416E04C2249460CF013FA6FF085049B
:109860002046BDE8F8834046FFF732FC20B97288F5
:1098700039464046FFF7CAFD0AF0DBFC04460028E3
:10988000EED02846FFF7ACFFEAE76FF08804E7E781
:109890000002C00310B503685BB1074C23F47E13CC
:1098A000A34206D10430FFF7D9FDBDE810400AF00D
:1098B000C0BC6FF0880010BD0002C0030E4B034017
:1098C000B3F1607F06D1B1F5885F14BF6FF08600F9
:1098D00000207047B3F1707F0BD101F4E043B3F582
:1098E000005F06D111F4E06F0CBF6FF0860000201E
:1098F00070476FF0860070470000C07F8A42F8B55D
:1099000006460C4600F0DB806F4922F4FF7323F01B
:1099100001038B420ED06D4B22F0FF01994209D01A
:109920006B4822F47F7323F00303834202D0694B18
:10993000994228D1684B24F0FF0199420FD114F0CD
:10994000FF000BD0654B40F00070984240F0B980AA
:1099500082EA0400FF288CBF00200120F8BD5B4B89
:109960009942ECD0A3F588539942E8D024F4FF73D0
:1099700023F00103B3F1062FE1D056488142DED037
:1099800053498B42DBD004F0FE43B3F1A06F14D1F6
:1099900002F0FE43B3F1A06F40F0938082EA04032B
:1099A00033F47E1340F08D8014F40040D6D0C4F31D
:1099B0000540C2F305429042CDE7B3F1407F6AD142
:1099C00002F0FE43B3F1407F7BD182EA040535F417
:1099D0007E1576D131462046FFF770FF002870D102
:1099E0003F4B12F47C1703EA02031BD0B3F1607FF4
:1099F000C2F305473FD13B49D3B243F000738B42DA
:109A00003DD003F17E43043B0F2B01D83649CD5C9A
:109A100014F47C1FC4F3054333D1BD4214BF0020AE
:109A200001209BE7B3F1607F0DD12E49D3B243F003
:109A300000738B421DD003F17E43043B0F2BDAD819
:109A40002A49CF5CD7E7B3F1707FE1D106F4E04358
:109A5000B3F5005F03D1C6F3022301279F4006F44C
:109A6000E043B3F5005FD3D1C6F3022101258D4059
:109A7000CEE71027BFE7B3F1707FC9D1EFE710251C
:109A8000C6E712F47C1F01D1AB4218D022047FF547
:109A900065AFBB425FE7B3F1106F12D124F01F60D6
:109AA00020F4702068B902F0FE43B3F1106F7FF428
:109AB00055AF0F48104040F01060A042AEE70120C3
:109AC0004CE700204AE700BF000200060013000632
:109AD000000400060009000600030006FF00000263
:109AE0000000C07F0300000282B5050082B50500BA
:109AF0000000FFF637B50D4D6B78022B0C4612D1E6
:109B00002B78072B0FD1002301930A4601AB0146A6
:109B1000281D0AF02BFA20B9019BA34218BF6FF051
:109B2000930003B030BD6FF08800FAE77C4D002051
:109B3000F0B50446084604F0FE41B1F1106F87B05D
:109B40002BD124F01F6121F4702131BB45682D0A0F
:109B500000F1200121D1068806F44F45B5F5824F6A
:109B60001BD10F4D0F4F254045F01065BD4214D15C
:109B7000F6B2122E11D14588B5F5807F0DD10E9D1C
:109B800004950D9D03950C9D0092CDE9013523466A
:109B9000426E0BF083F807B0F0BD6FF08500FAE776
:109BA0000000FFF6000002092DE9F8438846174639
:109BB0001C4600F0E9F9054688BBD8F80060B6F805
:109BC000009009F4E043B3F5804FB36808BF27F075
:109BD000010737EA03031AD10CB3254B24F0FF0227
:109BE0009A421FD114F0FF0304D0224A43F00073BD
:109BF000934232D0F16822464846FFF77FFE07467F
:109C000068B9316922464846FFF778FE70BB6FF0AD
:109C100084050023C8F8003030460AF0B2FF284619
:109C2000BDE8F883144B9A42DCD0A3F588539A42DE
:109C3000D8D024F4FF7323F00103B3F1062FD1D061
:109C40000E498A42CED00E4A9342CBD004F0FE4356
:109C5000B3F1407F04D12304CCD56FF08605D8E75B
:109C6000B3F1A06FF7D0034B9C42C2E73D46D6E765
:109C700000030006FF0000020013000600090006B2
:109C80000004000638B500F0FE43B3F1407F0446FF
:109C90000D4602D06FF0860038BDFFF70FFE00289A
:109CA000FAD114F47C1F12D0C4F30543032B1370B4
:109CB00022D9284A2240B2F1607F3DD1264AE4B23F
:109CC00044F0007494422BD1102BE5D9E2E7214BEC
:109CD0002340B3F1607F15D11F49E3B243F0007315
:109CE0008B4202D110231370D6E703F17E43043B6D
:109CF0000F2B04D9002313706FF08500CCE71749B0
:109D0000CB5CD3E7B3F1707FF4D101F4E043B3F55A
:109D1000005FEFD1C1F3022101238B40DBB2C5E725
:109D200004F17E44043C0F2CB4D80D4A125D9342DA
:109D3000B0D8202BB0D9DFE7B2F1707FAAD105F4FB
:109D4000E042B2F5005FA5D1C5F302250122AA4089
:109D5000EDE700BF0000C07F0300000282B50500F0
:109D600082B5050007B5002300911A4602490AF0A2
:109D7000F6FD03B05DF804FB9480050010B5114CAE
:109D80002378580744BF23F00403237023789907EE
:109D900005D500F097F8237823F002032370637849
:109DA0001BB1094A002363605360002306486370B7
:109DB0000821FFF7A7FC2378DA0744BF23F001034B
:109DC000237010BD7C4D0020804D002038B5184C0C
:109DD00062782378022A01D1072B09D09B070AD584
:109DE0002378DD0713D562782378A2B158071AD5F6
:109DF0000025284638BD00F05DF8237843F00203C3
:109E0000237005460028EBD0FFF7B8FFF1E743F0D9
:109E100001032370E7E7D907E8D5064962604A6085
:109E200002226270E2E743F004032370E0E700BF20
:109E30007C4D0020804D002000F140420F2A38B5B3
:109E400004460D460CD81A4B682101FB02331A7EDA
:109E5000022A02D15A69824218D06FF08B001FE0AB
:109E600001210AF068FEE0B1114A00201346117E7C
:109E7000022902D15169A14205D00130102802F116
:109E80006802F4D1E9E7682202FB00331A7E022A55
:109E90000AD1DA69511C07D00132DA6100202B6047
:109EA00038BD6FF08700FBE76FF09600F8E700BF62
:109EB000884D0020024B012283F880260020704745
:109EC000884D00202DE9F0410A4C002526464FF030
:109ED00001080327C4F81C802776204601350AF0C4
:109EE0008FFA102D04F16804F4D1002386F880362F
:109EF000BDE8F081884D0020F8B5214D95F88036F9
:109F000006460F46002B34D000242B462246197EED
:109F1000F9B13CB9022905D1D96919B919790029D2
:109F200018BF1C460132102A03F16803EFD114B99F
:109F30006FF08C000BE0237E022B04D1E3695A1CE6
:109F40001CBF0133E36120460AF05AFA10B1002425
:109F50000DE01C46237E7BB90123237636B1094BE5
:109F6000651BED105D4305F18045356000203C60C8
:109F7000F8BD6FF08800EAE76FF09600E7E700BFF2
:109F8000884D0020C54EECC438B5094B00250D6046
:109F900093F880360C4643B1FFF74EFF10F18C0F5B
:109FA00002D125606FF0870038BD6FF08800FBE7B5
:109FB000884D0020043004289ABF034B33F9100069
:109FC0006FF08300704700BFC2820500014B0AF0AA
:109FD00040BF00BF3C81050070B5144688B00646FE
:109FE0000D46204621460C4A0AF093FF22462146A0
:109FF0006846FFF7EBFF6A4631463046FFF7E6FF5B
:10A00000224669466846FFF7E1FF6A462946284628
:10A01000FFF7DCFF08B070BD3C81050030B5044699
:10A0200089B00AF0DBFE0C4A214668460AF06EFE53
:10A030000121054668460AF04DFE6A462146104653
:10A040000AF064FE2DB1003818BF0120404209B06B
:10A0500030BD4FF0FF30FAE7F880050030B589B029
:10A0600004460AF053FE21460546054A68460AF0B2
:10A0700037FE2A46694620460AF05FFE09B030BD29
:10A080003C81050070B5044690B00D461146164659
:10A090000AF0A4FE234A214608A80AF037FE012848
:10A0A0003DD1114620460AF013FF06F12001284653
:10A0B0000AF094FE1B4A294608A80AF027FE012848
:10A0C0002DD1114628460AF003FF2A462946684644
:10A0D000FFF77CFF2246214608A8FFF777FF08A973
:10A0E00008462246FFF772FF08A908462246FFF7F6
:10A0F000B5FF08A908462246FFF7B0FF08A90846A1
:10A100002246FFF7ABFF08A90846064B064A0AF0AD
:10A110008BFE08A968460AF021FE10B070BD4FF012
:10A12000FF30FAE73C810500D8800500F0B5384ED5
:10A1300099B004460D4608A811461746FFF746FF9A
:10A14000334608AA214668460AF06EFE08AA214650
:10A1500010A8FFF783FF10AA694608A8FFF736FF8B
:10A1600008AA3346114668460AF05EFE334608AA3E
:10A17000694668460AF058FE2A46294610A8FFF7A5
:10A1800025FF10AA3346114610460AF04DFE10AACC
:10A19000214608A8FFF71AFF08AA334611461046C1
:10A1A0000AF042FE10AA11461046FFF70FFF10AA50
:10A1B0003346114610460AF037FE6A466946204685
:10A1C000FFF704FF08AA21462046FFF747FF08AA29
:10A1D00021462046FFF742FF3A4629463846FFF718
:10A1E000F5FE33463A46394638460AF01DFE224609
:10A1F00008A92846FFF732FF6A4629462846FFF796
:10A20000E5FE10AA29462846FFF728FF19B0F0BD41
:10A210003C8105002DE9F04FA3B00C462C9E31493E
:10A220000546924602A8324699460AF06FFDD6F8D6
:10A2300000B031460BF0010202A80DF148080AF007
:10A240007CFD002140460AF045FD4A4641460AA8E9
:10A25000FFF704FF0122514628460AF06EFD012255
:10A26000494620460AF069FD1F4A01211AA80AF052
:10A2700045FE6FEA0B0202F001020AA920460AF02D
:10A280005CFDFF277B0922AA02EB830307F01F0274
:10A2900053F8806CD64086EA0B06F24302F00102C6
:10A2A000494640460AF049FD06F001020AA9404627
:10A2B0000AF043FD1AAA21462846FFF737FFCDF8DA
:10A2C000008053461AAA214628460AF064FE013F40
:10A2D000D8D11AAA21462846FFF77EFE23B0BDE852
:10A2E000F08F00BFF88005003C8105002DE9F743A1
:10A2F00006460D46174698464FF00509B9F1010983
:10A3000005D14FF0FF34204603B0BDE8F083202193
:10A3100030460AF0A1FE0028F3D131462846FFF767
:10A320007DFE04460028E9D1034B044A00954146CE
:10A330003846FFF76FFFE6E798800500B880050014
:10A3400030B599B00D4610AB694608AAFFF7CEFFAD
:10A35000202104466846FFF7D5F96CB9084A08A9D8
:10A3600028460AF006FE064A10A905F120000AF068
:10A3700000FE204619B030BD4FF0FF34F9E700BFB2
:10A380003C81050070B5AAB002AD064628461446C9
:10A39000FFF744FEC8B9224612A90AA8FFF772FEC9
:10A3A0000446A8B90AAA22A91AA8009512ABFFF779
:10A3B00031FF094A1AA930460AF0DBFD2846202160
:10A3C000FFF7A0F920462AB070BD6FF00204F5E750
:10A3D0006FF00104F2E700BF3C81050070B59AB050
:10A3E00002AE05463046FFF719FE0446C0B90E4BD3
:10A3F0000E4A009612A90AA8FFF70CFF202130464A
:10A40000FFF780F90A4A0AA928460AF0B2FD084A6D
:10A4100012A905F120000AF0ACFD20461AB070BD6B
:10A420006FF00204F9E700BF98800500B8800500CE
:10A430003C81050010B50446E3F724FB0348044AB9
:10A44000012104F0D1FD20460AF055FEF466050016
:10A4500092B505002DE9F843044600AF0D46EFF331
:10A460001188202383F31288BFF36F8F0428294AB1
:10A4700098BF294B9668117C94BF53F82030274B26
:10A48000E9468AB06A462648C2E9073140F20133FC
:10A490009384244BC2E9050442F8103F224800236C
:10A4A0004FF43151E3F7BEFBCD4645B1EB69C3F341
:10A4B000080323B11D4A1C48012104F095FD2EB16B
:10A4C00030460BF02EF908B1037803B91848E94675
:10A4D0008AB06A46174BD061C2E9053640F20133B3
:10A4E0001384154B42F8103F00230F484FF41151CD
:10A4F000E3F798FB2946CD462046FFF79BFF88F3FC
:10A500001188BFF36F8F3046E4F7A8F9BD46BDE868
:10A51000F88300BF0C54002080810500A1B5050020
:10A52000AFB5050005000001F4660500D7B50500CC
:10A53000D7960500F8B505000400000138B50A4BB0
:10A5400053F82040013053F82050A54200D838BDC0
:10A55000606830B1037FDB0701D40AF0A9FD08343D
:10A56000F3E723689847FAE79481050070B52A4B12
:10A570002A4C2B4D012286B003201A70FFF7DEFF14
:10A5800001F0E8FC0420FFF7D9FF2646AE4204F1B3
:10A59000300410D301F02EF8204C224EAC4226D3CA
:10A5A00001F03CF8E1F746FE1F4A137B23F001035C
:10A5B000137306B070BD54F80C3C059354F8103C6E
:10A5C000049354F8143C039354F8183C029354F841
:10A5D0001C3C019354F8203C009354E90A2354E9AD
:10A5E0000C0100F0E7FD54F8303C5E65CDE7D4E99E
:10A5F0000A23B3F1FF3F08BFB2F1FF3F05D052EA93
:10A600000301206803D101F0C5F83034C6E73146B4
:10A61000183001F04FFAF8E73358002010640500B5
:10A62000A0640500215805000822002070B5164ED0
:10A63000164D1749902386B003FB006601220023C4
:10A64000CDE904230F22CDE902320193142303FB49
:10A65000005504464FF4C07000FB04110D4B0095EB
:10A660004FF4A072304600F0A5FD737B0A4AEE60FD
:10A6700023F0040373734FF4046304FB03331344A4
:10A680002C746B6006B070BD782100200C54002043
:10A690008097002077520500408F0020BFB5002032
:10A6A000FFF74CFF294B83F30888294C294F636936
:10A6B00043F4007363610025E02384F82230E577DA
:10A6C00025766576A57684F82050636A43F4E02306
:10A6D000636284F82350E4F78FF8E4F7DDF94FF074
:10A6E000FF33A362E362E4F7B1FAE4F7F9F9E3F7C1
:10A6F00025F91948194C00F0D9FD0120FFF71EFF7C
:10A700000220FFF71BFF00F0BDFF154B15495C61F0
:10A71000154B05930123CDE903534FF480623B466B
:10A72000CDE901550095204600F044FD627B0646C8
:10A7300022F00402204662730BF02FF82846FFF740
:10A7400075FF3A4631462046E4F786F980970020A7
:10A7500000ED00E06DA50400482300200822002041
:10A760000C540020009900205AB6050038B5064C5C
:10A77000064DAC4201D3002038BDD4E90112204679
:10A780000AF003FD1434F4E7780800208C08002058
:10A7900030B585B0DDE90845034B0293CDE90045AE
:10A7A0000AF0B1FC05B030BD89DD040038B5064CB7
:10A7B000064D0020AC4200D338BD20460AF009FD0A
:10A7C0000028F9DB1C34F5E7080800207808002091
:10A7D00073B50C46EFF31181202585F31288BFF382
:10A7E0006F8FC5685DB125602B68C36083690133D5
:10A7F0008361002081F31188BFF36F8F11E052EA6B
:10A80000030603D125606FF00B00F3E7CDE90023C9
:10A810000246083000F034FE18B9034B9B681B69F0
:10A82000236002B070BD00BF0C5400202DE9F3413D
:10A8300004460E469DF8200004F10808EFF3118746
:10A84000202181F31288BFF36F8F256AE1688D4262
:10A8500046D22568AC4218D0BDB128460AF016FD94
:10A8600005F118000BF08FF8A268286931460BF04B
:10A87000FAF90023C5F88C3028460AF08EFF4046CE
:10A88000394600F091FE002037E0A268D8B1E069B7
:10A8900031460BF0E8F9E369A26813446269E361A9
:10A8A000934201D12369E361236A013323621021BA
:10A8B00004F124000BF046F90028E0D187F3118859
:10A8C000BFF36F8F19E0A1692369994204BF6369DF
:10A8D000A361A069801AA06131460BF0C4F9E3E7D7
:10A8E00052EA03010CD00849896840460E61CDE95F
:10A8F00000233946224600F0C3FD02B0BDE8F081D6
:10A900006FF02200DAE700BF0C540020F7B50446D0
:10A9100004F108070846EFF31186202181F312881D
:10A92000BFF36F8F216A00293AD0A268A1690BF0AA
:10A930009AF9A369A268256813446269A3619342E6
:10A9400004BF2369A361236AAC4203F1FF3323628E
:10A9500034D02846002D32D00AF098FC05F11800BA
:10A960000BF011F8A2682969E0690BF07CF9E36942
:10A97000A26813446269E361934204BF2369E361FF
:10A98000236A0133236200242846C5F88C400AF06C
:10A9900004FF3846314600F007FE204603B0F0BD04
:10A9A00052EA030110D00A4989680861CDE9002301
:10A9B00031462246384600F063FDEFE7002086F37B
:10A9C0001188BFF36F8FE9E76FF02200F7E700BF50
:10A9D0000C5400202DE9F341044617461E46EFF3C0
:10A9E0001188202383F31288BFF36F8FC368334A23
:10A9F0007BB180689168884219D057EA060318D164
:10AA000088F31188BFF36F8F6FF00F0002B0BDE8BD
:10AA1000F081916891F90E1021610133E360936830
:10AA2000A36088F31188BFF36F8F0020EEE72169E0
:10AA3000F2E791F90E1090F90E309942A8BF19462D
:10AA40006FF07E029142B8BF11468B422DDD0AF0B5
:10AA500031FC0546CDE9007619482246414600F012
:10AA60000FFD0028E1D0EFF31186202383F3128835
:10AA7000BFF36F8FA068D0B1236821699C420AD0D0
:10AA80004BB193F90E309942A8BF19466FF07E037F
:10AA90009942B8BF19460AF00DFC40B1084831464A
:10AAA00000F082FD6FF00A00B0E70025D2E7002D2C
:10AAB000F4D186F31188BFF36F8FF3E70C540020B5
:10AAC00034580020F8B583680546002B40D0234A4F
:10AAD000926893423FD1C368012B03D9013BC36005
:10AAE0000020F8BDEFF31187202383F31288BFF312
:10AAF0006F8F016980680AF0DDFB2C68AC4207D1DA
:10AB00000023C5E9023387F31188BFF36F8FE7E7AE
:10AB1000002CF5D0D4E9003213605A60637B002624
:10AB200023F002036373C4E90066A66004F1180011
:10AB30000AF029FFAC6094F90E302B612046C4F86E
:10AB40008C600AF02AFE0648394600F02DFDC7E762
:10AB50006FF01500C5E74FF0FF30C2E70C5400203E
:10AB60003458002037B51146EFF31185202282F3C7
:10AB70001288BFF36F8F04689CB12368426823F08A
:10AB800003039442036008BF4360012120460AF09A
:10AB90001EFC044685F31188BFF36F8F204603B077
:10ABA00030BD51EA0302F5D000F10802CDE90013EF
:10ABB0001046294600F064FC0028EFD1014B9B6849
:10ABC0001C69EBE70C54002070B5EFF311862023CD
:10ABD00083F31288BFF36F8F0468A0421BD0D4B1F7
:10ABE000D4E9003213605A60637B002523F002032E
:10ABF000C4E900556373A56004F118000AF0C3FEB0
:10AC0000C4F88C5020460AF0C8FD31460A48BDE819
:10AC1000704000F0C9BCD0E902329A4218BF01333B
:10AC20008360022110300AF08DFF0028EDD186F3F9
:10AC30001188BFF36F8F70BD3458002013B5EFF348
:10AC40001181202484F31288BFF36F8F846844B18C
:10AC5000013C846081F31188BFF36F8F002002B044
:10AC600010BD52EA030406D181F31188BFF36F8F40
:10AC70006FF00F00F3E7CDE900230246014800F032
:10AC8000FFFBECE7345800202DE9F8430546EFF3CD
:10AC90001188202383F31288BFF36F8F0026374675
:10ACA0006FF00A092C68A54216D0ACB1D4E9003285
:10ACB00013605A60637BA76023F002036373C4E9E7
:10ACC000007704F118000AF05EFEC4F88C9020466C
:10ACD0000AF063FD0126E5E70023AB60022105F1E0
:10ACE00010000AF02FFF30B92EB988F31188BFF396
:10ACF0006F8FBDE8F88341460248BDE8F84300F095
:10AD000053BC00BF3458002007B5074B00930749D8
:10AD100007484FF0FF334FF4806200F06DF90020D8
:10AD200003B05DF804FB00BFAC810500409D00202E
:10AD3000982200202DE9FF414F4E04462027EFF3D3
:10AD4000118887F31288BFF36F8FD4F89450F5B948
:10AD5000022104F1AC000AF0AEFB002868D004F137
:10AD6000A4050022012128460AF0B1FD0028F8D1EF
:10AD7000002302934FF0FF324FF0FF33CDE9002361
:10AD8000414604F19C023D4800F0CEFDD7E7D4F8DF
:10AD900098202B68C4F89430954208BFC4F89830C6
:10ADA000D4F8AC3043F00203C4F8AC30EB6823F0C5
:10ADB000040343F00103EB606B6888F31188BFF371
:10ADC0006F8F28469847EFF3118887F31288BFF3F7
:10ADD0006F8FEB68D80623F0010236D4EA60EB6887
:10ADE0009A0716D5306823F00203EB6088B1036838
:10ADF000002170B14268954235D1036869BB726821
:10AE00003360824200D17360002340F8083BFFF7B3
:10AE1000DBFED4F8AC3023F00203C4F8AC3088F386
:10AE20001188BFF36F8FDB0589D400F033FC86E710
:10AE3000D4F8AC30D9069BD5C4F8AC0088F311889F
:10AE4000BFF36F8F04B0BDE8F08123F01103EB6016
:10AE500005F11000FFF7B8FEC1E70B60736883428D
:10AE600008BF7160D0E723B11A680146184613463F
:10AE7000BFE71A46F9E700BF2C54002034580020E1
:10AE800070B5C368C3F340069B0705460C460DD555
:10AE90000122002104F108000AF0FDFA00232360DA
:10AEA000054B65605A681AB9C3E90044304670BD65
:10AEB00014605C60FAE700BF2C540020F8B5C3684A
:10AEC0009A0704460F46C3F340062ED45B071CD4F2
:10AED0000B680BB983680B60E368DD0744BFA368A8
:10AEE0003B603D684CBF02260126002D3CD0204B24
:10AEF0009A68D5F890309A420AD0D5F8AC30D80785
:10AF0000C3F3800214D46FF0120600233B6025E0E7
:10AF10000AF0FEFBD5F8AC300028F0D1D907C3F316
:10AF2000C002F0D552B15B0708D46FF00F06ECE712
:10AF3000002AFAD1C3F3C003002BF6D1002323600B
:10AF4000D5F8983063B9C5E9254428460AF0CEFA09
:10AF5000E36843F00403E3603B68A3603046F8BD58
:10AF60001C60C5F89840F0E76FF01506CDE700BF0C
:10AF70000C540020F8B5C36803F00503002B064607
:10AF80000C4614BF012700271CD085680122002130
:10AF900004F110000AF07FFA134920460AF0FEFA85
:10AFA000E36843F01003E360F3685B0712D533688E
:10AFB00023606BB9D5F8983033B9C5E925442846E4
:10AFC0000AF094FA3846F8BD1C60C5F89840F6E7D8
:10AFD0003460F4E7D5F894302360D5F89830C5F89C
:10AFE0009440002BEBD1F0E7CD5405000146014819
:10AFF0000AF0FFBA98220020F0B589B0044600207C
:10B00000C4E925000E9D04F19C00C4E9270004F169
:10B01000A400C4E9290055B32879002840F20110A2
:10B0200008BF0120C4F8AC0000204FF0FF364FF0FD
:10B03000FF37CDE90330CDE90100CDE906670D4BBF
:10B040000094204600F006F955B1296811B1204658
:10B050000AF064FB6B791BB1237B43F0010323737C
:10B06000204600F097FBC4F8904009B0F0BD0120E5
:10B07000D8E700BF35AD040037B501900846EFF3BF
:10B080001184202181F31288BFF36F8FC16811F002
:10B090001E0F16D153EA020508D101A9FFF70EFFD2
:10B0A00084F31188BFF36F8F03B030BD41F0080106
:10B0B000C160019981620449103000F0FBFC01205D
:10B0C000EEE70020ECE700BF6155050001460148AE
:10B0D000FFF7D2BF98220020F7B50C460190164624
:10B0E0001D46EFF31187202383F31288BFF36F8F80
:10B0F00008460AF0ECF955EA060309D101A92046F1
:10B10000FFF7DCFE87F31188BFF36F8F03B0F0BD4C
:10B11000E368074943F00803E360019BA3623246FA
:10B120002B4604F1100000F0C5FC0120EAE700BF47
:10B130006155050001460148FFF7CEBF9822002067
:10B140002DE9F0410546EFF31187202383F31288A0
:10B15000BFF36F8F0468A04223D014B320460AF0D7
:10B16000CAFA04F118000AF00EFC0026B046C4F832
:10B170008C8020460AF011FB2C68A54206F10106DE
:10B1800008D03CB120460AF0B6FA04F118000AF0E3
:10B19000FAFBECE70648394600F006FA3046BDE80F
:10B1A000F08187F31188BFF36F8F0026F6E700BFA9
:10B1B000345800202DE9F043073285B022F0070211
:10B1C0000E461F461099017300F158037F32C0E903
:10B1D00016330446002322F03F02042183604173AA
:10B1E0003F2A0F98A073C4E90633E37306F14009C0
:10B1F000A2F1400805D883F31188BFF36F8F08468A
:10B2000002DFB51829462046E3F79EF807300E9B6B
:10B2100020F00700E067C4E91D9802930D9B01939D
:10B220002D1A0C9B00932A463B4631462046E3F7F5
:10B23000E1FB0023636584F87030054B9B680BB11C
:10B24000D3F88030C4F88030284605B0BDE8F083DC
:10B250000C540020F0B587B000250595109D04958D
:10B260000F9D03950E9D0295DDE912760D9D0195CA
:10B270000C9D00950446FFF79DFFB6F1FF3F08BF08
:10B28000B7F1FF3F05D056EA070305D1204600F08D
:10B2900081FA204607B0F0BD3A46334604F1180063
:10B2A000014900F007FCF4E72158050040F20113C2
:10B2B00083810023C0E91D33C0F88030014B9860C2
:10B2C000704700BF0C5400200A4A93686FF00A01CF
:10B2D000C3F88C100849C3F888004B6843F08053CA
:10B2E0004B60002383F31188BFF36F8F9368D3F80B
:10B2F0008C0070470C54002000ED00E070B590F910
:10B300000D20437B002A36DBD90634D11B4C63F079
:10B310007F032246437352F8183FE169934207D1F5
:10B32000C0E900210860E06111E09942F8D01B6893
:10B33000002BF5D090F90E5093F90E60B542F4D081
:10B34000AE42F2DD5968C0E9003108605860A56975
:10B35000954200D005B9E568A3685A7BD20604D1AE
:10B36000DA897F2A01D9AA6932B1AB4202D02846D4
:10B3700000F01AFB656170BD6361FCE70C540020AE
:10B3800038B590F90D20437B002A014604DA03F01A
:10B390007F0343730AF0C7F90D4D2A46AB6852F894
:10B3A000184F944200D004B9EC688B4207D05A7B06
:10B3B000D20604D1DA897F2A01D9A2692AB1A3422F
:10B3C00002D0204600F0F0FA23466B6138BD00BF82
:10B3D0000C540020B3F1FF3F08BFB2F1FF3F03D090
:10B3E0000249183000F066BB704700BF21580500C5
:10B3F00070B590F90D20437B002A014604DA03F072
:10B400007F0343730AF08FF94B7B1C4C63F07F037F
:10B4100022464B7352F8183FE069934207D1C1E9C5
:10B4200000200160E16111E09842F8D01B68002B18
:10B43000F5D091F90E5093F90E60B542F4D0AE42BA
:10B44000F2DD5868C1E9003001605960A569A36860
:10B45000954200D005B9E5688B4207D05A7BD206E9
:10B4600004D1DA897F2A01D9AA692AB1AB4202D074
:10B47000284600F099FA2B46636170BD0C540020F9
:10B48000F8B50E4B0C4611460D4A98681060DDE980
:10B490000667EFF31182202282F31288BFF36F8FC9
:10B4A0009D6828460AF051F9284632463B46FFF788
:10B4B00091FF2046BDE8F840FFF706BF0C5400207E
:10B4C00034540020F8B50446EFF31187202383F3AA
:10B4D0001288BFF36F8F437B03F01F02002A0CBF5B
:10B4E0000126002649B239D103F07F0343730AF0E5
:10B4F0001AF92C4D437B817363F07F032A46437313
:10B5000052F8183F934227D1E869C4E9002004604B
:10B51000EC610FE09842F8D01B68002BF5D093F94E
:10B520000EC06145F6D08C45F4DD5968C4E90031A0
:10B530000C605C60AC69944200D004B9EC68AB6804
:10B540009C4202D0204600F02FFA6C6187F31188EC
:10B55000BFF36F8F3046F8BDE869DEE79B071ED565
:10B5600085680AF0E0F881732B689D4209D16B6809
:10B57000C4E900531C606C60E8E76A689342F6D047
:10B580001B68002BF3D093F90E209142F5D08A422C
:10B59000F3DD5A68C4E9003214605C60D6E7817359
:10B5A000D4E700BF0C54002049B9EFF3058030B94F
:10B5B000054B5A699B689A4201D0FFF785BE81F31B
:10B5C0001188BFF36F8F70470C540020034648B9B1
:10B5D000EFF3058232B9064A51699268914201D06F
:10B5E000FFF772BE83F31188BFF36F8F704700BF00
:10B5F0000C540020EFF31181202383F31288BFF352
:10B600006F8F054B9A68D37B013BD37381F311880D
:10B61000BFF36F8F704700BF0C54002070B5EFF37D
:10B620001186202383F31288BFF36F8F144DAB680C
:10B63000DA7B0132DA732A4652F8184F944200D06E
:10B6400004B9EC685A7BD20604D1DA897F2A01D981
:10B65000A2692AB1A34202D0204600F0A5F92346F0
:10B660006B6186F31188BFF36F8FEFF31180202396
:10B6700083F31288BFF36F8FBDE87040FFF7A6BF5A
:10B680000C540020024B03F11802C3E90622704754
:10B690000C54002070B5EFF31186202383F3128839
:10B6A000BFF36F8F1B4CA168E0690B68814214BF28
:10B6B0001A46002249680B605960A368E1692AB9FB
:10B6C000154AC3E900210B60E3610CE093F90E0019
:10B6D00092F90E50A84218D0854216DD5168C3E990
:10B6E00000210B605360A5690B4B9D4200D005B94A
:10B6F000E568A3689D4202D0284600F055F96561CF
:10B700003046BDE87040FFF7DFBD8A42D8D01268EE
:10B71000D5E700BF0C54002024540020F8B550EAAF
:10B72000010306460C4603D1FFF7B4FF0020F8BD25
:10B73000EFF31187202383F31288BFF36F8F124D2D
:10B74000124BA8681860FFF71BFEA8681049234633
:10B750003246183000F0AEF9AA68537B43F0040378
:10B76000537304463846FFF7AFFDAB68D3E90A23AD
:10B77000B3F1004F08BF002AD8D10AF02CF9201AE3
:10B7800020EAE070D3E700BF0C54002034540020BE
:10B790002158050038B50446EFF31185202383F3C3
:10B7A0001288BFF36F8F437B5B070FD518300AF009
:10B7B000EAF8637B23F0040320466373FFF79EFDE2
:10B7C00029460548BDE83840FFF7EEBE85F31188ED
:10B7D000BFF36F8F38BD00BF34580020014B98680D
:10B7E000704700BF0C5400202DE9F8430446077B46
:10B7F000EFF31185202383F31288BFF36F8F437B10
:10B80000190705D585F31188BFF36F8FBDE8F8835D
:10B81000D90943F008025DD14273A36813B12046F1
:10B8200009F089FF04F118000AF0ADF8A66D04F1E3
:10B830005808B04511D04FF0000976B1304609F0F4
:10B840007AFF06F118000AF09EF8C6F88C90304690
:10B85000FFF754FDA66DB045EFD1DFF8C080D8F8F2
:10B8600008309C423ED1EFF30589B9F1000918BFB9
:10B870004FF00109D8F81860294A964200D00EB955
:10B88000D8F80C60B34202D0304600F08DF8204664
:10B89000C8F8146003F090FCB9F1000F02D0214801
:10B8A000FFF704FDD8F808309C4231D1EFF305834F
:10B8B00073BB227BD20718D42846FFF705FDFB0790
:10B8C000A4D5002383F31188BFF36F8F0423184698
:10B8D00002DF9BE703F07F0343F00803437309F0A3
:10B8E00022FF9AE74FF00009C4E785F31188BFF300
:10B8F0006F8F83F31188BFF36F8F0423184602DF25
:10B90000EFF31180202383F31288BFF36F8FD4E706
:10B9100085F31188BFF36F8FD1E700BF0C5400206F
:10B920002454002048230020D3B5DDE90667089C95
:10B93000CDE90067FFF7A4FD1CB1034B9B681B69B1
:10B94000236002B0D0BD00BF0C540020044BC01ACD
:10B95000044BC0105843044B01221A54704700BFD7
:10B96000D8230020ABAAAAAA34580020C3897F2B71
:10B9700012D80A4B1B6863B1094B90F90E201B6863
:10B980009A4209DB437BDB0606D1064BC31A18BF7C
:10B99000012303F0010070470023FAE74407002069
:10B9A000385400207821002070B50E4B0E4C1E7CC0
:10B9B00006EB460304EBC3040546204609F0E3FF0B
:10B9C0000A4B002228469A55FFF7D0FF48B1084B92
:10B9D00008491A68013A2046D317BDE8704000F0C4
:10B9E00069B870BD0C540020D823002034580020C2
:10B9F000440700204DB9040038B5EFF3118520232A
:10BA000083F31288BFF36F8F104B114A9C68106844
:10BA1000A04206D1FFF7C8FF85F31188BFF36F8FEF
:10BA200038BD00211B7C11600A4AD35C002BF3D087
:10BA30002046FFF79BFF0028EED0637BDB0602D198
:10BA40002046FFF7D5FC2046E4E700BF0C54002059
:10BA50003454002034580020024B1868984208BF24
:10BA60000020704748070020034B1B680BB9FBF709
:10BA70002DBF0020704700BF3C54002030B570B18E
:10BA80000B4B5B6898420AD0036843B1D3E90421A9
:10BA9000D0E90445121941EB0501C3E90421D0E9BD
:10BAA000003213605A600023C0E9003330BD00BF8C
:10BAB00048070020B3F1FF3F08BFB2F1FF3F2DE977
:10BAC000F84F0446994615461F467AD08160EFF339
:10BAD0001188202383F31288BFF36F8FB9F1000F11
:10BAE000DFF8E4A020DBFFF7BFFFDAE9002701352C
:10BAF00049F100092D1849EBE073C4E90453AD186E
:10BB0000064643EB07074FF00109FFF7A5FFDFF8F3
:10BB1000BCE0DEF804A00346EBB9C4E900EACAF8C9
:10BB20000040CEF8044028E0DAE900126FF001038B
:10BB30005B1A4FF0FF3161EB02025B1B62EB090203
:10BB4000012B72F10001BCBF01230022C0E90432C5
:10BB50004FF00009D9E7D3E9041CD4E904208A4254
:10BB600070EB0C0B24DA891A5A686CEB0000C3E9FD
:10BB70000410C4E9003214605C60FFF76DFF84427A
:10BB80000ED1134B1B685BB9B9F1000F02D1FFF75F
:10BB90006BFF0646304609F0DFFE0021FBF768FE2A
:10BBA00088F31188BFF36F8F28463946BDE8F88FB8
:10BBB000521A60EB0C009A45C4E90420ADD01B6812
:10BBC000AAE700252F46EFE7F023002048070020D2
:10BBD0003C5400202DE9F047EFF31185202383F337
:10BBE0001288BFF36F8FDFF8A490DFF8A480C9F844
:10BBF0000000FFF731FF00260027D9F80030D8E910
:10BC000000ECD91750B1D0E90442A34271EB020A0B
:10BC10001CDAE41A62EB0102C0E9044213EB0E03E2
:10BC20004FF000044CEB01012046C8E90031C9F88F
:10BC3000004009F091FE2146FBF71AFE85F31188BA
:10BC4000BFF36F8FBDE8F047FFF7D6BE14EB0E02CF
:10BC50004CEBE473C0E90467C8E90023FFF70EFF6B
:10BC600085F31188BFF36F8F83689847EFF31185D1
:10BC7000202383F31288BFF36F8FD9F800301B1B8A
:10BC8000C9F80030FFF7E8FEB7E700BF3C540020DA
:10BC9000F023002010B5EFF31184202383F31288E2
:10BCA000BFF36F8FFFF7E0FE054A0346D2E90001BC
:10BCB000181841EBE37184F31188BFF36F8F10BD47
:10BCC000F0230020F8B50646EFF31187202383F315
:10BCD0001288BFF36F8F026822B187F31188BFF318
:10BCE0006F8FF8BDD0E90A54691C44F100030229A2
:10BCF00073F1000334D3013D44F1FF34002CBCBF89
:10BD000015462C4609F06BFE013041F10001401947
:10BD100044EB0101012871F100014ADB09F05FFEEB
:10BD2000013041F100016FF00203401944EB0101C1
:10BD300083426FF000438B4140DB09F050FE01303D
:10BD400041F100016FF00102401944EB01044FF092
:10BD5000FF33121A63EB04031A493046FFF7AAFEB9
:10BD6000336B01333363336A6BB187F31188BFF3ED
:10BD70006F8F336A30469847EFF31187202383F3A0
:10BD80001288BFF36F8F334653F8184F9C42A4D0EC
:10BD9000002CA2D0204609F00FFD0023C4F88C30FF
:10BDA00087F31188BFF36F8F2046BDE8F84009F094
:10BDB000F4BC6FF001024FF0FF33CDE700224FF0EB
:10BDC0000043C9E7C5BC04002DE9F04105461C4607
:10BDD00090461F46EFF31186202383F31288BFF3AA
:10BDE0006F8FB4F1FF3F08BFB2F1FF3F05D186F37B
:10BDF0001188BFF36F8FBDE8F081002C09DB012AA9
:10BE000074F10003BCBF0122002412F1FF3844F199
:10BE1000FF37284609F0B7FDDDE906010023C5E933
:10BE20000A012B6342463B4628460249FFF742FE81
:10BE3000DDE700BFC5BC040038B50346EFF311854C
:10BE4000202282F31288BFF36F8FC16001218160CD
:10BE50000068834206D185F31188BFF36F8F0024F9
:10BE6000204638BDD0E9003213605A600023C0E993
:10BE7000003309F024FE294604460248FFF794FBEC
:10BE8000EEE700BF355800202DE9F04385B04FF0B4
:10BE900000090546CDF8049000F10C07EFF3118876
:10BEA000202383F31288BFF36F8F8368594003EA1E
:10BEB00002060A4053400E4901AACDE9023909F0B1
:10BEC00029FD019C3CB1C4F88C9020460021646E91
:10BED00009F083FCF6E7DDE9023223EA0203384683
:10BEE000AB604146FFF760FB304605B0BDE8F0832C
:10BEF000095C0500F8B507460C46164609F008FC33
:10BF000008B10020F8BD0E4B9B68D3F88050002D7F
:10BF1000F7D0221DF5D2EFF31184202383F312888A
:10BF2000BFF36F8F47F004012846B04784F31188B0
:10BF3000BFF36F8F0028E4D040F8045BE2E700BF56
:10BF40000C5400200146024A0020FFF7D3BF00BF77
:10BF500083DD0400014802F01DB800BF6BB6050088
:10BF60000CB430B58BB004460D462022002102A847
:10BF700009F087FE02238DF80A30002D0C4B039345
:10BF8000069412DB01D06B1E1C440FAA0E99079475
:10BF900002A8019200F0A4FA15B1069B00221A70C3
:10BFA0000BB0BDE8304002B070470024EDE700BFA1
:10BFB00077600500242A2DE9F041044601D8012AC2
:10BFC00049D10AF061F8354B16221A5001B10C60C4
:10BFD0000020BDE8F08135462E4616F8010B2028DA
:10BFE000F9D0A0F10907042F0346F4D92B2834D047
:10BFF0002D2835D14FF0010C6B78AE1C302B36D18B
:10C00000307840F0200078282DD132F010002AD16D
:10C0100073783446102202360CF10047013F0020AD
:10C02000B7FBF2FE02FB1E78392B82BF03F1FF3310
:10C0300043F02003263B303B9A421FD9704502D87B
:10C0400019D1984517D24CF0020C3546344615F8F4
:10C05000013B2E46E8E70546BEE74FF0000CCBE774
:10C060004FF0000CCAE7002A08BF0822D4E7002AD4
:10C0700008BF0A22D0E700FB0230E6E701B10C60FE
:10C080001CF0010F18BF40421CF0020FA1D009F0B4
:10C09000FBFF024B22221A5038469AE70C000000A0
:10C0A000242A2DE9F74F81468A4601D8012A5BD11F
:10C0B00009F0EAFF454B16221A50BAF1000F01D0E1
:10C0C000CAF800900020014603B0BDE8F08F394661
:10C0D0000F4617F8013B202BF9D0A3F109000428E3
:10C0E0001C46F4D92B2B41D02D2B42D14FF0010807
:10C0F0004C788F1C302C44D13B7843F02003782BB4
:10C100003AD132F0100337D17C78B9461025023786
:10C1100018F1FF3B6FF0004343F100030193002649
:10C1200001992A4633465846DBF756FC034630460B
:10C13000392C82BF04F1FF3444F02004263C303C0B
:10C14000A5422BD9834271EB060C05D38E4208BF62
:10C1500098421BD1A24219D248F00208BC46B94607
:10C160001CF8014B6746E3E70146B1E74FF00008D2
:10C17000BEE74FF00008BDE7002A14BF15460825AA
:10C18000C6E7002A14BF15460A25C1E7A5FB000C27
:10C1900005FB06C6201846F10006DFE7BAF1000FDE
:10C1A00001D0CAF8009018F0010F02D0404266EBAF
:10C1B000460618F0020F06D009F066FF034B019EF9
:10C1C00022221A50584631467EE700BF0C0000007C
:10C1D000242AF0B5044601D8012A40D109F054FFC1
:10C1E0002D4B16221A5001B10C600020F0BD2F46D5
:10C1F0003D4615F8010B2028F9D0A0F10906042EC0
:10C200000346F4D92B282CD02D282CD101267B785D
:10C21000BD1C302B2DD1287840F02000782824D167
:10C2200032F0100021D16B782C461022023500200C
:10C23000392B82BF03F1FF3343F02003263B303B11
:10C240009A421AD9A0FB02040CB9C01801D346F0D7
:10C2500002062F462C4617F8013B3D46E8E7074605
:10C26000C6E70026D3E70026D3E7002A08BF082246
:10C27000DDE7002A08BF0A22D9E701B10C60F20706
:10C2800048BF4042B307B1D509F0FEFE024B22225F
:10C290001A504FF0FF30A9E70C000000242AF0B537
:10C2A00005460E4601D8012A0AD109F0EDFE3D4BA4
:10C2B00016221A5006B1356000200146F0BD204616
:10C2C000044614F8011B2029F9D0A1F10907042F15
:10C2D0000B46F4D92B2939D02D293AD14FF0010C36
:10C2E0004378841C302B3BD1217841F02001782900
:10C2F00032D132F010012FD163782546102202345A
:10C3000000200146392B82BF03F1FF3343F02003A5
:10C31000263B303B9A4232D9002729BBA0FB02E5DD
:10C3200017F001077046294608D11EEB030E55F1A0
:10C33000000528BF0127704629460FB14CF0020CBA
:10C340002746254617F8013B3C46DBE74FF0000C3B
:10C35000C6E74FF0000CC5E7002A08BF0822CFE768
:10C36000002A08BF0A22CBE7A2FB0151A0FB02E092
:10C370002D1841F10001002918BF0127D0E706B1AF
:10C3800035601CF0010F02D0404261EB41011CF00E
:10C39000020F93D009F078FE024B22221A504FF080
:10C3A000FF308AE70C0000002DE9F0410126074626
:10C3B000B24201DCBDE8F0813B461F4613F8014B59
:10C3C000002CF7D0252CF8D11C78252C07F102077A
:10C3D000F2D00023DFF804819C461D461F2D18D89B
:10C3E000A4F1200EBEF1100F09D9A4F1300EBEF158
:10C3F000090F1ED80A2404FB03E3202504E028FAD1
:10C400000EFE1EF0010F06D017F8014B002CE5D1EF
:10C4100028E07F2D1CD8A4F1300EBEF1090FE9D918
:10C42000242C10D1BCF1000F46D0B34246D00023DB
:10C43000EAE724F0040EBEF12A0FF8D06C2C09D1E3
:10C4400045F08005E0E724F0040EBEF12A0FEED09F
:10C450006C2C22D06C2C1BD8682C23D06A2C28D0B2
:10C460004C2C26D0BCF1000FA4D0B445A0D144F090
:10C470002007A7F1650CBCF1020F0B6801D9612FF1
:10C480001ED1073323F0070308330B6001368EE714
:10C49000742CB9D07A2CB7D0E4E72C0648BF45F409
:10C4A0000075CDE7EC0548BF45F4007545F480758F
:10C4B000AAE745F42075A7E79C46B8E76324D6E7CA
:10C4C000692C02D007D8632C03D02F0601D5AC0508
:10C4D000D7D40433D9E7732CF6E700BF89280100CD
:10C4E0002DE9F04F95B04368039383788046980711
:10C4F000CDE9081217D50D920B4600251F78A7B17C
:10C50000252F16D001330793039B414638469847A1
:10C51000002805F1010580F2398498F8023043F0D3
:10C52000040388F802304FF0FF35284615B0BDE807
:10C53000F08F5F789A1C252F0792E5D000242646BD
:10C54000A246A346BBF11F0F32D8A7F12003102B40
:10C550000AD8DFE803F02409092A0909091B090997
:10C560000922092709091900A7F13003092B2DD940
:10C570002A2F39D154B90D9B1BF0400F53F8042BCF
:10C580000D9329D0164601E04BF0010B079B13F8E1
:10C59000017B0793002FD5D15BE04BF0020B4BF0F2
:10C5A000040BF3E74BF0080BF0E74BF0100BEDE753
:10C5B000BBF17F0F3FD8A7F13003092BD8D81BF070
:10C5C000400F03D00A2202FB0636DFE70A2202FBF5
:10C5D0000A3A4BF0200BD9E7B2F1000AF9DACAF1B6
:10C5E000000A4BF0280BD1E72E2F05D11BF0400F8E
:10C5F0009BD14BF0400BC9E7242F1CD1002C00F03D
:10C600004281099B0D931BF0400F0AD152460898B6
:10C610000DA9FFF7C9FE0D9B1A1DD3F800A00D92BE
:10C62000B4E7324608980DA9FFF7BEFE0D9B1A1D10
:10C630001E680D92AAE76C2F00F0128100F20981AA
:10C64000682F00F015816A2F00F01A814C2F00F03E
:10C65000178134B1099B08980D9322460DA9FFF765
:10C66000A3FE002E47F02009B8BF2BF0400BA9F124
:10C670006503BCBF1FFA8BFB0026022B40F208812A
:10C68000B9F1610F40F06782FF4307F02003069382
:10C690000D9B073323F007031BF0400FD3E9000184
:10C6A00003F1080208BF4FF0FF36069B0D9200937E
:10C6B0000EAA334609F04BFC0130C3B2B3424BF42F
:10C6C000C054049301DB049B5E1E01230E9F05935F
:10C6D000A3464FF0700907F10903122B0DD907F19A
:10C6E0006303C62B40F20F8107F2E73340F2CE72AC
:10C6F000934294BF0323042305939DF83C2002F04A
:10C700000C0312F0010240F019811BF0020F40F0FF
:10C7100012811BF0040400F0F880002B40F011811E
:10C7200020231BF4405F1FD1049A5032002E6A442C
:10C7300008BF0126133A049921B112F8011D3029CE
:10C7400000F036811BF0100F049A18BF3246391DD5
:10C75000C0F23381B74280F23081BA424BF4005BC1
:10C7600040F32D817E1C961B1BF400520A9200F0B0
:10C77000288127EAE774013403B10134002E00F068
:10C780002881721C1444A245CCBFAAEB04040024E7
:10C790001BF0090F04D12C44A54240F01F81002456
:10C7A00043B118464146039B9847002805F101050F
:10C7B000FFF6B3AE1BF4006F13D0039B414630204D
:10C7C00098470028FFF6A9AE069BC3F178004146C2
:10C7D000039B00F0F8009847002805F10205FFF6DA
:10C7E0009CAE1BF0080F05D12C44AC4240F00281F6
:10C7F000254600240A9B002B00F01C8127EAE77ADB
:10C80000A7EB0A077642049BBB4284BF0EABFB1822
:10C810000AF1FF3A88BF5879039B98BF30205645EC
:10C8200005F10109414600F3EF809847002807F120
:10C830000107FFF672AEBAF1FF3F08D1039B4146F4
:10C840002E2098470028FFF668AE05F102094D46F4
:10C85000D9E7742F3FF49AAE7A2F3FF497AEF8E6FB
:10C860001BF0800F18BF4BF4007B4BF0800B8DE664
:10C870001BF4807F18BF4BF4007B4BF4807B85E674
:10C880004BF4207B82E62646B3465446B2467DE60C
:10C89000FF4307F0200306930D9B073323F00703A4
:10C8A0001BF0400F03F1080208BF0626B9F1650F1F
:10C8B000D3E900010D9213D1731C0022DBB24BF4BB
:10C8C000805B1446112BCDE9002428BF11230EAA4A
:10C8D00000F0FCFAC3B2049302230E9F0593FAE61C
:10C8E000B9F1660F05D14BF4005B344601221123E8
:10C8F000E8E7F3B2012B4FF0000238BF01231446E2
:10C900004FF06509DEE70223F6E6002B3FF409AF9E
:10C91000BAF1030F3BDC9DF83C30A64E13F0080F34
:10C92000A54B08BF1E463746B94617F8010BB0BBEA
:10C93000AE1BB1447BE033BB2B23F2E62BBB2D2394
:10C94000EFE62022BAF1040F13DD1BF0080FAAF165
:10C9500004040FD12C44039B0492414620209847A5
:10C96000002805F10105FFF6D8ADA542049AF2D1E1
:10C970009AB10024039B414610469847002805F1D0
:10C980000105C8DAC9E52B22DCE72D22DAE71BF026
:10C99000080FAAF10304BED1DCE71446BBE7069BEF
:10C9A000C01A4146039BC0B298470028BCDAB4E5E0
:10C9B00004990139C9B20491BDE6561ED4E6002699
:10C9C000D2E61BF4006F059A0CBF0324052414441F
:10C9D000D2E61BF0100F18BF0134D4E60B9341468A
:10C9E000039B2020984700280B9B05F10105BFF60B
:10C9F000D3AE92E5039B414630209847002805F1CD
:10CA00000105BFF6F2AE88E598470028FFF685AD30
:10CA10001BF0100F0BD0BAF1FF3F08D105F102094E
:10CA200041462E20039B98470028FFF676AD4D46E1
:10CA30004C4433E29DF83D00039B41469847002853
:10CA4000FFF66BAD002E69DD039B41462E20984713
:10CA50000028FFF662AD4FF0010A049B9A45BBBF68
:10CA60000EAB534430205879039B41469847002829
:10CA7000D346FFF652AD0AF1010A5645EDDA02350A
:10CA80005D44069BA9EB03004146039BC0B2984757
:10CA90000028FFF642AD002FB4BF2D202B20039BB2
:10CAA0004146B8BF7F4298470028FFF636AD059B48
:10CAB000042B41D14FF47A79B7FBF9F606F1300037
:10CAC000039B4146C0B29847002805F10305FFF6D5
:10CAD00024AD09FB16774FF06409B7FBF9F606F1B0
:10CAE0003000039B4146C0B29847002805F101057C
:10CAF000FFF613AD09FB16774FF00A09B7FBF9F6FD
:10CB000006F13000039B4146C0B29847002805F16A
:10CB10000105FFF602AD09FB167715E01BF0100FBB
:10CB200001D10135ADE7039B41462E2098470028EF
:10CB300005F10205A5DAF0E4059B032B05F10205DA
:10CB4000C9D0059B012BD7D107F1300005F10109B0
:10CB50004146C0B266E7A7F16303122B00F2FF80E3
:10CB6000DFE813F013005700FD00FD00FD00FD009D
:10CB70005700FD00FD00FD00FD00FD001701F8005D
:10CB8000FD00FD002C00FD00B9000D9B1A1D1B6867
:10CB90000D928DF8383001240EAF1BF0080F2ED007
:10CBA0003E19B946B1452CD1EF1BB944AAEB040498
:10CBB0003DE700BF93B605003E8C05000D9B1A1D96
:10CBC0000D921F68AB4B002F08BF1F461BF0400F94
:10CBD00014BF31464FF0FF31384609F07AF8044669
:10CBE000DBE7039B4146202098470028FFF695ACE1
:10CBF000013EB442F5D35544AD1BB246D0E756468C
:10CC0000F7E719F8010B039B414698470028C9DA5A
:10CC100083E41BF0800F0D9B35D01BF4007F2DD0DB
:10CC2000073323F00703D3E9000103F108020D9253
:10CC30002BF0100900291FFA89F936DA404261EB1E
:10CC4000410149F480690DF1380B0A235A4609F075
:10CC50004CF819F0400FA0EB0B0B65D029F0010246
:10CC60005E4592B240F3B280002F00F0A98019F027
:10CC700010033446914626D002345CE01A1D186831
:10CC80000D92C117D4E71A1D1BF4807F19680D920D
:10CC900001D10846F5E71BF4007F15BF48B208B282
:10CCA00041F3C01141F3C031C2E750EA0103CAD1D8
:10CCB0001BF0400FC7D0002EC5D12BF0110B1FFA6F
:10CCC0008BF93446B34640F2064319EA03031CBF0E
:10CCD000013400232FE02BF0100B1FFA8BFB0A23EB
:10CCE0001BF080040D9A57D01BF400711DBF073252
:10CCF00022F0070202F10801101D19BF0D91D2E9BF
:10CD000000010D90106850EA010252D12BF0160973
:10CD10001BF0400F1FFA89F94FD0002E4DD12BF098
:10CD2000170B1FFA8BF9B34619F0100352D0002FDE
:10CD30004ED10BF1010419F0080F5ED119F0010F6B
:10CD400006D0A2456EDDAAEB040404EB0B065446A4
:10CD500022464DE04BF0100B10237827C0E7B9F1C5
:10CD6000780F04D1C7F1780343F01003B8E7039BB1
:10CD70004146252098470028FFF6CFAB039B41464C
:10CD8000384698470028FFF6C8AB0235079BFFF7E7
:10CD9000B5BB08230027A3E7111D0D911BF480717B
:10CDA0001068B0D01BF400711ABFC0B2214680B227
:10CDB000A9E72BF0060B1FFA8BF90DF1380B45E7AD
:10CDC00029F011091FFA89F934467CE79146ABE74F
:10CDD0005C4651E75C4676E7CDE904234146039B78
:10CDE000202098470028FFF698AB049A059B013253
:10CDF0009245F1DC2C1BA5181446F3B1039B414668
:10CE0000302098470028FFF688AB6FB90135A94656
:10CE10002E44A6EB09035B4521DC5D460EAE5DBBEF
:10CE2000D944C3E65E4693E7023541463846039B44
:10CE300098470028EBDAFFF770BB40F2064319EA87
:10CE4000030FE4D019F0020F14BF2B20202019F497
:10CE5000806F05F10105414618BF2D20E7E7039BD0
:10CE6000414630209847002809F10109D1DAFFF73F
:10CE700054BB00BF97B60500013D039B705D414662
:10CE800098470028CBDAFFF748BB039B4146202098
:10CE90009847002805F10105FFF63FAB631B002B07
:10CEA000F3DC73E71FB502AB0093074A4FF0CC33B6
:10CEB00008F0FEFFDDE90201C00840EA4170C90840
:10CEC00005B05DF804FB00BFCDCCCCCC2DE9F04F14
:10CED0009BB0044605920A460A93C2F30A559DF890
:10CEE00090300B93D20FC1F313030992090D7DB952
:10CEF00050EA03021BD1059A30235371099B156038
:10CF000043F002031371012738461BB0BDE8F08FD0
:10CF100040F2FF7295424AD10343099B059A14BF20
:10CF200043F0080343F0040313710027ECE700F01B
:10CF3000010208924FEA83080122AC4D48EA90783A
:10CF400087009A461646C5F1000B5846069200F037
:10CF500011FAB5F1FF3FACBF8146A0F10109ABEB7F
:10CF6000090B09EB05035846049300F009FA16A9CA
:10CF7000A0F17D05584600F023FA12AB069A019302
:10CF8000A9EB050510AB0292009320462B4616AA8A
:10CF9000514608F0D2FEB9F1010F04460D4600F2E9
:10CFA000D280089B002B40F0C58001276BE043F442
:10CFB000801A00F001024FEA8A080343A5F23545C2
:10CFC000089248EA90784FEA800749D140F2FE7310
:10CFD00019420CBF01260026002D3246B3DB28463D
:10CFE00000F0C2F9032DC8BF0138049000F0C8F961
:10CFF000049B7C305D1B054416A9184600F054FACA
:10D0000012AB019310AB009320462B46029616AA52
:10D01000514608F092FE049B152B04460D4600F283
:10D02000868014AB724A009338464FF0CC334146A9
:10D0300008F03EFF149B159A9B0843EA827303EBAA
:10D040008303BB42DDE9109A0CD13846414600F01B
:10D050009FF9049B83428CBF00270127002612E022
:10D060000126B9E7089B002B51D1013F48F1FF3160
:10D07000B81B61F1000100F08BF9049B089F83420B
:10D080008CBF002601260B9B002B40F09180DDF821
:10D0900028B04FF00008CDE906884FF00A0ADDE914
:10D0A0001001FFF7FFFE129B0E93CDE90C0118460D
:10D0B0001399FFF7F7FE0C9B0D9A0F9198420B46C0
:10D0C0009341814680F08E8020462946FFF7EAFE94
:10D0D0000E9A0AFB09F3934214BF002606F00106DC
:10D0E0000C9B10930D9BCDE911390F9B1393079B5C
:10D0F000B8F1000F14BF002707F0010701330AFB46
:10D1000010485FFA88F8079304460D46C7E7B81C35
:10D1100048F1000100F03CF9049B83428CBF0020E1
:10D120000120B9EB00006AF10002CDE910020027EE
:10D130003E46A8E7109B119A013B42F1FF32CDE930
:10D14000103201278AE7B9F13E0FF0D84FF0FF33D4
:10D15000A9F1200003FA09F203FA00F0C9F1200155
:10D1600023FA01F102430A4303FA09F327EA03070A
:10D1700028EA020857EA08070CBF012700276DE7D5
:10D1800000FB02FCA1FB0012013362448C4275EBF0
:10D19000020CF5D2049ADDF828B01344259A134402
:10D1A000D20F9342B8BF13469B45A8BF9B4670E77A
:10D1B0000A21002201230846E8E70AFB03F0A2FB4C
:10D1C0000A2301310344944275EB0300F5D259451B
:10D1D00010DDBBF1000F02D154EA05030AD0012390
:10D1E000069371E70A2200230121ECE7CCFBFFFF45
:10D1F000CDCCCCCC002E2FD04FF00A0A129B139925
:10D200000D931846FFF74EFE0D9B0C910AFB00F2A2
:10D210009A42814620D1DDE91001FFF743FE0E90CE
:10D220000D9120462946FFF73DFE0D9B0E9A109268
:10D23000CDE911390C9B1393079BB8F1000F14BF74
:10D24000002707F0010701330AFB10485FFA88F84E
:10D25000079304460D46D1E7DDF81090079B9944EB
:10D26000002F5AD0B8F1050F57D114F001034AD15D
:10D27000069A32B9DDE912239D4208BF94425FD07D
:10D28000069B18194FF00A0445F1000100220126FF
:10D290002546A04271EB020755D2EBB1B3451BDA2C
:10D2A0000B9B6BB1259ADDF828B006EB09031344FC
:10D2B000012BB8BF01239B45A8BF9B465E450BDDF4
:10D2C00005304FF00A024FF0000341F10001DAF798
:10D2D00083FB09F10109013E5E45A8BF5E4637B2F6
:10D2E0000FFA89F9059B09FA86F607F10508013E50
:10D2F00098444FF00009B9452CDB059B1A461E6087
:10D30000099B137100E6069B2BB9DDE912239D42B0
:10D3100008BF944209D00123B3E7069B53B9DDE966
:10D3200012239D4208BF944204D1089B002BF2D1E6
:10D33000002EF0D0B8F1040F94BF00230123A0E722
:10D340004FF00408F1E705FB02F7A4FB05420136A4
:10D350003A449EE70A220023DAF73EFB303208F80F
:10D36000012D09F10109C6E7014B5843800C7047B4
:10D3700041340100014B5843000D7047FB2E0B0058
:10D38000024B5843C00C0130704700BF4F9312004E
:10D390000A4A70B503464FF0CC3600204FF03335C3
:10D3A00006FB03F402FB0144A3FB023121449D422E
:10D3B00075EB010401D30130F2E770BDCDCCCCCCCC
:10D3C0002DE9F04F1A23354EB0FBF3FA03FB1A0395
:10D3D00089B004460D4606EB0A1653B9D6E9002378
:10D3E000C1E90023D6E90201C5E9020109B0BDE89F
:10D3F000F08F2B4A02EBC303D3E9008904AB0093FF
:10D40000D6E902234046494608F052FD06AB009398
:10D41000D6E9002383460F464046494608F048FDBA
:10D42000DDE9066216EB0B0652EB07084FF000032E
:10D4300028BF0123814633B1049B059A013342F191
:10D440000002CDE9043220460391FFF799FF074619
:10D450001A2000FB0AF0FFF793FF3F1A32464346BB
:10D4600003990097484608F03EFD4FEA141C0D4A08
:10D47000640004F01E0352F82C40DC4004F0030466
:10D48000241841F10001C5E90041DDE904230097BA
:10D490003046414608F027FDA6E700BF18690500A1
:10D4A00048680500B88105002DE9F04F1A27DFF81C
:10D4B000E4A000F11905B5FBF7F56F433A1A4FEAFE
:10D4C000051B89B004460E460AEB05150AD1D5E9BD
:10D4D0000023C1E90023D5E90201C6E9020109B030
:10D4E000BDE8F08F2C4B03EBC203D3E9008904ABFA
:10D4F0000093D5E902234046494608F0D9FC5AF882
:10D500000B206B68013ACDE9020106A963F1000323
:10D5100000914046494608F0CBFCDDE906528A46B8
:10D5200002996D18039952EB01084FF0000328BFD0
:10D530000123814633B1049B059A013342F1000275
:10D54000CDE904323846FFF71BFF07462046FFF7B8
:10D5500017FF3F1A2A46434600974846514608F0AF
:10D56000C2FC4FEA141C0D4A640004F01E0352F87A
:10D570002C40DC4004F003040134241841F1000184
:10D58000C6E90041DDE9042300972846414608F03A
:10D59000AAFCA2E7E8690500486805000C820500BE
:10D5A0005A4A8A432DE9F0410B4606460F4616D1EA
:10D5B000002908DA08F0B6FC28B930463946BDE83B
:10D5C000F04100F019B932463B4630463946D9F7AA
:10D5D0009DFD06460F4630463946BDE8F0810029DC
:10D5E000044615DC21F000420243F4D00029E6D1C4
:10D5F0000022002B70D00021DE0271D5481E121AC5
:10D6000021B1C1F1200024FA00F003438C4001E075
:10D610000A15EDD0C3F31303D50743F480135CBFA1
:10D620005B0003EBD473A2F2FF3058BF64005B00D1
:10D63000002703EBD473401064004FF0160EB84679
:10D640004FF4001208EB02019942DEBF5B1A02EBB5
:10D650000108BF185B00BEF1010E03EBD4734FEA63
:10D6600052024FEA4404EDD1F44620254FF0004128
:10D67000984501EB0E0236DB0BD1A24209D8002AF5
:10D6800001EB020E02DABEF1000F33DA0023A41A16
:10D690008C445B00013D03EBD4734FEA51014FEA28
:10D6A0004404E5D1234308D0BCF1FF3F13BF0CF184
:10D6B00001030137AC4623F0010C7A104FEA5C03FA
:10D6C000F90702F17F5202F5001248BF43F0004310
:10D6D00002EB00571E467EE7E30A153A640588E729
:10D6E0005B00013188E7002A01EB020E0BDABEF184
:10D6F000000F08DB08F10106A242A3EB080300D9E2
:10D70000013BB046C3E74646F6E700BF0000F07FA6
:10D71000F8B51646C1F30A5204460D460B46B2B997
:10D7200021F00047074332D0244B0022D9F7A4FE52
:10D73000C1F30A520D460B4621498E420446A2F11E
:10D7400036020EDAE80FBDE8F84008F0F8BB40F208
:10D75000FF77BA4205D10246D9F7D8FC04460D46F8
:10D7600015E04CF250318E4204DDD80FBDE8F84090
:10D7700000F02AB8324440F2FE718A42F5DC002AF9
:10D7800008DD23F0FF4323F4E00343EA025520467B
:10D790002946F8BD12F1350F01DAD80FD3E723F08F
:10D7A000FF43363223F4E00343EA02552046054B9B
:10D7B00029460022D9F760FED0E700BF00005043A1
:10D7C000B03CFFFF0000903C10B1034900207047BF
:10D7D00002490020704700BF0000F0FF0000F07F0A
:10D7E00010B103490020704702490020704700BF74
:10D7F0000000F0FF0000F07F08B508F093FB01493E
:10D80000002008BD0000F87F70470020704708B571
:10D81000DDF722FF18B1BDE80840DDF72BBF08BDDA
:10D82000DDF728BF014640F2E73008B54FF47A72C1
:10D83000002300EBC1304914DAF7CEF8BDE8084008
:10D8400008F024B800207047DDF714BF2DE9F0413F
:10D850008046B8200F4616461D46E1F707FB0446F2
:10D8600078B31F22414608F024FA1A22394604F1FF
:10D87000200008F01EFA0B991F2204F1510008F055
:10D8800018FA0C991F2204F1710008F012FADDE970
:10D890000623C4E91023DDE908230021C4E92C1183
:10D8A000C4E912239DF92830E17784F83A1084F80E
:10D8B000701084F89010A687E58784F8503084F8BB
:10D8C000AF102046BDE8F0810023C0E9003383603B
:10D8D0007047D0B588B0DDE910670446CDE902672E
:10D8E0000846DDE90E6711461A46149B0693139B02
:10D8F00005939DF948300493CDE90067BDF83030B9
:10D90000FFF7A4FF68B16368C0F8B0300023C0F827
:10D91000B43063683BB1C3F8B400A36860600133FE
:10D92000A36008B0D0BD2060F7E710B504460846F4
:10D9300071B1D1E92C2362B1C2F8B430D0E92C32F4
:10D940004AB1C2F8B030E1F7ABFAA368013BA3607B
:10D9500010BD2360F2E76360F5E738B504680D4653
:10D960000CB9204638BD294604F12000DAF74EF8FC
:10D970000028F6D0D4F8B440F2E790F9AF30C218DE
:10D98000013382F891101E2293FBF2F102FB113356
:10D9900080F8AF307047F8B5A0F10807A1F108068C
:10D9A000A2F1080500F17804F7E90201F6E9022383
:10D9B000D9F7ACFBA742E5E90201F5D1F8BDD0B536
:10D9C000002301EBC30200F12004F0E80267A0424B
:10D9D000E2E80867F9D10133042BF2D1D0BD2DE97B
:10D9E000F04F89B0CDE905120793129B0024DB00AC
:10D9F00006460293A046A146059B994536D0139B47
:10DA000003EBC80706EBC4030393069B1C4406EB19
:10DA1000C4030493002517E0DBE90023FAE80201C0
:10DA2000D9F72AFD0B460246DDE90001D9F76EFB66
:10DA3000029BCDE900019B44049B9A45ECD1DDE9B2
:10DA40000023E7E802230135129B9D4209D0079B82
:10DA5000DDF80CA003EBC50B00220023CDE9002369
:10DA6000EAE7129B09F101099844C5E709B0BDE84E
:10DA7000F08F2DE9F04700254FEAC20A00EBC208FB
:10DA80004FEAC1092C468C420FD000EBC50E03EBC8
:10DA9000C40C04E0FEE80267CCE90067CC44C6454C
:10DAA000F8D10134D0441544EDE7BDE8F0872DE905
:10DAB000F04FA5B0CDE9021204460DF110084FF069
:10DAC0000009C246002504F1200716E0FBE8082300
:10DAD000F6E80201D9F7D0FC02460B46DDE9000169
:10DAE000D9F714FBBE42CDE90001EFD10135024662
:10DAF0000B46042DEAE8022308D0029B002203EB28
:10DB0000C50B0023CDE900232646DFE709F1040910
:10DB1000B9F1100F08F1200801D03446D1E703987D
:10DB2000802204A908F09FF825B0BDE8F08F00EB33
:10DB3000C100408840087047F8B50346FFF7F7FF7B
:10DB4000B0FA80F0C0F11F0003EB800CCA00DCF8D3
:10DB50001060171D0C4606328DB256B9012101FA2C
:10DB600000F0D9680143D960CCF81040DD539D52D4
:10DB7000F8BDF1000431585AD85303EBC0009E524F
:10DB8000C5805D52F4E710B500EBC104E38899420B
:10DB900002F104010AD1012303FA02F2C36823EA65
:10DBA0000203C360002340F8213010BDA28840F872
:10DBB000213000EBC20100EBC300CB808280F4E790
:10DBC00008B50346FFF7B3FFB0FA80F2C2F11F02B7
:10DBD0001846BDE80840FFF7D6BF2DE9F843B1FA73
:10DBE00081F5C5F11F0900EB89080346D8F810201C
:10DBF0000E46C2B10327D8F8104018462146FFF759
:10DC000096FFB04206D34A461846FFF7BCFF2046AF
:10DC1000BDE8F88303EBC404013FE088C8F81000B6
:10DC200001D08242E7D1C5F120024FF0FF34944089
:10DC3000DA681440EBD094FAA4F2B2FA82F2111D21
:10DC400053F821402146DFE738B50346FFF76FFF61
:10DC50000D46044611461846FFF769FF03EBC5055C
:10DC60000444600068801846FFF761FF014423F810
:10DC7000314038BD38B50346FFF759FF0C46A51AA9
:10DC8000511A03EBC40405444800608003EBC20052
:10DC90006C00448023F8321018461146FFF747FF06
:10DCA000014423F8315038BD38B50546FFF73FFF32
:10DCB0000C46014405EBC1035B88DA070AD4284609
:10DCC000FFF77EFF21462846FFF731FF221828463E
:10DCD000FFF7BAFF35F83410611A05EBC1035B8812
:10DCE000DB070CD42846FFF76BFF35F834102246CB
:10DCF000611A2846FFF7A8FF35F83430E41A2146A8
:10DD00002846BDE83840FFF717BF61B10068043905
:10DD1000091A21F007030344C9085A8822F00102B6
:10DD20005A80FFF7C1BF704770B5056809B9002078
:10DD300070BD01F007030B33CC0804EBD304AB68D0
:10DD40009C4228BF1C4621462846FFF746FF064650
:10DD50000028ECD001462846FFF7E9FEA04207D98B
:10DD600032192846FFF786FF11462846FFF7E4FEE2
:10DD700005EBC6021046538843F00103538004307C
:10DD8000D6E71146FFF7D0BF2DE9F84301F1FF397F
:10DD900019EA010906680F4614460CD04B420B40A5
:10DDA000042B1A464F4628BF0422994664B9002521
:10DDB0002846BDE8F883042904D8BDE8F843114695
:10DDC000FFF7B2BF0422F1E7BA1A04F0070302F02A
:10DDD00007010B330B44E10801EBD20101EBD30146
:10DDE000B368994228BF19463046FFF7F6FE8046D1
:10DDF0000028DCD009F1040505EBC0057B1E354485
:10DE00001D44B5FBF7F57D43A5EB09052C442B1FFD
:10DE100007349B1B24F00704A41BB0EBD30F4FEA7D
:10DE2000D3074FEAE40408D201463A463046FFF7EA
:10DE300021FF41463046FFF77FFE39463046FFF767
:10DE400076FE3844844207D230462246FFF712FF5E
:10DE500021463046FFF770FE06EBC706738843F095
:10DE600001037380A4E7043A2DE9F041CC1D11446D
:10DE700024F0070421F007010E1BF708B7FA87F218
:10DE8000C2F12405AD004FF000080735C2F12002B1
:10DE9000ED0804604146A760C4F80C80920004F1CC
:10DEA000100007F0EEFE6B0043F00103638004EB0B
:10DEB000C5027B1B5900A4F800805180A21924F8E8
:10DEC0003550A2F80280A35304EBC70329465A88B1
:10DED00042F001025A802046BDE8F041FFF72CBE17
:10DEE0002DE9F04706460D46174698462BB398F89D
:10DEF000004093F80190DB78A40004EB430498F809
:10DF000002301C4444444FF0000ACA4509D3D8F8F3
:10DF1000042008F1080339463046AC46BDE8F04716
:10DF2000604714F8013B48F823402046D9F780FDAC
:10DF3000013004440AF1010AE7E76FF01500BDE87B
:10DF4000F08770B5002502462846144614F8013BB8
:10DF50000BB9184609E098B18D4207D1702B04D057
:10DF6000A3F140023A2A0BD8002070BDA3F140066D
:10DF70003A2E05D853780135941C002BE9D00020A7
:10DF8000252B08BF80F001002246DEE70020704705
:10DF900000F0A7BF0FB407B504A951F8040B019115
:10DFA00000F09FFF03B05DF804EB04B070470FB4BE
:10DFB00007B504A951F8040B0191FFF7E9FF03B07D
:10DFC0005DF804EB04B0704710B50369024613F026
:10DFD000080009D11368D4689C4297BF126AE31AFB
:10DFE000D31A01200B6010BD00231846FAE713B5C1
:10DFF00001A90446FFF7E8FF20B1019BE268013B5D
:10E0000013440193206A019BC01A013802B010BD6D
:10E0100010B5044650182269236AD20702D5013B85
:10E02000184010BD984228BFC01AFAE710B5044640
:10E030000A46C168FFF7ECFF2369E06023F008039C
:10E04000236110BD38B50D46C2698B00016843F0ED
:10E05000020342F82130044601682A46FFF7D8FF40
:10E06000E36861682060984202BF236943F00803B7
:10E0700023612A462046FFF7CBFF606038BD2DE9BB
:10E08000F74FC768C6699B4606EB8703009316F8EF
:10E09000273003F00303022B0446884691464FF0D5
:10E0A00000030BD01360CBF8003023699B0713D417
:10E0B0004FF0000A504603B0BDE8F08F56F8271025
:10E0C00013608908CBF80030EFD0FFF7AFFFE368AB
:10E0D000A3604FF0010AEDE7A36906EB87009847BC
:10E0E00016F8272012F0010A0546E1D012F00202CC
:10E0F0001FD0B8F1000F03D041462046FFF7A2FF22
:10E1000061682A462046FFF783FFD4E90221914245
:10E11000606006D12A462046FFF77AFF4FF0000ADA
:10E12000A060A2682260E260226942F008022261D7
:10E13000C0E7014620460192FFF778FFE368A3603D
:10E14000B8F1000F04D02168E369019A43F8212057
:10E1500005EB0802CBF8002021682046FFF758FFA6
:10E160002369206043F00803236116F827306FF31A
:10E17000000306F82730009BC9F80030A9E770B506
:10E1800004461546FFF744FF2368834205D12369FF
:10E19000216023F00803236170BDE269AB0043F006
:10E1A000020342F82130204661682A46FFF730FF1B
:10E1B0006060F1E738B503695B07044606D5456A38
:10E1C000FFF715FF85422CBF6562606238BD38B528
:10E1D0000D4604461C22002107F053FDEB68A361A5
:10E1E000AB6863612B68E3616B6823620022626243
:10E1F0002A6923B1591E194208BF42F00102226167
:10E20000012204F128000021BDE8384007F043B99D
:10E210002DE9F04F87B000250093036A03958B42E8
:10E2200004460E4692460595A94639D3EFF3118B65
:10E23000202383F31288BFF36F8F059AD8462AB143
:10E2400029462046FFF79BFF0023059304A920469B
:10E25000FFF7BAFE0499B14207462AD32268E36960
:10E2600013F8221021F0030103F8221003EB8209B6
:10E27000216832462046FFF7CBFEE36820609842D3
:10E2800012D0002788F31188BFF36F8F039929B14B
:10E2900062690AB12046904700230393002FC5D13D
:10E2A000484607B0BDE8F08F236943F008032361B7
:10E2B000E7E718B12046FFF7C5FEE3E7009B5AEAFF
:10E2C00003021CD0019107F023FA0199B8B9BBF100
:10E2D000000F14D187F31188BFF36F8F009B524654
:10E2E00004F12800FCF7AAFCEFF31188202383F344
:10E2F0001288BFF36F8FB0FA80F77F09C2E705ABD2
:10E3000003AA20462568FFF7BAFE0746BAE770B5AC
:10E310000446836908460D4698470246EFF3118686
:10E32000202383F31288BFF36F8F2B7843F0010310
:10E330002B7061682046FFF76BFE60602046FFF798
:10E3400039FF86F31188BFF36F8F70BD2DE9F0415F
:10E3500004462027EFF3118687F31288BFF36F8FEF
:10E36000236913F0080FA36802D16268934200D9B1
:10E37000226AE169D21A32B986F31188BFF36F8F2E
:10E380004FF0000833E011F8232012F0030001EBF6
:10E390008308F1D0022803D151F82350AD0805D1EC
:10E3A000D00712D4A369404698470546A1682A467B
:10E3B0002046FFF72DFE2946A0602046FFF736FED7
:10E3C00086F31188BFF36F8FC4E742F0020201F8B1
:10E3D00023204046A369A56898472946024620465F
:10E3E000FFF716FEA06086F31188BFF36F8F4046DB
:10E3F000BDE8F081F8B50446836908460D469847A4
:10E400000646EFF31187202383F31288BFF36F8F43
:10E410002B786FF300032B7023699B0705D5E26807
:10E42000E36903EB82039D421AD12B786FF341031A
:10E430002B70D4E90231994204D132462046FFF7CD
:10E44000E7FDA06031462046FFF7F0FD87F3118815
:10E45000BFF36F8F04F12800BDE8F840FCF7B4BBB0
:10E460002B6860F39F032B60F0E7EFF3118120230B
:10E4700083F31288BFF36F8F036913F0080F83686B
:10E4800002D14268934200D9026AD31A81F31188FB
:10E49000BFF36F8F181E18BF01207047036800225A
:10E4A0000BB9184670478B4210D10B6842B94268CD
:10E4B0000360914200D1436000230B60012070474C
:10E4C00013604368994208BF4260F5E71A461B682B
:10E4D000E6E7038B13F0070305D10368002B0CBF9D
:10E4E000002003207047022B05D1408BB0FA80F04A
:10E4F000400980007047012B05D10368002B0CBF39
:10E500000020052070470020704710B50C4600B170
:10E5100011B96FF0150010BD081D00F0D2F80028E9
:10E52000F9D1A368032BF6D9F3E72DE9F0410D46A5
:10E5300007461946281D90461E4600F0D6F80446A8
:10E5400038B13346424629463846A446BDE8F04134
:10E550006047BDE8F08110B4EFF31182202484F30A
:10E560001288BFF36F8F416110BC0121DEF77EBAC4
:10E5700038B50C46054658B151B10B6843B14B68EC
:10E5800033B11C22002107F07CFB2C61002038BD38
:10E590006FF01500FBE770B505460E46FFF7B5FFB7
:10E5A000041E14DBEFF31182202383F31288BFF3E0
:10E5B0006F8F6B8B2C8B4FF6FF718B4204F007042F
:10E5C00007D182F31188BFF36F8F6FF00A042046E2
:10E5D00070BD022C0CD101336B8382F31188BFF321
:10E5E0006F8F0023224631462846FFF79EFFEEE755
:10E5F000062C14D8DFE804F004131313041A0400E3
:10E60000002333606B683BB9C5E90066ACB90221F1
:10E610002846DEF72BFADAE71E606E60F6E782F333
:10E620001188BFF36F8F6FF00404D0E782F3118875
:10E63000BFF36F8F6FF08504C9E782F31188BFF3D2
:10E640006F8FC4E710B5EFF31182202383F3128894
:10E65000BFF36F8F048B04F00704022C0AD0012C47
:10E660000CBF6FF004006FF0850082F31188BFF3D8
:10E670006F8F08E0438B013B9BB2438323B9214654
:10E68000DEF7F4F9204610BD2046EEE738B5A8B114
:10E69000A1B1EFF31185202282F31288BFF36F8FAF
:10E6A000048BFFF7FBFE30B104F0070085F31188FF
:10E6B000BFF36F8F38BD6FF07700F7E76FF015008D
:10E6C000F8E7034640B1426802F00302022A06D08E
:10E6D000032A04D0012A05D06FF0150070471A688C
:10E6E000002AF9D000209860704710B54268816018
:10E6F00002F00302022A03464FF0000407D0032A67
:10E7000002D05C60002001E018685C6010BD1868F1
:10E710005C600028F6D0FDF78FFBF3E7D0E9022319
:10E720009A4235BF531C0133836083602CBF0020A5
:10E730001078704710B50139044611F8010F00B97F
:10E7400010BD2046FFF7EAFF0B789842F5D06FF036
:10E750001500F5E7212303744368436183688361EF
:10E76000436000207047F0B5D0E90164501EA41B3F
:10E77000944234BF25460546354408440B46B5420D
:10E7800001D9984209D8002018705B1A834201DB36
:10E79000944201D36FF01500F0BD374617F801CB56
:10E7A000BCF15C0F2FD1BD42F4D97778662F24D00D
:10E7B00015D85C2F1CD00ED8222F19D02F2F16D091
:10E7C0001F464FF05C0C07F802CB96F801C083F8A7
:10E7D00001C03B460EE0622FF2D1082708E0722FFD
:10E7E0000DD0742F0DD06E2FEAD10A2700E02F270D
:10E7F00003F8017BB71C3E46C1E70C27F8E70D275D
:10E80000F6E70927F4E703F801CBF4E738B54279D6
:10E81000F72A05464FEA520305D8652B06D8382B50
:10E820003DD8212B2AD86FF0150037E003F11A04E8
:10E8300004F07F04012000FA04F44AF208021442B2
:10E840003BD144F20102144028D17B2BEBD1EB6881
:10E850002246934233D153B1AD6803F18053013B5B
:10E8600005EB03152846FFF7D1FFEB880344012091
:10E87000A04001381844E040A0400FE05E3303F0B0
:10E880007F03012202FA03F313F4B70F22D102F53A
:10E890001112134214BF04206FF0150038BD5B2B1A
:10E8A000C1D1D0E90204FFF7B1FFAB8803F4FE73D6
:10E8B0006043002BF2D00430F0E7A868EEE7A968C7
:10E8C00001EB02110132097901F003018C4238BFDA
:10E8D0000C46BEE70820E1E70D280BD8072815D91C
:10E8E0000838052812D8DFE800F0130F0B11030DCC
:10E8F0006620704722280CD05C2818BF0020704783
:10E900006E20704772207047742070470020704757
:10E9100062207047013A13B50C46072A28D8DFE871
:10E9200002F00410271D2727272201A9DEF7D4FAB9
:10E9300028B9019B03F18002FF2A19D8237002B085
:10E9400010BD01A9DEF7C8FA0028F8D1019B03F534
:10E950000042B2F5803F0BD22380F0E702B0BDE861
:10E960001040DEF7B9BA02B0BDE81040DEF700BBD8
:10E970006FF01500E3E7013A13B50C46072A24D8D7
:10E98000DFE802F0040E23192323231E01A9DEF77A
:10E99000C9FA18B9019BFF2B17D8237002B010BD1C
:10E9A00001A9DEF7BFFA0028F8D1019BB3F5803F3B
:10E9B0000BD22380F2E702B0BDE81040DEF7B2BA16
:10E9C00002B0BDE81040DEF7FBBA6FF01500E5E7D6
:10E9D00070B5D2E901639B1B8B420C4615460CD9DE
:10E9E00013680A460146981907F03DF96B681C4404
:10E9F0002B686C600020185570BD6FF00B00FBE7B2
:10EA0000742801D0662806D1742908D0662914BF5D
:10EA10000020012070475B2803D16D2918D1012007
:10EA20007047302806D0222816D034291AD17B28E6
:10EA3000F5D00FE03129F2D0A1F13503032BEED947
:10EA40006929ECD07529EAD034290BD12228DEE7D8
:10EA5000342905D15B28DAE73229E0D07329F2E7BF
:10EA60003329DCD08842D2E737B50C4611461A4626
:10EA7000631E072B18D8DFE803F0040A170C1717DA
:10EA8000170E007803B0BDE83040DEF741BB0088C8
:10EA9000F8E70068F6E7D0E900456846CDE90045AB
:10EAA000DEF7CCFA03B030BD6FF01500FAE737B5EA
:10EAB0000C4611461A46631E072B1AD8DFE803F0EE
:10EAC000040B190E1919191090F9000003B0BDE8D4
:10EAD0003040DEF72FBBB0F90000F7E70068F5E73C
:10EAE000D0E900456846CDE90045DEF791FA03B06C
:10EAF00030BD6FF01500FAE738B504460D462368BF
:10EB0000207C0BB938B90DE05F2803D12046984727
:10EB10002060F4E75F2304F1100207CA85E80700CC
:10EB20002374012038BD38B505460C46FFF7E4FFD5
:10EB300010B96FF0150038BD23785D2B0DD02C2B4C
:10EB400004D02078BDE83840DEF756B92146284683
:10EB5000FFF7D2FF0028F4D1EBE70020EBE7F8B590
:10EB60000B7A03F0DF035B2B06460D4619D000201D
:10EB7000F8BD2B7A5D2B0FD00AD8212B15D05B2B3B
:10EB80000DD039463046FFF7B7FF0028F1D1EEE748
:10EB90007B2B04D07D2BF4D1013CF2D1E7E701348B
:10EBA000EFE7012401F10807EBE76FF01500DFE75D
:10EBB0002DE9F04F91B0CDE90512002407460393EB
:10EBC00026460DF120080DF1340B41463846FFF77B
:10EBD00093FF08B39DF820302C2B00F085807D2B0F
:10EBE00066D0222B18D1099A0A9B0B929B1A414698
:10EBF00038460C93FFF780FF70B19DF820303A2B18
:10EC00000AD159463846FFF777FF28B19DF83400FE
:10EC1000DEF7F2F8002852D06FF015044FF0FF36FF
:10EC20002FE0C5F12000B5F1200106FA00F024FA2A
:10EC300005F343EA00038A465CBF46FA01F10B4341
:10EC4000C5F12000DB0707902ED4B9F80430C3F3D8
:10EC500086039A4228D1D9F800100498079207F049
:10EC600018F8079A00BB039AB9F8063000921344CB
:10EC700049465A463846DEF76FFA002806DA044657
:10EC8000C6172046314611B0BDE8F08F0123C5F10B
:10EC9000200203FA0AFA23FA02F24AEA020AAB4015
:10ECA0001C434AEA060690E7013509F1100910E015
:10ECB00098E8070000238BE80700CDE90B339DF8A7
:10ECC00034307D2BDDD0DDE90B32DDF81490049378
:10ECD0000025069B9D42A4D10BA93846FFF73FFFB4
:10ECE0000028BFF672AFCAE741463846FFF704FF77
:10ECF000002891D09DF8203073E72DE9F0471D469C
:10ED000086B04B79CE88DDF838A003F0FE03B62B31
:10ED10000C46564408BF8C6800238046336020466A
:10ED20001746FFF773FD814607FB005703A94046CE
:10ED3000FFF7F9FEA8B99DF80C305D2B13D0BD424A
:10ED400019D0637903F0FE03B62B08BFAA46CDF8AD
:10ED500000A02B4603AA21464046DEF7FDF9002914
:10ED600004DA6FF0150006B0BDE8F08733680133B0
:10ED700033604D44DAE76FF01B00F4E770B50C88A0
:10ED800006468888241A3069A4B2844285B224BF1A
:10ED9000641BA4B22D1BA8B2984228BF1846336842
:10EDA000234413600B8803440B8070BD70B48389C7
:10EDB00085880669ED1AADB2731B934228BF1346CE
:10EDC00070BC0A46011DFFF7D9BF70B40E4601465C
:10EDD000C58831F80A3FEC1AA3B2934228BF134604
:10EDE000324670BCFFF7CABF10B54B880C88E41AD6
:10EDF000A4B294420ED31A4492B28B884A800A80FD
:10EE00000069D21A92B2824201D2002010BD03449E
:10EE10008B80FAE76FF01500F8E72DE9F34106461D
:10EE20000F4615464FF000082A4601A93046FFF765
:10EE3000BDFF044640B102463946019806F013FF73
:10EE40002D1BA0442744EFD14246311D3046FFF729
:10EE5000CBFF404602B0BDE8F0812DE9F341074603
:10EE60000E4615464FF000082A4601A93846FFF71E
:10EE7000ACFF044648B12EB102460199304606F077
:10EE8000F2FE26442D1BA044EED1424607F10A01B2
:10EE90003846FFF7A9FF404602B0BDE8F081704751
:10EEA00003785B075FBF03684288C3F34A2303EB21
:10EEB00012105DBF173020F0070080080020704757
:10EEC0000020704704F0E5BE0346BFF35B8F53E8B4
:10EED000000F421C43E800210029F8D1BFF35B8FEB
:10EEE00070471FB50023CDE90201CDE900331A4672
:10EEF00019461846DEF71AFF05B05DF804FB01203D
:10EF0000DEF7C2BC002070474368DA7143681960BD
:10EF1000436801225A71DEF7A9BC70B515460C464C
:10EF200069B1D2E901369B1B99420AD813680A4697
:10EF30000146981906F097FEAB682344AB60204663
:10EF400070BD6FF01B00FBE770B50E461546194605
:10EF5000044618B9BDE87040DEF796BC33B1C2F381
:10EF60004A231030120D184406F07DFEC4E9005605
:10EF70002046BDE87040DEF735BE2DE9F3415F1C49
:10EF80004FEA8708064608F1170020F007008008BE
:10EF90000C461546DEF7FAFC0023ADF805308DF877
:10EFA00007308DF8047068B10346019A43F8102FBA
:10EFB000A8F104012A46294452F8045B43F8045F8F
:10EFC0008A42F9D1A20102F4E07242EA482222F018
:10EFD0007F4222F47002002322F03F02314602B049
:10EFE000BDE8F041FFF7B0BF07B50123019201AAC8
:10EFF000FFF7C3FF03B05DF804FB07B5CDE90023BD
:10F0000002236A46FFF7B9FF03B05DF804FB1FB5A2
:10F01000CDE90123069B039301AA0323FFF7ADFF6C
:10F0200005B05DF804FBF8B506460D4614461F46CC
:10F0300004B9F8BD214628463A46B047241A05448B
:10F04000F6E710B5426881680446D2E900230068FB
:10F05000FFF7E9FF636800221A6010BD38B54B68FE
:10F060001A68CB689A4205460C4602D10846FFF75B
:10F07000E8FF6368BFF35B8F53E8002F511C43E840
:10F0800000100028F8D1BFF35B8FA3689D540020C7
:10F0900038BD0A2838B504460D4602D10D20FFF7C9
:10F0A000DDFF29462046FFF7D9FF002038BD2DE9B6
:10F0B000F043054687B008460E8891F80090D1F8D5
:10F0C00008800C461746DEF781FE011EC6F3821645
:10F0D000C9F3C2091EDB4846DEF796FD034621460A
:10F0E000608851F8102B0196C2F34A22002A01EBE6
:10F0F0000204C0F30B1008BF00210022CDE9040771
:10F10000CDE90214009241462846DEF78BFE07B097
:10F11000BDE8F0830023E2E743681B685B680020DA
:10F120009961704743681B681A685268536070475A
:10F130002DE9F04143681B685A68012111771D6869
:10F14000D5E90136D3E900482F681CB96B681C600B
:10F15000BDE8F081214630464246B847241A0644AD
:10F16000F3E743681B681868DEF7C6BF70B54368ED
:10F170001D686B6898690C46DEF762FB2146034602
:10F180000F222868BDE87040184706F07ABD06F0E7
:10F190006ABD01460068DFF777B808B5DFF7D0F839
:10F1A000BDE80840DFF7F0B80A460121FFF71CBFB1
:10F1B00000210120DFF768B86FF08500704761B665
:10F1C00062B680F31188BFF36F8F704772B6002369
:10F1D00083F31188BFF36F8FBFF34F8F30BF62B6D9
:10F1E000BFF36F8F704772B6002383F31188BFF3AC
:10F1F0006F8FBFF34F8F20BF80F31188BFF36F8FE6
:10F2000062B67047202809D9B0F1004F08D80138FC
:10F21000B0FA80F0C0F11F0040007047082070472E
:10F220003E20704708B5D1E904319847002008BD59
:10F2300008B5DFF7E5FD002008BD70470023038215
:10F240004369C3607047416A8968DFF797BEEFF38F
:10F250001182202383F31288BFF36F8F00230B608A
:10F26000436833B9C0E9001182F31188BFF36F8F8F
:10F27000704719604160F7E710B50346EFF311815D
:10F28000202282F31288BFF36F8F006828B15C6878
:10F2900002681A60A04208BF5A6081F31188BFF368
:10F2A0006F8F10BD027A0132027270470346184612
:10F2B0005B68002BFBD17047426810B52AB10B4642
:10F2C0001C465B68002BFBD16260416010BD10B52D
:10F2D000044620B90B7A01330B72084610BD034671
:10F2E00018465B68002BFBD1FFF7E6FF2046F5E7E9
:10F2F00010B508B14B6843604C68002308464B606A
:10F30000DFF7BAFE204610BD92B281600160C28074
:10F310008280704783680B440360704703680B600A
:10F3200043684B6083688B60704783880268194428
:10F330008180D018704730B484880568A318838012
:10F34000281930BC06F08FBC10B5838802685C1C9D
:10F350008480D154D01810BD8388026830B5D41889
:10F360009D1C8580D154090A617030BD83885B1A69
:10F370009BB28380006818447047034600689A88EF
:10F38000401A11441860998070470268531E036048
:10F3900083880133838002F8011C70478288521AE7
:10F3A000034682800068084418607047034600687E
:10F3B0009A88521A01449A801960704710B5036800
:10F3C0001C780121FFF7EAFF204610BD10B5036845
:10F3D0001C880221FFF7E2FF204610BD026880680A
:10F3E000101A70478388C2888168D21A03685B1A32
:10F3F000D01A70470022C0E90122027B016022F08E
:10F400000F0202730B6803B11847704708B5027BFF
:10F41000910701D5806808BD036822F00F020273CE
:10F420005B680BB90020F6E79847FBE74FF0FF3227
:10F430004FF0FF330430FBF7CDBAFBF743BB90F836
:10F440006800C0F341107047F8B504461E460D46EB
:10F450001746FFF7EBFF94F868309B0715D425B1EA
:10F46000012D10D06FF0150508E0E16E0029F9D0EC
:10F470009DF818300F714E718B710025201DFFF71C
:10F48000DCFF2846F8BD216FF0E76FF07705F5E760
:10F4900090F86800C0F38000704738B50446FCF768
:10F4A000A9F82046FFF7C2FFA06940B96FF0120526
:10F4B000201DFFF7C2FFFCF7B1F8284638BD94F8CD
:10F4C0006830DB0716D405F00BFE0028EED020468E
:10F4D000E0F70AFC05460028EAD10146282204F19B
:10F4E000200006F0CEFB94F8683043F0010384F866
:10F4F0006830DDE76FF07705DAE738B50546FCF7E9
:10F5000079F82846FFF792FF95F86830DA071CD59E
:10F510009B071DD4A86903F0A4FE044638B9284609
:10F5200000F04FF9044648B1A86903F0C7FE281D52
:10F53000FFF783FFFCF772F8204638BD95F8683076
:10F5400043F0020385F86830F1E74FF0FF34EEE74F
:10F550006FF07704EBE70246034652F8600F9042E3
:10F5600001D1002070470028FCD0027A8A42F9D0ED
:10F570005A6E8242F5D000680028F6D1704738B53F
:10F5800004460D46FFF752FF94F86830DB0718D4A5
:10F590002B690BB9EB68BBB1236E1BB904F1600397
:10F5A000C4E918332B6893B9626E04F16001C5E9B0
:10F5B0000012156065661D46201DFFF73EFF2846B8
:10F5C00038BD4FF0FF35F7E76FF01505F4E76FF042
:10F5D0007705F1E710B50446034654F8480FA042FA
:10F5E0000DD100200DE0447D8C4204D1032909D1C6
:10F5F000047A944205D0DC6CA042F2D00068002866
:10F60000F1D110BD0F29F5E72DE9F04105460C4673
:10F61000061D4FF0FF324FF0FF333046FBF7DAF9AB
:10F62000EF6E002F6DD095F86830DB0769D4AB6CB6
:10F630001BB905F14803C5E912332368002B63D1D8
:10F64000637D0F2B09D1237A012B0CD0EB6C05F1D4
:10F650004802C4E900231C60EC64637D032B0FD0D7
:10F660004FF0000806E0E1682846FFF788FF804673
:10F670000028EBD03046FBF725FA4046BDE8F08184
:10F68000AA6C05F1480090421ED1002329E091F8B0
:10F6900015C0BCF1030F10D0013323724B68C4E9CD
:10F6A00000131C604C60637A022B24D0032B25D0FE
:10F6B000012BD5D1237ABB73D2E791F808C00CF1A6
:10F6C000FF3C6345E8D11268002ADED0537DE96C27
:10F6D000032B0DD18A42137A02D011680029D6D1AA
:10F6E00001332372EB6CC4E900031C60EC64DAE7BD
:10F6F0008A42E8D1C9E7237AFB73B1E7237A3B74E6
:10F70000AEE74FF0FF38B5E76FF07708B2E7034692
:10F71000006800B1187A70470346C08808B11878AD
:10F72000C009704770B50C46154600F0D7FA40B1D5
:10F73000406883681B6823B12A462146BDE87040B3
:10F74000184770BDF8B503698668BFF35B8FD3F8BF
:10F75000A030BFF35B8F9B0704460D4617460ED5BE
:10F76000B36A7BB1F36B9847B36A29463A462046A1
:10F770009847336C0546204698472846F8BD4FF019
:10F78000FF35FAE76FF08505F7E770B5036986681E
:10F79000BFF35B8FD3F8A030BFF35B8F9B070446AA
:10F7A0000D460BD5F36B9847736A29462046984758
:10F7B000336C054620469847284670BD4FF0FF350C
:10F7C000FAE70346002083F82C009862704738B5AA
:10F7D00090F82C30022B0D4604D100F079F908B1D5
:10F7E000C46804B938BD2B78032B07D0052B0CD087
:10F7F000022B08D1606883689B6902E060688368B7
:10F800005B6903B198472468EBE760688368DB694C
:10F81000F7E70B0644BF21F080011031C84000F02B
:10F82000010070472DE9F8434FF0010805460C46EA
:10F8300046462068002839D068F07F02D2B21146CF
:10F840005FFA88F7FFF7E5FFB0B1D5F800901146F1
:10F850004846FFF7DEFF18B96FF01500BDE8F883E2
:10F8600022F08002103206FA02F229EA02032B602B
:10F87000236823EA0203236020683946FFF7C9FFA3
:10F8800078B12A6839461046FFF7C3FF0028E3D055
:10F8900006FA08F122EA01022A60236823EA01033A
:10F8A000236008F10108B8F1100FC2D10020D5E79C
:10F8B0002DE9F04F8369C26E1B6993F88030C3F362
:10F8C0004113022B8DB081460ED0032B0ED0012B9D
:10F8D0000CBF10230823D371D9F850800026B8F14B
:10F8E000000F05D14246ABE02023F4E74023F2E7C6
:10F8F000D8F80430D8F80C4003930A9604967CB9E3
:10F90000049B039A09339BB293701B0AD370167140
:10F91000D8F80C40002C40F0AF80D8F80080DDE72C
:10F92000606883681B6B00250B95002B00F0A2809C
:10F9300029469847002800F09D80031FC4E903551D
:10F9400002933546029A52F8043F02920BB11A789C
:10F9500022B9B54278D86FF0150271E05A780B2AB7
:10F9600008BF9D70029B1B685A78042A10D1E26878
:10F970000B990A43E260DA78002A55D19D70236919
:10F980000122AA40134301352361EDB200230B93FA
:10F99000029B1F687B78052BD4D1D9F818300793C8
:10F9A0006FF012024FF0010B79793B7943EA0123A2
:10F9B000ADF8263097F902305FFA8BFA002B0A9BDC
:10F9C0000593B8BF4AF0800A51461846FFF721FF59
:10F9D00088BB0B9B069351461846FFF71AFF50BB96
:10F9E000BB79FA780798009351460DF1260303F08E
:10F9F00004FB0246F8B91AF0800F18BF2AF0800104
:10FA00004FF001031CBF10318B4005980699BDF8DB
:10FA1000262087F802A008BF03FA0AF31943184307
:10FA2000CDE90A01BA808DE76A1E9A700BA90AA86F
:10FA3000FFF7F8FEAAE70BF1010BBBF1100FB3D1F2
:10FA400010460DB0BDE8F08FE3680B9A1343E360F6
:10FA5000606883689B6ADBB1984702460028EFD153
:10FA60000146606800F001F9049B24680344049394
:10FA70002E4644E73546EBE7E368A36004F10C014A
:10FA80000AA8FFF7CFFE02460028D9D1246841E733
:10FA90006FF08502D4E74FF0FF324FF0FF330430B0
:10FAA000FAF798BFFBF70EB821B101290DD000235A
:10FAB0001B68FFDE5030006848B143685B799342B1
:10FAC00005D000680028F8D170475830F3E7704738
:10FAD00010B590F82C30022B044609D1FFF7AFFC8B
:10FAE00094F8342001462046BDE81040FFF7DCBF03
:10FAF000002010BD08B5FFF7D7FF003818BF012060
:10FB000008BD2DE9F04104460E46FFF798FC94F835
:10FB100034308046CBB9002E3BD032464146204699
:10FB2000FFF7C2FF0746A8B10246204600F0D3F90E
:10FB3000054688B984F83460FC6864B360688368FB
:10FB40001B6A03B198472468F7E72046FFF7C0FF18
:10FB5000074620B96FF03C052846BDE8F081014614
:10FB6000204600F08EF910220546002104F13600EF
:10FB700006F087F8002384F83430FF6817B9002DA9
:10FB8000C9D0E9E7786883685B6A03B198473F6842
:10FB9000F4E784F834600025DEE7F8B504460E4645
:10FBA00057681546FFF777FF94F86830D9074FD4A8
:10FBB000012E08D0FB799A060CD5A3691B69D3F8EE
:10FBC00080309B0706D46FF08506201DFFF76AFF83
:10FBD0003046F8BD002EF6D1A36D53B9226D62B93F
:10FBE000E36E6A685B7C0133DBB25371E26E53747F
:10FBF0000EE09D422FD01B68EFE7954222D12A6884
:10FC0000D3B9636D22659D4200D1626500232B60EC
:10FC1000A96849B12046FFF7F7FC06460028D4D171
:10FC2000A868FFF774FDB87100232B60636D63B99A
:10FC3000C4E914550026C8E71A60626D954208BFF2
:10FC40006365E3E713461268C9E71D606565F1E780
:10FC50006FF00F06B9E76FF01506B6E74FF0FF3209
:10FC60004FF0FF330430FAF7B5BE08B583681B6B5D
:10FC70000BB198470346002023B153F8042B0AB177
:10FC8000127802B908BD1044F6E710B51C46FFF71C
:10FC90000BFF48B10122C06802FA04F320B10269E7
:10FCA000134201D10068F9E710BD10B50C46FFF70B
:10FCB0000FFF48B10123C06803FA04F120B10369C2
:10FCC000194201D10068F9E710BDD1F81A00836824
:10FCD0001B6903B118476FF08500704770B501F0DC
:10FCE0007F0311F0800F18BF103301259D4090F85D
:10FCF0002C30022B044601D0002070BD90F83460F7
:10FD0000FFF79DFB324601462046FFF7CDFE002857
:10FD1000F2D0C0680028EFD083681D42EDD10068A2
:10FD2000F8E738B50C46FFF7D3FE80B1C06870B174
:10FD30004368DA681AB111790023994201DC00683E
:10FD4000F5E71568ED5CA54201D00133F5E738BD54
:10FD50002DE9F04105461E460846002A42D1DFF74C
:10FD6000DBFF044600283DD02846FFF777FF95F8D3
:10FD70006830DA0707D56FF00F04281DFAF7A2FEE6
:10FD80002046BDE8F0816768BFF35B8F6369BFF30E
:10FD90005B8FDB0704F11408EDD47B680BB1AB4239
:10FDA000E9D1324600212846FFF77EFEB8B1002394
:10FDB0002360036983B9C0E90344BFF35B8F58E84C
:10FDC000003F43F0010348E80032002AF7D1BFF3B7
:10FDD0005B8F00247D60D0E71C600461EDE76FF06D
:10FDE0003C04CAE76FF01204CAE72DE9F8434C68F7
:10FDF0009DF820900D46984606461746FFF71FFBD4
:10FE0000A3681B6B01461BB96FF01500BDE8F883B2
:10FE1000204698470028F7D0041F0C35002054F8DE
:10FE2000043F0BB11A782AB900280CBF6FF03C00D0
:10FE30000020EBE75A78042A0BD100BB9A784245A0
:10FE4000EDD1DA784A45EAD11B79002BDED00120CA
:10FE5000E5E7052AE3D10028E1D0012F997806D003
:10FE6000022FF4D1B0692A4600F0C4F804E0B0696A
:10FE70002A46194600F0A2F80028E8D0C6E700207C
:10FE8000C4E7F8B5CC6806460CB9204622E004F178
:10FE90000C070125E268AAB165F07F03D9B203F02F
:10FEA0007F031033DA40D2070ED4E368EB40DB0760
:10FEB00005D5B0693A46E9B200F09CF850B9013571
:10FEC000102DE7D12468DFE7B0693A4600F092F8D8
:10FED0000028EAD0F8BD2DE9F3475768002497F8C9
:10FEE000058005460E46A1463B79A34203DC00206F
:10FEF00002B0BDE8F0875FFA84FA314653464246C5
:10FF00002846FFF7C2FE014650B1CDF80090534697
:10FF100001222846FFF769FF0028E9D10134E3E711
:10FF20006FF03C00E4E72DE9F74380460D461746A5
:10FF3000FFF7BBFE064628B96FF00104204603B068
:10FF4000BDE8F0830F2DF7D808EB0509014699F8B5
:10FF5000364000972B4600224046FFF746FF002818
:10FF6000EAD100942B46022231464046FFF73DFF7E
:10FF700004460028E2D100972B4601223146404634
:10FF8000FFF733FF04460028D8D1706883685B68A8
:10FF900013B13A462946984789F83670CEE711F0F2
:10FFA000800F18BF21F0800102684FF0010318BFD5
:10FFB00010318B4022EA03030360704737B58B7919
:10FFC00000938B880C461546CA78897803F05AF856
:10FFD00070B994F90230A1782A68002BB8BF21F0DB
:10FFE00080014FF00103B8BF10318B4013432B60E9
:10FFF00003B030BDF8B506460D46174603F06BF862
:020000025000AC
:10000000044658B929463846FFF7C9FF2946304605
:10001000F5F7BCF8044608B9FBF73CFB2046F8BDF1
:100020002DE9F0410B7E5E0605460C462FD11906E0
:1000300024D5FFF72DFA70BB2846D5F86C80268AA8
:10004000EF8CFFF7FCF9F8B1421E534253419B017C
:10005000228A9AB1BE42E98C324628BF3A46914282
:100060000CD9B2FBF3F103FB11223AB994F9183021
:10007000002BBEBF637E43F008036376A869214668
:10008000BDE8F04103F09FB898F80730E0E76FF063
:100090001500BDE8F0814FF0FF30FAE7436898693A
:1000A000F5F7A4B870B591F918304668002B0546ED
:1000B0000C4607DBC4F81A50B0692146BDE8704011
:1000C00003F081B83046FFF7E3F90028F2D04FF093
:1000D000FF3070BD806903F0A0B88069F5F756B8AD
:1000E00038B5054680690C4603F011F860B914F084
:1000F000800F18BF24F080042A6B4FF0010318BF53
:100100001034A34013432B6338BD70B50546806996
:100110000E4603F027F8044620B9314605F13000B9
:10012000FFF73DFF204670BD0B0648BF21F0800160
:10013000006B48BF1031C84000F00100704782B02A
:10014000C3698DF8001001922BB102AB13E90600D0
:1001500002B0DFF73FBE02B0704782B0C3698DF8CE
:10016000001001922BB102AB13E9060002B0DFF7D9
:1001700031BE02B07047704703695B68D86870474A
:1001800043680361037A63B1012B0CBF022303238D
:100190004375437A5A1E032A05D8DFE802F00505A5
:1001A00005050123F4E700230375837A062B09D0A4
:1001B000072B09D0052B0CBF002303238375837EF7
:1001C000C37570470123F9E70223F7E7036993F842
:1001D000400030B1DA6B9388918910695B1A9BB249
:1001E000C01A7047036993F838007047036993F8A1
:1001F000402012B993F83800704701207047036916
:10020000C3E907127047BFF35B8F0068BFF35B8FD2
:10021000084100F00100704738B50469BFF35B8FF7
:1002200004F1880555E8003F43F0040345E8003237
:10023000002AF7D1BFF35B8F636B5A89DB889A4240
:1002400003D004F12400FAF7D1FE04212846FFF779
:10025000DAFF28B904F17800BDE83840FAF7C6BEE5
:1002600038BD10B50469606BFEF7F7FD10B10123CE
:1002700084F8393010BD10B50469606B4289C388B9
:100280009A4202D14FF0FF3010BD0122FEF7E5FD8A
:100290000028F7D004F17800FAF7A8FE0020F3E771
:1002A00038B50469EFF31185202383F31288BFF377
:1002B0006F8FE06BFEF7B1FD85F31188BFF36F8F91
:1002C00010B1012384F8413038BD38B50346406889
:1002D0001B695D68AC68A37A84F8223094F82D30ED
:1002E00084F82330696841B1237C33B9FFF78CF976
:1002F00018B96868FFF70BFA2074002038BD012395
:100300008B40DB43BFF35B8F50E8002F1A4040E87F
:1003100000210029F8D1BFF35B8F704700690221EB
:100320008830FFF7ECBF006903218830FFF7E7BF93
:1003300008B50369186900218830FFF7E0FFBDE8C0
:1003400008400121FFF7DBBF0369186901218830EC
:10035000FFF7D5BF2DE9F04750F8483C00F14005C4
:100360005B68074600212846D3F80080FFF74BFF63
:1003700000284DD001212846FFF745FF002847D12E
:10038000BFF35B8F55E8003F43F0200245E80021B2
:100390000029F7D1BFF35B8F9B0639D4D8F8103012
:1003A0005B689B68402293F836104046FFF776FE64
:1003B000064650B928460521FFF7A1FF38462122FD
:1003C000BDE8F0470023FAF781BE8146428A59F81A
:1003D0000C1F57F80C0CFEF740FD0446014648463A
:1003E000FEF7A3FF24B114F03F0F0CBF012400243B
:1003F00007F82D4C31464046FFF754FE40B13046D9
:10040000DEF73AFE28460521BDE8F047FFF777BF43
:10041000BDE8F087F8B5036947681C695B689B68AD
:100420000D4693F83D30097E06462AB3994204D121
:10043000042104F18800FFF762FF33692A7E5B68BC
:100440009B6893F836309A4204D1052104F1880064
:10045000FFF755FF33692A7E5B689B6893F8263067
:100460009A4203D104F18C00FAF70EFC2946384673
:10047000BDE8F840FFF72EBE994214D12A8AE968F8
:10048000606BFEF7CAFC28B1E3691BB104F12400DC
:10049000FAF7ACFD04F188000421FFF730FF04F106
:1004A0007800FAF7A3FD33692A7E5B689B6893F8AE
:1004B00036309A4215D1E3691BB104F12400FAF7F2
:1004C00095FD052104F18800FFF719FFE36B5A89B8
:1004D000DB889A4205D00022002304F14800FAF795
:1004E000F5FD33692A7E5B689B6893F826309A4253
:1004F000BCD104F18C00FAF767FBB7E738B550F8C8
:10050000783C5B681D6800F1100302460021184624
:10051000FFF779FE002836D001211846FFF773FE59
:1005200088BB52F8441C8A8888890969121A92B2D9
:100530008A1A3F2A27D9BFF35B8F53E8002F42F076
:10054000100143E800100028F7D1BFF35B8FD306FA
:1005500019D42B695B689B68402293F83D102846AC
:10056000FFF79CFD044670B1438A402B28BF40230F
:10057000438201462846FFF795FD20B12046BDE89D
:100580003840DEF779BD38BD38B550F8243C5B689B
:100590001A6850F8083C0446002B4BD0002300F1A9
:1005A00064058382838302212846FFF72CFEB8B1BD
:1005B00054E9023110699847637D1BB104F154007E
:1005C000FAF714FD05212846FFF71DFE98B9637F51
:1005D0006BB10022002304F12400FAF777FD0AE052
:1005E00003212846FFF70FFE0028E1D1E4E714F8C5
:1005F000093C002BEDD102212846FFF704FE38B15B
:1006000023695A89DB889A4202D02046FAF7EEFC29
:1006100003212846FFF7F7FD60B1A269938891890D
:1006200012695B1A9BB29A4204D02046BDE838405A
:10063000FAF7DCBC38BD08B5036903F18802022172
:100640001046FFF7E0FD28B1596B4889C988401A68
:1006500018BF012083F8380003211046FFF7D3FDAF
:1006600040B1DA6B908891891269401A80B2801A81
:1006700018BF012083F84000012008BD03691B69F1
:10068000BFF35B8F883353E8001F41F0020143E85A
:100690000012002AF7D1BFF35B8F704770B5036972
:1006A0001C69BFF35B8F04F1880555E8002F42F009
:1006B000010245E800210029F7D1BFF35B8F022139
:1006C0002846FFF7A0FD10B11846FFF7A5FD03214E
:1006D0002846FFF798FDA8B1E26B938891891269CB
:1006E0005B1A9BB29A4205D004F12400BDE8704029
:1006F000FAF77CBC04F148000022BDE870400023FA
:10070000FAF7E4BC70BD0069BFF35B8F00F18803AA
:1007100053E8001F41F0080143E80012002AF7D116
:10072000BFF35B8FC26B9388918912695B1A9BB28E
:100730009A4202D02430FAF759BC704730B585B0E0
:1007400014460A888B78ADF8002005460D2200215A
:100750000DF103008DF8023005F093FA6A46694600
:100760002846F2F775FA28B9BDF800209DF8023046
:100770002280A37005B030BD13B50C4601AA033129
:10078000FFF7DCFF48B9032201A9204605F081FAF2
:10079000B0FA80F0400902B010BD0020FBE770B550
:1007A000CE1C05460C4630460321F2F74FFA60B9DD
:1007B000637903F03F0343F04003637122463146FF
:1007C0002846BDE87040FFF7B9BF70BD10B50C46B4
:1007D000017822788A428AB00FD06946DFF770FC30
:1007E00005A92046DFF76CFC10220DF115010DF173
:1007F000010005F04EFA0AB010BD012A06D0022A07
:1008000007D072B940886388C01AF4E7406863680B
:10081000FAE71022611C01300AB0BDE8104005F073
:1008200038BA6FF01500E6E7042A0AD0102A0DD076
:10083000022A4FF0000315D103700B88438001207A
:100840007047012303700B684360F8E7022300F848
:10085000013B01F1100351F8042B40F8042B99429D
:10086000F9D1ECE718467047012310B5062104467C
:1008700000F8013BF2F7EAF918B9A37963F03F03F6
:10088000A37110BD0B6803608B8883808B798371A3
:10089000037823F00203037070470078C0F3400030
:1008A000704738B50446807ADEF73EFB616905463D
:1008B00049B1637ADB0704D4436A1B6820469B680E
:1008C00098470023636121462846BDE8384004F07C
:1008D000D4BD2DE9F04101F10C080C46054600F1AC
:1008E0000C01404617461E46FEF718FD4046FEF72F
:1008F00075FD012310FA87F068826B722F823946EA
:100900004046FEF74BFDE3687360628A0023E360B4
:100910007281638234602846BDE8F08138B5D1E940
:100920000032DA600B684A895A820C46054608682C
:10093000DEF7A2FB20461022002105F0A2F928468E
:10094000BDE83840FFF7ADBF438A23B9C068B0FAAD
:1009500080F04009704700207047D0F89C3083B188
:100960005A7BD1070DD5D2060DD51B7B102B14BF9A
:10097000032304234372807A98428CBF0020012015
:1009800070470223F6E70323F4E70F2807D80D2862
:100990000BD8052808BF032018BF02207047132872
:1009A00003D01A2808BF0120F6E7012070477047DE
:1009B000FEF71ABBFEF721BB10B50346BFF35B8FF2
:1009C00053E8000F40EA010243E80024002CF7D16D
:1009D000BFF35B8F10BD0B6803608B8883808B79BE
:1009E000837170470023DDF71DB9BFF35B8F50E8BB
:1009F000003F0B4040E80032002AF8D1BFF35B8F84
:100A000070477047C0F307231070000E5370D0700A
:100A10000023C1F30720090E937013715071937175
:100A2000D171704738B504460D46DFF789FE5F3057
:100A300005D129462046BDE83840DFF797BD38BDCF
:100A400010B503884288934219D8052B17D9B2F5FF
:100A5000486F14D88388B3F5FA7F10D2C088A0F10C
:100A60000A0189B240F67644A14208D801339BB20C
:100A70005343B3EB800F34BF0120002010BD002092
:100A8000FCE70020704708B5E7F710FF18B1C089F0
:100A9000003818BF012008BD70B506460D464FF05E
:100AA000FF304FF0FF31E0F79FF8044618B9BDE87A
:100AB0007040DFF751BD03210C30FEF736FC068095
:100AC0008570214642F22100BDE87040E0F736BA59
:100AD000E0F704BD70B506460D464FF0FF304FF00D
:100AE000FF31E0F781F8044668B103210C30FEF7CE
:100AF0001CFC0680857021460022BDE8704040F253
:100B00000640E0F799BB6FF0680070BDC3681878C5
:100B100008B1E0F73FBD1846E0F7C4BD38B54FF067
:100B2000FF3105464FF0FF30E0F75EF8044668B14C
:100B300002210C30FEF7F9FB2B88038021460022AE
:100B4000BDE8384042F21600E0F776BB6FF068006F
:100B500038BDF8B507460E464FF0FF304FF0FF3175
:100B60001546E0F741F8044678B106210C30FEF74F
:100B7000DCFB3B8803804680858021460022BDE85F
:100B8000F84042F22200E0F757BB6FF06800F8BD72
:100B90002DE9F047814688464FF0FF304FF0FF3196
:100BA0009DF820A017461E46E0F71EF80546A0B1A6
:100BB00007210C30FEF7B9FBB9F80030038080F84C
:100BC0000280C7700671A0F805A029460022BDE882
:100BD000F04742F23200E0F72FBB6FF06800BDE84B
:100BE000F08708B500200021E0F7BAFA18B1BDE897
:100BF0000840E0F79DB9BDE80840E2F71FBB0331AC
:100C000038B5C9B205460E20E0F7B2FE032104460E
:100C10000C30FEF78AFB01230370A0F80150204638
:100C200038BD70B505460E460F200421E0F7A0FE42
:100C3000042104460C30FEF778FB01220670427056
:100C40004580204670BD08B5072205F022F8B0FAAD
:100C500080F0400908BDFEF7C7B90B6803608B88B8
:100C600083808B7983717047F8B50F46144638BB83
:100C70004FF0FF304FF0FF31DFF7B6FF054610B3FE
:100C800027210C30FEF751FB3946FFF7E6FF0646F9
:100C90002246C31D04F1100152F8040B43F8040B63
:100CA0008A42F9D11022002106F1170004F0E9FF71
:100CB00029460022BDE8F84042F22700E0F7BCBA1E
:100CC0006FF01500F8BD6FF06800FBE7037A5B0773
:100CD000024605D501462A3211F8010BFFF7C4BFC1
:100CE000704738B54FF0FF3105464FF0FF30DFF762
:100CF0007BFF044658B129460C30FEF725FB214600
:100D00000022BDE8384042F22D00E0F795BA6FF0BE
:100D1000680038BD2DE9F041D1F8048086B0044662
:100D20000D46B8F1000F1DD1037A5B071AD50E6886
:100D3000411C701CFFF787FF2A36162241460746E2
:100D4000684604F09EFF10226946304604F0A1FF79
:100D500030B1102204F12A01304604F09AFF00B1AC
:100D600007B16C6006B0BDE8F08110B50C4630B933
:100D700019B1E7F72DFD00B1441C204610BD002439
:100D8000FBE707B580B906216846F1F75FFF40B978
:100D90009DF80530684603F03F038DF80530E0F715
:100DA0005FFE03B05DF804FB6FF01500F9E701206A
:100DB0007047037AD90704D523F001030372E0F7E3
:100DC000EDBF990704D523F002030372E1F700B8E1
:100DD000704710B50C4631B10020FFF7D2FF08B9BB
:100DE0000123237010BD6FF01500FBE7BFF35B8F8D
:100DF0000068BFF35B8F7047032808B501D0E1F7A7
:100E000099F9BDE80840E1F7ADB90368D90444BFDA
:100E100043F48063036003689A0444BF43F40063AF
:100E20000360704701F12003013813F8012D00F829
:100E3000012F8B42F9D1704700230B60436813B92F
:100E4000C0E900117047196041607047D0F8B400E4
:100E5000003818BF01207047084689691160C269CF
:100E60001A60C27A0021183004F00BBFBFF35B8F09
:100E70000068BFF35B8F7047FEF7BFB82438E1F717
:100E8000ADBE036800220BB9184670478B4210D1E3
:100E90000B6842B942680360914200D1436000236D
:100EA0000B600120704713604368994208BF42609D
:100EB000F5E71A461B68E6E7437B072B01D1E1F70C
:100EC000BDBE704710B50446006918B1DEF7D4F80E
:100ED0000023236110BD10B5034600F1C80210467F
:100EE000FFF7C4FF80B1BFF35B8F411C52E8004F96
:100EF000844204D142E8001CBCF1000FF6D1BFF3DC
:100F00005B8FECD1184610BD0346FBE710B5437B61
:100F1000023B0446062B25D8DFE803F00D04242409
:100F20002417220001730021E1F7F4FFBDE810400F
:100F30000220E1F705BA8378012B11D1403004F08B
:100F400097FBBDE81040E0F78FBB0088FFF7C2FDBC
:100F500038B9637B072B03D108212046E1F7DAFF7C
:100F6000002010BD6FF07F00FBE710B50446D0F8FD
:100F70009C0028B9207A04F17001E7F797FC38B19A
:100F8000E278C3892AB913F0210F14BF0120002091
:100F900010BD13F0240FF8E72DE9F843089E102E3A
:100FA00081460C4690461F462FD84FF0FF304FF039
:100FB000FF31DFF719FE054658B31C210C30FEF750
:100FC000B4F90346B9F8002023F8022B2268C0F8D0
:100FD000022062685A60B8F80030438100F10C04C6
:100FE00032463946204604F03EFE102E05D0C6F1AA
:100FF00010020021A01904F044FE29460022BDE899
:10100000F84342F21900E0F717B96FF01500BDE898
:10101000F8836FF06800FAE710B58378012B044677
:101020002FD1437B072B2FD10A0601F07F0313D565
:10103000BFF35B8F021D52E8000F40F4004042E80E
:1010400000010029F7D1BFF35B8F2046A37201F0A6
:101050003DFD98B9002010BD427A9A42FAD2827AB8
:101060009A42F7D2BFF35B8F021D52E8000F20F4C3
:10107000004042E800010029E5D0F6E7637AA37258
:10108000E9E76FF01500E6E76FF07F00E3E78378AC
:10109000012B0CBF407A0020704737B505460C463F
:1010A000FFF7FBFB2946A8B16846FFF7EBFB694653
:1010B0000020E2F759FB58B12388A0F888306388F4
:1010C000A0F88A30A388A0F88C30E388A0F88E308E
:1010D00003B030BDFFF749FE0346006800909A88D0
:1010E0009B798DF80630ADF80420E0E738B5037A37
:1010F0008B420446154615D100F17001072228469F
:1011000004F0C7FD80B1E378072243B904F17E0102
:10111000284604F0BEFDB0FA80F0400938BD04F165
:101120007701F5E70020F9E70120F7E78378012B45
:101130000CBF7030002070478278012A0B460BD11B
:1011400009885A88B0F8A0308B4203D1B0F8A23099
:10115000934204D0FFF7FDBC6FF0150070476FF0AD
:1011600077007047F8B507460D464FF0FF304FF057
:10117000FF31DFF739FD0646D0B10E210C30FEF706
:10118000D4F80E220446002104F07BFD3B88238026
:101190002B8863806B88A380AB88E380EB882381F6
:1011A00031460022BDE8F84042F21300E0F744B8AF
:1011B0006FF06800F8BD704710B50446FAF71AFAE8
:1011C000234653F8482BD2F8B41061B9A164D2F881
:1011D000B81061B9C2E92D33FAF720FA2068BDE8EA
:1011E0001040E1F773BE8B42F6D00968EDE70B6063
:1011F000C2F8B830F0E703682BB141681A680260A2
:101200008B4208BF4260704770472DE9F843446B3A
:10121000002C55D054F8085905B1083D002701E0CD
:101220002C461D46D4E900682EB3FAF7E3F9D6F848
:10123000B43004F14801002263B1994232D1A36C69
:1012400042BBD6F8B820C6F8B430914201D1C6F8F6
:10125000B830A764FAF7E2F904F13009002200235C
:101260004846F9F77FFC0646F8B9D8F804300BB1C8
:10127000204698472760E3680BB120469847D8F886
:1012800020300BB120469847D5B1AB68002BC7D0B2
:10129000083BC5E71360D6F8B830994208BFC6F8D6
:1012A000B820D6E71A461B68C6E7B36923B1F169CF
:1012B00020686FF06D0298473046DDF7DDFECDE720
:1012C000BDE8F88338B5436B0D46BBB1184650F8FE
:1012D000084904B1083C53F8043C9B680BB129460B
:1012E00098475CB12046A468436824B19B68083CD9
:1012F000002BF4D1F6E79B68002BF0D138BDF8B590
:101300000F4600210546164600234FF4803208465A
:10131000E2F7CEFC044620B92846BDE8F840E2F7E3
:101320008DBC04210C30FEF700F805704770468034
:101330002046F8BD406B30B1838B8B42A0F1080092
:1013400001D08068F7E7704710B54AB989B2FFF756
:10135000F1FF28B143689B6913B1BDE810401847FD
:1013600010BD38B50D460521FFF7E4FF00231A46EE
:101370002946E2F7B7FC044610B12846DDF77CFEAB
:10138000204638BD406B30B183898B42A0F1080004
:1013900001D08068F7E7704770470346006828B1BE
:1013A000596802681A60884208BF5A60704703464D
:1013B000002003B970471A8A5B681044F9E710B53A
:1013C000D4682378023113B92170012010BD8B42FB
:1013D000FBD0038A023B038200201061F6E7FDF791
:1013E00003BE2DE9F04104468868FFF7E0FF638DF6
:1013F000628B934228BF134683420D461DD3A165DD
:10140000D1F8088000278F60FAF7F4F841462046AB
:10141000E2F7B8FE064638B1C5F80880A765FAF7C6
:10142000FDF83046BDE8F081618D638B994228BF9D
:1014300019462846E5F76AFEF1E76FF07906F0E70E
:1014400008B503680A8A1868C968E5F735FD002001
:1014500008BD38B5054601F10C000C46FDF7B6FF96
:101460002D68238AE2680146286801F044F90020CB
:1014700038BD38B504460D46E2F784FE30B1294642
:1014800004F15C00BDE8384003F0ECBF38BD70B437
:1014900005686A6A52B3136803B1A83BA2F1A804B5
:1014A0000022114600E0A83B844207D0668D648B81
:1014B000B14238BF3146A24238BF22461C462BB14A
:1014C000D3F8A830002BEED18442EFD1438D408B6E
:1014D0008B4201D890420BD9824238BF02469942D2
:1014E000286838BF194670BCE5F740BD1146EDE7E6
:1014F00070BC704773B51446014605464FF49572AB
:10150000206800F0BDFF207530B92068294601F041
:101510003DF920B908232375002002B070BD237A5D
:10152000B3B1A3F11802534253419B000193638A64
:101530000093AE68238AE26820682946B0470028F5
:1015400008DB238A98420CD1002323750120E4E7AD
:101550000223EBE710F1FF0F03D34042C0B2207526
:10156000DAE70E20FBE71FB5CDE901230023009346
:101570001A46E4F74BFA05B05DF804FBF8B593683A
:10158000166805460F46144663B9506801210C30B1
:10159000FDF7CBFEA0602B681B78002B14BF022345
:1015A00001230370A3681B78012B03D0022B1FD0EB
:1015B00000201CE02B681B78002BF9D16068042107
:1015C0000C30FDF7B2FEE06007802A68E3685288BD
:1015D0005A806168728D738B088A9A4294BFC0EBFF
:1015E0000200C0EB0300042894BF00200120F8BDD6
:1015F0002B681B78022BDBD1606812210C30FDF7C1
:1016000094FEE06007802B68E268591C02321133B7
:1016100051F8040B42F8040B9942F9D16168728DBC
:10162000738B088A9A4294BFC0EB0200C0EB0300A0
:101630001228D9E7D0680378043113B9017001206A
:1016400070478B42FBD091680B8A0020043B0B82D1
:101650001061704770B504460E460022002308460C
:10166000F9F780FA054658B101462046E2F78AFDAF
:10167000044618B12946304603F0FFFE204670BDEF
:101680006FF00104FAE72DE9F04F044685B01046EB
:1016900090469946FFF78BFE638B628D934228BF7D
:1016A000134683428B4640F293806368039340461F
:1016B000FDF7FCFD4FF0000A06464046FFF777FEB7
:1016C000628B638D06F10C079A4294BFC0EB020552
:1016D000C0EB03053846FDF785FE854217D240462C
:1016E000FFF765FE628B638D9A4294BFC0EB0205E3
:1016F000C0EB03058DBB98F80A00DDF715FC00224E
:101700000023FDF7A0FD064630B9574636E03846BF
:10171000FDF768FE0546EDE701464046FDF7D7FDBB
:101720004046FFF744FE628D638B06F10C079A4238
:1017300094BFC0EB0205C0EB03053846FDF752FE2F
:1017400085421FD24046FFF732FE628D638B9A427C
:1017500094BFC0EB0205C0EB0305F168328ACDF8F7
:101760000090DBF8047003980A44ABB25946B847BE
:10177000071E0CDABAF1000F18BF5746384605B0FD
:10178000BDE8F08F3846FDF72DFE0546E5E70E9BD8
:10179000B3B9394606F10C00FDF7C7FD4046FFF727
:1017A00006FE638D628B934228BF1346B944834281
:1017B000BA441FFA89F9A8D9AF423FF47EAFA4E733
:1017C0000F9A0E9B3946304698470028E1D19CE796
:1017D0000027D3E70368002203B970478B420FD17B
:1017E0000B683AB942680360914200D1436000231C
:1017F0000B60704713604368994208BF4260F6E788
:101800001A461B68E8E7BFF35B8F50E8003F43F0E0
:10181000080240E800210029F7D1BFF35B8FC3F332
:10182000C00070472DE9F041064690461F460D4620
:10183000B9B104220121E2F7DDFD044618B9BDE883
:10184000F041E2F715BD04210C30FDF76EFD057087
:10185000A0F80180C77021463046BDE8F041FFF78F
:1018600008BEBDE8F08137B50C46054601F10C0015
:10187000FDF7ACFD228A0192E26800920346132232
:1018800012212846E2F730FE03B030BD37B50C46D2
:10189000054601F10C00FDF799FD228A0192E268EC
:1018A00000920022034611462846E2F71DFE03B0CF
:1018B00030BD2DE9F3411768D7F8048000231446A2
:1018C0001373014606469522404600F0D9FD0546B1
:1018D000207330B93146404600F056FF28B908233E
:1018E0002373002002B0BDE8F081CDE900553146F8
:1018F000A388A2683846FFF7C6FE002807DA10F171
:10190000FF0F26BF4042C0B20E202073E9E701203E
:10191000E8E72DE9F3411768D7F80480002314465F
:101920001373014606469522404600F0A9FD054680
:10193000207330B93146404600F026FF28B908230D
:101940002373002002B0BDE8F081A068798D7A8B06
:10195000038A914294BFC3EB0103C3EB0203012B43
:10196000EFDD02210C30FDF7E0FCCDE900558046AB
:10197000A388A26831463846FFF785FE031E06DAC3
:1019800013F1FF0F26BF5B42DBB20E23D8E7A8F8A6
:1019900000300120D6E707B5CA6813885288009244
:1019A0000C210D22E3F7BEF803B05DF804FB07B588
:1019B000CB6800221B8800920A210B22E3F7B2F8C1
:1019C00003B05DF804FBF8B5CB681F88BBB2162BDB
:1019D000044628D90321E2F761FF064628B3022115
:1019E0000C30FDF7A2FC00256FF008030370457072
:1019F00031462046FFF73DFDF72363832368678563
:101A00001B68BFF35B8F043353E8001F41F4803140
:101A100043E80012002AF7D1BFF35B8F2046FFF79F
:101A200036FD2846F8BD0420FCE70E20FAE7F8B59D
:101A30000546071F00F1500350F8044CBFF35B8FBD
:101A400053E8001F21F0040143E80012002AF7D1F7
:101A5000BFF35B8FFCB16B6D83B9636873B1201DFD
:101A6000FFF79BFC064601463846FFF7BAFC90B1EB
:101A700063683360A368666003B9A66005F1580126
:101A80003846FFF7E7FD30B104F10C013846BDE8F8
:101A9000F840FFF7DFBDF8BD2DE9F041446A074685
:101AA00034B354F8A86906B1A83E00231D4607F1D7
:101AB000040801E034461646A26D92B905B983B90F
:101AC0004046FFF76AFC054650B101462046FFF745
:101AD00088FC68B17B682B60BB687D6003B9BD6022
:101AE00023462EB1D6F8A820002AE3D0A83AE1E791
:101AF000BDE8F08138B5BFF35B8F0B68BFF35B8F38
:101B0000DB07054616D550F8040C98B16B6D8BB900
:101B10000430FFF742FC044660B10146281FFFF77E
:101B200060FC38B155F8043C5A6822609A685C60E1
:101B300002B99C6038BDE3F7FDBE08B5E3F7EEF9E6
:101B400008B3426A02B3136803B1A83B32F88E0CA3
:101B500032F87E2C904228BF104643B913E09342DE
:101B600028BF1346984238BF1846A1F1A803D3F8FE
:101B7000A8105A8B5B8D0029F1D19A4228BF1A46D2
:101B8000904238BF104608BD1046FCE70A8AC96873
:101B90000023E3F7E1BAFFF7F9BFFFF7F7BFFFF75D
:101BA000F5BFFFF7F3BFFFF7F1BFFFF7EFBFFFF799
:101BB000EDBFFFF7EBBFFFF7E9BFFFF7E7BFFFF7A9
:101BC000E5BF70B5CE6833889AB2162A04460D4632
:101BD00006D8002204231146BDE87040E3F7BCBAE2
:101BE000F72242834385FFF752FC2A8A00233146BD
:101BF0002046F1E770B50E46E3F790F9044628B9A0
:101C00003046DDF739FA6FF07F0070BD00F10C054A
:101C10002846314603F026FC606A38B150F8A849DE
:101C200004B1A83C2946FFF715FD20B90020ECE7D8
:101C30001C466FF00100002CF8D0D4F8A83023B96E
:101C40000230F5D020461C46ECE7A83BF8E738B553
:101C500005460C46F9F7CEFC2846E3F75FF920B9B4
:101C6000F9F7DCFC6FF07F0038BD00232360836848
:101C70003BB9C0E90144FFF70FFFF9F7CFFC0020A3
:101C8000F2E71C608460F6E710B50C46E3F746F90E
:101C900098B1436A4BB153F8502C9169A142A3F11A
:101CA000A80309D0D3F8A830F4E7406828B18369C5
:101CB000A34202D00068F9E7104610BD012070472A
:101CC00008B5E3F72BF998B1436A8BB1BFF35B8F8B
:101CD000A83B03F1540252E8000F20F0080042E84C
:101CE00000010029F7D1BFF35B8FD3F8A830ECE7F0
:101CF00008BD08B50421FFF745FB30B1BFF35B8F8A
:101D0000006DBFF35B8FC0F3C00008BD1060002002
:101D1000704710B5029CA36833B1B1F5807F28BF2E
:101D20000E21CAB221469847A37DE268013BDBB28F
:101D3000A37522B11BB92046BDE81040104710BD65
:101D40001060918000207047B1F5807F009A28BF15
:101D50000E211368C9B21847FDF74FB9F0B50768EF
:101D60003D7889B006461446DDB97B88B3F5245F1B
:101D700004D010D8A3F52053032B12D8ADF80A10C5
:101D800002220DF10A012046E3F79AFB68B16FF0D9
:101D90001502A26506E003F55643FF339BB2042B00
:101DA0001DD90125284609B0F0BD7B88ADF80A3061
:101DB00002220DF10A012046E3F782FB0028E6D15A
:101DC000009003AA776813233146B847021EE0DB70
:101DD00003A92046E3F774FB0028E2D0D7E7ADF86B
:101DE0000A1002220DF10A012046E3F769FB0028E0
:101DF000CDD17B88ADF80A3002220DF10A01E8E767
:101E000008B5072203F045FFB0FA80F0400908BD8D
:101E1000BFF35B8F0068BFF35B8F704710B503465D
:101E2000BFF35B8F53E8000F40EA010243E8002450
:101E3000002CF7D1BFF35B8F10BDFDF7D5B80B6851
:101E400003608B8883808B798371704710B503465C
:101E5000BFF35B8F53E8000F00EA010243E8002460
:101E6000002CF7D1BFF35B8F10BD2DE9F041069D2B
:101E70000C4606466FF0040105F11000FFF7E6FF7F
:101E8000F4B13046E3F788FB014648B3836853B1A9
:101E90001868002205F1140C2BB1634508D12B46BC
:101EA0003046E3F79BFBB4F5807F28BF0E240FE09C
:101EB00020B107681A4603463846EDE70746F9E7BA
:101EC000AB892BB92F682346224629463046B847AE
:101ED0006B682BB12A46E1B23046BDE8F0411847A5
:101EE000BDE8F08111F1680F01D0FFF7BEBF704768
:101EF0002DE9F04107460C464D1C01F1290800264A
:101F000015F8010C2946E1F75BFC30B1B5F8073054
:101F10009E4238BF1E46E0F7BDFF0A354545EFD16A
:101F2000238DB34207D0E36A268523B13146384674
:101F3000BDE8F0411847BDE8F08108B502210C303A
:101F4000FDF7F3F903466FF0080200201A7058708D
:101F500008BD10B502210C301446FDF7E6F963897F
:101F60000380002010BD10B504210C301446FDF78D
:101F7000DCF923890380E3894380002010BD10B57C
:101F800002210C301446FDF7D0F92389038000208C
:101F900010BD10B504210C301446FDF7C6F9238995
:101FA000038063894380002010BD38B500F10C0424
:101FB000042120461546FDF7B8F92B890380EB89EB
:101FC00043802B7C33B94FF420512046FDF7C4F9F0
:101FD000002038BD42F60101F7E738B500F10C04E6
:101FE000042120461546FDF7A0F92B890380EB89D3
:101FF00043802B7C022B04D0032B09D02B685988FB
:1020000001E042F602012046FDF7A6F9002038BDA6
:1020100042F60301F7E770B51446002500F10C06FF
:102020006268EBB29A4205F1010501D8002070BD4B
:10203000A268304632F81310FDF78EF9F0E7FFF78B
:10204000EABFF7B5089D06462F680C4651B973B92B
:10205000002308932A46E1B23046BC4603B0BDE8EF
:10206000F0406047B1F5807F28BF0E24F0E7009371
:1020700013462A46B84708942F6823462A46214625
:10208000EAE7F0B587B00D460C9C114606461A46A5
:102090005DB983B9276800232246E9B23046BC46C1
:1020A0000C9307B0BDE8F0406047B5F5807F276826
:1020B00028BF0E25EFE703A8FDF726F9BDF810307D
:1020C000012B08D800230093256822461946304684
:1020D000A84707B0F0BD022103A8FDF767F9034642
:1020E000BDF8102033F8027B974228BF17460097AF
:1020F0002568224600213046A847394603A8FDF747
:1021000055F9DBE738B5BDF81040A24215460CD8AA
:102110004CB16BB1A21A8A42A8BF0A4694B22246B9
:10212000591903F0A0FD204638BD6FF00600FBE70B
:102130006FF00D00F8E730B585B0C96814461D464C
:10214000E3F70EFA00B10089ADF80E000223009308
:10215000BDF820200DF10E0329462046FFF7D2FFDF
:1021600005B030BD1FB50C461946E3681C78104613
:10217000BDF818203CB110240133069404B0BDE82A
:102180001040FFF7BFBF5B88ADF80E30022300930D
:102190000DF10E03FFF7B6FF04B010BD30B585B0EA
:1021A0001D46002314468DF80C30E3F79BF910B15F
:1021B000037A8DF80C3001230093BDF8202003AB87
:1021C00029462046FFF79EFF05B030BD2DE9F041BE
:1021D00014461D46BDF81870DEF7A6FE0646D5F774
:1021E00027FC80B2069033463A4629462046BDE891
:1021F000F041FFF787BF30B585B014461D46FEF7A6
:1022000040FC0223ADF80E000093BDF820200DF134
:102210000E0329462046FFF775FF05B030BD38B5DF
:1022200000F10C05062128461446FDF77EF82389A7
:102230000380E3894380237C002B42F6010308BF1F
:102240004FF42053838021680B781BB1022B06D0FA
:10225000002038BD49882846FDF77EF8F8E71022AF
:1022600001312846FDF767F8F2E738B500F10C04B4
:10227000042120461546FDF758F82B8903806B8909
:102280004380E9680B782BB949882046FDF764F84C
:10229000002038BD102201312046FDF74CF8F7E749
:1022A00070B500F1700605463146007AFEF7EBFB8B
:1022B00004463146287A3CB1E3F736F918B10023D9
:1022C00003604360836070BDE3F72EF90028FAD005
:1022D000046044608460F6E7022A10B508D1002348
:1022E00000F170011A46007AE3F710FA022010BDDF
:1022F000FFF7D6FFFAE72DE9F04706460D464FF403
:10230000702000219DF820A0DDF8249090461F4603
:10231000E2F7E4FE044688B1456080F811A0C0F8F9
:102320001490C760C0F818804A4651463046E2F71C
:10233000A3FE054638B92046E2F7FEFE6FF00B0516
:102340002846BDE8F087002211460123E3F7A6F8EE
:10235000A560284642464946B847054618B120467A
:10236000E2F7EAFEECE721463046FFF770FC05464F
:102370000028E5D0F3E738B500F10C050221284626
:102380001446FCF7D2FF63890380A1892846FCF735
:10239000E3FF042104F11000FFF740FD002038BDE9
:1023A00001210C30FFF73ABD38B504461546FFF75A
:1023B00085FC40B12046E3F795F820B1037ADB07AE
:1023C00001D5FFF7EDFF35B9207A04F17001E3F78D
:1023D000ABF800B1856038BD13B5044610B90020D4
:1023E00002B010BD00238DF80430006842F60303EC
:1023F00001A9ADF80630FEF7E9F90028EFD1E3684E
:1024000098880028ECD12046E3F7D0FA013080B25A
:10241000E6E770B5CC6888B008461E46A3798DF80B
:102420000C301546FFF7D8FFADF80D00246823786F
:102430006BB96388ADF80F3005230093BDF83020E9
:1024400003AB31462846FFF75DFE08B070BD631C44
:102450000DF10F02113453F8041B42F8041BA34280
:10246000F9D11323E9E71FB5CDE901230023009338
:102470001A46E3F7CBFA05B05DF804FBFFF75DBB46
:1024800038B54C8AD3070546C4F30E0404D514F0BE
:10249000950F2AD04B6843B3900704D514F4957F69
:1024A00025D08B681BB3144014F4DE7F0DD0EB7A7B
:1024B0002BB92846FEF759FDD8B9052038BD14F0D0
:1024C000300F04D114F4C07F07D10020F6E728466E
:1024D000FEF7DDFD0228F5D8EFE7D5F89C30002B9C
:1024E000EBD05B7BDB06E8D5EFE70220E6E70320D5
:1024F000E4E70F20E2E7F8B514460F46942261683E
:102500000646FFF7BDFF20BB616801223046E3F7B6
:1025100097FB08B3A2891B2102323046E2F7ACFDDB
:102520000546E0B1A1890C300231FCF7FEFE20F82F
:10253000027BA289A16803F096FBD4E90412284625
:102540000123E2F7ABFF29463046BDE8F840FFF72C
:1025500051BB4FF0FF30F8BD6FF01500FBE76FF097
:102560000B00F8E770B50B460546144629B921461D
:102570002846E3F779FE28B970BD4FF6FF72914205
:1025800007D121816368224628460021BDE87040BA
:102590001847E28901339BB29A422381E7D2F1E7DF
:1025A0002DE9F04F89B00646129F144611B913F079
:1025B000030807D07B683A460021304609B0BDE8E1
:1025C000F04F1847C3F3870302EB8305C14642F679
:1025D000010AAC4207D13A464146304609B0BDE84F
:1025E000F04FFFF7BFBF3A7C6388ADF80830002A90
:1025F00014BF52464FF42052ADF8022010220021A1
:102600000DEB02001FFA83F83B68B4F800B00193A9
:102610008DF8009003F035FB01AB0693CDF80CD09C
:102620007B68ADF81CB03A4603A93046984704349D
:102630000028CED109B0BDE8F08FF0B58FB0538936
:10264000ADF80C309389ADF80E300546022304A88E
:1026500016898DF81030144602900DF1110301F126
:10266000100251F8047B43F8047B9142F9D12168B0
:10267000C1B9002142F6020310220AA88DF8041005
:10268000ADF8063003F0FDFA01AB099302AB0C93F1
:10269000ADF834606368224609A92846984728B9EE
:1026A0000FB0F0BDFEF792F80028E2D02189224653
:1026B0002846FFF757FFF3E773B504460D46F8F7D2
:1026C00099FF29462046FFF7DFFA014620B902B0FC
:1026D000BDE87040F8F7A2BF46682046E2F7B2FEB8
:1026E000F8F79CFF2EB1002300951A460E212046D4
:1026F000B04702B070BDF7B50D46044616461F46FA
:10270000E2F74AFF014628B1009733462A462046A1
:10271000E4F796FB03B0F0BD2DE9F041054688468D
:10272000E2F7E0FE0446D8B1037ADB0718D500F1E2
:102730000C073846FFF76CFB10F0010610D1B8F11A
:10274000000F0ED06FF002013846FFF77FFB10F04C
:10275000020F284608D0FFF7B3FA2046FFF720FE05
:1027600001263046BDE8F081FFF7A8FA0028F8D02E
:102770002846FFF7BEFA0028F3D06FF00201384672
:10278000FFF764FB2846E6E7012070470120704709
:1027900007207047FCF728BCBFF35B8F0068BFF3CE
:1027A0005B8F084100F00100704710B50346D9B1B6
:1027B000C88910F0240F17D01A7D5C7B097BA242D8
:1027C00028BF2246914201D9002010BD820604D4C0
:1027D000187A003818BF0120F7E70521181DFFF708
:1027E000DBFF0028F4D1EFE70120EEE701238B4067
:1027F000DB43BFF35B8F50E8002F1A4040E8002115
:102800000029F8D1BFF35B8F7047FCF7F6BB08B522
:102810000621FEF7B7FD18B9BDE80840E4F7DEBCB5
:10282000EC3808BD4FF47022002300F5A070F8F7D3
:1028300081BC0720704701238B40BFF35B8F50E8BA
:10284000002F1A4340E800210029F8D1BFF35B8F25
:10285000704708B50E21FFF7EEFF002008BD70B5E8
:10286000051D0E4628460421FFF796FF68B1002299
:10287000002100230846E1F71BFA044640B9042171
:102880002846FFF7D8FF204670BD4FF47022EFE7CF
:1028900001210C30FCF749FD0670F4E738B504213E
:1028A0000446FFF7DCFF054698B110210C30FCF719
:1028B0003CFD04F1270304F1370253F8041B40F8F0
:1028C000041B9342F9D120462946E4F793FC0020EB
:1028D00038BD0820FCE738B5CD6804460B2104302C
:1028E000FFF784FF2B4604F1170205F1100153F89E
:1028F000040B42F8040B8B42F9D1D4F8EC30DB78AE
:102900003BB920460421FFF796FFBDE83840FFF7AA
:10291000C5BF002038BD072070470720704730B57D
:10292000012303FA01F1CA43BFF35B8F50E8003F74
:1029300003EA020440E80045002DF7D1BFF35B8FA6
:10294000194214BF0120002030BD70B5031D04469C
:102950000025D0F8EC60BFF35B8F53E8002F43E80D
:1029600000510029F9D1BFF35B8F04F5A07002F08C
:102970007FFE2572BFF35B8F54E8003F44E80052AE
:10298000002AF9D1BFF35B8FF3782BB920460B21D6
:10299000BDE87040FFF74FBF70BD70B500F1700625
:1029A00005460C4607220968304603F072F9B8B9AB
:1029B00063681A682A679A88A5F874209B7985F855
:1029C0007630D5F89C305BB1A268934208D062683B
:1029D0001168C3F801109188A3F805109279DA7193
:1029E00070BD2DE9F84FDDF82C80BDF82890044625
:1029F00092461F46FFF70BFF054600285AD0061DDA
:102A0000B9F1000F27D15AEA070324D10321304638
:102A1000FFF7C2FED0B301213046FFF7BDFEA8B3D9
:102A20002C7D6B7B9C4228BF1C46224605F147014A
:102A3000404603F018F90F2C06D8C4F1100200210B
:102A400008EB040003F01DF930460121FFF7F3FE07
:102A50000120BDE8F88FD4F89C30F3B904F1700B75
:102A6000217A5A462020E5F789FEC4F89C0030B947
:102A7000217A5A460120E5F781FEC4F89C00B9F19D
:102A8000000F0AD15AEA070704D006E0D4F89C30B8
:102A9000002BE3D0D4F89C1071B90F213046FFF71A
:102AA0007BFE20B1022206212046E0F735FE2846B3
:102AB000FFF74BFF0020CCE7CB899B06EDD50C7BC5
:102AC0001A312246B4E76FF085007047F7B5C37836
:102AD0000446002B5FD1FFF79AFE054600285DD023
:102AE000061D03213046FFF757FE20B16FF00F049B
:102AF000204603B0F0BD01213046FFF74DFE00280F
:102B0000F4D10F21201DFFF747FE28B1204603B066
:102B1000BDE8F040E5F748B8D4F89C3083B904F13B
:102B20007007217A3A462020E5F728FEC4F89C0079
:102B300030B9217A3A460420E5F720FEC4F89C001B
:102B4000D4F89C100029E1D0CB8913F0240FDDD0FC
:102B5000A27A022A09D9487BC007D7D5032A04D014
:102B60009B06D3D50B7B102BD0D10B7B009301F1AF
:102B7000180201F11A0320461031FEF70DFA04463F
:102B80000028B5D128460B21FFF755FE012130461C
:102B9000FFF751FEACE76FF01504A9E76FF07F0473
:102BA000A6E770B504460820E4F7BAFA0546E8B18E
:102BB000061D08213046FFF719FE002C3CD00721E6
:102BC000FFF714FE234605F1970204F1200153F8A4
:102BD000040B42F8040B8B42F9D10A213046FFF76F
:102BE000DBFD70B109213046FFF725FE0720E4F731
:102BF00097FA044610B3E4F797FB0146F0B120467C
:102C000017E010213046FFF7C7FD09210028EAD15F
:102C10003046FFF7C1FD0028E8D0D5F8EC30DB786E
:102C2000002BE3D12846E4F777FC01460028DDD0ED
:102C30002846E5F7BFF9D9E70B21F9E770BD70B574
:102C40000446A0F1EC0650F8543BE83CD3F89C5005
:102C500002F00EFD03212046FFF79EFDA0B10821E2
:102C60003046E5F717F93DB1EB8913B16B7B9B0754
:102C700002D5284600F029F830464FF4BC72BDE872
:102C80007040002102F0FDBF01212046FFF784FDC6
:102C90000028E4D10F212046FFF77EFD0028DED179
:102CA000E1E770B504460D461646E5F767FD38B90D
:102CB00031462846E5F7FCFC10B1C3891C43C481AA
:102CC00070BDC3891943C181704710B5037A5B0792
:102CD000044601D5DFF77CF820464022BDE81040CD
:102CE000002102F0CEBF531E1944024411F80139ED
:102CF00000F8013B9042F9D1704710B5431E00F136
:102D00001002073013F8011F12F8014D1C708342A6
:102D10001170F7D110BDF0B597B014460E462022C1
:102D2000014605A81D461C9FFFF7DDFF2022314606
:102D30000DA8FFF7D8FF2146102201A88DF85450A6
:102D4000FFF7D1FF3B46412205A901A8E5F764FE44
:102D5000044610B93846FFF7D0FF204617B0F0BD43
:102D60002DE9F04397B00446164605A810221D46EB
:102D7000DDE91F98219FFFF7B6FF1022314609A811
:102D8000FFF7B1FF102229460DA8FFF7ACFF1E99EF
:102D9000032211A8FFF7A7FF4946D9F8010011F84F
:102DA000013B8DF8473012908B88ADF84C300622ED
:102DB00012A8FFF798FF4146062211F8013B8DF853
:102DC0004E30D8F80130CDF84F300DF14F008B88E0
:102DD000ADF85330FFF787FF2146102201A8FFF717
:102DE00082FF3B46412205A901A8E5F715FE0446EE
:102DF00010B93846FFF781FF204617B0BDE8F083D1
:102E000010B5807A0C46DCF78FF8436A2146586883
:102E1000BDE8104002F0C1B9F7B50D46807A1746FB
:102E20001E46DCF781F82C68436A033424F0030261
:102E300058682A600421CDE90076F7F7A9FC00B9AB
:102E4000286003B0F0BD38B50446807ADCF76CF832
:102E50006169054649B1637ADB0704D4436A1B689C
:102E600020469B6898470023636121462846BDE8B9
:102E7000384002F002BB30B50906847E054618D4FE
:102E800014F040001AD0298BC3F30A00C1F30A01E1
:102E9000884222D802F0030002280DD003280ED069
:102EA000012815D114F0080217D013F4C05F05D023
:102EB0000BE014F02000E5E7C4F3800030BD14F00F
:102EC0000200FBD013F4C05F05D0C4F30010F5E797
:102ED00004F00100F2E70120F0E70020EEE7BFF385
:102EE0005B8FD0F8A000BFF35B8F00F0010070474C
:102EF000BFF35B8FD0F8A000BFF35B8FC0F340003F
:102F0000704701F00F030906026948BF103352F8F9
:102F100023007047007FC0F300107047037F61F308
:102F200004130377704708B502691046FFF7D7FF0F
:102F300068B991F8200000F00F03000648BF103375
:102F400042F82310084602F04EFA002008BD6FF048
:102F50000C00FBE700220023F7F704BE70B505461E
:102F600000220023F7F7FEFD044610B106462B6849
:102F70000BB9204670BD002200232846F7F7F2FD6A
:102F800070600028F5D00646F1E702F080BA02F042
:102F900069BA437E23F0070343F001034376704789
:102FA000407EC0F3C0007047437E6FF3C303437697
:102FB00070471FB504698DF80410CDE90220D4F8DC
:102FC000983001A9984704B010BD1FB504690346A5
:102FD00006208DF804002046CDE90213FFF77FFF9D
:102FE00040B1C1F81E20D4F8982001A91846904796
:102FF00004B010BD4FF0FF30FAE72DE9F843044666
:103000008668894615461F46FFF77BFF80460028E5
:1030100035D0F36B204698473B882A4649464046C0
:10302000FFF729FF28B38BB92369D3F88030DB077A
:1030300058BF402305F0030546BF4FF480634FF4AB
:1030400000711946022D07D0032D0CD02046336C99
:1030500098470020BDE8F883B8F818208A4228BFB6
:103060000A463A80F2E7B8F818209A4228BF1A4672
:10307000F7E72046336C98476FF08500EAE76FF07A
:103080001200E7E72DE9F3411F464B06D0F8088010
:1030900004460D4616461BD0D8F83C3098472069A8
:1030A000FFF726FF88B19DF82030009329463B4664
:1030B00032462046F1F7F8FF0546D8F84030204662
:1030C0009847284602B0BDE8F0814FF0FF35F4E79D
:1030D0006FF01505F5E770B54B06866804460D469A
:1030E00012D0F36B98472069FFF7F9FE48B12946E3
:1030F0002046F2F721F80546336C204698472846CB
:1031000070BD4FF0FF35F7E76FF01505F7E770B5C5
:1031100086680546F36B0C4698472869FFF7E8FE7A
:10312000B8B121462846FFF7ECFE0146A0B1037F67
:10313000DB0711D590F8213003F00303012B0ED0EB
:10314000F3682846984704462846336C984720463B
:1031500070BD4FF0FF34F7E76FF01204F4E76FF043
:103160008504F1E7F8B587680646FB6B0C4698477F
:103170003069FFF7BDFEE8B121463046FFF7C1FEDA
:103180000546D0B1037FDB0717D590F8213003F057
:103190000303012B14D001463B693046984704468F
:1031A00018B92B7F60F341032B7730463B6C98476F
:1031B0002046F8BD4FF0FF34F7E76FF01204F4E754
:1031C0006FF08504F1E770B586680546F36B0C4631
:1031D00098472869FFF78CFEB8B1217EA9B128462F
:1031E000FFF78FFE014698B1037FDB0710D5637EA2
:1031F0006FF30003637622467368284698470446B7
:103200002846336C9847204670BD4FF0FF34F7E7EF
:103210006FF01204F4E7F1F7E9BF70B586680D4668
:10322000F36B044698472846DBF726FF2046336CAD
:103230009847002070BD70B586680546F36B9847C7
:103240002869FFF755FE044620B133683BB1284694
:10325000984704462846336C9847204670BD0124A1
:10326000F8E7F8B587680669FB6B0446984720695C
:10327000FFF735FEE0B12069FFF73AFED8B9C6F88E
:10328000A400FB6A20469847054660B9BFF35B8FF0
:10329000A03656E8003F43F0020346E80032002A19
:1032A000F7D1BFF35B8F20463B6C98472846F8BDAB
:1032B0004FF0FF35F7E76FF07705F4E7F8B587686B
:1032C0000669FB6B044698472069FFF711FEB0B111
:1032D0003B6B20469847BFF35B8F054606F1A00382
:1032E00053E8001F21F0020143E80012002AF7D141
:1032F000BFF35B8F20463B6C98472846F8BD6FF0C4
:103300007705F7E72DE9F0410546D0F80880066912
:1033100014460F4631B32AB3D8F83C309847286991
:10332000FFF7DDFDD8B9C6E926742846D8F8343051
:103330009847044660B9BFF35B8FA03656E8003F5C
:1033400043F0010346E80032002AF7D1BFF35B8F58
:10335000D8F84030284698472046BDE8F0816FF005
:103360007704F5E76FF01504F6E7F8B587680669A6
:10337000FB6B044698472069FFF7BAFDD0B9206976
:10338000FFF7ADFDC8B1BB6B20469847BFF35B8F1D
:10339000054606F1A00353E8001F21F0010143E8B0
:1033A0000012002AF7D1BFF35B8F20463B6C984791
:1033B0002846F8BD6FF00F05F7E76FF07705F4E7E3
:1033C000F8B54B7E076943F002034B760546D7F804
:1033D000A8000E46FBF77BFF002280212846F1F76C
:1033E00005FF044678B101463046FBF770FF637E67
:1033F00043F0040363760022D7F8A8102846BDE8FE
:10340000F840FFF7E2BD6FF00B02F5E7F8B506698B
:10341000D6F8A430022B05461BD1D6F8A870FB685D
:103420008021DA88F1F7E2FE044678B10146384699
:10343000FBF74DFF637E43F0020363760022D6F86C
:10344000A8102846BDE8F840FFF7BFBD6FF00B029B
:10345000F5E76FF08500F8BDF8B506690022802118
:10346000D6F8A8700546F1F7C1FE044680B11FB139
:1034700001463846FBF72BFF637E43F00403637677
:103480000022D6F8A8102846BDE8F840FFF79DBDF9
:103490006FF00B02F5E74A7E42F004024A76002202
:1034A000FFF793BD0369D3F8A400431E5842584167
:1034B00070470369D3F8A400831E584258417047EF
:1034C0000369D3F8A400431F584258417047036969
:1034D000D3F8A400C31E584258417047C343C3F3F6
:1034E000C01300F00F0000EB0310704738B50D4615
:1034F000FFF707FD0446FFF70DFD60B92046FFF713
:1035000044FD40B12846F1F7D9FF20460121BDE82E
:103510003840FFF703BD38BD38B50D46FFF7F1FC65
:103520000446FFF7F7FC60B92046FFF72EFD40B1D7
:103530002846F1F7C3FF20460121BDE83840FFF7D8
:10354000EDBC38BDFBF750BD006984304FF0FF3251
:103550004FF0FF33F7F73EBA00698430F7F7B2BA9D
:103560004A09012301F01F018B4000EB8200BFF3E9
:103570005B8F50E8002F1A4340E800210029F8D162
:10358000BFF35B8F70470369C9B20C2201FB0233A2
:10359000186C00F00700704770B5C9B20369EFF30B
:1035A0001185202484F31288BFF36F8F0C2606FB4D
:1035B0000134246C14F0C00408D0A24206D085F374
:1035C0001188BFF36F8F4FF0FF3070BD71430B4414
:1035D00001221A6485F31188BFF36F8F43680B448F
:1035E0005B6898470020F0E78022FFF7D5BFF8B569
:1035F000069F0469C9B2EFF31186202585F312886E
:10360000BFF36F8F0C2569430C44256C05F0070C44
:10361000BCF1010F0BD1276486F31188BFF36F8FC4
:10362000C4E90E2343685B5898470020F8BD05F0B5
:10363000C005AF4286F31188BFF36F8F0CBF6FF0E8
:1036400077004FF0FF30F1E713B580240094FFF7C7
:10365000CEFF02B010BD10B40069CBB21C2403FB36
:103660000400002110BC10470020F4F705BB002027
:1036700000F022BB1046F7F7A7BA43685B68D3F89F
:1036800010350B600020704743685B6802EA010058
:1036900021EA0201C3F80805C3F80C1500207047A1
:1036A00043685B680020C3F80815704743685B688F
:1036B0000020C3F80C15704743685A68D2F80435E7
:1036C00021EA03000B40C2F80805C2F80C350020BF
:1036D000704710B503695868F8B1884219D19C68E1
:1036E00008685860A14200D19860002008602AB1A3
:1036F0005A680A609A68596002B99960002010E01F
:10370000814206D10868206098688142EDD19C60B2
:10371000EBE7044600680028F2D1002AE8D16FF0F8
:10372000150010BD13B54FF080520829136E526E6C
:1037300028BF082112BA00921BBA0C460A466946F5
:10374000019302F090FA204602B010BD30B54368F4
:103750001360057A446804EBC504A34202D36FF0FA
:10376000010030BD5C798C4201D00833F0E70020C5
:10377000F7E710B50469204601F0A4FD002363615A
:1037800010BDF8B587687C6806469CB1436893F81D
:103790002630DB071DD405694FF0FF334FF0FF32B1
:1037A0002846F7F717F96B69002B05DC002428463B
:1037B000F7F788F92046F8BD013B6B61002BF5D186
:1037C0007B6830469847041EBEBF6B6901336B614E
:1037D000EDE70024EEE7F0B4D0E901631B693BB1EB
:1037E00077688F4208DB3568954205DCF0BC1847E6
:1037F0006FF05700F0BC70476FF01500FAE7F0B4B7
:10380000D0E901631B6A3BB137698F4208DBF56879
:10381000954205DCF0BC18476FF05700F0BC7047CC
:103820006FF01500FAE770B4D0E90162956A0346BB
:103830000C46A5B196F8242012B92B4670BC184747
:10384000306A024410F8011BA14202D121461846F9
:10385000F3E79042F6D16FF0850070BC70476FF0CF
:103860005700FAE72DE9F341D0E901470E4694F8F5
:1038700025100569FF2980460FD194F82610C1F361
:103880008101022914D0D8F808301B6B003918BF09
:1038900001214BB96FF0570003E0FFF7C4FF002888
:1038A000EBDA02B0BDE8F081404698470028F8DB2B
:1038B000A268B2F1004F05D011464046FFF78BFFDA
:1038C0000028EEDB6269B2F1004F05D01146404698
:1038D000FFF795FF0028E4DB2368B3F1004F14D015
:1038E000D8F808305B69002BD4D001A9404698472E
:1038F0000028D6DB2268019B9A421CDD1146404617
:10390000FFF769FF002805DACBE762686FF0004334
:103910009A42E5D19EB994F826309B0716D03B68B1
:10392000404698470028BCDBA069F3F75FFC6B6951
:1039300001336B610AE062689342EBDDDEE76B699D
:1039400001336B6194F82630DA0601D40020A8E731
:103950004046FFF716FFA4E7012303FA01F10369CC
:103960001B68194218BF82F0010212B18368DB683C
:10397000184783681B69FBE708B54368986A38B144
:1039800093F82C100122FFF7E7FF00EAE07008BD72
:103990006FF08500FBE743681868B0F1004018BF7E
:1039A000012070470346084631B95B681B68B3F1D4
:1039B000004F01D0136070476FF0150070474368E7
:1039C000986A20B193F82C100022FFF7C5BF6FF062
:1039D0008500704743681B68D3F88004C3F88004EF
:1039E000704742681368D3F8100150B1D2690020C3
:1039F00012780A70C3F81001D3F8102101221A605E
:103A000070474FF0FF307047002A0FDD426813689F
:103A1000D3F8100158B10020C3F81001D269D3F8CF
:103A2000100112780A70012018607047002070475A
:103A300010B5436819680369EFF31182202080F301
:103A40001288BFF36F8F1868002484731B680120ED
:103A5000D8734FF48003C1F8043382F31188BFF3A5
:103A60006F8F10BD03691A68012191731B680022D2
:103A7000DA737047026911680346C87B40B15B681E
:103A80001B68D3F8580118B100230B61136898899B
:103A9000704743681B68D3F81001003818BF012035
:103AA000704743681B681022C3F8042370474368BB
:103AB0001B681022C3F80823704743681B684FF443
:103AC0000072C3F80423704743681B684FF4007208
:103AD000C3F80823704738B543681D68D5F8043328
:103AE0005B02044605D4D5F8040310F0100006D19B
:103AF00038BDFFF7BFFF0028F5D00120F8E72046CA
:103B0000FFF7C7FF003818BF0120F1E70120704719
:103B10000369186801601B685A60704702680346B1
:103B2000D2F8580140B95B68DB0706D4D2F820010F
:103B3000003818BF012070470120704710B4436857
:103B400002691B68D3F80413C90517D5D3F82011EF
:103B5000A1B1EFF31181202484F31288BFF36F8F9A
:103B6000D3F8204134B10024C3F82041D3F82041D8
:103B70000124DC6081F31188BFF36F8F1168D3F8E3
:103B8000584171B17CB100240C611168C97B19B92D
:103B90004FF48001C3F8081311688C7B1CB100231B
:103BA0008B7310BC7047D3F8241121B10021C3F8E6
:103BB0002411D3F8243112681368002BF1D0516816
:103BC00010BC184713B501AA0446FFF7BFFD002833
:103BD00005DB019B226819791868F3F735FA02B002
:103BE00010BD6FF0850070472DE9F041066933681C
:103BF0009C89BFF35B8F94420546A8BF14461033DF
:103C0000012753E8002F002A03D143E80070002861
:103C1000F7D1BFF35B8F0CBF3B4600232BD133683A
:103C20002246986802F01FF8EFF31188202383F3EF
:103C30001288BFF36F8F69680846FFF76FFF32681D
:103C400040B91061044688F31188BFF36F8F204696
:103C5000BDE8F0810B689268C3F844250022C3F8E0
:103C60004845C3F82021D3F82011C3F85821D3F8D0
:103C700058219F60E7E71C46E9E700F150039B00ED
:103C80009BB203F1804303F5883300221A601B685E
:103C9000704708B5F3F780FC08BD004701F004BA8F
:103CA000C00000F1804000F5F830C0F81015C0F8F1
:103CB00014257047F4F7EEBCF3F754BFF7B5019045
:103CC00001A8DDE9084716461D46F4F767F8019B91
:103CD000B6F1000C18BF4FF0010C00EB83000B1E77
:103CE00018BF0123002D43EA4C0314BF4FF00C0C06
:103CF0004FF0000C002C43EA0C0314BF4FF4E06CAF
:103D00004FF0000C002F43EA0C03D0F8002714BF3B
:103D10004FF4403C4FF0000C43EA0C0322EA03034B
:103D200001B109780EB13678760019430DB12D78BE
:103D3000AD0031430CB12478240229430FB13F7800
:103D40003F040C433C43C0F8004703B0F0BD1FB52F
:103D50000DF10F03019300238DF80F1000931A4605
:103D60001946FFF7ABFF05B05DF804FB38B5054613
:103D700008460C46F4F764F8B0B10846F4F754F876
:103D800090B90846F4F744F82A6801238340C2F842
:103D900008332A6803B202EB8303D3F8102522F01C
:103DA0000302C3F8102538BD20460021BDE8384085
:103DB000FFF7CDBFF4F7CAB8FFF7D8BF00F18043D3
:103DC0001A68002A1FBF00221A601B68012008BF62
:103DD000002070474FF080434FF46072C3F8042313
:103DE00070474FF080434FF46072C3F80823704768
:103DF00008B5F4F7FFFBBDE80840F3F791BF4FF4B7
:103E00008C72002101F03DBF18B14FF48C71F5F7B1
:103E100079BC704710B40C46012C11461A4606D8DE
:103E200014B910BCF4F74ABF10BCF4F789BD6FF0A9
:103E3000200010BC70472DE9FF4701291E4680462F
:103E4000DDE90C34154658D882B32A0758D1002929
:103E500049D10DF110091D44EC461A4603F1100A30
:103E6000674610685168E646AEE8030008325245DE
:103E7000F446F6D1224619464046F4F71FFFB0B982
:103E8000335822585340235004301028F8D132467A
:103E90003B4603CB4B45106051601F4602F10802C0
:103EA000F6D1AA45534604F11004D5D1002004B040
:103EB000BDE8F087C25851F803C082EA0C02E25014
:103EC0000433102BF6D1224621464046F4F738FD44
:103ED0000028ECD1103D04F11003214606D01C4609
:103EE0000023781BE6E731465F19F9E754F8042B05
:103EF00046F8042B9C42F9D1D8E76FF02000D6E7B2
:103F00006FF02100D3E710B50446FFF77DFF204690
:103F1000BDE81040F5F708BC10B54FF48C710120D6
:103F2000F5F7FCFB044608B1FFF769FF204610BD1A
:103F3000F4F782BCF4F7B4BBFFF77DBFFFF76ABFAD
:103F40004822002101F09DBE10B5044608B1F5F7E6
:103F5000D9FB2046BDE81040F5F7E6BB08B5F5F7FC
:103F600035FF002818BF6FF0040008BD38B50846BB
:103F700014461D461146DBF7C9F808B92C6038BD58
:103F80006FF08300FBE730B587B01D460DF11703D6
:103F900003920024009303AA0DF116038DF8174035
:103FA000F5F7C8FB50B99DF8170005B128709DF8CA
:103FB00016200399F5F740F807B030BD2046FBE71F
:103FC00000230B606FF0860070472DE9F3474768C8
:103FD0003F0ADDE90A9A04460D461646984611D175
:103FE000CDE9009A00F01EFE10F1860F0CD1434679
:103FF000324629462046CDE90A9A02B0BDE8F0478C
:1040000000F094BA6FF0860002B0BDE8F087009B24
:10401000F5F700BC009BF5F7FDBB38B51C460368FF
:10402000154623B1F5F7BAFB00B9256038BD6FF02E
:104030008800FBE72DE9F04194B004460D461E468A
:104040004C22002101A8DDF86C801D9F01F019FEB3
:10405000214633462A4601A8F5F7DCFB044648B959
:10406000B8F1000F0DD11C993A4601A8F5F796FB5F
:10407000044678B101A8F5F7B3FB204614B0BDE8BB
:10408000F0811A99424601A8F5F704FC044600287D
:10409000E9D0EFE71E9B1F60ECE700F4E040B0F5CD
:1040A000805F04D0A0F5005358425841704701206A
:1040B00070473AB1002918BF0023D21A21211844B1
:1040C00001F0DFBD704738B513464FF480420D460E
:1040D000F5F76AFD044640B9286843681B0A04D016
:1040E00000F04FFD2C606FF08504204638BD2DE9AF
:1040F000F04F89B09B4600238DF81B30159BDDF8EF
:104100005080002B91460B460E460CBF4FF40062C8
:104110004FF4806207A9DDE912A7F5F745FD0446D3
:1041200008BB079D0DF11B0229883046F5F7AAFD53
:104130000446C0B99DF81B30BB4226D868686A6E39
:10414000000A05F1200123D1CDE90338CDE901BAF8
:10415000CDF8009033462846FFF76CFF10F1860F2C
:10416000044600D008B1C8F80070D8F800303A46CC
:1041700021465046FFF79DFF079800F002FD002CF6
:1041800018BF204609B0BDE8F08F6FF08904EAE758
:104190006FF08604E7E72DE9F341002313604668DA
:1041A000D0F8148004460F463046114600F0EBFC70
:1041B000054688B9304600F0E8FC054660B9F6B21D
:1041C00076B9B8F1000F05D1A06820F47F4020F047
:1041D000030060B16FF08605284602B0BDE8F081AB
:1041E0000146606900F0A7FC0028EDD1F2E7628883
:1041F0004FF6F8739A4219D894F80480B8F1000F7A
:1042000000D101A83946F5F777FE05460028E3D12D
:104210000FCC3F683E460FC694E8030086E80300D3
:10422000B8F1000FD8D1019B7B61D5E76FF0850510
:10423000D2E7434213F07F0306D0722B24D0712BB8
:1042400058DD6FF08300704710F1720F1CD010F131
:10425000710F1CDA10F5C44F3DD00BDC10F5C64FC2
:104260003CD010F5C54F42D010F5C74FE9D16FF0E3
:104270009600704710F5C34F33D0E2DB10F5C24F04
:1042800035D010F5C14FDCD16FF08500704710F1CB
:104290003B0F11DA10F13D0F26DA10F16E0FE6D068
:1042A00010F1400F20D010F1700F08BF6FF0920096
:1042B00018BF6FF083007047002820D0C1DC10F1D8
:1042C000210F14D010F1200FDED010F1220F08BF03
:1042D0006FF08500ECE76FF0950070476FF0940089
:1042E00070476FF08C0070476FF0930070476FF06D
:1042F000860070473B2BC3F10000CBDCDFE7704743
:1043000041F2052398421AD8B0F5905F09D241F2E4
:10431000010398420CD0B0F5885F09D06FF085009A
:104320007047A0F5905080B22923C340DB07F5D534
:1043300011F0070F0CBF00206FF086007047B0F53A
:10434000105FEBD121F04003802B06D0B1F5807FC8
:104350000CBF00206FF08600704700207047F8B552
:1043600004460F4600881E46154692B1FFF795FE9B
:1043700078B1089BD10019602088FFF7C1FF04467F
:1043800028B93946304601F06EFC079B1D60204677
:10439000F8BD6FF08504FAE72DE9F04F476885B066
:1043A0003F0ADDE90E9ADDF840B004460D46164698
:1043B000984615D1CDE901ABCDF8009000F0ECFBAB
:1043C00010F1860F0ED14346324629462046CDE9EC
:1043D0000FABCDF8389005B0BDE8F04FFFF7BFBF89
:1043E0006FF0860005B0BDE8F08F10B5436E04464F
:1043F0001BB141212030F5F785F90020606610BD22
:1044000038B50546FFF7F1FF2B7E012B04460ED091
:10441000023B012B0ED8EB69012B18BF6FF09604FD
:1044200068220021284601F02CFC204638BDEB69AB
:10443000002BF2E76FF09604F2E713B50446A0B143
:1044400001A9F5F7A1FD044678B90198037E022B76
:104450000ED1032303760379FF2B08BF6FF084048A
:1044600000F07AFB002818BF0446204602B010BDB9
:104470006FF09604F4E770B514460288049E104667
:104480001D46FFF70AFE68B922F4405044F20103CA
:10449000984207D002F44F42B2F5824F02D0B2F5F3
:1044A000844F0ED1B4420FD82246284601F0DBFBE0
:1044B000321B0021281901F0E4FB059B00201C6041
:1044C00070BD6FF08500FBE76FF08900F8E72DE91C
:1044D000FF4188461F4616462AB300233B6001224F
:1044E00003A9F5F761FB044658B9039D6B686A6E32
:1044F0001B0A05F1200108D0284600F042FB6FF0AE
:104500008604204604B0BDE8F0814346CDE900674B
:104510002846FFF7B0FF0446284600F032FB002C87
:1045200008BF0446EDE76FF08904EAE770B514466A
:104530000288049D02F4E040B0F5804F1CD122F4C3
:10454000405644F20100864207D002F44F42B2F5D1
:10455000824F02D0B2F5844F0ED1AC420FD818462C
:10456000224601F080FB2A1B0021204401F089FB38
:10457000059B00201C6070BD6FF08500FBE76FF0AD
:104580008900F8E7F0B50F4685B01E46154612B310
:10459000002333601A4603A9F5F706FB044638B931
:1045A000039803885B0406D400F0EBFA6FF08604EE
:1045B000204605B0F0BDCDE900563B46426E00F105
:1045C0002001FFF702FD0446039800F0DAFA002C00
:1045D00008BF0446ECE76FF08904E9E72DE9F041F4
:1045E0001F4688B00023CDE90533064688463B6068
:1045F0001546002A57D0B2F1005F57D206AA05A986
:10460000FFF7C9FD044638B9059A536E83B973683C
:104610001B0A07D06FF08604059800283FD0FFF7EB
:10462000EFFE3CE0412D02D96FF08504F4E75566BA
:104630005388079307AB029302F164030193536E0F
:104640000093414602F1200330462A46FFF7A4FEBC
:1046500004460028E0D10599079B4A88D2B94B80CF
:104660000799059A4FF6F8739942DDD8338813B14C
:1046700011889942CED1738813B151889942C9D11A
:1046800053693B60137E012B07D000233B606FF022
:104690009604C1E79A42BDD1E2E702231376204691
:1046A00008B0BDE8F0816FF08604F8E76FF085048C
:1046B000F5E710B50446006868B101280CD104F193
:1046C0000800F5F78DF800232360A38823F4FF7317
:1046D00023F00103A38010BD6FF08600F3E72DE9FE
:1046E000F0430C4685B001689846002305461746FE
:1046F0000393002941D100F108094C22484601F0FA
:10470000C0FAB8F1000F20463B4614BF4FF4806258
:104710004FF4006203A9F5F747FA044678BB039EFD
:104720002A1D31883846F5F7ADFA044638BB6B7957
:1047300068F300036B71736E716806F12002B8F1C3
:10474000000F12D0090A21D1009731464846FFF7E1
:104750005EFC044698B9012303982B6000F011FA1F
:104760000446204605B0BDE8F083090A0ED1009743
:1047700031464846FFF74EFCEBE76FF088042846C9
:10478000FFF797FF039800F0FCF9EAE76FF0860463
:10479000F5E70123FFF7A3BF38B50546006898B1D8
:1047A00012B90024204638BD01280AD105F10800BD
:1047B000F5F770F804460028F3D02846FFF779FF94
:1047C000F0E76FF08604F8E76FF08804EAE72DE978
:1047D000F041054600680E4617469846C8B16A790A
:1047E000D20716D52A79A2B1BA4215D8012816D116
:1047F00005F10800FFF711FC044698B10023C8F842
:1048000000702B71A6B92846FFF753FF2046BDE87C
:10481000F0816FF08804F1E76FF08904EEE76FF044
:104820008604EBE726B92846BDE8F041FFF741BF13
:104830002146D8F800303A463046FFF73AFC284681
:10484000FFF737FF002C08BF0446DFE71FB5012440
:104850000394089C0294079C0194069C0094FFF723
:1048600046FC04B010BD036819430CBF01200020B2
:1048700070472DE9F04786B007469A460023059316
:1048800007F0FE43B3F1106FDDE90E58109E0846A5
:1048900091460BD0002D46D13560284600F071F9C5
:1048A0006FF08604204606B0BDE8F0873A4605A9B9
:1048B000FFF709FC044628B175BB3560059800F088
:1048C00060F9EFE705990B8823F0FF03B3F5E24F9A
:1048D00002D0B3F5E44F0CD14B880733B8EBD30FBC
:1048E00007D21DBB3560084600F04BF96FF0890414
:1048F000D8E7CDE90186009553464A463846F5F794
:1049000017F904463DB90598356000F03AF9002CD6
:1049100008BF0446C6E760B141462846F5F7EAF805
:10492000C6F80080CAE76FF08604F5E76FF08904E7
:10493000F2E7059800F025F90446B3E7F5F7DAB891
:1049400008B50088DDE90221FFF7A7FB20B1BDE82B
:1049500008401046F5F7CEB86FF0850008BD2DE988
:10496000F04F8BB01F46DDF850800023C8F80030B0
:10497000CDE90733438805460E469146002B00F0EB
:10498000D380038803F4E043B3F5804F00F0CC807C
:1049900039463046FFF767FF002800F0C58008AAB7
:1049A00007A92846FFF7F7FB044628BB079A6B6860
:1049B000526E002A3DD11A0A40F08980B5F800A055
:1049C00069885046FFF769FB78B15046FFF798FCBD
:1049D000044688B90AF4E043B3F5805F02D0B3F52A
:1049E000005F10D10731CA081DE02AF0FF03B3F5BC
:1049F000E24F5FD06FF085040798002800F09080A8
:104A0000FFF7FEFC8CE00AF44F43B3F5844FE9D086
:104A100047F201039A4531D149080131C90801EB38
:104A2000C10101F13B020992099B079A412BE1D890
:104A30005366079B9A4603F1200B6B685AF8642F64
:104A40001B0A65D12B88590449D4CDE9012ACDF838
:104A500000B03B464A4631462846FFF771FF044600
:104A6000079B002C56D15A69C8F800201A7E012AEB
:104A700054D0C8F800406FF09604BDE744F201033B
:104A80009A4503D1C90801F11002CCE747F20203AD
:104A90009A4505D1C90801EB410101F15A02C2E76B
:104AA00044F202039A4505D1C90801EB410101F125
:104AB0004A02B8E72AF0FF00B0F5E24F92D0B0F515
:104AC000824F01BFCC1DE4086400621CABE709A95A
:104AD0002846FFF775FA04460028A5D08CE703F4B2
:104AE0004F41B1F5824FB0D147F212118B42ACD198
:104AF0006B88B3F5807FA8D1534659462846059266
:104B000000F0B7F810F1860F059A0446A8D19CE78B
:104B10006FF086040798FFF768FC6DE702221A76AB
:104B200020460BB0BDE8F08F6FF08604F8E718223E
:104B3000002101F0A6B803466FF040420846591E16
:104B4000914207D338B103F1404393428CBF002018
:104B50000120704701207047034668B1017E8A1E1C
:104B6000012A0BD80329C26903D1012A01D1FFF719
:104B700047BC1AB1013ADA61002070476FF0960025
:104B80007047FFF7E9BF00207047C0B2002814BF8C
:104B90006FF0850000207047F8B5089F1E463B68FF
:104BA0000D46144663B1B3F5807F38D1038844F2D3
:104BB0001212934223D1412C09D06FF08600F8BD28
:104BC000038844F2121293420FD1412C27D1681C62
:104BD00000F04AFA0028F0D14FF480733B60069B46
:104BE0009C4213D96FF08900E9E747F21212934211
:104BF00015D1202C13D1284600F044FAEAE747F2F9
:104C0000121293420BD1202CD7D1F4E72246294629
:104C1000304601F028F8079B00201C60CFE76FF0BA
:104C20008500CCE770B50446184626886488B4F53C
:104C3000807FDDE9043513D147F21214A6420FD16B
:104C4000202A10D1402B11D9042300F8013BF5F79D
:104C5000C5FB08B941232B60BDE87040F5F7AAB940
:104C60006FF0850070BD6FF08600FBE76FF0890084
:104C7000F8E730B5202A91B0084614461D4609D100
:104C80006946F5F75DFB00B92C6011B0BDE8304016
:104C9000F5F790B96FF0890011B030BD70B51446CA
:104CA000202CDDE90426DDE90603089D0CD1412E08
:104CB0000AD11F2B0BD90132F5F764FB00B92C6028
:104CC000BDE87040F5F776B96FF0860070BD6FF003
:104CD0008900FBE740F8041B1C22002100F0D1BF33
:104CE000F0B5002405462646204652F8247051F8B7
:104CF0002430DB1946EB06071B1845F8243004F175
:104D0000010447F10000082CEFD1F0BD002370B57D
:104D10000646184652F8235051F82340641B65EBB1
:104D20000505241A46F8234003F1010365F1000547
:104D3000082BC5F10000EDD170BD70B504395642A5
:104D4000041F013A1C3054F8043F51F8045F13402B
:104D500035402B4384422360F5D170BD002330B52C
:104D60000446184654F8232051F8235001336A4072
:104D7000082B40EA0200F5D130BD70B50446056845
:104D8000166800200346E1FB665325605668656897
:104D9000E1FB665365609668A568E1FB6653A56014
:104DA000D668E568E1FB6653E56016692569E1FBB5
:104DB0006653256156696569E1FB665365619669CD
:104DC000A569E1FB6653A561D569E269E1FB65234D
:104DD000E261226A9B182362404170BD10B504381D
:104DE000A1F120024B7F0C7F1B0443EA0463CC7FBC
:104DF00023438C7F043943EA04238A4240F8043F6A
:104E0000F0D110BD0B1F1C3153F8042F120E027786
:104E10005A8842771A68120A82771A68C2778B42D8
:104E2000A0F10400F0D1704770B588B01E4604466A
:104E3000FFF756FF3246054621466846FFF766FFF4
:104E4000C0F101022A4369462046FFF776FF08B009
:104E500070BD2DE9F04F8BB00E46074691460021FC
:104E6000242201A8D3F840A0984600F00AFFA6F13A
:104E7000040B1C36D9F800305BF8041F019D4A462C
:104E800001A803FB0155FFF778FF0AFB05F504466F
:104E90004246294601A8FFF770FF01AA04440823EF
:104EA000516842F8041B013BFAD15E450994E1D1F7
:104EB000424601A93846FFF729FFC0F1010222430B
:104EC000C2F101023846FFF738FF0BB0BDE8F08FA2
:104ED0000B4601F120020146FFF7BBBF30B589B098
:104EE00004460D4668460121FFF7F4FE2B466A464C
:104EF00021462046FFF7ADFF09B030BD38B5044666
:104F00001546FFF7E7FE29462046BDE83840FFF783
:104F1000DFBF2DE9F04389B01446064601226846FA
:104F2000FFF70BFF224601213046FFF7E7FF256818
:104F30002746023D04F11C094FF02008EB0705D578
:104F400023466A4631463046FFF783FF23466A46CA
:104F500069466846FFF77DFFB8F101084FEA55053D
:104F6000ECD14F4502D057F8045FE5E709B0BDE842
:104F7000F08330B589B00446154668460122FFF734
:104F8000DCFE29466846FFF7A9FF69462046FFF781
:104F900039FF09B030BDF0B599B004460D4616464C
:104FA000114668461F46F5F711F83246694608A8CB
:104FB000F5F70CF83A4669466846F5F707F808A988
:104FC0001E9A0846F5F702F8224669466846F5F744
:104FD00045F808A92A460846F5F740F86A463146DA
:104FE0003046F4F7F3FF6A46694610A8F4F7EEFF7F
:104FF0006A4610A96846F4F7E9FF10A92246084658
:10500000F4F7E4FF08AA11462046F4F7DFFF10AAE0
:1050100021462046F5F722F810AA21462046F5F74A
:105020001DF86A4621462046F5F718F810A92246D1
:105030000846F5F713F810A908AA0846F4F7C6FFC2
:105040002A4669466846F4F7C1FF6A4610A9284611
:10505000F5F704F819B0F0BD08B5FFF76FFC00389C
:1050600018BF0120404208BD00B591B0024608A912
:105070006846F5F707F8002818BF6FF0010011B077
:105080005DF804FB10B588B001466846F4F7C6FF2A
:10509000202104466846F4F735FB002C0CBF20465F
:1050A0006FF0020008B010BD08B1DAF725B87047FC
:1050B00010B5436904463BB90020E268537843F0D9
:1050C00001035370404210BD98470028F4D00028D7
:1050D000B8BF4042E368FF28A8BFFF201870ECE784
:1050E00040B1C368587810F001001EBF1878B0FABC
:1050F00080F040097047EFF31183202383F3128877
:10510000BFF36F8FFEE72DE9F04F89B0DDE912683C
:10511000054605924346324606A80F4600F061FC5C
:10512000DDE9063405F1140ACDE90234EFF3118408
:105130004FF0200989F31288BFF36F8F05F10C0B34
:10514000059A149B39462846984730B184F3118854
:10515000BFF36F8F09B0BDE8F08F56EA0806F5D0AF
:10516000DDE9022306A800F061FCDDE906685A4685
:10517000CDE9006821465046F6F782F9EFF3118435
:1051800089F31288BFF36F8FDAE710B400F10C04D3
:10519000C0E9034410BCF8F766BE38B50446EFF327
:1051A0001185202383F31288BFF36F8FF8F7ADFDCD
:1051B00004F10C0000F056FB30B1294604F1140054
:1051C000BDE83840F6F7F0B985F31188BFF36F8F6B
:1051D00038BD4169826842EA010313F003030FD12D
:1051E000C3600369013B03FB0122002B01DA0020AD
:1051F0007047C16811604169C260013B521AF4E70F
:105200006FF0150070472DE9F04105460F46EFF3AA
:105210001188202383F31288BFF36F8FC668FEB90D
:105220000468A0421CD0DCB1D4E9003213605A609B
:10523000637BA66023F002036373C4E9006604F194
:10524000180000F0A0FB2046C4F88C60276100F035
:10525000A4FA414605F10800BDE8F041F6F7A4B90B
:105260003E60AB69EF60013BAB6188F31188BFF32F
:105270006F8FBDE8F08108B52024EFF3118384F32C
:105280001288BFF36F8FF9F7A1FFF6E7D0E900327C
:1052900013605A60427B002322F00202C0E900330F
:1052A00042738360704713B501240094F5F7BEFA8A
:1052B00002B010BD90F90E308B4201D0F6F702B962
:1052C0000020704703460020C3E90200C3E9003311
:1052D0007047D0E9003213605A60427B002322F00D
:1052E0000202C0E900334273836070472DE9F8433E
:1052F000914604469DF820200D4600F10807EFF383
:105300001186202181F31288BFF36F8F02B14568A7
:10531000D4F80880474518D0B8F1000F15D04046A2
:10532000FFF7D7FF08F1180000F02DFB0023C8F8A5
:105330008C30C8F81090404600F02FFA38463146BD
:10534000F6F732F90020BDE8F883A3B10820F6F79C
:10535000F9FD002838D00122C0F8049002600168ED
:1053600001F003015DB922680A43026062682060AF
:105370006AB960600BE0C9F800304846EFE72A6878
:10538000032A16D80160616869B9C4E900000421E4
:1053900004F1100000F0D6FB0028CFD186F311886D
:1053A000BFF36F8FCFE70A6802F0030202430A607F
:1053B000DFE722F003020A4302602A6802F00302D8
:1053C00040EA02032B60E2E76FF00B00E6E710B55E
:1053D000044630B10268930703D0446809B100F075
:1053E0003BFC204610BD0023C0E9003300F1080358
:1053F000C0E9023300F11003C0E904337047F8B587
:1054000000F10806EFF31187202383F31288BFF31E
:105410006F8F8568AE4200F1100418D0BDB12846E8
:10542000FFF757FF05F1180000F0ADFA00232846FA
:10543000C5F88C302B6100F0B0F90821204600F04F
:1054400081FB39463046BDE8F840F6F7ADB8082193
:10545000204600F077FB0028F3D187F31188BFF3D3
:105460006F8FF8BD07B50123009300230A46194644
:10547000FFF73CFF03B05DF804FB07B500230A46C5
:1054800000931946FFF732FF03B05DF804FB006894
:105490000021FFF79CBF5AB18A4209D300F11003E3
:1054A000C0E90212C0E90000C0E9043300207047DF
:1054B0006FF015007047026801238B4022EA030356
:1054C000036022FA01F000F001007047704710B548
:1054D000032104460C30FFF7EEFF30B104F1100059
:1054E00000F051FAB0FA80F0400910BD20B100225E
:1054F00011469C3000F0EBB9704770B5C368C3F338
:1055000040069B07044616D4856802210C30FFF73D
:10551000D2FF80B1D5F894206AB194421DD122689F
:105520009EB9D5F89830C5F894209C4201D1C5F8B1
:10553000982000232360E36813F01F001EBF43F090
:105540000203E36040F0020070BD3260D5F898209D
:10555000944208BFC5F89860EBE716461268DBE78F
:1055600073B50446EFF31185202383F31288BFF34C
:105570006F8F0023A0F11006032104380193FFF779
:105580009AFF28B1A369019301A93046F5F796FC6B
:1055900085F31188BFF36F8F02B070BD38B5044634
:1055A0000D461022002100F06CFB656038BDEFF362
:1055B0001183202282F31288BFF36F8FC06800F03E
:1055C0001F0083F31188BFF36F8F704713B50190ED
:1055D0000846EFF31184202383F31288BFF36F8F03
:1055E00001A9F5F76BFC84F31188BFF36F8F02B04C
:1055F00010BD10B5FFF7EAFF041E08DDEFF31180C0
:10560000202383F31288BFF36F8FF5F7DFFF204667
:1056100010BD70B50D46EFF31186202383F3128879
:10562000BFF36F8FF5F7A6FC044686F31188BFF32E
:105630006F8F38B14FF0FF324FF0FF3305F110009C
:10564000F5F7FCFA204670BD08B5B022002100F045
:1056500018FB08BD38B5302204460D46002100F085
:1056600010FB4FF480736560E36038BDFFF79FBFA8
:1056700038B50446EFF31185202383F31288BFF376
:105680006F8FFFF724FF2046FFF737FF85F3118860
:10569000BFF36F8F38BDF8B504460D46EFF31186A2
:1056A000202383F31288BFF36F8FC36803F01F03B7
:1056B000002B14BF0127002705D186F31188BFF303
:1056C0006F8F3846F8BDFFF702FF2046FFF715FF42
:1056D00029462046F5F7D4FB86F31188BFF36F8F78
:1056E0000028EED04FF0FF324FF0FF3305F10800F5
:1056F000F5F7A4FAE5E7D0E9003213605A60427B7F
:10570000002322F00202C0E9003342738360704735
:10571000EFF30580003818BF012070476FF0570085
:10572000704700207047D0E9003213605A600023B0
:10573000C0E90033704708B5FFF7F5FF437B23F05E
:10574000020343730023836008BD38B504460D4649
:10575000F5F716FE637B43F002036373E5B1A560C2
:105760002B689D4209D16B68C4E900531C606C60D2
:1057700012E06A689A42F6D01B68002BF3D094F9C5
:105780000E2093F90E108A42F3D09142F1DD5A684F
:10579000C4E9003214605C6038BD10B5EFF31184C9
:1057A000202383F31288BFF36F8FF5F7A7FD84F3EF
:1057B0001188BFF36F8F10BD08B5EFF31181202260
:1057C00082F31288BFF36F8F83680BB1FFF7B3FFCB
:1057D00081F31188BFF36F8F08BD38B5EFF31184E3
:1057E000202383F31288BFF36F8F90F87050427BB1
:1057F000002380F870302DB121B184F31188BFF3FC
:105800006F8F38BD12F0280FF7D183680BB1FFF707
:1058100092FF437B23F004034373F5F76FFDECE73E
:1058200001211838FFF7D9BF08B50346EFF31181FE
:10583000202282F31288BFF36F8F0068834207D063
:1058400008B1FFF778FF81F31188BFF36F8F08BDB0
:105850000020F8E710B5FFF7AFFFBDE810401830A3
:1058600000F091B838B504680546AC424FF000002E
:1058700000D138BD002CFCD02046FFF7EBFF2046BE
:10588000FFF78BFF2C680120A542F1E770B50546B4
:105890000E46F5F743FFB6F1FF3F08BFB5F1FF3FF6
:1058A0000446284612D04FF47A7147F6FF7300225F
:1058B000C4FB0132D80B40EA4240B0F1004F4FEA3E
:1058C000D23272F1000228BF6FF0004070BD38B5CF
:1058D000EFF31185202383F31288BFF36F8F0468E1
:1058E000A04213D0A4B1C4F88C1022612046FFF767
:1058F00022FF04F1180000F046F82046F5F7FEFC00
:10590000012085F31188BFF36F8F38BD0020F8E7C1
:105910002046F6E72DE9F04105460E461746EFF31F
:105920001188202383F31288BFF36F8F0468A0428D
:105930000FD1002088F31188BFF36F8FBDE8F0818D
:1059400039462046B0470028F4D16B68A342F0D016
:105950002468002CF4D1ECE708B50246F6F77CF891
:1059600070B1D0E904319B1A61EBE272B3F1004FE0
:1059700072F1000104DA002AACBF1846002008BD0D
:105980006FF00040FBE738B50246EFF311852023A6
:1059900083F31288BFF36F8F0368CBB1F6F75CF81F
:1059A00004461046F6F76AF800224FF0004384429E
:1059B000C0E9042306D1F6F757F8FFF7CDFF002121
:1059C000F1F756FF002085F31188BFF36F8F38BDC4
:1059D0006FF01500F7E708B5F6F75CF908BDF6F7C4
:1059E00059B9B3F1FF3F08BFB2F1FF3F70B50646AA
:1059F0001D46144614D01A4316D0002B08DBF6F7C8
:105A000049F9041941EB0501C6E90041304670BD72
:105A10006FF001031C1B4FF0FF3363EB0501F3E74D
:105A20004FF0FF342146EFE70024FBE7B3F1FF3FDF
:105A300008BFB2F1FF3FF8B5074616461C4610D026
:105A400054EA020311D0F6F725F9B0420A46A14103
:105A500003460AD2F31A64EB0204C7E9003438465D
:105A6000F8BD4FF0FF331C46F7E70023FBE70023A8
:105A7000C0E9081200F11802C0E90622C0E90033AB
:105A800003634363704710B50446FFF77CFFA8B972
:105A9000636A0BB12046984704F11800FFF7C4FE73
:105AA00060B1FFF77AFEEFF31180202383F31288B1
:105AB000BFF36F8FBDE81040F5F788BD10BD2DE92D
:105AC000F041846805460E46D4B16378012B22D19B
:105AD00014F8533C9A0711D5A4F160073846FFF734
:105AE000B9FE082E0CBF6FF003030023E36214F825
:105AF000533CDB0602D13846FFF74FFE00232370EC
:105B0000EB68C3F386321643002066F39433A86033
:105B1000EB60BDE8F081022BF0D12378002BEDD0B3
:105B200054F8048CB8F1000FE8D004F11400FFF72A
:105B30002AFFA4F114070023E36239464046FFF729
:105B400045FDDBE738B5EFF31185202383F3128899
:105B5000BFF36F8F0468A04211D0D4E90032136004
:105B60005A600023C4E900332046FFF7A8FF85F3FD
:105B70001188BFF36F8F201E18BF012038BD00248D
:105B8000F5E72DE9F3470446DDE90A9815460E4688
:105B900059B302F0010AF5F721FE0746EFF3118130
:105BA000202383F31288BFF36F8FA80744BF00231D
:105BB000A360A36803EA0600BAF1000F0CD0864286
:105BC0000CD16A0744BF8343A36081F31188BFF3FC
:105BD0006F8F02B0BDE8F0870028F2D159EA0803C0
:105BE00005D181F31188BFF36F8F0020F1E7C7E97A
:105BF0001A652246CDE9009804F10C00F5F740FC47
:105C00000028F2D1B86EE4E710B5D0E91A424B682B
:105C100012F0010F03EA040301D09C4210D17BB1C2
:105C20008366520744BF8A681A430B6848BF8A607C
:105C300043660123086080F870301830FFF7A3FE38
:105C4000002010BD0A46F6F71FB90A460021F6F7F4
:105C50001BB95200FFF795BF20B1011F50F8040C8B
:105C6000FFF79BBA70470A44914200F1FF3300D11D
:105C7000704710B511F8014B03F8014F9142F9D16B
:105C800010BD02440346934200D1704703F8011B44
:105C9000F9E710B501390244904201D1002005E036
:105CA000037811F8014FA34201D0181B10BD013039
:105CB000F2E710B50139044632B111F8013F00F89E
:105CC000013B013A002BF7D10021FFF7DAFF204614
:105CD00010BD10B5024601448A42134603D01C7819
:105CE0000132002CF8D1181A10BD2DE9F047C3F18C
:105CF0003709074688465FFA89F903F01F051646FB
:105D00004FF0000A384641462A465346D1F764FE12
:105D1000D4B2092C88BF4C443A46434688BFE4B20B
:105D2000AA4204F1300473EB0A0306F8014B07465C
:105D30008846E7D23046BDE8F0872DE9F04F87B0BE
:105D40000618994602AB41EB010400931546304614
:105D5000D2E900232146DDF844B000F0A9F804ABF5
:105D60000093D5E90223074688463046214600F0D5
:105D70009FF8DDE90263841951EB0306049BD5E922
:105D800000014FF0000228BF0122D218059B43F109
:105D90000003381848EB0101B84271EB0801D5E95E
:105DA00002C134BF0120002014EB0C0C46EB0101B2
:105DB00010EB0C0041F10001A04271EB060C34BF66
:105DC0004FF0010C4FF0000CCDE90423A9F1410A7A
:105DD0001CEB020243F10003CDF800A000F083F8B1
:105DE000109BC3E90001129B012BDDE9042329D19B
:105DF000D5E90201D5E900C5201A66EB0101674526
:105E000078EB050534BF01250025401B61F1000139
:105E1000844276EB010534BF01250025521BCDF8E5
:105E200000A063F1000300F05EF8DDE90423CBE994
:105E30000001CDF800A02046314600F054F807B02C
:105E4000BDE8F08F17EB070E48EB080C201946EB66
:105E50000601BE457CEB080834BF01270027C7199F
:105E600041F10008D5E9000186457CEB010CD5E93C
:105E7000021534BF01200020381A68F1000C401AC6
:105E80006CEB050192185B41A74278EB060534BF25
:105E900001250025521943F10003874278EB0108E0
:105EA00034BF01250025521BA9F140050095B8E734
:105EB000F0B50F460446A0FB0201A7FB02524919A8
:105EC000A3FB044542F10002A7FB0373611845F1EF
:105ED0000004D219059E43F10003121943F1000397
:105EE000C6E90023F0BDF0B5059CC4F14007C4F13C
:105EF000200602FA06F6A4F12005BB4022FA05F5B9
:105F00003343C4F120062B4301FA06F6A4F1200521
:105F1000E04021FA05F53043BA402843E140104300
:105F20001943F0BD0246534221F00040134340EABA
:105F3000D370C0F1FF4000F5E000C00F704718B10A
:105F400000204FF0004170470020002170472DE9EC
:105F5000F0410446CD0FC1F30A50C1F3130154EAD6
:105F60000107157140F2FF7607D0B0420CD145F021
:105F7000080515710020BDE8F081002863D0B0420B
:105F80005ED145F00405F4E7002859D10120A0F2C4
:105F9000FF30002B106059DB0C2B59DCC3F10D05D1
:105FA000AD00012005F1FF3CA5F12107C5F1210657
:105FB00020FA06F600FA07F700FA0CF03743061845
:105FC00047EB0708D6F1000E68EB480C013E48F19C
:105FD000FF38264008EA0108B04277EB08080FDBDB
:105FE000C5F12008B5F1200601FA08F824FA05F5F4
:105FF00045EA08055CBF41FA06F63543ED0703D5CF
:106000002018044641EB070104EA0E0401EA0C01E2
:106010009DF81860123218460D25C6F127064FF07C
:10602000300E04F00F03240944EA017405F1FF3C2B
:106030000911571EB3B9A8420CDA65463A46F0E793
:1060400041F48011A3E704460146A2E70023DFE7FD
:106050000D23DDE782F800E01CF1010365463A46B6
:10606000DFD188E7092BC8BF9B193033A8421370D2
:10607000B8BF2846F0E7D1E9043293421EBF5A1C4C
:106080000A611870704700000148006870470000FE
:04609000A025002027
:08609400AC19FD7F01000000C2
:10609C00B5F0020000000000000000004C6105009B
:1060AC006DA7040000000000ADA704000000000074
:1060BC00000000006C610500000000008C61050010
:1060CC0000000000CC61050000000000EC61050040
:1060DC0000000000AC610500F56904000000000040
:1060EC000D7704000000000041D702000000000002
:1060FC0029EE0200000000005D3F050000000000DA
:10610C0009AD040000000000000000000C62050056
:10611C00000000002C6205006D0003000000000070
:10612C00000000004C620500000000006C620500DD
:10613C0045FC020000000000ADE102000000000080
:10614C002FB20500E8760500D8640500B6070020DC
:10615C00D84B002015670400000000000000000070
:10616C0068B2050000770500A8640500BA07002096
:10617C00804C0020556E0400000000000000000060
:10618C0076B2050018770500A8640500BC0700204E
:10619C008C4C0020556E0400000000000000000034
:1061AC003A910500986D050030650500B007002098
:1061BC006000002061FF02000000000000000000F1
:1061CC0058B2050000000000A0640500B8070020CC
:1061DC002C4C0020096C04000000000000000000A2
:1061EC00F8B205009077050074650500C207002021
:1061FC000C070020A1730400E33B05000000000025
:10620C005C72050000000000CC640500B2070020A1
:10621C009C3A00200000000000000000000000007C
:10622C0009B20500D07605008C760500B407002075
:10623C005C060020F5560400000000000000000081
:10624C00A4B2050030770500F4640500BE070020F9
:10625C00984C00201972040000000000000000009F
:10626C00B3B2050060770500F4640500C007002098
:10627C00B04C002019720400000000000000000067
:10628C00F13D05009B3C050000000000B1F104004D
:10629C00EC6105003D3B050000000000B1F104007D
:1062AC0000000000B1F1040000000000B1F1040096
:1062BC00A58304009B3C050000000000B1F1040024
:1062CC0000000000B1F1040000000000B1F1040076
:1062DC0000000000B1F1040000000000792C040063
:1062EC0000000000B1F104002C4C0020796C04007B
:1062FC0000000000854F040000000000B1F1040014
:10630C0000000000B1F10400000000009D770400C3
:10631C0000000000B1F1040000000000B1F1040025
:10632C0000000000B1F1040000000000B1F1040015
:10633C0000000000B1F1040000000000B1F1040005
:10634C0000000000A92C040000000000B1F10400C2
:10635C0000000000B1F1040000000000B1F10400E5
:10636C0000000000B1F1040000000000B1F10400D5
:10637C0000000000B1F1040000000000B1F10400C5
:10638C0000000000B1F1040000000000B1F10400B5
:10639C0000000000B1F1040000000000B1F10400A5
:1063AC0000000000B1F1040000000000B1F1040095
:1063BC0000000000B1F10400955F04009B3C050057
:1063CC0000000000B1F1040000000000B1F1040075
:1063DC0000000000B1F1040000000000B1F1040065
:1063EC0000000000B1F1040000000000B1F1040055
:1063FC0000000000B1F1040000000000B1F1040045
:10641000A80C0020C06400200010000055B8020045
:106420000000000000000000000000000500000067
:10643000000000001B8A05000000000000000000B2
:10644000880B0020405800200004000029B80200FA
:106450000000000000000000000000000500000037
:1064600000000000C98905000000000000000000D5
:10647000180C0020805C00200008000095BA020083
:106480000000000000000000000000000500000007
:1064900000000000D089050000000000000000009E
:0864A000B16B0400096B04005C
:1064A8009D6E04007B36050089360500A13605007F
:1064B800AD360500B9360500ED6C0400D33605008D
:0464C80000000000D0
:0C64CC006DB303005DB10300B9B0030024
:1064D8006D670400E9350500493605000000000035
:0C64E800873505000000000000000000E7
:1064F40079390500BF39050097390500A53905002C
:106504000000000000000000000000000000000087
:106514000000000000000000000000000000000077
:0C6524000000000000000000000000006B
:1065300077020500EDFE020000000000A102050048
:10654000630205000707050027030500CD010500CC
:10655000190205001D03050000000000E50105000B
:106560000000000000000000ED01050037060500F6
:10657000FF010500E3390500E9720400D539050083
:10658000E93B0500093A0500313A0500653A050086
:10659000753A0500A33A0500AF3A0500753A0500C3
:1065A000933A0500BB3A0500C93A0500D73A050001
:0865B0000D3B0500113B050045
:1065B80005000000893C030006000000E17A0300A2
:0865C80004000000F54D030082
:1065D00005BD0200B5BA0200000000000000000086
:1065E00000000000000000000000000000000000AB
:0465F00000000000A7
:1065F4005470050008000000F47005000500000058
:10660400E6A7050003000000B291050003000000A6
:1066140099A30500030000000AAF05000300000071
:106624007075050003000000B87305000300000046
:10663400707205000300000094740500030000005C
:106644005C75050003000000DC91050003000000F8
:1066540056A00500030000000EAB05000300000077
:10666400179C050003000000AB9E0500030000001A
:10667400F2AE05000300000063A50500030000005E
:106684007191050003000000CF9E05000300000087
:10669400EBAE050003000000F68A050003000000CD
:1066A4004AB2050003000000F89005000300000052
:1066B400328B050003000000368B05000300000048
:1066C400578C0500030000009C90050003000000A7
:1066D400FF9005000300000007910500030000007F
:1066E4001FB2050003000000478A050003000000F4
:1066F4005FB6050003000000C9B2050003000000F6
:10670400169105000300000020910500030000001D
:1067140006B305000300000075B005000300000087
:0867240017B20500030000009C
:10672C00446D050094020020468C05000100000019
:106740000000000000000000000000000000000049
:106750000000000000000000000000000000000039
:106760000000000000000000600060000000000069
:1067700000000000029ECADC240EE5A9E093F3A30A
:10678000B50100406E029ECADC240EE5A9E093F339
:10679000A3B50200406E029ECADC240EE5A9E09378
:1067A000F3A3B50300406E00149B0500199B050080
:1067B0001D9B0500219B0500259B0500299B0500CD
:1067C0002D9B0500319B0500359B0500399B05007D
:1067D0003D9B0500419B0500459B0500499B05002D
:1067E0004D9B0500519B0500559B0500000103FFD3
:1067F00004FF020000010008120000000000000079
:1068000001030062746C65000000000000000000DD
:106810000000000000000000000000000000000078
:106820000000000000000000000000000000000068
:106830000000000000010000000000000000000057
:106840000338FDD870470000010000000000000080
:10685000050000000000000019000000000000001A
:106860007D00000000000000710200000000000038
:10687000350C000000000000093D00000000000091
:106880002D31010000000000E1F5050000000000CE
:1068900065CD1D0000000000F90295000000000019
:1068A000DD0EE90200000000514A8D0E00000000DC
:1068B0009573C24800000000E941CC6B0100000064
:1068C0008D49FD1A07000000C16FF2862300000009
:1068D000C52EBCA2B1000000D9E9AC2D78030000A0
:1068E0003D9160E45811000031D6E275BC560000BD
:1068F000F52E6E4DAEB10100C9EA26836778080017
:10690000ED95C28F055A2A00A1EDCCCE1BC2D30053
:1069100025A4000A8BCA2204000000000000000029
:106920000000000000000010000000000000000057
:10693000B9340332B7F4AD1410DB1AB30892540E15
:106940000D307D951447BA1A66088F4D26ADC66D79
:10695000F598BF85E2B74511CA96853D92BD1DEBFE
:10696000FCA11860DCEF52163C92AE220BB8C1B409
:10697000839D2D5B0562DA1C304C7E8F4E8BB25BA3
:1069800016F4529F8B56A512FBD4827643ED8AF003
:106990008FE7F9311565191850F19BD94A13EEB4F8
:1069A000284CF0A686C1251F035FC270CB9E4916F6
:1069B000E642889C44EB2014B0650836AD6EA58590
:1069C00085F0CA14E2FD031A0B899979D5B13D0906
:1069D000D8DA973A35EBCF10AC363F5E73BB38CF81
:1069E0003E6752FA44AFBA150100000000000000F3
:1069F0000000000000000020345065C05FC9A652AE
:106A0000BB13CBAEC440C21806C8DF7100D5A87C4A
:106A1000F56F0FDA58FC27136E4756357D24206535
:106A200002C7E768E48CA41DE9E60268D7CD3961A6
:106A30007977FCC2405BEF16798CDE43FFA751F9F2
:106A400091F3B278F5BDBE11E857E9D6E8BEE87B10
:106A5000B054AC8F848D751BEA23A499E9F9D38BCC
:106A6000B7A3714061DA3E15CEE33ECB73F9480817
:106A70008C97B427D51B7010A2BFEFB9EB853215E8
:106A80004DB44DB49BBB6F1996B6076CF8E7EEADED
:106A900036D9B4F59135AE13222218AF4E6A684D3F
:106AA00091DAAA3D4F40741E9FBD9EE006A1C0989A
:106AB00057C2A7FDA40E90170E7D497173E3208F76
:106AC000B220D87605143B12853D7434811343B04F
:106AD000AD297A5F27F4351C00000000000000009B
:106AE00006D0CF43EBFD4C3E00000000000000004C
:106AF0000000004003B8E23F000000000000F03F4B
:106B0000000000000000F83FA689050012440000C4
:106B10000400000000000000AB8905001A440400D6
:106B20000400000000000000B28905002260080097
:106B30000400000000000000BB89050022600C007A
:106B40000400000000000000C4890500126010006D
:106B5000040000000000000021D804000BD804004D
:106B60000000000049D8040045D8040000000000DF
:106B7000DC8905001E440000040000000000000045
:106B8000E489050012440400040000000000000035
:106B9000E98905000E440800040000000000000020
:106BA000DC8905001E440000040000000000000015
:106BB000E489050012440400040000000000000005
:106BC000FE890500124408000400000000000000D7
:106BD000E98905000E440C000400000000000000DC
:106BE000ED890500166010000400000000000000A0
:106BF000F389050016601400040000000000000086
:106C0000F989050026441800040000000000000077
:106C1000038A05002A441C00040000000000000054
:106C20000E8A050022602000040000000000000021
:106C3000178A050006602400040000000000000020
:106C4000198A05000660280004000000000000000A
:106C5000DC8905001E440000040000000000000064
:106C6000E489050012440400040000000000000054
:106C70002C8A05002E4400000400000000000000E3
:106C8000388A0500266004000400000000000000AF
:106C9000428A050012F60800A06C050004000000FE
:106CA000AB8905001A440000040000000000000049
:106CB000B28905002260040004000000000000000A
:106CC000BB890500226008000400000000000000ED
:106CD000C489050012600C000400000000000000E0
:106CE0008810002000010000FFEE0400A1EE040067
:106CF00002000000AFF004000000000000000000EF
:106D000000000000000000002A8C0500328C050005
:106D100000000000000000000000000064A9050061
:106D20003A8C05003E8C0500428C0500346D050050
:106D3000742500207DE1020094250020AD5600203E
:106D4000010000006DF1040063F1040031F1040062
:106D500025F104000000000019F10400000000000B
:106D6000000000200000000000000B0602000000F0
:106D7000746D050000000000E99005002600020681
:106D800000000020F190050022000B1159EF0200D5
:106D9000000000003BF2040074030020000000002B
:106DA0006B07002088030020000000008C6D0500A8
:106DB000BC6D05000001000000000000D8B30020F9
:106DC0008C6D0500D06D05002E0000000000000055
:106DD00044C200208C6D0500E46D05000201000036
:106DE0000000000018C30020599B0500779B050098
:106DF000929B0500A29B0500AF9B0500B89B050078
:106E0000BF9B0500C69B0500CD9B0500D59B0500DB
:106E1000AF9B0500DD9B0500EF9B0500049C050072
:106E20000E030000F91803000F040000C51803004A
:106E30001A010000290203000504000041020300BA
:106E400013010000990A03003E010000BD08030081
:106E500001120000AF0905000A1E0000030A050028
:106E6000FF010000310A03003E010000110A030087
:106E7000050400009502030008040000D10C030083
:106E800030030000490C030010010000450303001B
:106E900002010000952303000112000051180300B5
:106EA0000A1E00000D0B0500030900007904030011
:106EB000040B0000B5050300060A00009D10030046
:106EC000070A0000A50303000C05000011030300DE
:106ED000050C0000D90F03008C6D0500E86E05005D
:106EE000470000000000000034C4002018A3050083
:106EF00025A3050045A3050039A3050050A30500FF
:106F000067A3050077A30500C3A405008BA30500B4
:106F10008C6D0500206F05000000000000000000DF
:106F2000F4C400208C6D0500346F050000010000E2
:106F30000000000044C50020B7110500091205003B
:106F400000000000000000000000000045400300B9
:106F50000000000000000000000000000000000031
:106F600002020100C719050004040100894D030055
:106F700006060100C94C030008040100B54B0300DC
:106F80000A020100AF1905000C0401009719050061
:106F90000E040100894A030020040100ED490300AA
:106FA00010040100FD4803001202010067180500EB
:106FB0001E000400BF1B0500520200008D180500D2
:106FC00001040200DD51030003020200C31B05009F
:106FD000050102008D1B050007040200971B050038
:106FE000090102009B1B05000B0002009F1B05000E
:106FF0000D000200A31B05000F000200A71B0500E7
:1070000021020200AB1B050011010200AF1B0500AD
:1070100013000200B31B050017040200B71B050094
:1070200019000200BB1B05001B02030053140500DE
:107030001D020500A14403002304030041140500C0
:107040008C6D05005070050002010000000000007A
:10705000BCC800209E8205006521050000000000DC
:107060009A820500000001009682050013240500A5
:107070000000000090040020000001008E82050046
:107080000000000000000000000000000000000000
:107090008A82050037210500255603009804002048
:1070A0000000030086820500132405000000000094
:1070B00088040020000001007E8205009D2105005B
:1070C0005158030000000000000003007A82050010
:1070D00013240500000000008004002000000100CF
:1070E00072820500955B03000000000000000000B4
:1070F00000000100BE8205006521050000000000BF
:10710000BA82050000000100B682050013240500C4
:1071100000000000D804002000000100AE8205003D
:10712000CD2105000000000000000000000001006B
:10713000AA8205001324050000000000D0040020EE
:1071400000000100A2820500F721050000000000F8
:107150000000000000000100117A03003F2C050030
:10716000158403000000000000000000E980030017
:10717000000000000000000000000000000000000F
:1071800000000000000000001B29050006000000B0
:10719000B973030006000000D728050010000000A6
:1071A000C178030010000000B58303000100000057
:1071B0009127050010000000172905000A000000B3
:1071C0001D7B030010000000CD81030007000000BC
:1071D0003328050010000000857D03000100000039
:1071E000B57603004000000031720300100000007B
:1071F0005328050001000000456D70747920484354
:1072000049207061636B657400000000556E6B6E01
:107210006F776E204843492074797065202575008A
:107220004C4C20696E697469616C697A6174696F2C
:107230006E206661696C65643A2025640000000078
:1072400042542043544C522052582070726900001E
:1072500042542043544C52205258000062745F68DC
:1072600063695F636F6E74726F6C6C6572000000AF
:1072700062745F63746C725F6863695F647269767D
:10728000657200005A6570687972204F5320763419
:107290002E332E30000000004E6F2048434920431B
:1072A0006F6D6D616E6420686561646572000000D9
:1072B000496E76616C69642048434920434D4420FF
:1072C0007061636B6574206C656E677468000000A4
:1072D0004E6F204843492041434C206865616465F6
:1072E00072000000496E76616C6964204843492051
:1072F00041434C207061636B6574206C656E6774EC
:1073000068000000496E76616C696420484349203A
:1073100041434C2044617461206C656E6774680061
:10732000547820427566666572204F766572666C89
:107330006F770000496E76616C696420547820454F
:107340006E7175657565000068616E646C653A20E4
:107350003078253034782C207374617475733A203A
:1073600025782C2074783A2025782C2072783A20C1
:1073700025782E00747970653A203078253032787F
:107380000000000072656A656374206F70636F644B
:10739000653A203078253032780000000200000085
:1073A00000000000000000000000000000000103D9
:1073B000030303030300000062745F63746C725F75
:1073C00068636900574553545F544F504449522FE6
:1073D0007A65706879722F7375627379732F626C36
:1073E0007565746F6F74682F636F6E74726F6C6CF9
:1073F00065722F6C6C5F73772F756C6C5F73636154
:107400006E2E6300657272203D3D2030207C7C2012
:10741000657272203D3D202D31323000415353457D
:107420005254494F4E204641494C205B25735D2004
:10743000402025733A25640A00000000097061723B
:10744000616D313A20257520706172616D323A208C
:1074500025750A00574553545F544F504449522FE5
:107460007A65706879722F7375627379732F626CA5
:107470007565746F6F74682F636F6E74726F6C6C68
:1074800065722F6C6C5F73772F756C6C5F636F6EBA
:107490006E2E630062745F63746C725F756C6C5FF8
:1074A000636F6E6E0000000000000000000000002E
:1074B00005EB03000000000015EB030025EB0300C3
:1074C00000000000CDEB03000000000035EB0300DE
:1074D00000000000DDEB030045EB0300EDEB0300D3
:1074E000FDEB030055EB03000DEC030065EB03001F
:1074F0001DEC03002DEC03003DEC03004DEC0300FC
:107500005DEC03006DEC030075EB03007DEC030004
:10751000000000000000000000000000000000006B
:10752000BDEB0300000000000A03000000000000A3
:107530000000000002020000000000000403000040
:107540000201090300000000010300000C03000019
:1075500007030000000003010000000062745F6385
:10756000746C725F756C6C5F66696C746572000038
:1075700062745F63746C725F63727970746F000021
:10758000574553545F544F504449522F7A657068A1
:1075900079722F7375627379732F626C7565746F6E
:1075A0006F74682F636F6E74726F6C6C65722F6C82
:1075B0006C5F73772F6E6F726469632F6C6C6C2FC6
:1075C0006C6C6C5F7363616E2E63000030000000B2
:1075D0000925733A2041637475616C204556454E08
:1075E000545F4F564552484541445F5354415254AD
:1075F0005F5553203D2025750A000000636F6D6DB7
:107600006F6E5F707265706172655F63620000002B
:10761000574553545F544F504449522F7A65706810
:1076200079722F7375627379732F626C7565746FDD
:107630006F74682F636F6E74726F6C6C65722F6CF1
:107640006C5F73772F6E6F726469632F6C6C6C2F35
:107650006C6C6C5F63656E7472616C2E630000000D
:10766000707265706172655F6362000001030405FA
:10767000807605007808002000000000000000006F
:10768000192E050000000000012E0500000000007A
:1076900081580400AD590400F5550400C158040098
:1076A000000000008D550400E55804002D6404001E
:1076B000D556040000000000A5640400555E0400D7
:1076C000815604006156040049350500593505000E
:1076D00000000000030000005D5904009D660400E6
:1076E0006D66040000000000F5670400E166040018
:1076F0003EB20500693605006F36050044B205004C
:10770000FFFF000000030050000000000100000027
:107710000060004000000000FFFFFFFF000000507D
:1077200000000000000000000060004000000000B9
:1077300000000080FFFFFF7F00000080000000804D
:10774000FFFFFF7F00000080B80B0000000000007A
:10775000D9B2050000FF0A006C61050008000002B4
:1077600000000080FFFFFF7F00000080000000801D
:10777000FFFFFF7F0000008000000000000000000D
:10778000D9B2050000FF08006C6105000A00000284
:10779000002000400100000000000000B07705005C
:1077A0000050270000000000105800200F58002053
:1077B00000200040BC77050002000000D4770500DF
:1077C00002000000CC770500020100002B800000C1
:1077D0002C8000012B0000002C0600010800000096
:1077E000030000000100000002000000040000008F
:1077F0000800000010000000200000004000000011
:10780000800000001B0000003600000051F4A7506B
:107810007E4165531A17A4C33A275E963BAB6BCBE8
:107820001F9D45F1ACFA58AB4BE303932030FA555A
:10783000AD766DF688CC7691F5024C254FE5D7FCF8
:10784000C52ACBD726354480B562A38FDEB15A490D
:1078500025BA1B6745EA0E985DFEC0E1C32F75028D
:10786000814CF0128D4697A36BD3F9C6038F5FE767
:1078700015929C95BF6D7AEB955259DAD4BE832D43
:10788000587421D349E069298EC9C84475C2896AF0
:10789000F48E797899583E6B27B971DDBEE14FB609
:1078A000F088AD17C920AC667DCE3AB463DF4A18C4
:1078B000E51A31829751336062537F45B16477E0B6
:1078C000BB6BAE84FE81A01CF9082B9470486858ED
:1078D0008F45FD1994DE6C87527BF8B7AB73D323C9
:1078E000724B02E2E31F8F576655AB2AB2EB2807B3
:1078F0002FB5C20386C57B9AD33708A5302887F2F7
:1079000023BFA5B202036ABAED16825C8ACF1C2B94
:10791000A779B492F307F2F04E69E2A165DAF4CDEB
:107920000605BED5D134621FC4A6FE8A342E539DEF
:10793000A2F355A0058AE132A4F6EB750B83EC396E
:107940004060EFAA5E719F06BD6E10513E218AF91C
:1079500096DD063DDD3E05AE4DE6BD4691548DB546
:1079600071C45D050406D46F605015FF1998FB249F
:10797000D6BDE997894043CC67D99E77B0E842BD30
:1079800007898B88E7195B3879C8EEDBA17C0A4749
:107990007C420FE9F8841EC900000000098086833C
:1079A000322BED481E1170AC6C5A724EFD0EFFFB6F
:1079B0000F8538563DAED51E362D39270A0FD964AE
:1079C000685CA6219B5B54D124362E3A0C0A67B121
:1079D0009357E70FB4EE96D21B9B919E80C0C54F84
:1079E00061DC20A25A774B691C121A16E293BA0A7C
:1079F000C0A02AE53C22E043121B171D0E090D0B07
:107A0000F28BC7AD2DB6A8B9141EA9C857F11985B8
:107A1000AF75074CEE99DDBBA37F60FDF701269F94
:107A20005C72F5BC44663BC55BFB7E348B432976B8
:107A3000CB23C6DCB6EDFC68B8E4F163D731DCCA11
:107A4000426385101397224084C61120854A247D05
:107A5000D2BB3DF8AEF93211C729A16D1D9E2F4B47
:107A6000DCB230F30D8652EC77C1E3D02BB3166C49
:107A7000A970B999119448FA47E96422A8FC8CC40A
:107A8000A0F03F1A567D2CD8223390EF87494EC77D
:107A9000D938D1C18CCAA2FE98D40B36A6F581CFB5
:107AA000A57ADE28DAB78E263FADBFA42C3A9DE436
:107AB0005078920D6A5FCC9B547E4662F68D13C25D
:107AC00090D8B8E82E39F75E82C3AFF59F5D80BECF
:107AD00069D0937C6FD52DA9CF2512B3C8AC993B43
:107AE00010187DA7E89C636EDB3BBB7BCD26780935
:107AF0006E5918F4EC9AB701834F9AA8E6956E6513
:107B0000AAFFE67E21BCCF08EF15E8E6BAE79BD9CD
:107B10004A6F36CEEA9F09D429B07CD631A4B2AFE1
:107B20002A3F2331C6A5943035A266C0744EBC37B7
:107B3000FC82CAA6E090D0B033A7D815F104984AC9
:107B400041ECDAF77FCD500E1791F62F764DD68D9A
:107B500043EFB04DCCAA4D54E49604DF9ED1B5E37B
:107B60004C6A881BC12C1FB84665517F9D5EEA0494
:107B7000018C355DFA877473FB0B412EB3671D5A78
:107B800092DBD252E91056336DD647139AD7618CE7
:107B900037A10C7A59F8148EEB133C89CEA927EE45
:107BA000B761C935E11CE5ED7A47B13C9CD2DF599C
:107BB00055F2733F1814CE7973C737BF53F7CDEA28
:107BC0005FFDAA5BDF3D6F147844DB86CAAFF381AB
:107BD000B968C43E3824342CC2A3405F161DC3725A
:107BE000BCE2250C283C498BFF0D954139A8017159
:107BF000080CB3DED8B4E49C6456C1907BCB84619E
:107C0000D532B670486C5C74D0B85742C66363A571
:107C1000F87C7C84EE777799F67B7B8DFFF2F20D12
:107C2000D66B6BBDDE6F6FB191C5C55460303050FF
:107C300002010103CE6767A9562B2B7DE7FEFE19D3
:107C4000B5D7D7624DABABE6EC76769A8FCACA450C
:107C50001F82829D89C9C940FA7D7D87EFFAFA1596
:107C6000B25959EB8E4747C9FBF0F00B41ADADEC73
:107C7000B3D4D4675FA2A2FD45AFAFEA239C9CBFFB
:107C800053A4A4F7E47272969BC0C05B75B7B7C2E9
:107C9000E1FDFD1C3D9393AE4C26266A6C36365AA8
:107CA0007E3F3F41F5F7F70283CCCC4F6834345C1C
:107CB00051A5A5F4D1E5E534F9F1F108E27171932C
:107CC000ABD8D873623131532A15153F0804040C20
:107CD00095C7C752462323659DC3C35E3018182835
:107CE000379696A10A05050F2F9A9AB50E07070930
:107CF000241212361B80809BDFE2E23DCDEBEB26A7
:107D00004E2727697FB2B2CDEA75759F1209091B0C
:107D10001D83839E582C2C74341A1A2E361B1B2D4F
:107D2000DC6E6EB2B45A5AEE5BA0A0FBA45252F6BF
:107D3000763B3B4DB7D6D6617DB3B3CE5229297B76
:107D4000DDE3E33E5E2F2F7113848497A65353F532
:107D5000B9D1D16800000000C1EDED2C40202060B9
:107D6000E3FCFC1F79B1B1C8B65B5BEDD46A6ABEB7
:107D70008DCBCB4667BEBED97239394B944A4ADEA9
:107D8000984C4CD4B05858E885CFCF4ABBD0D06B74
:107D9000C5EFEF2A4FAAAAE5EDFBFB16864343C5C4
:107DA0009A4D4DD766333355118585948A4545CF15
:107DB000E9F9F91004020206FE7F7F81A05050F01D
:107DC000783C3C44259F9FBA4BA8A8E3A25151F3AD
:107DD0005DA3A3FE804040C0058F8F8A3F9292AD85
:107DE000219D9DBC70383848F1F5F50463BCBCDFBB
:107DF00077B6B6C1AFDADA754221216320101030B0
:107E0000E5FFFF1AFDF3F30EBFD2D26D81CDCD4C4D
:107E1000180C0C1426131335C3ECEC2FBE5F5FE176
:107E2000359797A2884444CC2E17173993C4C4576A
:107E300055A7A7F2FC7E7E827A3D3D47C86464ACBC
:107E4000BA5D5DE73219192BE6737395C06060A0C7
:107E5000198181989E4F4FD1A3DCDC7F442222669A
:107E6000542A2A7E3B9090AB0B8888838C4646CA66
:107E7000C7EEEE296BB8B8D32814143CA7DEDE7920
:107E8000BC5E5EE2160B0B1DADDBDB76DBE0E03BA0
:107E900064323256743A3A4E140A0A1E924949DB49
:107EA0000C06060A4824246CB85C5CE49FC2C25DE0
:107EB000BDD3D36E43ACACEFC46262A6399191A836
:107EC000319595A4D3E4E437F279798BD5E7E7329D
:107ED0008BC8C8436E373759DA6D6DB7018D8D8CFD
:107EE000B1D5D5649C4E4ED249A9A9E0D86C6CB4EA
:107EF000AC5656FAF3F4F407CFEAEA25CA6565AF43
:107F0000F47A7A8E47AEAEE9100808186FBABAD57F
:107F1000F07878884A25256F5C2E2E72381C1C2438
:107F200057A6A6F173B4B4C797C6C651CBE8E823E9
:107F3000A1DDDD7CE874749C3E1F1F21964B4BDD58
:107F400061BDBDDC0D8B8B860F8A8A85E0707090D9
:107F50007C3E3E4271B5B5C4CC6666AA904848D80E
:107F600006030305F7F6F6011C0E0E12C26161A3AB
:107F70006A35355FAE5757F969B9B9D0178686911A
:107F800099C1C1583A1D1D27279E9EB9D9E1E138F4
:107F9000EBF8F8132B9898B322111133D26969BB0F
:107FA000A9D9D970078E8E89339494A72D9B9BB63F
:107FB0003C1E1E2215878792C9E9E92087CECE494B
:107FC000AA5555FF50282878A5DFDF7A038C8C8FBF
:107FD00059A1A1F8098989801A0D0D1765BFBFDA6B
:107FE000D7E6E631844242C6D06868B8824141C3D0
:107FF000299999B05A2D2D771E0F0F117BB0B0CB58
:10800000A85454FC6DBBBBD62C16163A78800500DC
:108010000200000070800500030000006880050079
:108020000400000060800500050000005880050085
:108030000600000050800500070000004880050091
:1080400000000000000000003AB505009024070081
:1080500046B505009023060052B5050090220500A4
:108060005EB50500101404006AB505001013030086
:1080700076B5050010120200020000003D3F050029
:10808000393F0500353F0500313F0500193F050028
:10809000073F0500000000000A5695CE5753F2DD59
:1080A0005CE419BAE4B84A8B25F321DD8886E8D26E
:1080B000855D882518FF71853C14A918D430E779AF
:1080C00001B6ED5FFC95BA75102562772B73FB79CD
:1080D000C65537A5765F9018DFBDC42962DF9CD8EE
:1080E00090308478CD05F0ACD62E21F7AB20A2E5F8
:1080F000344887041D0630DC512563FCC2CAB9F33D
:10810000849E17A7ADFAE6BCFFFFFFFFFFFFFFFF4E
:1081100000000000FFFFFFFFA2EE79BE954C248314
:10812000A66FBD499C79994659EC6B2B39B245280D
:108130002056D9F3942DE1664FBC00EEFFFFFFFF00
:10814000FFFFFFFFFFFFFFFF000000000000000037
:108150000000000001000000FFFFFFFF030000001F
:1081600000000000FFFFFFFFFBFFFFFFFEFFFFFF20
:10817000FFFFFFFFFDFFFFFF040000000100000004
:1081800010B605001EB6050032B6050041B6050062
:108190004DB605009C6005009C600500EC60050084
:1081A000F4600500446105004C61050062B60500FD
:1081B00000010000000000000000000000000000BE
:1081C00000000000000000000000004095596959BF
:1081D00055555455155555560405154110545540DF
:1081E0004551554440455044505555450040004088
:1081F00040044496655556554540455451411540F7
:10820000559155555555405105010000544554545C
:1082100045550504001004101404400000000140FE
:108220005555154154040000440001000000004071
:108230004100004450444550540055555455655133
:10824000004000400100000100050100115451519F
:108250005455550500154150000004401001040517
:1082600000000000010130003000000000000000AC
:10827000090400002A2B00002A2B0000032800001C
:10828000292B0000292B00000328000002290000F0
:10829000052A0000052A000003280000011800003C
:1082A00000280000012A0000012A00000328000025
:1082B000002A0000002A0000032800000018000027
:1082C00000286BFF79FF79FF7CFF00005363616E2C
:1082D0006E696E67206661696C656420746F2073D7
:1082E000746172742028657272202564290A005313
:1082F00063616E6E696E6720737461727465640A7F
:10830000004D414B494E472D57415645532D52463E
:10831000494400494D55004D5455206578636861C6
:108320006E6765207375636365737366756C3A2059
:10833000415454204D54552025752C207061796C82
:108340006F61642025752062797465730055415210
:1083500054206D7367712066756C6C2C2064726F8D
:108360007070696E67206D6573736167650A007B65
:10837000224D65737361676554797065223A2250A6
:108380006F736974696F6E44617461222C22546941
:108390006D657374616D70223A25752C2244617489
:1083A00061223A7B2278223A25662C2279223A25CC
:1083B000662C227678223A25662C227679223A2576
:1083C000667D7D0025730A007075626C69630072BA
:1083D000616E646F6D007075626C69632D69640015
:1083E00072616E646F6D2D696400253032583A25D4
:1083F0003032583A253032583A253032583A253002
:1084000032583A25303258202825732900554152D8
:10841000542072656365697665722074687265615F
:108420006420737461727465640A004A534F4E206D
:108430005061727365204572726F723A2025640A2A
:10844000006C6973745F626561636F6E73007B2299
:108450004D65737361676554797065223A22536183
:10846000766564426561636F6E222C22446174619B
:10847000223A7B22424C454E616D65223A22257399
:10848000222C22424C454D4143223A222573222C74
:1084900022424C454D616A6F72223A222575222C88
:1084A00022424C454D696E6F72223A222575227D1B
:1084B0007D0D0A006164645F626561636F6E0072C6
:1084C000656D6F76655F626561636F6E007365747D
:1084D0005F6D6F6465006261736500736E696666E7
:1084E0006572005541525420646576696365206E5B
:1084F0006F742072656164790A00446973636F6EFA
:108500006E65637465643A20257320287265617313
:108510006F6E2030782530327829004E5553207008
:1085200065726970686572616C20666F756E643A19
:108530002025732028257329205253534920256470
:108540000043726561746520636F6E6E20746F20E6
:108550002573206661696C656420282564290043C1
:108560006F6E6E656374696F6E20696E69746961A0
:1085700074656420746F20257300446576696365B3
:1085800020666F756E643A20257320285253534934
:1085900020256429004D54552065786368616E6715
:1085A00065206661696C6564202865727220257596
:1085B0002900636F6E6E65637465642829206361AA
:1085C0006C6C6564206572723D25750A00436F6EA0
:1085D0006E656374656420746F202573202825649C
:1085E0002F256420616374697665290A00436F6EE4
:1085F0006E65637465643A202573004661696C6535
:108600006420746F20636F6E6E65637420746F20D6
:108610002573202865727220257529004E6F206E03
:108620006F646520736C6F7420666F756E6420666E
:108630006F7220636F6E6E656374696F6E00446164
:108640007461206C656E6774682075706461746510
:10865000206661696C656420286572722025642932
:1086600000525820646973636F7665722066616991
:108670006C6564202865727220256429004E55536C
:108680002052582063686172616374657269737403
:108690006963206E6F7420666F756E64004E55536B
:1086A0002052582043686172616374657269737403
:1086B000696320666F756E64202868616E646C65FE
:1086C00020257529202D20726561647920746F2022
:1086D00073656E6400556E7375627363726962656B
:1086E000640A00536E696666657200446973636F5D
:1086F0007665727920636F6D706C65746520286E85
:108700006F206D6F72652061747472696275746533
:108710007329005458206368617220646973636F21
:10872000766572206661696C6564202865727220C6
:108730002564290043434320646973636F7665723F
:10874000206661696C656420286572722025642941
:108750000043434320666F756E642C20737562730B
:1087600063726962696E6720746F206E6F746966E8
:1087700069636174696F6E730053756273637269C4
:108780006265206661696C656420286572722025C7
:108790006429005375627363726962656420746F43
:1087A000204E5553205458206E6F7469666963617A
:1087B00074696F6E730046353A37353A46453A3834
:1087C000353A33343A3637202872616E646F6D293A
:1087D00000343031312D4100343031312D420045EB
:1087E000353A37333A38373A30363A31453A38360F
:1087F000202872616E646F6D2900343031312D4351
:108800000043413A39393A39453A46443A39383AD7
:108810004231202872616E646F6D2900343031312D
:108820002D440043423A31423A38393A38323A46D6
:10883000463A4645202872616E646F6D29003430D7
:1088400031312D450044343A44323A41303A4134D2
:108850003A35433A4143202872616E646F6D2900B6
:10886000343031312D460043313A31333A32373AE0
:1088700045393A42373A3743202872616E646F6D4A
:108880002900343031312D470046313A30343A3402
:10889000383A30363A33393A4130202872616E64C2
:1088A0006F6D2900343031312D480043413A304357
:1088B0003A45303A44423A43453A363020287261CC
:1088C0006E646F6D2900343031312D490044343AE3
:1088D00037463A44343A37433A32303A3133202833
:1088E00072616E646F6D2900343031312D4A00465B
:1088F000373A30423A32313A46313A43383A4531E2
:10890000202872616E646F6D2900343031312D4B37
:108910000046443A45303A38443A46413A33453ABB
:108920003441202872616E646F6D2900343031311A
:108930002D4C0045453A33323A46373A32383A46BA
:10894000413A4143202872616E646F6D29003430D2
:1089500031312D4D0046373A33423A34363A4138B8
:108960003A44373A3243202872616E646F6D2900B1
:10897000426C7565746F6F746820696E69742066E7
:1089800061696C65642028657272202564290A007B
:10899000426C7565746F6F746820696E6974696183
:1089A0006C69736564005459504500424C454D4113
:1089B0004300424C454D616A6F7200424C454D691F
:1089C0006E6F72005253534900736D5F7469640097
:1089D000756172745F72785F74696400436F6D6D66
:1089E000616E64004D6F6465006D6163006D616A66
:1089F0006F72006D696E6F72006C6566745F6E6198
:108A00006D650072696768745F6E616D6500727391
:108A100073695F72656600580059006C6F63616C22
:108A200069736174696F6E5F746964004D65737317
:108A3000616765547970650054696D657374616D23
:108A4000700044617461006E75735F63656E74726B
:108A5000616C0028756E7369676E656429206368B0
:108A60006172202A207573656420666F7220252547
:108A70007020617267756D656E742E20497427735E
:108A8000207265636F6D6D656E64656420746F2020
:108A90006361737420697420746F20766F69642039
:108AA0002A2062656361757365206974206D617940
:108AB000206361757365206D6973626568617669AD
:108AC0006F7220696E206365727461696E20636FD6
:108AD0006E66696775726174696F6E732E20537468
:108AE00072696E673A2225732220617267756D651F
:108AF0006E743A25640063627072696E74665F70AA
:108B000061636B616765002200256C6C6400256CF5
:108B10006C7500756C6C00747275650066616C73C1
:108B200065007B003A002C005B006C6F6767696E24
:108B300067006C6F67006C6F675F6D676D74004DE9
:108B4000657373616765202822257322292064726A
:108B50006F70706564206265636175736520697408
:108B600020657863656564732073697A65206C6934
:108B70006D69746174696F6E2028257529004D65D3
:108B800073736167652064726F70706564206265DD
:108B900063617573652069742065786365656473C6
:108BA0002073697A65206C696D69746174696F6E90
:108BB0002028257529001B5B306D00257320005B84
:108BC0002530386C755D20005B253032753A2530D4
:108BD00032753A253032752E253033752C253033D9
:108BE000755D200025732F003C25733E2000257302
:108BF0003A2000253032782000202020007C0025FB
:108C00006300206D657373616765732064726F70B4
:108C1000706564202D2D2D0D0A1B5B306D001B5BD4
:108C2000313B33316D2D2D2D20001B5B313B33311A
:108C30006D001B5B313B33336D0077726E00696EE4
:108C40006600646267006C6F675F6261636B656E8C
:108C5000645F75617274006C6F675F756172740038
:108C60006364635F61636D5F3000465320436F6EE2
:108C700066696775726174696F6E00434443204191
:108C8000434D2073657269616C206261636B656E30
:108C900064005A65706879722050726F6A656374F7
:108CA000006364635F61636D5F73657269616C002B
:108CB00072302F61313A20203078253038782020EA
:108CC00072312F61323A20203078253038782020D8
:108CD00072322F61333A2020307825303878007294
:108CE000332F61343A2020307825303878207231A3
:108CF000322F69703A202030782530387820723150
:108D0000342F6C723A202030782530387800207863
:108D10007073723A202030782530387800466175BB
:108D20006C74696E6720696E737472756374696FB1
:108D30006E206164647265737320287231352F7000
:108D400063293A2030782530387800556E68616E96
:108D5000646C6564204952516E3A202564002A2AC9
:108D60002A2A2A20425553204641554C54202A2A6B
:108D70002A2A2A002020537461636B696E6720657C
:108D800072726F72002020556E737461636B696E2E
:108D900067206572726F720020205072656369737C
:108DA00065206461746120627573206572726F72F0
:108DB0000020204246415220416464726573733A38
:108DC0002030782578002020496D707265636973C2
:108DD00065206461746120627573206572726F72C0
:108DE000002020496E737472756374696F6E20621F
:108DF0007573206572726F72002020466C6F61740B
:108E0000696E672D706F696E74206C617A7920735A
:108E10007461746520707265736572766174696FD0
:108E20006E206572726F72002A2A2A2A2A205553F0
:108E3000414745204641554C54202A2A2A2A2A00D7
:108E400020204469766973696F6E206279207A65A3
:108E5000726F002020556E616C69676E6564206DCD
:108E6000656D6F7279206163636573730020204EB6
:108E70006F20636F70726F636573736F7220696EBA
:108E8000737472756374696F6E73002020496C6C23
:108E90006567616C206C6F6164206F662045584384
:108EA0005F52455455524E20696E746F20504300F6
:108EB0002020496C6C6567616C20757365206F6656
:108EC0002074686520455053520020204174746519
:108ED0006D707420746F2065786563757465207596
:108EE0006E646566696E656420696E73747275631D
:108EF00074696F6E002A2A2A2A2A204D505520466E
:108F000041554C54202A2A2A2A2A002020537461D1
:108F1000636B696E67206572726F722028636F6E73
:108F2000746578742061726561206D69676874206A
:108F30006265206E6F742076616C69642900202060
:108F400044617461204163636573732056696F6C7B
:108F50006174696F6E0020204D4D4641522041647E
:108F600064726573733A2030782578002020496E4A
:108F7000737472756374696F6E2041636365737394
:108F80002056696F6C6174696F6E0052657365720B
:108F900076656420457863657074696F6E2028007B
:108FA00053707572696F757320696E74657272752E
:108FB000707420284952512000535053454C206969
:108FC0006E20746872656164206D6F646520646FE3
:108FD0006573206E6F7420696E64696361746520C7
:108FE000505350002A2A2A2A2A2048415244204617
:108FF00041554C54202A2A2A2A2A002020427573DF
:10900000206661756C74206F6E20766563746F7274
:10901000207461626C652072656164002020446583
:10902000627567206576656E740020204661756CF8
:109030007420657363616C6174696F6E2028736559
:10904000652062656C6F772900415243485F45583F
:1090500043455054207769746820726561736F6E60
:109060002025780A002A2A2A2A2A20446562756760
:10907000206D6F6E69746F722065786365707469B6
:109080006F6E202A2A2A2A2A002A2A2A2A2A2025FA
:109090007320256429202A2A2A2A2A006D70750047
:1090A0004661696C656420746F20616C6C6F6361EC
:1090B0007465206E6577204D505520726567696F25
:1090C0006E2025750A00506172746974696F6E2094
:1090D00025753A2073616E69747920636865636BE6
:1090E000206661696C65642E00464C4153485F30D0
:1090F000005352414D5F30006765746F7074006EAD
:1091000065745F627566006E65745F6275665F7335
:10911000696D706C6500736D6600000001000000F1
:10912000736F63003031323334353637383941426A
:1091300043444546007573626400626F6172645F08
:109140006364635F61636D5F75617274000000004A
:1091500000000000FFFFFFFFFFFF00000000000015
:10916000303132333435363738396162636465669D
:109170000062745F727061004254204C5720575156
:109180000002FB349B5F80000080001000000000A4
:1091900000000104000200000002000000000000C6
:1091A00000050000000000000000000000000000BA
:1091B000000562745F627566006D616C666F726D4A
:1091C0006564206164766572746973696E67206492
:1091D000617461202575202F2025750062745F64FD
:1091E0006174610044617461206275666665722015
:1091F0006F766572666C6F7720286C696E6B207471
:10920000797065203078253032782900556E61629A
:109210006C6520746F206C6F6F6B20757020636FAE
:109220006E6E20776974682068616E646C652025B5
:1092300075004572726F72207768696C6520757071
:10924000646174696E6720746865207363616E6E13
:109250006572202825642900556E61626C65207452
:109260006F206C6F6F6B757020636F6E6E20666F12
:10927000722068616E646C652025750048617264B7
:1092800077617265206572726F722C2068617264FA
:109290007761726520636F64653A20256400436FCF
:1092A000756C64206E6F74207375626D69742072C2
:1092B000785F776F726B3A202564006D61785F7418
:1092C000785F6F6374657473206578636565647334
:1092D000207468652076616C69642072616E6765D0
:1092E000202575006D61785F72785F6F63746574B7
:1092F00073206578636565647320746865207661A2
:109300006C69642072616E6765202575006D6178F7
:109310005F74785F74696D652065786365656473F3
:10932000207468652076616C69642072616E67657F
:10933000202575006D61785F72785F74696D6520B6
:1093400065786365656473207468652076616C690F
:10935000642072616E676520257500696E746572A0
:1093600076616C2065786365656473207468652038
:1093700076616C69642072616E6765203078253093
:109380003478006C6174656E637920657863656517
:109390006473207468652076616C69642072616E04
:1093A00067652030782530347800737570765F7487
:1093B000696D656F75742065786365656473207485
:1093C00068652076616C69642072616E6765203023
:1093D000782530347800556E61626C6520746F209A
:1093E000616C6C6F6361746520627566666572009E
:1093F000556E68616E646C6564206576656E742078
:10940000307825303278206C656E2025753A20251D
:1094100073004E6F20636F6D6D616E642073656EB7
:109420007420666F7220636D6420636F6D706C656D
:10943000746520307825303478004F70436F646550
:109440002030782530347820636F6D706C657465DA
:109450006420696E7374656164206F66206578703E
:1094600065637465642030782530347800546F6FFC
:1094700020736D616C6C202825752062797465738A
:1094800029206576656E7420307825303278004961
:109490006E76616C696420484349206576656E7418
:1094A0002073697A65202825752900496E76616CDC
:1094B0006964204C45206D657461206576656E7425
:1094C0002073697A65202825752900574553545F14
:1094D000544F504449522F7A65706879722F7375D2
:1094E000627379732F626C7565746F6F74682F681F
:1094F0006F73742F6863695F636F72652E630065B5
:1095000076745F666C6167732026202831554C2085
:109510003C3C202830292900415353455254494F9F
:109520004E204641494C205B25735D204020257329
:109530003A25640A00496E76616C6964206275663A
:10954000207479706520257500496E76616C6964B8
:10955000204843492041434C207061636B6574206F
:1095600073697A6520282575290041434C20646180
:109570007461206C656E677468206D69736D6174C9
:1095800063682028257520213D2025752900556E0A
:1095900061626C6520746F2066696E6420636F6E13
:1095A0006E20666F722068616E646C6520257500A0
:1095B00062745F6863695F6576745F6765745F6630
:1095C0006C616773286864722D3E65767429202665
:1095D000202831554C203C3C202831292900556E4B
:1095E0006B6E6F776E2062756620747970652025CA
:1095F0007500556E68616E646C65642076656E6496
:109600006F722D7370656369666963206576656E38
:109610007420307825303278206C656E2025753ABC
:1096200020257300657674206E756D5F68616E64C9
:109630006C657320283D25752920746F6F206C613F
:109640007267652028257A75203E20257529004EF1
:109650006F20636F6E6E656374696F6E20666F72E4
:109660002068616E646C65202575007061636B65B0
:10967000747320636F756E74206D69736D617463AC
:1096800068004661696C656420746F20736574209E
:10969000726571756972656420736563757269744A
:1096A00079206C6576656C004E6F206368616E672B
:1096B0006520746F20656E6372797074696F6E20B7
:1096C00073746174652028656E63727970742030DC
:1096D00078253032782900756E6B6E6F776E005B7F
:1096E000305D00484349207472616E73706F72740C
:1096F0003A20257300436F6E74726F6C6C65720054
:109700004964656E7469747925733A20257300493C
:1097100064656E746974795B25645D3A2025730015
:109720004843493A2076657273696F6E202573202D
:109730002830782530327829207265766973696F10
:109740006E203078253034782C206D616E7566611E
:1097500063747572657220307825303478004C4D12
:10976000503A2076657273696F6E20257320283019
:1097700078253032782920737562766572203078CA
:10978000253034780034353830353532332D426168
:10979000736500556E61626C6520746F2073656E31
:1097A0006420746F20647269766572202865727215
:1097B00020256429004F7574206F6620636F6D6DDE
:1097C000616E64206275666665727300556E636CC7
:1097D00065617265642070656E64696E672073658B
:1097E0006E745F636D640073756363657373000902
:1097F000636F6D6D616E64206F70636F64652030A0
:1098000078253034782074696D656F75740A006549
:109810007272203D3D20300009436F6E74726F6C90
:109820006C657220756E726573706F6E73697665A4
:109830002C20636F6D6D616E64206F70636F646563
:10984000203078253034782074696D656F75742008
:1098500077697468206572722025640A006F7063EE
:109860006F646520307825303478207374617475A6
:109870007320307825303278202573004E6F6E2D9E
:109880004C452063617061626C6520636F6E747219
:109890006F6C6C6572206465746563746564210027
:1098A0004E756D206F6620436F6E74726F6C6C65C1
:1098B0007227732041434C207061636B6574732081
:1098C000213D2041434C2062745F636F6E6E5F7474
:1098D0007820636F6E746578747320282575202155
:1098E0003D202575290041434C2042522F454452CA
:1098F0002062756666657273206E6F7420696E698A
:109900007469616C697A65640056656E646F722073
:1099100048434920657874656E73696F6E73206E75
:109920006F7420617661696C61626C6500485720D4
:10993000506C6174666F726D3A2025732028307800
:1099400025303478290048572056617269616E7459
:109950003A2025732028307825303478290046694C
:10996000726D776172653A20257320283078253032
:109970003278292056657273696F6E2025752E2501
:1099800075204275696C64202575004661696C65B7
:109990006420746F207265616420737570706F72DB
:1099A0007465642076656E646F7220636F6D6D619F
:1099B0006E6473004661696C656420746F20726523
:1099C000616420737570706F727465642076656E63
:1099D000646F7220666561747572657300484349EF
:1099E00020647269766572206973206E6F742072CC
:1099F0006561647900425420525820575100484311
:109A00004920647269766572206F70656E206661A8
:109A1000696C65642028256429004E6F2070656E8E
:109A200064696E672063656E7472616C20636F6E2B
:109A30006E656374696F6E00436F6E6E6563746903
:109A40006F6E206372656174696F6E2074696D65F5
:109A50006F7574207472696767657265640046612A
:109A6000696C656420746F20726573746172742010
:109A7000696E69746961746F7200556E657870659E
:109A80006374656420737461747573203078253055
:109A90003278202573004E6F2070656E64696E67A2
:109AA00020636F6E6E20666F722070656572202570
:109AB0007300556E657870656374656420484F5314
:109AC000545F4E554D5F434F4D504C455445445F98
:109AD0005041434B4554532C20737461747573206B
:109AE00030782530327820257300000909090901F2
:109AF00002090909090909090909090907090909DF
:109B000009090609090909090909090909090909C8
:109B100009090905312E306200312E3100312E3213
:109B200000322E3000322E3100332E3000342E30F1
:109B300000342E3100342E3200352E3000352E31D7
:109B400000352E3200352E3300352E3400362E30BF
:109B500000362E3100362E32005374616E6461720D
:109B60006420426C7565746F6F746820636F6E74E7
:109B7000726F6C6C65720056656E646F72207370E4
:109B800065636966696320636F6E74726F6C6C6580
:109B900072004669726D77617265206C6F616465F1
:109BA000720052657363756520696D616765007247
:109BB00065736572766564006E5246353178006E65
:109BC0005246353278006E5246353378006E524632
:109BD00035344878006E524635344C7800496E74FE
:109BE000656C20436F72706F726174696F6E004EA6
:109BF0006F726469632053656D69636F6E6475632A
:109C0000746F72004E58502053656D69636F6E64B7
:109C10007563746F72730062745F6863695F636F0A
:109C2000726500574553545F544F504449522F7A40
:109C300065706879722F7375627379732F626C75B2
:109C400065746F6F74682F686F73742F6863695FD2
:109C5000636F6D6D6F6E2E6300636D642064697356
:109C6000616C6C6F776564004661696C6564207433
:109C70006F2064697361626C6520616464726573EE
:109C800073207265736F6C7574696F6E00526573C3
:109C90006F6C76696E67206C6973742073697A657E
:109CA0002065786365656465642E20537769746305
:109CB00068696E6720746F20686F73742E00466148
:109CC000696C656420746F20636C656172207265D5
:109CD000736F6C7574696F6E206C69737400466184
:109CE000696C656420746F206164642049524B2064
:109CF000746F20636F6E74726F6C6C657200536565
:109D0000742070726976616379206D6F6465206379
:109D10006F6D6D616E64206973206E6F7420737552
:109D200070706F72746564004661696C656420745C
:109D30006F207365742070726976616379206D6F2E
:109D400064650044697361626C696E672061646474
:109D500072657373207265736F6C7574696F6E20B2
:109D60006661696C6564202865727220256429002B
:109D70004661696C656420746F2072656D6F7665ED
:109D80002049524B2066726F6D20636F6E74726F44
:109D90006C6C6572004F6E6C792072616E646F6DD1
:109DA00020737461746963206964656E7469747981
:109DB000206164647265737320737570706F727460
:109DC000656400496E76616C696420696E707574B3
:109DD00020706172616D6574657273004661696CB3
:109DE000656420746F2072656164207075626C69AF
:109DF000632061646472657373005265616420530B
:109E0000746174696320416464726573736573205F
:109E1000636F6D6D616E64206E6F74206176616931
:109E20006C61626C65004661696C656420746F20CA
:109E30007265616420737461746963206164647223
:109E40006573736573004E6F20737461746963206A
:109E50006164647265737365732073746F72656493
:109E600020696E20636F6E74726F6C6C6572005542
:109E70006E61626C6520746F20736574206964651F
:109E80006E74697479206164647265737300556ED1
:109E900061626C6520746F207365742072616E64FA
:109EA0006F6D20616464726573730062745F6964CE
:109EB00000556E657870656374656420656E642016
:109EC0006F662062756666657200030502000A62AD
:109ED000745F7363616E004661696C656420746FC2
:109EE0002067656E657261746520454343206B652C
:109EF00079202564004661696C656420746F206573
:109F000078706F727420454343207075626C69638A
:109F1000206B6579202564004661696C6564207456
:109F20006F206578706F72742045434320707269AA
:109F300076617465206B6579202564004661696CE3
:109F4000656420746F2064657374726F7920454373
:109F500043206B6579204944202564004661696C83
:109F6000656420746F20696D706F72742074686509
:109F70002070726976617465206B657920666F72F6
:109F8000206B65792061677265656D656E7420254B
:109F90006400526177206B65792061677265656D39
:109FA000656E74206661696C656420256400466195
:109FB000696C656420746F2064657374726F7920B6
:109FC000746865206B6579202564007073615F6932
:109FD0006D706F72745F6B65792829207265747576
:109FE000726E656420737461747573202564004219
:109FF00075737920706572666F726D696E67206126
:10A000006E6F746865722045434448206F706572B6
:10A010006174696F6E00E69D350E480103CCDBFD6F
:10A02000F4AC1191F4EFB9A5F9E9A7832C5E2CBE2D
:10A0300097F2D203B0208BD28915D08E1C742430B5
:10A04000ED8FC24563765C15525ABF9A32636DEB51
:10A050002A65499C80DC62745F65636300466169C0
:10A060006C656420726561642072656D6F74652033
:10A0700066656174757265732028256429005048EF
:10A080005920307825303278206E6F7420737570C7
:10A09000706F72746564004661696C6564204C453C
:10A0A0002053657420504859202825642900556E96
:10A0B0006578706563746564206669727374204C9A
:10A0C00032434150206672616D6500556E6578704F
:10A0D0006563746564204C3243415020636F6E7435
:10A0E000696E756174696F6E004E6F7420656E6F76
:10A0F0007567682062756666657220737061636556
:10A1000020666F72204C32434150206461746100BC
:10A11000556E65787065637465642041434C2066B4
:10A120006C616773202830782530327829004143EC
:10A130004C206C656E206D69736D617463682028B6
:10A140002575203E202575290028756E6B6E6F776A
:10A150006E29006E6F207472616E736974696F6E20
:10A16000202573004572726F72207768696C6520D4
:10A1700072656D6F76696E6720636F6E6E207573A2
:10A1800065722066726F6D207363616E6E657220FA
:10A190002825642900496E76616C6964202825753C
:10A1A00029206F6C6420737461746500636F6E6E38
:10A1B000202570206661696C656420746F2065736A
:10A1C0007461626C6973682E205246206E6F6973E9
:10A1D000653F006E6F2076616C69642028257529C3
:10A1E00020737461746520776173207365740069EE
:10A1F0006E636F6D70617469626C652068616E6416
:10A200006C652025750054696D656F7574206469EF
:10A21000736361726465642E204E6F20626C6F639D
:10A220006B696E6720696E2073797377712E0046B3
:10A230006174616C206572726F7220282564292E0A
:10A2400020446973636F6E6E656374696E67202561
:10A250007000466F756E642076616C696420636F70
:10A260006E6E656374696F6E20282570292077698A
:10A270007468206164647265737320257320696E4D
:10A2800020257320737461746520002A636F6E6EDD
:10A290002073686F756C6420626520756E726566E8
:10A2A0006572656E63656420616E6420696E6974B1
:10A2B00069616C697A656420746F204E554C4C005E
:10A2C0004E6F206275666665727320746F206361DD
:10A2D0006E63656C20636F6E6E656374696F6E2C60
:10A2E000207265747279696E6720696E2031302042
:10A2F0006D730053656E64204C4520706172616D12
:10A3000020757064617465206661696C65642028DD
:10A310006572722025642900646973636F6E6E65CF
:10A320006374656400646973636F6E6E6563742D36
:10A33000636F6D706C657465007363616E2D62652B
:10A34000666F72652D696E6974696174696E670004
:10A35000696E6974696174696E672D66696C74658C
:10A36000722D6C697374006164762D636F6E6E6517
:10A37000637461626C65006164762D6469722D633B
:10A380006F6E6E65637461626C6500646973636FA0
:10A390006E6E656374696E670062745F636F6E6E84
:10A3A00000556E61626C6520746F20616C6C6F6328
:10A3B0006174652062756666657220666F72206FD3
:10A3C0007020307825303278004E6F2061766169D8
:10A3D0006C61626C65204C3243415020636F6E7437
:10A3E00065787420666F7220636F6E6E2025700032
:10A3F000457870656374696E672031207265662CDC
:10A4000020676F7420256400616C72656164792037
:10A41000686176652076696577206F6E202570000B
:10A420004C32434150206C656E677468206D6973CF
:10A430006D617463682028257520213D20257529CC
:10A4400000496E76616C6964206964656E7420767B
:10A45000616C756520696E204C3243415020504438
:10A460005500496E76616C6964204C4520636F6EBF
:10A470006E20706172616D207273702073697A65ED
:10A480002028257520213D20257A752900496E76E2
:10A49000616C6964204C4520636F6E6E207570643A
:10A4A00061746520706172616D20726571207369DD
:10A4B0007A652028257520213D20257A7529004EB2
:10A4C0006F7420636F6E6E65637465640052656AB5
:10A4D000656374696E6720756E6B6E6F776E204C66
:10A4E000324341502050445520636F6465203078DA
:10A4F0002530327800546F6F20736D616C6C204C86
:10A5000032434150207369676E616C696E672050F9
:10A51000445500546F6F20736D616C6C204C324356
:10A52000415020504455207265636569766564002A
:10A5300049676E6F72696E67206461746120666F2F
:10A540007220756E6B6E6F776E206368616E6E65DC
:10A550006C2049442030782530347800636F6E6673
:10A5600069670062745F6C3263617000415454200B
:10A570006368616E6E656C206E6F7420636F6E6EC3
:10A580006563746564004572726F72207369676EEB
:10A59000696E6720646174610052616E206F75742A
:10A5A000206F662054582062756666657273206F4E
:10A5B0007220636F6E74657874732E00556E6162DD
:10A5C0006C6520746F2063726561746520657272BA
:10A5D000207273702050445500415454204D5455FE
:10A5E0002065786365656465642C206D617820253D
:10A5F000752C2077616E74656420257A7500556E20
:10A6000061626C6520746F2063726561746520639C
:10A610006F6E6669726D2050445500556E61626CB4
:10A620006520746F20637265617465207273702099
:10A6300050445500546F6F20736D616C6C20415411
:10A6400054205044552072656365697665640055F1
:10A650006E68616E646C65642041545420636F645D
:10A66000652030782530327800496E76616C6964F7
:10A67000206C656E20257520666F7220636F64659F
:10A680002030782530327800556E61626C65207418
:10A690006F2063726561746520555549443A207393
:10A6A000697A6520257500556E61626C6520746F4E
:10A6B0002063726561746520555549443A20736979
:10A6C0007A65202564004E6F20617661696C616255
:10A6D0006C652041545420636F6E746578742066F5
:10A6E0006F7220636F6E6E202570004E6F20617652
:10A6F00061696C61626C6520415454206368616ECD
:10A700006E656C20666F7220636F6E6E2025700020
:10A71000556E61626C6520746F2066696E642041BD
:10A720005454206368616E6E656C00476F742065D9
:10A7300072722025642C206E6F742063616C6C69CA
:10A740006E6720415454206362004E6F2041545480
:10A75000206368616E6E656C20666F72204D545583
:10A7600020257A75004E6F2070656E64696E6720D3
:10A77000415454207265717565737400556E616241
:10A780006C6520746F2063726561746520726574F6
:10A790007279205044552028257529004469736337
:10A7A0006F6E6E656374696E67206661696C65645F
:10A7B0002028657272202564290041545420546970
:10A7C0006D656F757420666F722064657669636568
:10A7D0002025732E20446973636F6E6E6563746900
:10A7E0006E672E2E2E0062745F61747400434D41BB
:10A7F0004320757064617465206661696C656420CE
:10A800002564004E6F20737061636520746F207340
:10A81000746F7265204343432063666700756E6101
:10A82000626C6520746F20736176652053433A2013
:10A830006E6F20636667206C656674004E6F2073D0
:10A840007061636520746F2073746F726520436C50
:10A8500069656E7420537570706F727465642046FC
:10A860006561747572657300556E61626C65207404
:10A870006F20696D706F727420746865206B6579E4
:10A8800020666F722041455320434D41432025648B
:10A8900000434D4143206F7065726174696F6E2093
:10A8A000696E6974206661696C6564202564004383
:10A8B0004D41432066696E697368206661696C6505
:10A8C000642025640052656164206D6574686F645E
:10A8D000206E6F7420736574004661696C65642036
:10A8E000746F20726561642061747472696275743A
:10A8F00065202570202865727220257A6429004918
:10A900006E76616C69642072656164206C656E6747
:10A9100074683A20257A6400434343202570206EF2
:10A920006F74207772697461626C650053432072A2
:10A930006573746F726520696E6469636174696FB1
:10A940006E206661696C656400556E6B6E6F776E24
:10A950002055554944207479706520257500506153
:10A960007273652065727200496E76616C6964204D
:10A9700064617461206C656E20257500506172738E
:10A980006520657272206461740050617273652085
:10A990006572722063657000506172736520657224
:10A9A0007220636363005061727365206572722068
:10A9B0007363630050617273652065727220637007
:10A9C0006600496E76616C696420666F726D6174B1
:10A9D0002025750042616420706565723A204154FB
:10A9E0005420726561642D62792D757569642072D9
:10A9F00073703A20696E76616C69642041545452D8
:10AA000020504455206C656E20257500496E766196
:10AA10006C69642068616E646C65004261642070DA
:10AA20006565723A2041545420726561642D6279E3
:10AA30002D75756964207273703A2048616E646C7C
:10AA40006520307825303478206973206F757473F1
:10AA500069646520726571756573746564207261DF
:10AA60006E6765203078253034782D307825303485
:10AA7000782E2041626F7274696E6720726561641E
:10AA80002E004661696C656420746F20756E737565
:10AA90006273637269626520286572722025642979
:10AAA00000496E76616C69642064617461206C6534
:10AAB0006E202575203E202575004661696C656411
:10AAC00020746F207365742073656375726974797F
:10AAD00020666F7220626F6E6465642070656572B7
:10AAE000202825642900636F6E6E20257020706118
:10AAF00072616D73202570207265737562206661C6
:10AB0000696C65642028657272202564290062746E
:10AB10005F6761747400556E61626C6520746F20AC
:10AB200066696E6420534D50206368616E6E656C7B
:10AB300000556E6B6E6F776E2070616972696E671B
:10AB4000206D6574686F6420282575290046616949
:10AB50006C656420746F20737461727420656E6319
:10AB600072797074696F6E004661696C65642074F7
:10AB70006F2067656E65726174652044484B657926
:10AB80000043616C63756C617465204C544B2066A6
:10AB900061696C65640043616C63756C6174652008
:10ABA0006C6F63616C2044484B6579206368656312
:10ABB0006B206661696C65640052656D6F74652019
:10ABC0006973207573696E672044656275672050EC
:10ABD00075626C6963206B6579005265636569769F
:10ABE000656420696E76616C6964207075626C6959
:10ABF00063206B65790052656D6F746520707562B6
:10AC00006C6963206B65792072656A65637465643D
:10AC10000043616C63756C61746520636F6E666977
:10AC2000726D206661696C6564004E6F206B65799A
:10AC30007320737061636520666F72202573004E08
:10AC40006F20617661696C61626C6520534D5020A4
:10AC5000636F6E7465787420666F7220636F6E6EBA
:10AC600020257000556E61626C6520746F206765E9
:10AC700074206B65797320666F72202573004E65B2
:10AC800077206175746820726571756972656D658C
:10AC90006E74733A20307825782C20726570616963
:10ACA00072696E6700556E737570706F727465644B
:10ACB000206175746820726571756972656D656E65
:10ACC00074733A20307825782C207265706169722F
:10ACD000696E670054686520696E2D70726F6772C7
:10ACE0006573732070616972696E67206861732093
:10ACF0006265656E2064656C657465642100534D02
:10AD00005020646F6573206E6F7420616C6C6F7778
:10AD100020612070616972696E67206661696C7577
:10AD20007265206174207468697320706F696E7435
:10AD30002E204B6E6F776E2069737375652E2044DD
:10AD40006973636F6E6E656374696E6720696E7395
:10AD5000746561642E005075626C6963206B65795F
:10AD6000206E6F7420617661696C61626C6500545D
:10AD70006F6F20736D616C6C20534D5020504455A3
:10AD800020726563656976656400534D5020636F7A
:10AD90006D6D616E642028636F64652030782530A6
:10ADA000327829207265636569766564206166740E
:10ADB00065722074696D656F7574005265636569AD
:10ADC00076656420726573657276656420534D50B4
:10ADD00020636F64652030782530327800556E68C6
:10ADE000616E646C656420534D5020636F64652010
:10ADF00030782530327800556E65787065637465FB
:10AE00006420534D5020636F6465203078253032C4
:10AE10007800496E76616C6964206964656E746956
:10AE20007479202573005265667573696E67206EAC
:10AE300065772070616972696E672E20546865209D
:10AE40006F6C6420626F6E64206D75737420626530
:10AE500020756E7061697265642066697273742E04
:10AE60000070616972696E67206661696C65642053
:10AE7000287065657220726561736F6E2030782569
:10AE8000782900534D502054696D656F75742028E2
:10AE9000666C6167733A30782530387820616C6C65
:10AEA0006F7765645F636D64733A30782530387806
:10AEB00029000005061F1F291812030802030508B0
:10AEC0000A0008010304010504050906070101063B
:10AED0000608000001000100030100030202010056
:10AEE000020000000000020301000362745F736D42
:10AEF000700062745F6B657973006C888391AAF54A
:10AF0000A53860370BDB5A6083BE62745F63727969
:10AF100070746F004661696C656420746F20696DA0
:10AF2000706F727420414553206B65792025640051
:10AF30004661696C656420746F20636F6D70757411
:10AF400065204D414320256400726573756D650071
:10AF500053707572696F7573202573206576656E01
:10AF6000740065702030782530327820616C72650D
:10AF700061647920656E61626C656400456E647021
:10AF80006F696E74203078253032782076616C6974
:10AF9000646174696F6E206661696C6564006570D8
:10AFA0002030782530327820616C726561647920B8
:10AFB00064697361626C6564006570203078253067
:10AFC0003278206973206E6F742068616C746564D8
:10AFD0007C64697361626C6564004661696C656478
:10AFE00020746F20616C6C6F63617465206E657492
:10AFF0005F62756620257A642C2065702030782584
:10B000003032780053657175656E63652025752053
:10B010006E6F7420636F6D706C657465640044724C
:10B020006F70207365747570207061636B65742038
:10B0300028257029005A4C50206578706563746526
:10B04000640043616E6E6F742064657465726D692F
:10B050006E6520746865206E65787420737461670E
:10B0600065005374617465206E6F74206368616E4F
:10B0700067656421007564630073687574646F7735
:10B080006E00496E697469616C697A65640050721A
:10B0900065696E6974007564635F6E7266780046F8
:10B0A00061696C656420746F20726567697374658B
:10B0B0007220656E64706F696E7400556E6B6E6F92
:10B0C000776E20706F776572206576656E742025C7
:10B0D0006400657020307825303278207175657590
:10B0E0006520697320656D70747900535553504520
:10B0F0004E4420737461746520646574656374657F
:10B100006400524553554D494E472066726F6D207D
:10B1100073757370656E640052656D6F746520772A
:10B12000616B65757020696E69746961746564002E
:10B13000657020307825303278206F6B2C20717547
:10B1400065756520697320656D7074790046616965
:10B150006C656420746F20616C6C6F636174652032
:10B16000666F72207365747570004661696C656402
:10B1700020746F2064697361626C6520636F6E7404
:10B18000726F6C20656E64706F696E7400466169E1
:10B190006C656420746F2073746F70204846584F3C
:10B1A0002025640052657365740062756666657279
:10B1B00020746F6F20736D616C6C3A20723A202599
:10B1C000752C206C3A202575004661696C656420F9
:10B1D000746F20656E61626C6520636F6E74726F50
:10B1E0006C20656E64706F696E74004661696C6591
:10B1F0006420746F207374617274204846584F2025
:10B20000256400000101010101757362644034305E
:10B21000303237303030007564635F6E7266006EB6
:10B2200072665F757362645F636F6D6D6F6E0063EE
:10B230006C6F636B403430303030303030006866D3
:10B24000636C6B006C66636C6B00636C6F636B5F4D
:10B25000636F6E74726F6C0072616E646F6D4034F8
:10B2600030303064303030006770696F40353030D6
:10B270003030333030006770696F403530303030F7
:10B280003030300000010203040506074750494FE3
:10B2900020706F72743A202573206E6F742072656F
:10B2A000616479006C736D3664733374722D632D31
:10B2B000656E006D736D32363164333532366869D0
:10B2C00063706D2D632D656E00726567756C6174BA
:10B2D0006F725F6669786564004661696C656420B9
:10B2E000746F20616C6C6F636174652050504920ED
:10B2F0004368616E6E656C00756172744034303005
:10B30000303230303000756172745F6E7266785F13
:10B31000756172746500000000000001010000000A
:10B3200000000020303030303030303030303030BD
:10B330003030000100000100000052096AD53036AB
:10B34000A538BF40A39E81F3D7FB7CE339829B2FB6
:10B35000FF87348E4344C4DEE9CB547B9432A6C2CB
:10B36000233DEE4C950B42FAC34E082EA16628D918
:10B3700024B2765BA2496D8BD12572F8F66486689B
:10B380009816D4A45CCC5D65B6926C704850FDED07
:10B39000B9DA5E154657A78D9D8490D8AB008CBC5A
:10B3A000D30AF7E45805B8B34506D02C1E8FCA3F20
:10B3B0000F02C1AFBD0301138A6B3A9111414F6770
:10B3C000DCEA97F2CFCEF0B4E67396AC7422E7AD28
:10B3D0003585E2F937E81C75DF6E47F11A711D29D2
:10B3E000C5896FB7620EAA18BE1BFC563E4BC6D26B
:10B3F00079209ADBC0FE78CD5AF41FDDA833880788
:10B40000C731B11210592780EC5F60517FA919B57F
:10B410004A0D2DE57A9F93C99CEFA0E03B4DAE2AE3
:10B42000F5B0C8EBBB3C83539961172B047EBA7708
:10B43000D626E169146355210C7D637C777BF26B22
:10B440006FC53001672BFED7AB76CA82C97DFA592A
:10B4500047F0ADD4A2AF9CA472C0B7FD9326363F8F
:10B46000F7CC34A5E5F171D8311504C723C318967C
:10B47000059A071280E2EB27B27509832C1A1B6E1E
:10B480005AA0523BD6B329E32F8453D100ED20FCC0
:10B49000B15B6ACBBE394A4C58CFD0EFAAFB434DC3
:10B4A000338545F9027F503C9FA851A3408F929D60
:10B4B00038F5BCB6DA2110FFF3D2CD0C13EC5F9750
:10B4C0004417C4A77E3D645D197360814FDC222A56
:10B4D000908846EEB814DE5E0BDBE0323A0A49068D
:10B4E000245CC2D3AC629195E479E7C8376D8DD501
:10B4F0004EA96C56F4EA657AAE08BA78252E1CA6D9
:10B50000B4C6E8DD741F4BBD8B8A703EB566480338
:10B51000F60E613557B986C11D9EE1F8981169D9BB
:10B520008E949B1E87E9CE5528DF8CA1890DBFE63E
:10B53000426841992D0FB054BB164145532D323509
:10B54000362D434243004145532D3139322D43427C
:10B5500043004145532D3132382D4342430041458C
:10B56000532D3235362D454342004145532D313957
:10B57000322D454342004145532D3132382D45434C
:10B580004200141400001C2030401C2000001C202D
:10B59000304048616C74696E672073797374656DAF
:10B5A00000556E6B6E6F776E206572726F72003E23
:10B5B0003E3E205A455048595220464154414C2065
:10B5C0004552524F522025643A202573206F6E2039
:10B5D000435055202564004661756C742064757273
:10B5E000696E6720696E7465727275707420686127
:10B5F0006E646C696E670A0043757272656E7420C2
:10B600007468726561643A202570202825732900CA
:10B6100043505520657863657074696F6E00556E90
:10B6200068616E646C656420696E746572727570B1
:10B630007400537461636B206F766572666C6F770C
:10B64000004B65726E656C206F6F7073004B657296
:10B650006E656C2070616E6963006D61696E006F6C
:10B660007300737973776F726B71002A2A2A2042F4
:10B670006F6F74696E67205A6570687972204F53D6
:10B68000206275696C642076342E332E30202A2A8D
:10B690002A0A006E616E00286E756C6C290000002D
:10B6A000000000000FD804000000000000010000AE
:10B6B000000000000000000000000000000000008A
:10B6C000000000000000000000000000000000007A
:10B6D0000000000045FD0200000000000001000025
:10B6E000000000000000000000000000000000005A
:10B6F000000000000000000000000000000000004A
:10B70000AC61050000C2010000000800000000005C
:10B710000000000000000000000000000000000029
:10B720000000000000000000000000000000000019
:10B730000000000060030020000000004C03002017
:10B7400000000000000000000000000000000000F9
:10B7500000000000000000000000000000000000E9
:10B7600000000000000000000000000000000000D9
:10B7700000000000000000000000000000000000C9
:10B78000000000000000000000000000EC000020AD
:10B79000EC0000200000000001000000FC00002080
:10B7A000FC0000200000000000000000000000007D
:10B7B0000000000000000000000000000000000089
:10B7C0000000000000000000000000000000000079
:10B7D0000000000000000000000000000000000069
:10B7E0000000000000000000000000000000000059
:10B7F0000000000000000000000000000000000049
:10B800000000000000000000000000000000000038
:10B810000000000000000000000000000000000028
:10B820000000000000000000000000000000000018
:10B830000000000000000000000000000000000008
:10B8400000000000000000000000000000000000F8
:10B8500000000000000000000000000000000000E8
:10B8600000000000000000000000000000000000D8
:10B87000F5130300000000000000000000000000BD
:10B8800000000000000000000000000000000000B8
:10B8900000000000000000000000000000000000A8
:10B8A0000000000000000000000000000000000098
:10B8B0000000000000000000000000000000000088
:10B8C0000000000000000000000000000000000078
:10B8D0000000000000000000000000000000000068
:10B8E0000000000000000000000000000000000058
:10B8F0000000000000000000000000000000000048
:10B900000000000000000000000000000000000037
:10B91000000000000C6205001F0000000000000095
:10B92000FFFFFFFFFF1F0000010000008DDF04008C
:10B93000C1EE04002C6D05000000000000000000B6
:10B9400050070020B00200200000000000000000AE
:10B9500000000000000000000004010000000000E2
:10B960006A8C0500220300000000000000000000B7
:10B9700000030300000000000000000000030000BE
:10B9800000000000000000000002010000000000B4
:10B990007B8C05002E03000000000000000000006A
:10B9A0000001010000000000928C05001E03000051
:10B9B0000000000000000000000000000000000087
:10B9C00070820500040300000000000031F2040052
:10B9D00000000000000000003803002038030020B1
:10B9E00000000000000000000E00000028D300202E
:10B9F0000000000000000000000000000004000043
:10BA000028D7002000000000000000000000000017
:10BA100000040000608C050000000000B40300205A
:10BA200000000000AC6105006B07002073070020D8
:10BA30007C07002081070020860700208A0700205D
:10BA40008F070020960700209F070020A6070020F0
:10BA5000AD070020000000007701050045FE020050
:10BA6000A5FE0200150405007D060500490305003A
:10BA7000000000009D06050031030500CB02050013
:10BA8000000000007901050000000000E30B050044
:10BA9000000000000000000000000000DD080300BE
:10BAA000000000000000000000000000F527030077
:10BAB000000000000000000000000000B1260300AC
:10BAC0000000000000000000000000002931030019
:10BAD000000000000000000000000000892B0300AF
:10BAE000000000000000000048040020480400207E
:10BAF0000000000000000000B5430300E552030011
:10BB000051520300000000000000000075460300D1
:10BB10002F1A0500F51A0500654203000000000019
:10BB200076820500000002008282050000000A0003
:10BB300092820500000020000000000000000000CC
:10BB400000000000000000000000000000000000F5
:10BB500000000000000000000000000000000000E5
:10BB60000000000000000000D922050000000000D5
:10BB7000A682050000000200B2820500000002005B
:10BB8000E0040020E00400200000000000000000AD
:10BB90000E000000F4040020F4040020998003004B
:10BBA00000000000000000006C2A002000000000DF
:10BBB00071B0030000000000742A002000000000A3
:10BBC0005DA50300000000007C2A002000000000AA
:10BBD0002531040000000000842A0020000000003D
:10BBE00071A20300000000005C3B00200000000088
:10BBF0004D39040000000000743B002000000000EC
:10BC0000A5CC0300000000007C3B002000000000E9
:10BC10002531040000000000843B002000000000EB
:10BC200059CE0300000000008C3B00200000000003
:10BC3000C9D6030000000000903F00200000000073
:10BC40003040002000000000D04000200000000034
:10BC50003042002000000000B94204000000000053
:10BC6000F4440020000000006D2E040000000000DD
:10BC700020450020000000002531040000000000E5
:10BC800028450020000000002531040000000000CD
:10BC9000304500200000000051A00200000000001C
:10BCA0008048002000000000D5950300000000003F
:10BCB0007848002000000000D59503000000000037
:10BCC0007048002000000000FD920300000000000A
:10BCD0006848002000000000D59503000000000027
:10BCE0006048002000000000FD92030000000000FA
:10BCF0005848002000000000D59503000000000017
:10BD00000000000000000000000000000000000033
:10BD10000000000000000000000000000000000023
:10BD20000000000000000000000000000000000013
:10BD30000000000000000000000000000000000003
:10BD400000000000000000000000000000000000F3
:10BD500000000000000000000000000000000000E3
:10BD600000000000000000000000000000000000D3
:10BD700000000000000000000000000000000000C3
:10BD8000E0060020E00600200000000000000000A7
:10BD90000E00000000000000000000000000000095
:10BDA0000000000000000000000000001C07002050
:10BDB0000000000000000000000000000000000083
:10BDC00000000000115800202000000000000000CA
:10BDD000FF0000003FC00F00835C0500A1EE0200E1
:10BDE000BDEE020090020000480700204807002036
:10BDF00009020000000100807D12010002EF020133
:10BE000040E32F0400030400000000080B000202BE
:10BE100002000009040000010202000005240010D5
:10BE20000105240100010424020205240600010783
:10BE300005810310000A09040100020A000000073E
:10BE400005820240000007050102400000000001D9
:10BE500000000000000000000000000000000000E2
:04BE600000000000DE
:10BE640000000000000000000000000000000000CE
:10BE740000000000000000000000000000000000BE
:10BE840000000000000000000000000000000000AE
:10BE9400000000000000000000000000000000009E
:04BEA400000000009A
:10BEA80008080020080800203CCC00200000000002
:10BEB800020000002C000000000000002408002000
:10BEC8002408002080A100200000000002000000DB
:10BED800B0000000000000004008002040080020DA
:10BEE80094CC002000000000030000001C000000AB
:10BEF800000000005C0800205C08002058B3002007
:10BF08000000000008000000100000000000000011
:10BF180000000000E8CC0020000400000000000041
:04BF28000000000015
:10BF2C008C0800208C08002000000000000000009D
:04BF3C000E000000F3
:10BF4000A0080020A0080020000200000800000057
:10BF5000E0A20020E0B20020E0A20020E0A2002049
:10BF600000000000C4080020C408002000000000F9
:10BF7000D0080020D00800200C0000000A000000BB
:10BF8000E0B2002058B30020E0B20020E0B2002070
:10BF900000000000F4080020F40800200000000069
:10BFA000000900200009002001000000010000003D
:10BFB000100900201009002018090020180900208D
:10BFC00000000000010000002809002028090020CE
:10BFD00030090020300900200000000001000000AE
:10BFE000400900204009002048090020480900209D
:10BFF00000000000FFFFFFFF580900205809002043
:10C00000600900206009002000000000010000001D
:08C010007009002070090020F6
:0CC01800780900207809002000000000DA
:10C0240000000000000000008C0900208C090020A2
:08C0340094090020940900208A
:10C03C000000000000000000A4090020A40900205A
:10C04C00AC090020AC090020030003001000000024
:10C05C0000000000246F050044C800200000000010
:10C06C0000000000D0090020D0090020D8090020D1
:10C07C00D80900200300030010000000694F0300E2
:10C08C0040700500C4CB0020000000000000000040
:10C09C00FC090020FC090020040A0020040A0020EE
:10C0AC00030003000000000000000000C06D05004C
:10C0BC00D0C200200000000000000000280A002070
:10C0CC00280A0020300A0020300A0020020002005A
:10C0DC00100000003D2B0300106F0500F4C400207D
:10C0EC000000000000000000540A0020540A002048
:10C0FC005C0A00205C0A0020020002000000000024
:10C10C0000000000D86E0500C4C400200000000030
:10C11C0000000000800A0020800A0020880A00200D
:10C12C00880A00200D000D000400000039010300F6
:10C13C00AC6D0500D8C0002000000000000000001D
:10C14C00AC0A0020AC0A0020B40A0020B40A00207B
:10C15C00010001000000000000000000D46D05008B
:10C16C001CC400200000000000000000D80A0020C1
:10C17C00D80A0020E00A0020E00A0020100010007D
:10C18C000A000000472E050070760500E8D000205C
:10C19C00A18C050000000000000000000000000061
:10C1AC0000000000000000002C62050000000000F0
:10C1BC000000000000000000000000000000000073
:10C1CC000000000000000000000000000000000063
:10C1DC000000000000000000000000000000000053
:10C1EC000000000000000000000000000000000043
:10C1FC0000000000000000000000000059070020B3
:04C20C00000000002E
:10C210000000000074030020000000000000000087
:08C22000000000000000000016
:04C2280015E015E028
:040000032000E825CC
:00000001FF
