:020000022000DC
:1070000040210020B17C02005DE402009D7C020072
:107010009D7C02009D7C02009D7C0200000000001F
:10702000000000000000000000000000797D020068
:107030009D7C020000000000157D02009D7C020086
:10704000497F0200497F0200497F0200497F020018
:10705000497F0200497F0200497F0200497F020008
:10706000497F0200497F0200497F0200497F0200F8
:10707000497F0200497F0200497F0200497F0200E8
:10708000497F0200497F0200497F0200497F0200D8
:10709000497F0200497F0200497F0200497F0200C8
:1070A000497F0200497F0200497F0200497F0200B8
:1070B000497F0200497F0200497F0200497F0200A8
:1070C000497F0200497F0200497F0200497F020098
:1070D000497F0200497F0200497F0200497F020088
:1070E000497F0200497F0200497F0200497F020078
:1070F000497F0200497F0200497F0200497F020068
:1071000053B94AB9002908BF00281CBF4FF0FF310E
:107110004FF0FF3000F00CB8ADF1080C6DE904CE73
:1071200000F012F8DDF804E0DDE9022304B0704756
:10713000704700BF10F8012B11F8013B012A28BF4E
:107140009A42F7D0D01A70472DE9F04786468C4610
:107150000846089E154674461946002B40F0C2802A
:107160008542B2FA82F245D94AB1C2F1200300FA4F
:1071700002FC2EFA03F3954043EA0C0C94404FEACC
:10718000154EA8B2BCFBFEF8230C0EFB18CC08FB76
:1071900000F943EA0C43994528D9EB1808F1FF3769
:1071A00004D2994502D9A8F102072B44A3EB0903A5
:1071B000A4B2B3FBFEFC0EFB1C330CFB00F044EA54
:1071C0000344A04214D92C190CF1FF3304D2A0427D
:1071D00002D9ACF102032C44241A43EA07401EB141
:1071E000D440002334607360BDE8F0874746DDE794
:1071F0006346F1E792BB431B01214FEA154EAFB244
:10720000B3FBFEFC200C0EFB1C330CFB07F840EA22
:107210000343984562D9EB180CF1FF3004D298452E
:1072200002D9ACF102002B44A3EB0803A4B2B3FBD8
:10723000FEFC0EFB1C330CFB07F744EA0344A74299
:107240004ED92C190CF1FF3304D2A74202D9ACF16C
:1072500002032C44E41B43EA0040C0E7C2F12003D0
:1072600020FA03F1954090402EFA03F303434FEACE
:10727000154EAFB2B1FBFEFC0EFB1C10190C0CFB43
:1072800007F841EA0041884504FA02F422D9691856
:107290000CF1FF3004D2884502D9ACF10200294438
:1072A000A1EB08019BB2B1FBFEFC0EFB1C110CFB19
:1072B00007F743EA01439F420ED9EB180CF1FF3167
:1072C00004D29F4202D9ACF102012B44DB1B41EAFC
:1072D000004192E76046E3E76146F7E76046A3E7CF
:1072E0006346B7E7834206D916B9002108467BE713
:1072F000C6E900E0F9E7B3FA83F78FB9834201D317
:10730000724508D8BEEB020460EB030301209C46E3
:107310001EB9002168E73846FAE7C6E9004CF8E7ED
:10732000C7F1200CBB4022FA0CF41C432EFA0CF1DE
:1073300020FA0CF3B84001434FEA14490EFA07F55E
:10734000B3FBF9F81FFA84FE09FB18300B0C08FB9D
:107350000EFA43EA00439A4502FA07F240D9E318CD
:1073600008F1FF3004D29A4502D9A8F10200234463
:10737000A3EB0A0389B2B3FBF9F809FB183308FB46
:107380000EFE41EA03418E452CD9611808F1FF3306
:1073900004D28E4502D9A8F10203214443EA0040F9
:1073A000A0FB0298A1EB0E014145CE46434602D315
:1073B00006D14D4504D2B9EB020E68EB0403013847
:1073C000002EA6D0B5EB0E0261EB030101FA0CFC16
:1073D00022FA07F34CEA0303F940C6E9003198E7C3
:1073E0004046C5E74346D9E7F8B5174D284609F0AA
:1073F0009BFB044630B32A69A968136843F0806395
:1074000013600B68114A1A2128469847002819DB97
:107410000F4F104EAB684FF080615B69284698476C
:1074200000280FDB84F0010414F0FF0414BF394678
:107430003146094806F0F0F900214FF4803009F098
:107440002EFEE7E70020F8BD30150300010006001E
:107450005E1A0300611A0300651A0300014B1B68E2
:10746000184700BFD0000020014B1860704700BFD4
:10747000D000002030B585B004460D461022002112
:10748000684609F07BFF02238DF802302A46044B40
:1074900001932146684606F0D1F905B030BD00BF22
:1074A0005D74020080B505460E461746984605F005
:1074B000BFFE034609F0CEFFDFF81890044649F8F6
:1074C0000030424630463946A84754F8090000F0DB
:1074D0000BFC00BF080000002DE9F047058B0446B7
:1074E0002807904611D4022905F0070540F0CC800A
:1074F000204606F003FE78B10138218B042811D80C
:10750000DFE800F0C2106D85950001290CBF45F041
:10751000100545F02005258388F31188BFF36F8F90
:10752000BDE8F08701F0070AAA4500F0A580002712
:10753000B9463E46A368002B00F0BC8041F008012C
:10754000218388F31188BFF36F8FA168002900F0B1
:10755000BA800D68002900F0B680D1F80480334667
:1075600052462046C047002D76D02B6829461D463E
:10757000F0E701F007035A1F012A1BD8002221F06F
:107580000701062B276889B2C4E9002209D13B46CE
:1075900003E0628B013262831B68002BF9D141F05A
:1075A00002012183204606F0A9FD00287AD041F08F
:1075B000200176E0042B0AD121F0070189B2218352
:1075C000204606F09BFD10B141F020012183218B64
:1075D00001F0070AAA454FD00027B946AAE7236958
:1075E00021F0070141F00601062DD3F80090218318
:1075F0002DD1B9F1000F3FD041F00801218388F36C
:107600001188BFF36F8F3A492046C84729E021F01F
:107610000701236941F0040189B2042DD3F80490D5
:107620002183E6D000273E464FF0040A82E721F08E
:107630000701236941F0050189B2052DD3F80890AF
:107640002183D6D000273E464FF0050A72E7002777
:107650003E464FF0060A6DE72B4687E7B9F1000F6B
:10766000D1D1EFF31188202383F31288BFF36F8FFA
:10767000238B23F008032383258BEA062ED525F0E0
:107680001003238305F007056669218B002EBFF6E2
:1076900070AF00232768C4E9003321F0070141F0EF
:1076A00001012183218B01F0070AAA454FF000094F
:1076B0007FF440AF002F9CD041F00801218388F374
:1076C0001188BFF36F8F002FC8D03D68394633460D
:1076D0005246204606F03EFD2F46F4E7AB067FF506
:1076E0001BAF25F02003238305F0070500E700BF4B
:1076F00081E10200014B03600020704788180300FD
:1077000007B51B491B4807F03DF870BB1A491948DB
:1077100007F038F848BB1949164807F033F820BB82
:107720001749144807F02EF8F8B90146154A1148D0
:1077300007F0F1FAC8B9024613490E48012307F0D1
:10774000C5FB90B901230093014602230948EF22AB
:1077500006F038FF48B9074806F05DFF28B905482C
:1077600003B05DF804EB06F086BF03B05DF804FBE0
:1077700048010020FC0300203001002018010020F7
:1077800000010020D4000020741A030008B503484B
:10779000034A0021121A06F059FE08BD8804002091
:1077A000E40C00200748084A084908B5121A06F0F8
:1077B0004FFE0748074A0849BDE80840121A06F07C
:1077C00047BE00BF0000002088040020FC1F03000B
:1077D0000000002000000020FC1F030038B5054613
:1077E0000C4699B1D1E901230F48096806F05EFC07
:1077F000D4E90423E1680D4806F058FCE1690C481F
:1078000006F054FCA1690B4806F050FC012D05D18F
:10781000EFF305810848103906F048FC2146284658
:10782000BDE8384004F05EBCC41A0300F41A03003B
:10783000241B0300341B0300631B030030BFFFF74E
:10784000FDBF00BF2DE9F0410B4EDFF8308006EBA5
:107850000807CC1B054632460949204609F080FD41
:10786000A01942460021083C09F088FDC5F8804077
:1078700007F10800BDE8F0810000000008000000EA
:1078800074180300054B5A699B689A421FBF044A4B
:10789000536843F080535360704700BF800C002052
:1078A00000ED00E02DE9F843324D8046324889462C
:1078B000174606F0FBFBAB6ADE0622D52F4806F022
:1078C000F5FB1124AB6A1D0703D52D4806F0EEFB2E
:1078D0001224284DAB6A980715D52A4806F0E6FB16
:1078E0006E6BAB6A190642D52748314606F0DEFBBF
:1078F000B9F1000F03D0AB6A23F08003AB6213240D
:1079000003E01024DEE76FF015061A4DAB6ADA07C4
:1079100003D51E4806F0CAFB1424AB6A9B0603D5A8
:107920001B4806F0C3FB1524124B9A6AD50602D4F5
:107930009A6A90070AD55B68190507D54146304613
:1079400000F0BAFA10B180F309880224094B9A6A50
:10795000920642BF5A6A22F400525A629A6A42F070
:10796000FF029A6200233B702046BDE8F8836FF067
:107970001506C4E700ED00E0771B03008E1B030033
:10798000C21B0300D61B0300EF1B0300061C0300F1
:10799000261C030010B51D4C1D4806F087FBA36A8A
:1079A000990130D51B4806F081FB1E20A36ADA013D
:1079B00003D5194806F07AFB1F20144CA36A1B0359
:1079C00003D5164806F072FB2120A36A590303D59C
:1079D000134806F06BFB22200C4CA36A9A0303D5D4
:1079E000104806F063FB2320A36ADB0303D50E488F
:1079F00006F05CFB2420054A936A6FEA03436FEAB2
:107A00001343936210BD1D20D0E700BF00ED00E0DE
:107A1000561C03006F1C0300831C03009E1C030004
:107A2000BD1C0300E31C0300FE1C030070B5244CC6
:107A3000064624480D4606F039FBA36AD90435D51D
:107A4000214806F033FB1720A36A1A0503D51F4807
:107A500006F02CFB18201A4CA36A9B050FD51C4876
:107A600006F024FBA16BA36A180407D5194806F099
:107A70001DFB1EB1A36A23F40043A3621920104C1E
:107A8000A36A590503D5144806F010FB1A20A36A0F
:107A9000DA050DD5114806F009FB1B20084A936A48
:107AA00043F47F43936200232B7070BD1620CBE715
:107AB000A36A9B04F2D50A4806F0F8FA1C20EDE709
:107AC00000ED00E02A1D0300411D0300C21B03005E
:107AD000531D03006D1D0300831D03009F1D030044
:107AE000261C03002DE9F0415B4B5F688AB0044619
:107AF000C7F30806002585F31188BFF36F8F02F0E6
:107B00007F43B3F17F4F06D102F00C03082B13D152
:107B1000524806F0CBFA00252C464FF00008F31E21
:107B20008DF80780092B00F28680DFE803F00A7ADF
:107B30007E7684848484848210074CBF0C460125A1
:107B4000EBE74748444E06F0B1FA8DF80780F36A38
:107B50009A0704D5434806F0A9FA002330E0F36AF7
:107B6000002B01DA4048F6E7F36A5B00F5D53F48A1
:107B700006F09CFA7369A26943F480737361BFF3E2
:107B80004F8FBFF36F8F736932F8022C23F4807329
:107B90007361BFF34F8FBFF36F8F4DF602739A423D
:107BA00009D0B36ADBB253B30DF1070201212046BD
:107BB000FFF778FE33E021682D4806F077FA236856
:107BC0009DF80720C2B902AE04F120072068616861
:107BD000324603C20834BC421646F7D1099AB5B3FF
:107BE000C2F3080121B96FEA52226FEA42220992D8
:107BF00002A91846FFF7F2FD0AB0BDE8F081B36AAA
:107C000013F47F4F05D00DF107010120FFF70EFFA0
:107C100005E0B36AB3F5803F9FD3FFF7BBFE034691
:107C2000CEE70DF107020021C1E70DF107010020A9
:107C3000ECE710488FE7104B1049114817F4F87F14
:107C4000A6F1100218BF194606F030FA85E722F4B3
:107C5000FF7222F00102CAE700ED00E0E61D03001A
:107C6000121E03002A1E03004C1E03005B1E0300AD
:107C70007B1E0300981E0300CD1D0300B81D0300EA
:107C8000BD1E0300044B5A6942F010025A615A6942
:107C900022F008025A61704700ED00E0EFF308801F
:107CA000EFF3098101B57246FFF71CFF01BD00BF6C
:107CB0000B4880F3088803F04FFB202080F31188E5
:107CC00008484FF40461401880F30988EFF31480EA
:107CD0000221084380F31488BFF36F8F00F0B4F8DB
:107CE0004021002080130020084B9B6883420BD169
:107CF000EFF3058343B1064B5A6842F080525A6055
:107D00005A6A22F400425A6205F098BA800C0020A8
:107D100000ED00E015498A684FF030001044EFF3A1
:107D2000098C80E8F01F202080F31288BFF36F8F4A
:107D30000F4F4FF000664A698A603E60D2F88000BB
:107D40000C4C2060D2F884000023C2F8843080F309
:107D5000118804B5104600F015F9BDE8044002F1A1
:107D6000300090E8F01F8CF309887047800C0020E9
:107D700004ED00E0480800201EF0040F0CBFEFF3F4
:107D80000880EFF30980816911F8021C0229FFD0F5
:107D900001B5724606F05EFB01BD00BF40B200288F
:107DA00007DB044A4109012300F01F00834042F829
:107DB0002130704700E100E040B200280CDB4309AD
:107DC000064900F01F0020330122824041F82320A1
:107DD000BFF34F8FBFF36F8F704700BF00E100E02C
:107DE000054B420900F01F0053F82220012303FA3B
:107DF00000F01040704700BF00E100E040B20028F2
:107E0000A8BF00F1604001F10101B8BF064B4FEA85
:107E10004111ACBF00F5614000F00F00C9B2B4BF22
:107E2000195480F80013704714ED00E0044B054A24
:107E300023F07F039360BFF34F8FBFF36F8F7047C3
:107E40000070020000ED00E008B5FFF7EFFF0B4AFD
:107E5000D2F8883023F47003C2F88830EFF314832B
:107E600023F0040383F31488BFF36F8FFFF78EFCB6
:107E7000FFF798FC00F05CF804F0FCF900ED00E07E
:107E800042F8203C009B42F81C3C0A49019B42F806
:107E9000183C029B42F8143C21F001014FF0807322
:107EA00042F8043C42F8081C0023203A0265C0F85E
:107EB00084307047A5740200094A0346906870B187
:107EC00013F1160F006F05D0A0F140029A4205D8B9
:107ED000834203D2814228BF0020704700207047B0
:107EE000800C002008B515460C4A0D4B9060D0F868
:107EF00080201A600E4600F045F82C4686F309886B
:107F00000020044B98472046002100220023024C09
:107F10002047000079E40200A5740200800C0020D4
:107F200048080020014B10221A61704700ED00E064
:107F3000044800232021C2180133302B82F800139B
:107F4000F9D1704700E100E008B5EFF30583064A78
:107F5000103B02EBC30152F8330049688847BDE883
:107F60000840FFF78FBC00BFF0150300024B034A27
:107F70000348012100F076B8000004200000002032
:107F800088180300026F054B403A1A60044A4021EA
:107F9000C3E901121846012100F06EB84C08002018
:107FA00000000B15084AC2F898000B6823F01F0365
:107FB000034343F01003C2F89C308B6843F0010385
:107FC000C2F8A030704700BF00ED00E02DE9F0439B
:107FD000DFF8608085B00E461F4604464FF000096A
:107FE000B14523DA6068D8B13FB1411E08421BD1C8
:107FF0001F2819D92368194216D12368019306F066
:108000005EFAA36803430393D8F89050C5F307259D
:10801000D0B2013DA84207D801A9FFF7C3FF421C17
:1080200009F101090C34DBE76FF01502104605B0C9
:10803000BDE8F08300ED00E0044B0522C3F8942076
:10804000BFF34F8FBFF36F8F704700BF00ED00E0AD
:10805000BFF35F8F024B0022C3F89420704700BF2C
:1080600000ED00E010B5034C01232278FFF7AEFFCE
:10807000207010BDB40C002008B50B4A0023127804
:10808000FFF7A4FF10F1160F07D0084A0021D2F81D
:108090009030C3F30723984200DB08BDC2F8980074
:1080A000C2F8A0100130F2E7B40C002000ED00E0AF
:1080B0002DE9F043534B544CD3F890302568C3F36B
:1080C00007239D4285B000F29A80FFF7C1FF002090
:1080D0000C2685421AD14D4C4D4F25706846FFF74E
:1080E00009FBDFF82081DFF82C9106460025AE421F
:1080F00013D1237843490020D1F89020C2F30722FE
:10810000934276DBFFF798FF002042E0616806FBB0
:108110000011FFF747FF0130DBE7009800EB051186
:108120004FEA051CCB683B40B3F5000F48D00AD896
:10813000B3F5001F30D0B3F5800F36D0B3F5801FF4
:1081400010D00135D3E7B3F1807F42D0B3F1007F87
:10815000F7D150F80C3088684A6806F0B0F940F45E
:10816000802009E050F80C3088684A6806F0A7F9CA
:1081700040F0885040F43020CDE901230390D8F836
:1081800090302078C3F30723013B98422AD96FF03F
:10819000150005B0BDE8F08350F80C3088684A68D7
:1081A00006F08DF940EA0900E6E750F80C308868DF
:1081B0004A6806F084F940F0C06040F40030DBE724
:1081C00050F80C3088684A6806F079F940F08270FF
:1081D000D2E750F80C3088684A6806F070F940F031
:1081E0008870C9E701A9FFF7DDFE2378013323700A
:1081F000A7E7C1F89830C1F8A00001337CE74FF041
:10820000FF30C6E700ED00E094180300B40C002036
:108210000000F0FF0000081108B5024B1B689847EA
:10822000002008BD58080020034B044A18609378CA
:1082300043F002039370704758080020600100204B
:1082400008B50649064821F00701C1F1005202F5C0
:10825000802205F0ECFE002008BD00BFFF340020A6
:108260005C08002070B54169857A0C4E044659B10E
:10827000437ADB0706D4242303FB0563DB691B6811
:108280009B6898470023636105EBC505214606EB13
:108290008500BDE8704008F0D7BD00BFD8030020BE
:1082A000024B242202FB0030704700BFD80300209D
:1082B0002DE9F04385B005466846039190461C467B
:1082C00008F096FFDDE90067EFF31189202383F3BF
:1082D0001288BFF36F8F6B8A002B41D02A8A9A4293
:1082E00025D900220023284604F020FA0446F0B1E4
:1082F00089F31188BFF36F8F039B002B41D0324667
:108300003B46684608F099FFA27A264B242101FBE0
:1083100002332046DB691B6803A91D68DDE90023E1
:10832000A847606170BB2046FFF79CFF24E0698A84
:108330004B1E6B8289F31188BFF36F8F2B7D2A8AC6
:108340002C6A1B3323F00303521A02FB0344154B20
:10835000154AEB1A9B105343A3722B7DE372CBE7B4
:1083600089F31188BFF36F8F23464246284604F0F5
:10837000DDF904460028BFD10024204605B0BDE841
:10838000F0836361012300252381039B6382E27AEA
:108390006560294604F1180008F0F0FF6369258242
:1083A000E360EAE7D8030020398EE33870B50D4C5E
:1083B000242500B970BD037A4668002BFAD0013B32
:1083C000DBB20372002BF5D1C3604360837A05FBF7
:1083D00003439B6913B198473046EAE7FFF742FF32
:1083E000FAE700BFD80300200E4A0123C2F8403547
:1083F0004FF080424FF08051C2F87835D1F830010B
:10840000082808D1D1F83411052904D80648415C60
:1084100009B1C2F838364FF080430122C3F88025F5
:108420000020704700E00140E01E030020B1034B34
:10843000800143F001031847704700BF8018030014
:108440002DE9F04190F8203003F01F03012B044682
:108450000F4600F120061BD0022B05D043BB90F83D
:10846000211006F01CFD03E0818CC9B206F0F4FC7B
:108470000546E8B1304606F00DFA024668688368A2
:10848000A2B99B684BB13A463146BDE8F041184766
:10849000818CC9B206F0C7FCEAE76FF0850308F0EB
:1084A000D9FF0F4A13500020BDE8F081DB68E9E7EF
:1084B00094F82110204606F00CF902460028ECD072
:1084C000304606F0E7F940B91369002BE5D03A468B
:1084D0003146204698470346E1E7D368F5E700BFF9
:1084E0000C0000002DE9F04F0B7E33F0800893B0B4
:1084F0000446174600F1200940F071844A7E02F0DC
:10850000010097B117F10C0F0FD088B917F1710F57
:1085100003D10846FFF74AFF03E00846FFF746FF8E
:10852000B846404613B0BDE8F08F002800F0408404
:10853000002B40F00E840B8A072B0DD80846FFF75E
:1085400035FF484606F0A6F90346A069002B00F067
:108550003684802100F03CBCCA68136823625368EB
:10856000C9F804304A68E58C002AE7D0484606F08E
:1085700091F908BB537E15B113F0020F01E013F01F
:10858000040FDBD0002005F0CBFF05460028D8D033
:1085900008F060FF94F82020B84E002312F0600F1E
:1085A0008351C2F341130BD0032B40F0B38108F089
:1085B00051FF6FF0850340E0002DBFD0537EDBE715
:1085C000484606F067F994F82130002840F03981D8
:1085D000013B0A2BEBD801A151F823F029870200B7
:1085E000AF850200AB870200AF850200098602005A
:1085F000AF850200AF850200AF8502007B860200D6
:10860000AF850200DD860200A069618C03697F29C5
:10861000D3F88030CBD8A28C002AC8D1E28C002AB3
:10862000C5D194F82020D206C1D194F82C20022A7A
:1086300005D108F00FFF4FF0FF33335013E01B0755
:1086400006D5C9B206F05FF9804620B1284661E739
:10865000012384F8353094F82C30012B0BD1638C36
:108660004BB984F82C3008F0F5FE3358002B00F09D
:108670005683284663E70123F3E7204605F09DFF74
:10868000628CFF2A014692D8E38C002B8FD194F89C
:108690002030D8068BD194F82C30002BC9D02AB1C9
:1086A000D2B2204606F0E4FA0028C2D0618C94F8D9
:1086B00034308B42D7D0C9B2204606F0E0FA80466B
:1086C0000028C3D1628C002A14BF0223012384F83E
:1086D0002C300521204606F0F0FDC4E794F8203048
:1086E00003F01F03012B7FF462AFE38C002B7FF4B8
:1086F0005EAF628CFF2A3FF65AAFA18CFF293FF68E
:1087000056AF94F82C30022B93D1D2B2C9B2204686
:1087100006F0C7FC10F1020F804640F0008108F01F
:1087200099FE46F800809EE7E38CA18C002B7FF435
:108730003EAF94F82C30002B3FF47BAF012B0FD1D0
:1087400000297FF476AF12F01F020CD1638C012B4D
:1087500089D194F868306FF3C30384F8683082E7F6
:1087600012F01F0217D0022A7FF47DAFB4F822A0C6
:10877000BAF1000F7FF477AF5FFA81F841462046E7
:1087800006F081FD034608F065FE3350013306D143
:108790004FF0FF385AE700297FF44BAFD6E7524637
:1087A0004146204606F07CF85DE7E38CA18C002B67
:1087B0007FF4FDAE638C022B5FFA81F813D194F83D
:1087C000203003F01F0358EA03037FF4F0AEA069E2
:1087D0000122090A06F074F800287FF4E8AE0123AC
:1087E00084F835303FE794F82C0000283FF421AF9F
:1087F00001280DD100297FF41CAF12F01F020AD10D
:10880000012B7FF430AF94F8683043F00803A4E7FD
:1088100012F01F0211D0022A7FF425AF002B7FF443
:1088200022AF4146204606F019FD034608F012FE2D
:1088300033500133ACD00122B2E700297FF4F9AE06
:10884000DEE70A2B3FF6B3AE01A151F823F000BFDB
:1088500081880200AF850200AF850200AF8502006B
:10886000AF850200AF85020001890200AF850200DA
:10887000B78C0200AF850200E58C02000C000000FE
:10888000E38CA18C022B7FF492AE94F82C30002B59
:108890003FF4CFAE012B10D100297FF4CAAE12F005
:1088A0001F020DD194F868304FEA930808F00208CF
:1088B000C3F3001348EA030806E012F01F0210D0C9
:1088C000022A12D04FF0000805F10C0A504605F0BC
:1088D00063FEE38C98420ED208F0BCFD6FF00B03F0
:1088E000ABE600297FF4A5AEDCE7C9B2204606F06E
:1088F000D9FC8046E8E74146504605F034FEB2E632
:1089000094F82020B4F822A0D2064FEA1A235FFA86
:108910008AFA09D029462046FFF792FD8046B8F131
:10892000000F7FF493AE9EE6013B0E2B3FF63FAE69
:1089300001A252F823F000BF75890200BF8902002E
:10894000778A0200AF850200AF8502006F8A0200BD
:108950006F8A0200AF850200AF850200AF8502007A
:10896000AF850200AF850200AF850200AF8502002F
:10897000BF8B020005F10C0A5046B4F8268005F0C2
:108980000BFE80450AD2B4F82680204605F015FE7D
:1089900048B101287FF40BAE216F05E0504605F089
:1089A000FBFD8046F1E7E16E002900F013810A78B3
:1089B000424528BF4246504605F0C4FD53E62046D6
:1089C00005F0FBFD0AF1010201900146D2B22046FA
:1089D00006F028F9824600283FF4E9AD05F10C08BD
:1089E000D0F804B0404605F0D7FD9BF80020904237
:1089F00003D2404605F0D0FD02465946404605F0F8
:108A0000A1FDDAF80CA0BAF1000F09D1298AE38C94
:108A100099427FF628AEC91A404605F0AEFD22E61F
:108A2000DAF8040083681B6B13B9DAF800A0EAE7F0
:108A3000019998470028F8D0A0F1040B5BF8043F97
:108A4000002BF2D01B78002BEFD0404605F0A4FDA0
:108A5000DBF800301A78904203D2404605F09CFDC6
:108A600082B2DBF80010404605F06CFDE6E72046D8
:108A700005F0A3FD9BE552460321204605F068FE64
:108A8000824600283FF493AD05F0FFFEB4F826B00F
:108A9000E0B9BAF81430ADF82830DAF8103005F142
:108AA0000C081B88ADF82A30404605F075FD83455B
:108AB00008D2E08C9DF82820824228BF02460AA9ED
:108AC000404679E7404605F067FDF3E700238DF85F
:108AD00014309AF81530DAF808208DF81530C24BAA
:108AE0001340C24A934258D1102106A807F04EFC09
:108AF0000028FFF65CAD0AAA1028DFF8F4E20DF1B9
:108B0000180C114628BF1020404502F1020233D84C
:108B1000800002308DF81400019105F10C0A5046D6
:108B200005F03AFD9DF81480D84528BFD846404549
:108B300003D2504605F030FD8046B8F1020FC3461F
:108B400028BF4FF0020B5A4605A9504605F0FAFC23
:108B5000A8EB0B08DDF804B04FEA58030BEB580202
:108B60005A4522D118F0010F3FF47DAD019AD15C36
:108B7000504605F0F0FC76E51CF8013B4FEA131A6D
:108B800003F00F031EF80AA01EF8033002F802AC2F
:108B900002F8013C08F10108B6E79AF814308DF8A4
:108BA0001430DAF810300193B7E71BF8011B504678
:108BB000CDE9023205F0D7FCDDE90232D0E72046EC
:108BC00005F0FBFC20B101287FF4F1AC236F00E03D
:108BD000E36E13B96FF0150838E55B88B3F5007FD5
:108BE0007FF6E5AC834B0A9300238DF82C30A36C01
:108BF00004F1480A9A455BD105F10C0B584605F083
:108C0000CBFCBDF82A80E38C984528BF98464045A8
:108C100003D2584605F0C0FC80469DF82820424506
:108C200028BF42460AA9584605F08CFCB8F1050F4A
:108C300094BFA8EB0808A8F10508B8F1000F3FF4AD
:108C400012ADA36C53453FF40EAD002B3FF40BADBA
:108C50005A7D0F2A14D11A7D19690193424528BF04
:108C60004246584605F06EFC019B1A7D424594BF72
:108C7000A8EB0208A8EB0808B8F1000F3FF4F3AC2A
:108C8000E26C9A423FF4EFAC1B68DEE75A7D0F2A94
:108C90000AD11A7DBDF82A100A44ADF82A209DF8A1
:108CA0002C2001328DF82C20E26C9342A4D01B685A
:108CB000002BEBD1A0E794F82C3094F834A0002BD3
:108CC0003FF4B7ACE38C012B7FF471AC05F10C08D9
:108CD000404605F061FCE38C9842FFF4FDAD51463F
:108CE000404646E794F8203003F01F03012B7FF441
:108CF000A0AC204605F0AAFF00283FF49AACA38C54
:108D00004268FF2B3FF653AC12799A42FFF44FAC06
:108D10000F2B3FF64CAC234493F836A0D2E7012347
:108D2000A362484605F0B6FD60B9E38C53B129460D
:108D3000002005F0F5FB054600283FF402AC6B7EF1
:108D40005E07F4D52946204613B0BDE8F04F06F083
:108D500025BA50077FF5F5AB802B7FF4F2AB0846C0
:108D6000FFF724FBA36A012B7FF4DBAB94F83530CB
:108D7000002B3FF4D6AB94F82130052B05D1618C44
:108D8000A069C9B205F0BFFD804694F82130032BDD
:108D900009D1638C022B06D1A18CA0690022090A9B
:108DA00005F08EFD8046002384F83530FFF7B9BB0F
:108DB00052077FF5C6AB002B3FF4ABABCCE7E38C9F
:108DC000002B3FF4C6AB17F10C0118BF0121C901FC
:108DD00006F069FF00238046A362FFF7A2BB6FF095
:108DE0000408FFF79EBB00BF00FF02000003020063
:108DF000E61E0300050F050002480022002307F0CD
:108E000079BF00BF940300202DE9FF41514F4FF07F
:108E1000FF334FF0FF3201A9384603F05BFB039BA1
:108E20001B69D3F89C409DF80430072BEFD8DFE88E
:108E300003F00A041A0D2C277B8D00220121204605
:108E400006F03BFAE3E700221146F8E794F86830B1
:108E500043F0040301A984F86830204605F075FD4D
:108E600000220321EBE794F868306FF3820301A935
:108E700084F86830204605F068FD00220221DEE714
:108E800001A9204605F061FDC1E794F86830A669A4
:108E90006FF3820384F868303369D6F80880BFF333
:108EA0005B8FD3F8A030BFF35B8F9907C3F3400209
:108EB00008D40421204606F000FA4FF0FF352A4678
:108EC0000721BCE7D8F83C3030469847D8F8243022
:108ED000002130469847D8F840300546304698473C
:108EE000E5B92946204605F0CAFE0546B0B98021FD
:108EF000204606F0B0F9A06906F088FF831E5842AC
:108F0000584194F8683084F82C5023F0680343EA01
:108F1000401384F868302A46042190E70022042197
:108F2000204606F0CAF9CAE702990B7ED1F81E2046
:108F300013F07F0F204606D1FFF7D4FA054600282C
:108F40003FF465AFBBE705F07EFFF7E7029A062125
:108F500075E700BF9403002030B589B000220023DC
:108F6000CDE9062300246FF00703CDE90334CDE9F2
:108F700001441A4B1A4900944FF48062194803F0D7
:108F800095FE1949174807F0EAFF184B18498B421C
:108F900007D3184B184900208B4210D3002009B08A
:108FA00030BD03F11402BFF35B8F52E8000F42E8BB
:108FB0000045002DF9D1BFF35B8F1833E7E703F1CC
:108FC0001402BFF35B8F52E8004F42E80005002D0A
:108FD000F9D1BFF35B8F1833DEE700BF098E0200C3
:108FE000000D002088040020F71E030070040020FC
:108FF00088040020880400208804002038B5024638
:1090000009490546806906F068FF044648B985F8B5
:109010003400284605F00AFD044610B1A86906F0A0
:109020008FFF204638BD00BFF98D020070B5084C97
:10903000084E0546B44202D30024204670BD636842
:1090400028461968FEF776F80028F6D01834F1E7BC
:10905000700400208804002070B50646EFF31181EB
:10906000202282F31288BFF36F8F1D4C236881F397
:109070001188BFF36F8F5B6893F86830DB0705D406
:10908000BDE870402122002303F0BCBDEFF3118343
:1090900082F31288BFF36F8F256865B983F3118857
:1090A000BFF36F8F2368D3B130460022BDE8704014
:1090B000002303F073BD61682A6822608D4208BFF7
:1090C000626083F31188BFF36F8F686805F1080150
:1090D000C36998470348294607F0BCFDE2E770BD25
:1090E000680800206403002030B585B06C4684E831
:1090F0000600054600221548002303A903F052F993
:109100000246E8B9039B94E803005D60083383E8F6
:109110000300EFF31180202383F31288BFF36F8FD6
:10912000039B1A600A4A516861B9C2E9003380F3AF
:109130001188BFF36F8F07480022002303F02EFD34
:1091400005B030BD0B605360F1E700BF6403002041
:10915000680800200000002038B54B780469456895
:109160002069202B08D0222B19D008F073F9114B5D
:109170006FF085021A5010E0CB88072BF5D1D36829
:109180001A6842609A8802819B79837206F0B6F869
:1091900022460821284606F09EF8002038BD4B885C
:1091A0008381C3F3400203F0010302764376224633
:1091B0000921EFE70C00000008B5134602691069A9
:1091C0004A78212A13D133B908F044F90B4B6FF0D8
:1091D0000B021A5009E0CA88072A00F1040128BFCF
:1091E000072203F10C0005F0ADF9002008BD08F0DE
:1091F00031F9024B6FF08502EBE700BF0C00000075
:1092000073B504698DF807102025EFF3118685F3F7
:109210001288BFF36F8F0122E06B0DF1070105F09B
:10922000D2F886F31188BFF36F8F012812D007F0B0
:1092300090FE08B9A37EABB90D4BBFF35B8F012243
:1092400053E8001F002903D143E800200028F7D18C
:10925000BFF35B8F2122002304F1480003F09EFC42
:1092600002B070BD0021212007F019FFCDE700BF3B
:109270007008002038B505690E49EB6B0024C3E97E
:109280000144DC606B6B05F14800C3E90144DC601C
:1092900007F053FE05F17800074907F022FE074961
:1092A00005F1240007F01DFE284606F027F82046A9
:1092B00038BD00BFD1F4020079F6020005F70200C4
:1092C000F8B587681446FB6B05460E46984721465D
:1092D000064800220023FEF7EBFF044600B10676A5
:1092E00028463B6C98472046F8BD00BFD8030020B5
:1092F0004FF08053D3F83021082A06D1D3F8343107
:10930000052B04D8034AD05C704700207047012029
:10931000704700BF181F030010F0080F0B4B42B23C
:109320000CD100F00F00002A4FF0140202FB0033B2
:10933000B4BFD3F80806D3F808077047002AB4BFB3
:10934000D3F8A806D3F8A807704700BF0070024002
:10935000F8B50246EFF31185202383F31288BFF39B
:109360006F8F00F0080706F0E6FE0126864012F037
:109370007F0F1E4B6FEA060432D057B11A682240A5
:109380001A601B4BC3F86C6485F31188BFF36F8FB1
:10939000F8BD184F396821FA00F0C0070AD41968DF
:1093A0002140196014490B68120654BF234033430F
:1093B0000B60E6E72140396051B2C94322F08000DA
:1093C000C90F00F2DA30090101EB40010848C0F88A
:1093D0000018D0F8041841F00201C0F80418DEE7C4
:1093E000196821401960002FCBD1DBE7CC080020A1
:1093F00000700240C8080020D0080020EFF3118060
:10940000202383F31288BFF36F8F0A4BD3F8001C1D
:10941000032261B949F27531C3F8001CC3F8142D59
:10942000C3F8001C80F31188BFF36F8F7047C3F837
:10943000142DF7E700E00640EFF31180202383F3BB
:109440001288BFF36F8F0A4BD3F8001C61B949F241
:109450007532C3F8002CC3F8141DC3F8002C80F338
:109460001188BFF36F8F70470022C3F8142DF6E701
:1094700000E0064070B5024606F05DFEEFF3118590
:10948000202383F31288BFF36F8F531E0124062B12
:1094900004FA00F40FD80E4E0E4B31681B680B43D4
:1094A000C34013F0010306D10B4802F59472214327
:1094B00040F822303160094A136823431360084B97
:1094C0008022C3F8042185F31188BFF36F8F70BD2C
:1094D000C8080020D008002000700240CC080020FE
:1094E00000E100E0F8B50306044623D410F00807B5
:1094F00020D100F00F02920002F1804202F51C32EE
:10950000D2F84434B3B1EFF31186202383F31288E9
:10951000BFF36F8F06F00FFE084DC2F8A074012351
:1095200003FA00F12B6823EA01032B6086F311880C
:10953000BFF36F8F024BC3F81845F8BDD008002069
:109540000070024008B50B7E012203F00F0013F0FB
:10955000800F02FA00F2124B12D0D3F8100510421D
:1095600018D00B7E1A0709D40D4AC2F80C3543F403
:109570008073C2F80C35087EFFF7B4FF002008BDE9
:10958000D3F814051042ECD1D3F814050243C3F804
:109590001425E6E7D3F810050243C3F81025E0E7E9
:1095A000007002400B7E064A13F07F0F0BBF0123B1
:1095B00043F480735365C2F818350020704700BF2C
:1095C0000070024038B504460D4606F064FDA8B1AF
:1095D0002946204606F04AFD204606F055FD10B10A
:1095E0002846FEF7E3FE2946204606F062FD064BBC
:1095F0001B7813B9054B01221A6538BD204606F0C9
:1096000051FD0028E4D1E7E7BB0C002000700240C8
:1096100038B545682C4654F8040B01F04BF8094B5B
:109620000022186001212720FEF7E8FB204602F007
:10963000B3FC05F1080002F0F5FC07F044FA002045
:1096400038BD00BF84080020012810B5014602D0B3
:10965000022807D098B90A4BBDE8104018680022CC
:1096600006F022BA074B084C00221A70074BC4F8C8
:1096700000332720FEF792FB0123C4F8043510BD08
:10968000D4080020B80C002000700240FDFFDF016C
:109690000146014807F053BECC03002008B5054B36
:1096A0001970054B1B7813B10420FFF7F1FF002060
:1096B00008BD00BFB90C0020BA0C00202DE9F04F06
:1096C000494B0769186089B0054607F1840007F027
:1096D00020FB00220023CDE9062300246FF00703BE
:1096E000CDE90334CDE90144404B414900954FF4A5
:1096F0000072404803F0DAFA3F4E40493D48DFF837
:109700000091DFF800A107F02AFC32693E4B1340BC
:1097100043F4820343F040033361B046347631466C
:10972000284606F07CF900285AD10134092C18D0BB
:1097300008EB4412082C937C43F04003937408D147
:10974000D8F81031314A1A40314B1343C8F8103160
:1097500005E0136909EA030343EA0A0313612036AB
:10976000DCE72C4C2C4B2269DFF8A090DFF8A0A09E
:10977000DFF88CB0134043F4041343F0400323613B
:109780000646A04666F07F0323762146284606F06B
:1097900046F928BB0136092E1AD008EB4612082ECE
:1097A000937C43F02003937408D1D8F8103109EA70
:1097B000030343EA0A03C8F8103107E013690BEA10
:1097C000030343F4C02343F0400313612034D9E77B
:1097D00097F8803023F0760343F0760387F88030E3
:1097E00009B0BDE8F08F00BFD40800202D99020019
:1097F0004011002018050020F80900200F1F030069
:109800000000F9FF400006000000BEFF0000F7FF67
:10981000FF010800D80800200000DEFF38B50D4623
:1098200028461146144606F02DF9287E802809D1D5
:10983000238A3BB9637E5B0704D54020FFF728FFEE
:10984000002038BD06F077FC0146024806F0BAFC5D
:109850000120F3E71C0B002008B5064A0B7EC2F876
:109860000C3543F48073C2F80C35087EFFF73AFEDE
:10987000002008BD0070024010B50C7E4FF0FF3292
:109880004FF0FF33114802F0B7FF2046FFF760FDAD
:1098900004F00F02012393400D4A14F0800F14BF0F
:1098A000D2F81015D2F814156FEA030315BF0B4058
:1098B0000B40C2F81035C2F81435044802F068FFB6
:1098C000044B8022C3F80421002010BDBC030020FB
:1098D0000070024000E100E070B505460E7E0C46C7
:1098E0004FF0FF324FF0FF330E4802F085FF304655
:1098F000FFF72EFD0B4802F04BFF0B4B8022C3F805
:109900000421204606F0A5F8014620B16FF0700250
:10991000284606F0D5F82046002106F07BF8002006
:1099200070BD00BFBC03002000E100E02DE9F04F56
:10993000BC4FBD4D85B004464FF0FF384FF0FF39A6
:109940000022CDE900894FF0FF31384607F0FEFCD8
:109950004FF0FF31384607F0F5FC10F0080F824653
:109960002ED0B24842464B4602F046FFEFF311823A
:10997000202383F31288BFF36F8FAD4B1B787BB12D
:10998000D5F8003413F400730AD10121C5F82C1561
:10999000D5F82C15D5F80014890548BFC5F82C3525
:1099A00082F31188BFF36F8FA04802F0F1FE01210E
:1099B000204606F002F800220321204606F074F843
:1099C0001AF0100F08D00021204605F0F6FF002203
:1099D0000221204606F068F81AF0200F08D0002176
:1099E000204605F0EAFF00220221204606F05CF83E
:1099F0001AF0020F40F085801AF0010F10D0BFF36B
:109A00005B8F8C4B002253E8006F43E80021002954
:109A1000F9D1BFF35B8F4FF00108002E40F0DA80E0
:109A20001AF0400F0AD08021204605F0E6FF06F02C
:109A30000CF8014610B12046FFF7C4FD1AF0040FE0
:109A40003FF47AAF0021204605F0D7FF8021804601
:109A5000204605F0D2FF0646404605F0FAFF08B161
:109A6000FEF7A4FC304605F0F4FF08B1FEF79EFCBB
:109A70000021404605F0CEFF3046002105F0CAFF28
:109A800008220021204606F0B1F9064600283FF4DE
:109A900053AF05F0F9FFD5F88014F368C9B2197017
:109AA000D5F88424D2B25A70D5F88804D5F88CC47D
:109AB00040EA0C2058801FFA80FED5F89004D5F8B3
:109AC00094C440EA0C209880D5F89804D5F89CC43A
:109AD00040EA0C201FFA80FCD880574811B9052AAB
:109AE00000F08F80DFF854C100220270D5F87014A6
:109AF0009CF800C08C4540F0A780514B00221A70A2
:109B0000B2E0504BBFF35B8F002253E8008F43E875
:109B100000210029F9D1BFF35B8F4FF00109B8F1A3
:109B2000000F3FF469AF98FAA8FBBBFA8BFB09FA68
:109B30000BF3BBF10F0F28EA030810DDABF11006A1
:109B4000F6B23146204605F058FF029005F07DFF41
:109B5000834630BB3146204606F00BFBDFE74BF077
:109B600080063146204605F048FF029005F06DFF63
:109B7000039058B10298002105F04CFF039BBBF104
:109B8000000F08D119462046FFF71CFD314620463C
:109B900006F0D9FAC3E700221946204605F090FFE7
:109BA000F4E70298002105F035FF6EB920465946CA
:109BB00006F07FFA204606F06EFA0028CAD0594611
:109BC000204606F0E8F9C5E700225946204605F090
:109BD00077FFBFE796FAA6F3B3FA83F308FA03F226
:109BE0000F2B26EA020606DDA3F11001C9B22046BA
:109BF00006F0BFFA11E743F08001204606F0A3FA11
:109C00000BE701220270BCF1000F03D03046FEF7D3
:109C1000CDFB91E60EF07F025A8083F804C083F8F2
:109C200005C06AE7CC03002000700240BC0300209E
:109C3000B80C00201C0B0020BB0C0020B90C00202D
:109C4000BA0C0020180B0020DFF8A0C01A70012108
:109C50008CF80010017005215970D5F870145980E6
:109C60001A715A719A71DA71082106F10C0004F028
:109C700063FC2046314606F01CFA204606F0FDF94A
:109C800020B31B4B4FF0000883F80080F368414677
:109C90002046B3F806A005F0B0FE41468146524684
:109CA000204606F0A3F8014648B1484605F0EAFE12
:109CB0004146204606F05DFA0123EB643CE66FF076
:109CC0000B023146204605F0FBFE35E6204606F045
:109CD000DBF930B1064B802220461A7006F081F97C
:109CE0002AE6204606F0A3F926E600BFBA0C0020BB
:109CF000B70C00204FF08053D3F83031082B02BF4F
:109D0000024B0022C3F81C2C704700BF00700240B9
:109D10002DE9F04105464FF0FF324FF0FF33384850
:109D200002F06AFD374B8022C3F884212720FEF71A
:109D300057F8A0B1344F354B3C681B68240C240401
:109D40001C434FF001088CBB314E40F2FF133B60C7
:109D50002720C6F80445FEF72FF8C6F800432D4A21
:109D600013788BB12A4B0021C3F808110121C3F8E5
:109D70000026C3F804165960D3F808110029FBD057
:109D80000021C3F808111170214B0024C3F80045CD
:109D9000FFF7B0FF1A4802F0FBFC2146284605F009
:109DA00047FFC0B16FF00400BDE8F08194FAA4F65B
:109DB000B6FA86F60F2E3346C6BFA6F11003D8B208
:109DC00043F08000030701D4FFF7C2FA08FA06F651
:109DD00024EA0604B7E78021284605F029FF002879
:109DE000E0D10D4B0D491C68204604F064FA10F1D7
:109DF000780F02D1204604F03AFA00EAE070D3E787
:109E0000BC03002000E100E0D0080020CC080020C6
:109E100000700240B50C0020840800207408002067
:109E20002DE9F04F404B414FD3F8542185B0B2B1EA
:109E30000022C3F85421D3F8042391020FD5D3F89C
:109E4000C034002B3B6814BF4FF001224FF48072E6
:109E50001343374A3B60136823F001231360324BEE
:109E6000D3F8604134B10022C3F86021D3F86C44C8
:109E7000C3F86C44D3F828214AB10022C3F8282142
:109E80002C4B187806F057F9012383401C43DFF868
:109E9000A8A09AF800509AF900102A0732D4002995
:109EA000B4BF264B264B05F00F02920013441A68EC
:109EB000002A5AD000221A602846FFF72DFA214BBB
:109EC0001A7800F0010050401870FFF713FF1E4B86
:109ED00028461A6806F02FF9C240D30706463BD43D
:109EE000002916DA882D06D10146184806F06AF9CD
:109EF0000220FFF7CDFB0E4A01231168B3400B434C
:109F000013602FE0124B134A13EA210338BF1346A4
:109F1000CDE701460D4806F055F90220FFF7B8FBE2
:109F2000013D062DE7D91DE000700240D008002059
:109F3000C8080020B70C0020B60C002008710240B1
:109F400030710240B50C0020CC080020180B002016
:109F50002C71024050710240002D40F0F0809C4B6B
:109F60000122DA649B4802F013FC94B13B689A4AE0
:109F7000DFF86882DFF8689224F001210B433B6030
:109F8000136823EA01031360A4B20126002C40F0F9
:109F9000DA808F4BD3F800214AB10022C3F80021A8
:109FA000904B1A708D4B0421186805F07DFD884B8D
:109FB000D3F858212AB30022C3F85821D3F800441B
:109FC000C3F80044E00505D5864B012208201A702D
:109FD000FFF75EFBA10505D5824B002210201A7009
:109FE000FFF756FB62050CD57E4B1A784AB100226A
:109FF0001A70774B0122C3F8082520209A65FFF7D5
:10A0000047FB734B784CD3F85C31E3B1714B9B68E1
:10A010001BB99AF800305B0615D06D4B0022C3F8CF
:10A020005C2123686C4A23F0011323603B6823F40E
:10A03000803343F001033B601368042023F00113D5
:10A040001360FFF725FB24683B681C4074D0604B0D
:10A05000D3F82C35002B6FD15E480022002302F08C
:10A06000CBFB002868D114F0012314BF93FAA3F4AA
:10A0700094FAA4F4B4FA84F40F2C88BFA4F1100865
:10A08000564B8CBF5FFA88F844F080081868414648
:10A0900005F0B3FC009005F0F3FC4FFA88FB08F0E4
:10A0A0000802BBF1000F0346019208F00F0980F28D
:10A0B0009F80009B058A5B8BC668C3F30A039D42A1
:10A0C00006F0604271D9B2F1005F1D4605D03146FD
:10A0D0004648464E1A4607F043F94FF08053012197
:10A0E000D3F83031082B02BF394B8222C3F81C2C25
:10A0F0003B68019A8AF8008001FA04F423EA040319
:10A100003B60334B002A40F0AB80BBF1000F4FF0B7
:10A11000140202FB0932A9BF09F10A0903EB890302
:10A12000C2F80067C2F80457AFBF43F82910C2F85D
:10A130000066C2F80456596005B0BDE8F08F0029EA
:10A14000BFF6EEAED7E694FAA4F5B5FA85F506FAB1
:10A1500005F345F080052946D8F8000024EA0304F9
:10A1600005F04BFC05F08CFC83462846FFF7D4F83D
:10A1700001460BF10C0004F007FABBF81030002B7D
:10A180007FF404AF584605F086FC18B1584605F038
:10A1900086FCFBE6284605F0CEFF0146484606F061
:10A1A00011F80220FFF774FAF0E6009205F073FC54
:10A1B000009AB2F1005F034607D0009031460B4889
:10A1C0000A4E2A4607F0CCF8009B002B3BD084E7D0
:10A1D00000700240BC030020C8080020D408002002
:10A1E000180B0020B80C0020CC08002088080020A4
:10A1F00008F00801224A71B3D2F8C02412F4803F5B
:10A2000018BF0022198A53F80C6F039218460E44A7
:10A21000029304F0C1F9039A029B904228BF1046B2
:10A2200001460546184604F087F9009B039A598BAE
:10A23000029BC1F30A01914205D1184604F0ACF922
:10A2400000287FF44AAF0F4901220B68A24023EA9D
:10A2500002030B6041E709F5947152F82120D1E720
:10A26000BBF1000FB5BFC3F8A066C3F8A067C3F881
:10A27000A456C3F8A457B4BF596299645CE700BF01
:10A2800000700240CC080020EFF31183202282F3FB
:10A290001288BFF36F8F174A12781AB3164AD2F892
:10A2A0002C15F9B10021C2F82C154FF08052D2F8CC
:10A2B0003021082A05D083F31188BFF36F8F002067
:10A2C00070470E4AD2F8000CC02140B949F27530EF
:10A2D000C2F8000CC2F8141CC2F8000CEBE7C2F87C
:10A2E000141CE8E783F31188BFF36F8F6FF00A0047
:10A2F000704700BFB80C00200070024000E006402C
:10A3000013B50022009211464023044605F035FCA7
:10A31000024618B16FF0040002B010BD0090402357
:10A320008021204605F029FC0028F3D15349012360
:10A330008B60534B4860C860186803F041FF0028E9
:10A34000EADBEFF31184202383F31288BFF36F8FCE
:10A350004C4B4FF40062C3F80024FEF7C9FF08B16C
:10A36000FFF74CF84FF08053D3F83031082B18D159
:10A37000EFF31180202383F31288BFF36F8F424BDA
:10A38000D3F8001CC022002971D149F27531C3F8FD
:10A39000001CC3F8142CC3F8001C80F31188BFF311
:10A3A0006F8F384B0122C3F80025D3F80024120523
:10A3B000FBD54FF40062C3F800244FF08053D3F86C
:10A3C0003031082B17D1EFF31180202383F312884B
:10A3D000BFF36F8F2C4BD3F8001C00294AD149F2F0
:10A3E0007532C3F8002CC3F8141CC3F8002C80F39A
:10A3F0001188BFF36F8FFEF77BFF30B1FFF71CF8BA
:10A40000FEF776FF08B1FEF7F9FF4FF08053D3F85F
:10A410003031082B1B4B0AD140F2E372C3F80028FD
:10A420004022C3F80428BFF36F8FBFF34F8F802201
:10A43000C3F81C250122C3F83025144B40F2FF124B
:10A440001A60134B00211960124B1960124B1970DE
:10A45000FFF750FC114B1970FEF74AFF08B1FEF7E9
:10A46000EBFF84F31188BFF36F8F002054E7C3F82C
:10A47000142C92E70022C3F8142CB8E774080020CB
:10A48000840800200070024000E00640D008002050
:10A49000CC080020C8080020B50C0020B70C002014
:10A4A000084B70B5C31A0D4607499B100446594323
:10A4B0000648402205F0A2FE2B4601462046BDE894
:10A4C00070401847340B0020B76DDBB6F014030062
:10A4D00073B50C4C0C4A4023041B00930D460B46ED
:10A4E0000A49A41061430646094805F0B3FE011E5F
:10A4F00005DA30462B4602B0BDE87040184702B07E
:10A5000070BD00BF340B0020BF020300B76DDBB687
:10A51000F014030010B5EFF31184202383F31288A5
:10A52000BFF36F8F074A136823F00201DB07116046
:10A5300002D4012006F039FA84F31188BFF36F8F3B
:10A5400010BD00BF840B0020002270B5012104461D
:10A550001046FDF753FC0F4801F088F80E4B984267
:10A5600015D101F093F826690C49304603F015FE29
:10A5700000280BDB012535642469084904F11C001F
:10A5800003F00BFE002801DBE564002070BD6FF0D6
:10A590000400FBE799A602000000AD0B3819030088
:10A5A0001FB500220123CDE90223094ACDF800D0CE
:10A5B0006B46CDF804D005F07BFE002805DB4FF498
:10A5C00080420023684602F017F905B05DF804FBED
:10A5D000DD02030030B4104B0C2202FB00330146B5
:10A5E0000020D3E90E529863EFF31180202484F306
:10A5F0001288BFF36F8F1C6C04F0C00444F0020497
:10A600001C6480F31188BFF36F8F1DB12B46034884
:10A6100030BC184730BC7047340B0020F0140300E6
:10A6200010B4EFF31182202383F31288BFF36F8FEE
:10A630001748016841F002040460C80707D482F398
:10A640001188BFF36F8F012010BC01F037B84FF0B5
:10A650008041D1F80C04D1F80C14C907EFD5EFF301
:10A66000118083F31288BFF36F8F0A490B6C03F0DC
:10A67000C00343F002030B6480F31188BFF36F8FB4
:10A6800082F31188BFF36F8F002010BCFFF7A2BFC9
:10A69000840B0020340B002010B1012804D0704737
:10A6A000034B1B6C5B0701D1FFF794BF704700BFE2
:10A6B000340B0020024AC3B21C2003FB0020704769
:10A6C000340B00202DE9F0413849BFF35B8F07467A
:10A6D000012251E8003F41E800200028F9D1BFF3F2
:10A6E0005B8F33B9324933484B60CB608A6003F0EB
:10A6F00067FD7B1E012B2BD8012F07D14FF0804324
:10A70000D3F81C3403F00303012B21D006F021FC05
:10A710000546F8B9284B1B78E3B14FF0804302227D
:10A72000C3F808230646DFF894804FF08044D4F83D
:10A730001824D4F81834D20315D503F00303012BE1
:10A7400001D0012F0FD155B386F31188BFF36F8F5E
:10A75000BDE8F081EFF31186202383F31288BFF365
:10A760006F8F0125DFE7ADB1304603F099FED4F8D5
:10A770001835002BDBD1D4F80421002AD7D0C4F837
:10A780000431D4F804310123C4F81835C8F88031F5
:10A79000A360CCE70021212006F081FCE7E74FF021
:10A7A00080430222C3F80423D2E700BF300B00200D
:10A7B000200B0020500B0020E00C002000E100E006
:10A7C00008B5074806F0B0F938B10648FDF72CFD8A
:10A7D0000448FCF749FE002008BD6FF01200FBE7BB
:10A7E00050150300E9A702000A2838B5074D0446B2
:10A7F00004D1AB680D215B6828469847AB680348D5
:10A800005B68E1B29847204638BD00BF5015030091
:10A81000F0B516464268107B01F01F0444EA40146C
:10A82000106987B0002872D0B6F5001F02F110053C
:10A8300006D12146284606F038F9002007B0F0BDC1
:10A8400001A80027B6F5800F0197476039D1B3F111
:10A85000007F14BF052304238DF804300023CDE9C5
:10A8600004030393936823FA01F111F001010DF140
:10A8700003073ED1B6F1A07F3BD104F01F0362096C
:10A8800003F5E07328D0012A47D1254A52F8233036
:10A89000DB072ED43A462146284601F0F9F9214B30
:10A8A00098421CD0029703AA2146284601F0B0F82E
:10A8B0001D4B98422ED101222146284601F040FA34
:10A8C000BBE7B3F1C06F05D0B3F1007F14BF012324
:10A8D0000223C1E70323BFE74FF0A042D6E7394682
:10A8E000284601F025FA104B9842DBD06FF00B00A0
:10A8F000A4E73A462146284601F0CAF90A4B984295
:10A90000D1D19DF80310284601F00AFACBE76FF089
:10A91000850093E76FF0150090E751F82330FFDED4
:10A92000000300500400AD0B0000AD0B420970B5F0
:10A93000034602D0012A17D070BD0D4E326951680E
:10A940000029F9D003F01F0301250C689D40002960
:10A95000F2D08A682A4002D04B68304698472CB122
:10A96000236821461C46F2E7024EE7E72346F8E754
:10A97000301503001015030038B545682B69B3B1D5
:10A980001035284601F0C2F9044680B90146284630
:10A9900001F098F9084B98420BD108492246284605
:10A9A00001F070F9224605210620FDF727FA002064
:10A9B00038BD6FF00400FBE70000AD0B2DA90200CD
:10A9C0002DE9F043466840F20635D006337B87B068
:10A9D00002EA050554BFC2F34010032001F01F072F
:10A9E000B5F5837F144647EA43178DF8030045D039
:10A9F0000FD8062D18D007D8B5B1022D40D06FF072
:10AA0000150007B0BDE8F083B5F5807FF7D10125CB
:10AA10000AE040F20222954234D0B5F5407F33D0AF
:10AA2000B5F5007FEBD102250123220303FA01F1E2
:10AA30002CD57368C3F80815326982BB07F01F0371
:10AA40007F0929D0012F77D13E4A02EB830284F49B
:10AA50008033D2F80017C3F30043C4F3404444EA00
:10AA6000430421F4E16144EA800421F0070144EA4F
:10AA700005230B43C2F800370020C2E70725D3E7C0
:10AA80000425D1E70525CFE70325CDE7630344BFC0
:10AA90007368C3F80C15CFE74FF0A042D5E7103626
:10AAA0000DF102023946304601F0F2F814F4403F4D
:10AAB00080460CD13946304605F0F5FF224B9845CB
:10AAC000DAD19DF80210304601F02AF9D4E701AB43
:10AAD0004FF0000903AA39463046CDE90439CDE9E3
:10AAE0000199CDF80C9000F093FF174B984286D156
:10AAF00014F4003315D09DF803308DF80E3084F433
:10AB00008034C4F300444B4603AA394630468DF8DE
:10AB10000C508DF80D4001F037F80B4B9842CDD01A
:10AB20006DE7CDE9043303AA0DF10303394630463E
:10AB3000039300F06DFFF0E703F5E07352F8233064
:10AB4000FFDE00BF000300500000AD0B036803F000
:10AB50001F025B09026004D0012B034818BF0020CC
:10AB600070474FF0A0407047000300502DE9F04FB0
:10AB7000DFF89491DFF894A185B01546834600EB89
:10AB8000810140F2FF18594503D1002005B0BDE80E
:10AB9000F08FDBF800305E04C3F3C322C3F3080474
:10ABA00000F1AC801B0E19F80270444508BF4FF04D
:10ABB000FF34222B00F2A580DFE803F012191F22D8
:10ABC000252B22A3A3A3A33B68A3A3A3A3A3A3A36F
:10ABD000A3A36B818487A3A3A38A9194979A9D00D2
:10ABE000C5F80C45601C5ED10BF1040BCBE7C5F832
:10ABF0001445621CF8D000265FE0C5F80845F1E76F
:10AC0000C5F81045F5E7631CC5F80845ECD00026EB
:10AC100004E0661CC5F80C45E6D0012603A80394A1
:10AC2000FFF794FF039B012202FA03F3C0F80C35EF
:10AC300008E0C5F80845002FDBD1631CD4D00026FE
:10AC400032460627DBF80030019303F40040002869
:10AC500018BF002203A8009218BF01260394FFF733
:10AC600075FF039C019B009A00EB8400C3F3412C09
:10AC7000D0F800473B0243EA8C03134304EA0A047A
:10AC8000234343EA4603C0F80037ADE7C5F80C4557
:10AC9000D1E7C5F86045601CDBF80030A4D0C3F3F1
:10ACA0000043002BB9D003A80394FFF74FFF039B89
:10ACB000012606FA03F3C0F808353246C2E7C5F8A4
:10ACC0006445E8E7C5F86845E5E7C5F86C45E2E79F
:10ACD000C5F82445621C87D000220126B2E7C5F8DA
:10ACE00028457FE7C5F83045F4E7C5F83445F1E776
:10ACF000C5F83845EEE7C5F83C4573E76FF0150039
:10AD000044E76FF0850041E7571F0300F0F8FCFFB0
:10AD100038B570B1074C084A4FF400450021E0FBFC
:10AD2000054100232046FCF7EBF9BDE8384006F06A
:10AD3000B6B938BD3F420F0040420F002DE9F04147
:10AD4000044647680D4606F004F988B14FF0200824
:10AD5000EFF31186314688F31288BFF36F8F606876
:10AD600005F059FD50BB86F31188BFF36F8FEFE7F5
:10AD70001F4B1B78002BE9D04FF020086426606839
:10AD800005F049FD70B9012005F001FE013EF6D144
:10AD90000021212006F083F9F0E786F31188BFF344
:10ADA0006F8FF5E7EFF31186314688F31288BFF312
:10ADB0006F8F606805F02FFD0028EED0BB691D7015
:10ADC0006368BA691B680020C3F844250122C3F8F0
:10ADD0004825C3F82001D3F82041C3F85801D3F81F
:10ADE00058019A6081F31188BFF36F8FBDE8F0813D
:10ADF000E00C0020F8B50022054601210220FCF7F6
:10AE0000FDFF0220FCF7CAFF6C680121E06805F035
:10AE100056FD6B681A682369C2F82435617D237D6D
:10AE20000B43A17D0B43C2F86C356E68D6E9004335
:10AE300013F001033CD02F6907F10C0005F0B3FDBE
:10AE40002A4B98424ED1387B04F10C0204F59071E4
:10AE500005F09FFD387B012707FA00F000F09EFB0C
:10AE60000823C4F80035B369C4F844350023C4F896
:10AE70004835A760D4F85831002BFBD00021C4F826
:10AE800000156D682C68E86805F019FD0823C4F802
:10AE900000352A7A52B9EB69C4F834350123C4F875
:10AEA0003835C4F81021D4F8102123600020F8BDF3
:10AEB0000822C4F80025B269C4F84425C4F848350E
:10AEC0000123A360D4F82031002BFBD00023C4F869
:10AED0002031D4F820310123E3604FF48073C4F8AB
:10AEE0000433C7E76FF00400E1E700BF0000AD0BDB
:10AEF00070B5012383400E4ABFF35B8FDC4352E8F9
:10AF0000001F01EA040542E80056002EF7D1BFF306
:10AF10005B8F4FF4803282400648C0F80823BFF3AD
:10AF20005F8FBFF36F8F0B4214BF0120002070BDF5
:10AF3000D40B00200010014070B40E49D1E9003458
:10AF4000D01AC31844F1000422F07F46C1E900344E
:10AF5000A6F50013B3F5400F09D2074B1B681A0A78
:10AF60001B069C19054B42F10005C3E9004570BC66
:10AF700002F05ABBB8050020D80B0020C005002005
:10AF800011B3BFF35B8F0123104A834052E800CF17
:10AF90004CEA030C42E800C10029F7D1BFF35B8FF4
:10AFA0000B4A4FF480338340C2F80433094BBFF39C
:10AFB0005B8F1B68BFF35B8FC340DB0742BF064B51
:10AFC0004FF40032C3F80021704700BFD40B0020BB
:10AFD00000100140D00B002000E100E00D4B18688C
:10AFE000010A0006BFF35F8F0B4BD3F80435181826
:10AFF00041F10001B3F5801F0AD2084BD3E90023C9
:10B00000904271EB030303D210F1807041F1000113
:10B01000704700BFD80B002000100140C005002081
:10B020002DE9F04F85B016461F469DF840A0044616
:10B03000FFF75EFF0190FFF7D1FFB04271EB07030E
:10B0400054D23E4B301A67EB0101984271F1000176
:10B050004FD23B4B03EB0413D3E902239F4208BFBB
:10B0600096425ED037494FF4803804F1500508FA13
:10B0700004F8AD00C1F848832046ADB205F07AFC73
:10B0800026F07F4B05F1804504F5A87305F588355A
:10B09000DC464FF003090293029A2CF07F4341F8FB
:10B0A0002230C1F84483D1F80435274A6FF00200FA
:10B0B000C01A604420F07F40904232D9286868B1BD
:10B0C000D1F804350393A3EB0B0020F07F40B0F5DB
:10B0D000000F26D9204605F04DFC039BBAF1000F66
:10B0E00007D109EB030C09F10109D5E7BAF1000F0B
:10B0F00009D06FF0150520460199FFF741FF28465A
:10B1000005B0BDE8F08F0123104ABFF35B8FA34069
:10B1100052E8000F184342E800010029F8D1BFF3BC
:10B120005B8F07490E98230101EB0412C8500F9B57
:10B130005360C2E902670025DDE700BF010080001F
:10B14000A805002000100140FDFF7F00D00B00206B
:10B150007FB51C4C1C4BC4F80833C4F848331B4B58
:10B1600000254FF0FF304FF0FF31C4F80855C3E918
:10B1700002014FF48033C4F80433154B02264FF418
:10B1800000320121C4F804631120C3F880212A464B
:10B19000FCF734FE1120FCF701FE0E4A0123A360E8
:10B1A000236013600C4B0D4A0093CDE90155002339
:10B1B0002846FFF735FF3046FFF784FA284604B0EB
:10B1C00070BD00BF0010014003000F00A805002063
:10B1D00000E100E0D40B002039AF0200FFFF7F0048
:10B1E0002DE9F7432F4CD4F8043399070BD5D4F845
:10B1F000043143B12C4A0023C4F80431D4F804319B
:10B20000136801331360D4F80433DA0329D5BFF38C
:10B210005B8F264B53E8002F22F0010143E800101A
:10B220000028F7D1BFF35B8FD30702D4D4F84031A5
:10B23000BBB10025C4F84051D4F84031FFF7CEFE31
:10B24000EFF31182202383F31288BFF36F8F184B23
:10B25000D3E90267B042B94106D282F31188BFF345
:10B260006F8F03B0BDE8F0834FF0FF384FF0FF3928
:10B27000C3E90289D3E900101D604FF48033C4F89C
:10B280004833C4F84051D4F8403182F31188BFF3F9
:10B290006F8F0029E5D0009032463B46284688470C
:10B2A000DFE700BF00100140D80B0020D00B0020CA
:10B2B000A805002030B5431C124C85B005D084424F
:10B2C000A8BF0446012CB8BF0124FFF787FE0E4B30
:10B2D0000C4DD3E90013401AB0F5000F10D222181C
:10B2E000AA4228BF2A4652184FF000000749009191
:10B2F000CDE9010043F10003FFF792FE05B030BD38
:10B300002A46F0E7FFFF7F00B805002039AF0200B2
:10B3100008B5FFF763FE024B1B68C01A08BD00BFEB
:10B32000B80500204FF08053D3F83021082A06D109
:10B33000D3F83431052B02D8024AD05C7047002084
:10B34000704700BF981F0300024AD2F80034002B58
:10B35000FBD0704700E0014010B54FF08053D3F8A8
:10B360003021082A4ED14FF080420021C2F80C1142
:10B37000C2F81011C2F8381502F54042D3F804148F
:10B38000C2F82015D3F80814C2F82415D3F80C1409
:10B39000C2F82815D3F81014C2F82C15D3F81414D9
:10B3A000C2F83015D3F81814C2F83415D3F81C14A9
:10B3B000C2F84015D3F82014C2F84415D3F8241469
:10B3C000C2F84815D3F82814C2F84C15D3F82C1439
:10B3D000C2F85015D3F83014C2F85415D3F8341409
:10B3E000C2F86015D3F83814C2F86415D3F83C14C9
:10B3F000C2F86815D3F84014C2F86C15D3F8443479
:10B40000C2F87035FFF78EFF18B13A4B3A4AC3F8CD
:10B410008C26FFF787FF18B1384BFB22C3F818259D
:10B42000FFF780FF70B14FF080414FF08053D1F8AB
:10B43000E42ED3F8583222F00F0203F00F03134327
:10B44000C1F8E43EFFF76EFF20B12D4B4FF40072C0
:10B45000C3F840264FF08053D3F83031082B1AD16F
:10B460004FF08043D3F80024D20744BF6FF00102AD
:10B47000C3F800244FF08053D3F83431052B02D8A1
:10B48000204AD35C3BB14FF01023D3F808224FF091
:10B490008043C3F858254FF01023D3F80022002A28
:10B4A00003DBD3F80432002B22DA174901234FF0D3
:10B4B0001020C1F804351224FFF746FFC0F80042FF
:10B4C000FFF742FFC0F80442FFF73EFF0023C1F838
:10B4D0000435FFF739FFBFF34F8F0C490C4BCA6897
:10B4E00002F4E0621343CB60BFF34F8F00BFFDE770
:10B4F00010BD00BF005000404881030000F0004034
:10B5000000900240921F030000E0014000ED00E0C7
:10B510000400FA0530B50468CCB1BFF35B8FB4FA10
:10B5200084F3C3F11F03DBB201229A4024EA020232
:10B5300050E8005FA54204D140E8002CBCF1000FA8
:10B54000F6D1BFF35B8FE6D102480B7030BD0248E5
:10B55000FCE700BF0000AD0B0200AD0B10B50368A7
:10B56000CB40DB0714D401238B400268BFF35B8F11
:10B5700043EA020150E8004F944204D140E8001C25
:10B58000BCF1000FF6D1BFF35B8FEED1014810BDC7
:10B590000148FCE70000AD0B0400AD0B014BC3F804
:10B5A0000405704700F00140F7B50546F8B10128E1
:10B5B0001BD104224FF4807301464FF080400344B6
:10B5C0000244C0F808130026012111601E608D425C
:10B5D0001B688DF8071008BF0DF1070642F21074C2
:10B5E0004FF0804745B1012D29D003B0F0BD0C22AA
:10B5F0004FF482730221E0E7D7F8183403F4803364
:10B6000066B9002BF1D0012005F0C1F9013CF3D15E
:10B61000EBE705F0BCF9013CE4D1E6E7D7F81824E4
:10B6200002F003023260002BDFD09DF807000128F2
:10B63000EFD0012DD9D10C4B00225A71D5E7D7F8A4
:10B640000C3403F480333EB9002BF4D0012005F014
:10B650009EF9013CF3D1C8E7D7F80C2402F00102AF
:10B660003270002BE1D1E6E7DC0B0020044B1A79A5
:10B6700022B9012218609A80024870470248704738
:10B68000DC0B00200000AD0B0C00AD0B08B5094B26
:10B690001B682BB10020FCF7A3FB08B9FCF77EFB6D
:10B6A0004FF080430022C3F81825034B01221A7083
:10B6B00008BD00BFDC0B0020DE0C002010B510B16F
:10B6C000012843D010BD4FF08043D3F81814D3F8AD
:10B6D0001824C80321D502F00303012B04D013B1B1
:10B6E0000020FFF761FF00234FF080420220C2F8E4
:10B6F000183508224FF4827303F18043002119604A
:10B7000002F180421C6801241460154A12680AB3D1
:10B710004FF08043C3F80403D4E7D3F81424D107CF
:10B72000E1D5D3F81C249207DAD40D4A12681AB175
:10B730000222C3F80423C5E7D3F80421002AFBD072
:10B740000022C3F80421D3F80431BBE700224FF4F0
:10B750008073D1E71A68002AFCD019601B68B1E732
:10B76000DC0B0020F8B54FF080431C4ED3F80443A7
:10B770000125002704B9F8BDB4FA84F0C0F11F0018
:10B78000830003F580739BB203F1804305FA00F256
:10B79000196892B224EA02040029EBD01F601B68EA
:10B7A0004FF08043012AC3F8082305D0022A08D0AD
:10B7B0003368C0B29847DDE77379002BDAD1727134
:10B7C000F6E7D3F81814D3F818148907F0D1C3F8A2
:10B7D0001855C3F804239D60CCE700BFDC0B0020A4
:10B7E000036803F01F025B09026004D0012B0348C9
:10B7F00018BF002070474FF0A04070470003005072
:10B80000034A430900F01F00D35C1844C0B27047DC
:10B810009E1F030070B50546FFF7F2FF0C4C083081
:10B820000E4634F81030DA0508D5C3F3432304EB91
:10B83000C302284654F8333052689847A3682BB1A6
:10B84000E26831462846BDE87040184770BD00BF29
:10B85000E40B002008B5FFF7D3FF034B083033F8A3
:10B860001000400B08BD00BFE40B002008B5FFF737
:10B87000C7FF034B083033F81000C0F3400008BD89
:10B88000E40B002008B5FFF7BBFF034B083033F88B
:10B890001000C0F3401008BDE40B0020034611F077
:10B8A000010010B5CCB20DD1A207C4F3400012D5EF
:10B8B000094AD2F820055860C2F82005003818BFA0
:10B8C000012008E04FF0A041D1F820251A60C1F80E
:10B8D0002025002AE8D010BD0003005010B5FFF766
:10B8E0008FFF124A083032F81030D9051CD5C3F347
:10B8F000432123F4F85322F8103002F10E04002003
:10B9000034F8023F13F4807F03D0C3F343239942FA
:10B910000AD001303028F3D1002342F831300448F6
:10B92000BDE81040FFF71ABE10BD00BFE40B0020B9
:10B930005C0C002001F18051F0B501F5C2510446C4
:10B94000114A00208900012506468A420BD10F4B7F
:10B95000D3F87C2132B10022C3F87C21D3F87C31AA
:10B9600040F00040F0BD02F14043A3F5C2439B0804
:10B9700005FA03F31C4204D0176817B11660176864
:10B9800018430432E1E700BF00610040006000405E
:10B99000F7B506460846FFF733FF194F00F10805D3
:10B9A0000C4637F81530DB0727D5304605F057F839
:10B9B0002046FFF767FF40B12046FFF74BFF316895
:10B9C00000F5A270002341F820302046FFF786FFE3
:10B9D000002301A827F815300194FFF701FF019B10
:10B9E00000EB8300074BD0F80027134043F002031D
:10B9F000C0F80037044803B0F0BD0448FBE700BFBF
:10BA0000E40B0020F0F8FCFF0000AD0B0400AD0BD0
:10BA10002DE9FF41164680460846FFF7F1FE0C4629
:10BA20003168054609B32046FFF720FF18B12046CC
:10BA3000FFF728FF10BB0023CDE900338DF80E304F
:10BA40008DF80F300DF10F020B4620460DF10E015F
:10BA500004F0ADFF484A05F1080132F8113023F037
:10BA6000020343F0010322F8113073685BB32046F0
:10BA70001F785968FFF7FAFE10B1C9B13F4825E0B9
:10BA80003D4A05F1080C32F81C3023F02003DB049A
:10BA9000DB0C22F81C3059B1032FEFD87168D8F8AD
:10BAA000000049680978A7B901F5A27140F8217032
:10BAB000314A05F1080132F8113023F01C0343EA42
:10BAC000870322F81130B3686BBB2D4804B0BDE882
:10BAD000F08100EB810043EA4133D0F810E52EF00D
:10BAE000030EC0F810E5D8F8000000EB810E43F01B
:10BAF0002003DEF8100522F81C3020F44F3020F42B
:10BB00004070CEF810052002DEF8108500F47C505D
:10BB100040EA074040EA0800CEF8100502EB410079
:10BB2000A0F87C40C4E7D3E900672046FFF7D6FEC3
:10BB3000002ECAD0104CD4E90023964203D19F4274
:10BB400001D1002209E00F480DF10F01FFF7E2FCDF
:10BB50000B4B9842BAD19DF80F2044F8326004EBA9
:10BB6000C20308355F6034F8153043EA422343F4DA
:10BB7000807324F81530A8E7E40B00200400AD0B17
:10BB80000000AD0B5C0C00202DE9F0430C4685B0A5
:10BB90008046204611461E46FFF732FE054629B371
:10BBA0002046FFF763FE18B92046FFF76BFE18BB6F
:10BBB000314F05F1080937F8193013F01C0F02D086
:10BBC0004B78012B18D001238DF80F300023CDE9DD
:10BBD00000134A1C8B1C20460DF10F0104F0E7FEF8
:10BBE00037F8193043F0030327F81930002E41D0FD
:10BBF0002046FFF73BFE18B9204805B0BDE8F083AA
:10BC000096F800C0D8F800301B4F0CF5A272002146
:10BC100043F8221005F1080237F8121021F0200134
:10BC2000C904C90C27F8121075781DB3D8F80000A4
:10BC3000B67800EB8C002D04D0F8103523F499135E
:10BC400023F4F853C0F81035230203F47C5305F4B1
:10BC500040353605D0F810E52B4306F4801641EA4E
:10BC60004C31334341F0200143EA0E0327F8121010
:10BC7000C0F810350248C0E7E40B00200400AD0B0B
:10BC80000000AD0B014BC3E902127047E40B00202A
:10BC900010B508461446FFF7F5FD50B10846FFF70A
:10BCA000AFFD054B083033F8103004485B0B2370B0
:10BCB00010BD0348FCE700BFE40B00200000AD0B03
:10BCC0000400AD0B70B50E4C94F88C500646A5B927
:10BCD0006022294604F1100005F050FB3068C0F8DE
:10BCE0007C51D0F87C3140F30730FCF757F8012342
:10BCF000044884F88C30A36770BD0348FCE700BF9C
:10BD0000E40B00200000AD0B0C00AD0B034B93F8CF
:10BD10008C00003818BF0120704700BFE40B0020E2
:10BD20000079024B03EB8000FFF718BCE002002013
:10BD30000079024B03EB8000FFF7ECBBE002002030
:10BD4000F7B5054608461646FFF79CFD0C462968E0
:10BD5000F0B12046FFF78AFD0746C8B92046FFF735
:10BD600079FD04B2A40004F580728F508A582968C6
:10BD70002144D1F8102542F00102C1F810252EB15E
:10BD80002968012202FA00F3C1F8043303B0F0BDC0
:10BD9000D1F80433002BA4BF4FF00043C1F80433A3
:10BDA0002046FFF72DFD0F4B083033F81030C3F35A
:10BDB0008203042B12D0052B12D001A80194FFF7A7
:10BDC0000FFD019AD0F81035D34003F00103991C00
:10BDD000204603B0BDE8F04004F032BE0321F7E78F
:10BDE0000221F5E7E40B00202DE9F04F654BD3F875
:10BDF0000403C0B287B0082140F00040FFF79AFD6D
:10BE0000051E2BDA0023032104A8CDE90433FFF734
:10BE100045FDDFF874A10DF110084FF000094FF057
:10BE2000010B1AF8013B5949DA0803F007038A5C51
:10BE300022FA03F3DA071CD408F10408B9F1000F61
:10BE400014D000214FF00040FFF774FD032104A837
:10BE5000FFF724FD0028DCD125F00045494E4C4F6A
:10BE60000124002D78D107B0BDE8F08F4FF0010913
:10BE7000D7E7484B4B440093D8F800100029DBD09B
:10BE8000009B91FAA1F11C78B1FA81F141EA4414C6
:10BE90002046FFF7B5FC3E4B0394083033F8107092
:10BEA000C80801F0070118F800200BFA01F122EA96
:10BEB0000102BB0808F8002003A80193FFF790FCDB
:10BEC000039A019B02F5E072C7F3820650F8222024
:10BED0005B073746C2F3014223D520463946D6B226
:10BEE000FFF798FC03A80394FFF77AFC039B03F584
:10BEF000E07350F82330C3F301439E4207D1002181
:10BF0000204604F09DFD3146204604F099FD03A82B
:10BF10000394FFF765FC039B0BFA03F3C0F820358D
:10BF2000AAE7022A0CD10321204604F089FD06F07D
:10BF30000503012BEBD139462046FFF76BFCE6E702
:10BF400002212046019204F07BFD032EF3D0019ADA
:10BF5000032ADCD1022EEDE795FAA5F3B3FA83F3B9
:10BF600004FA03F225EA020503F5A27207EB430384
:10BF700056F82210B3F87C00C1F30141FFF74AFCE8
:10BF80006FE700BF00600040AE1F0300341A0300DB
:10BF9000E40B0020AE1F030010B5184C237853BBF0
:10BFA0000278C2F34003920712D54FF08053D3F8C2
:10BFB0003021082A0BD1D3F83431052B07D8104A89
:10BFC000D35C23B14FF080430122C3F8382601230C
:10BFD0004FF08042C2F88035037803F00103C2F8C5
:10BFE00078350020FBF7FCFE08B9FBF7D7FE0123EC
:10BFF0000448237010BD0448FCE700BFDF0C00209C
:10C00000B01F03000000AD0B0C00AD0B4FF08043E0
:10C010004FF46072C3F80823014B00221A60704786
:10C02000740C002008B5FFF7F1FF03680BB1014A5B
:10C03000136008BD740C002010B54FF08043D3F896
:10C040000443620707D54FF4847004F030FD10B14B
:10C050001E4B1B689847A30608D54FF48A7004F05E
:10C0600026FD18B11A4B00201B689847600608D5BA
:10C070004FF48C7004F01BFD18B1154B01201B68A8
:10C080009847210608D54FF48E7004F010FD18B1C2
:10C09000104B00201B689847E20508D54FF49070BC
:10C0A00004F005FD18B10B4B01201B689847A30550
:10C0B0000AD54FF4927004F0FAFC28B1054BBDE8A4
:10C0C00010401B680220184710BD00BF7C0C0020E8
:10C0D000780C0020740C002001460148FFF71ABAC2
:10C0E000E402002038B5EFF31185202383F3128892
:10C0F000BFF36F8F064B9C6804F029FD85F3118810
:10C10000BFF36F8F2046BDE83840FBF7EDBD00BFA1
:10C11000800C002038B50A4B53F82040013053F80A
:10C120002050A54200D838BD606830B1037FDB07DE
:10C1300001D404F0E1FC0834F3E723689847FAE7F8
:10C14000381A030070B52A4B2A4C2B4D012286B0B9
:10C1500003201A70FFF7DEFF01F042FB0420FFF717
:10C16000D9FF2646AE4204F1300410D300F06CFF34
:10C17000204C224EAC4226D300F07AFFFBF734F974
:10C180001F4A137B23F00103137306B070BD54F8EC
:10C190000C3C059354F8103C049354F8143C03935E
:10C1A00054F8183C029354F81C3C019354F8203C7A
:10C1B000009354E90A2354E90C0100F029FD54F8D6
:10C1C000303C5E65CDE7D4E90A23B3F1FF3F08BFF9
:10C1D000B2F1FF3F05D052EA0301206803D101F01C
:10C1E00003F83034C6E73146183001F08DF9F8E72E
:10C1F000E00C002070170300701703005F100300AD
:10C200005806002070B5164E164D1749902386B07B
:10C2100003FB006601220023CDE904230F22CDE9B0
:10C2200002320193142303FB005504464FF4C070FF
:10C2300000FB04110D4B00954FF4A072304600F046
:10C24000E7FC737B0A4AEE6023F0040373734FF438
:10C25000046304FB033313442C746B6006B070BD9D
:10C26000C8050020800C0020C01B0020C50C030066
:10C2700080130020BFB50020FFF74CFF284B83F34D
:10C280000888284C284F636943F4007363610025D4
:10C29000E02384F82230E57725766576A57684F864
:10C2A0002050636A43F4E023636284F82350FBF771
:10C2B000E9FCFBF737FE4FF0FF33A362E362FBF7C5
:10C2C000F7FEFBF753FE1948194C00F01BFD012047
:10C2D000FFF720FF0220FFF71DFF00F0FDFE154BCA
:10C2E00015495C61154B05930123CDE903534FF4C8
:10C2F00080623B46CDE901550095204600F088FC60
:10C30000627B064622F004022046627304F064FE5B
:10C310002846FFF777FF3A4631462046FBF7E2FD15
:10C32000C01B002000ED00E045C10200E80600202F
:10C3300058060020800C0020401D0020B61F03007E
:10C3400038B5064C064DAC4201D3002038BDD4E9C7
:10C350000112204604F040FC1434F4E7800300206E
:10C360009403002030B585B0DDE90845034B029306
:10C37000CDE9004504F0EEFB05B030BD51DF020011
:10C3800038B5064C064D0020AC4200D338BD2046DF
:10C3900004F046FC0028F9DB1C34F5E764030020B8
:10C3A0008003002073B50C46EFF31181202585F33F
:10C3B0001288BFF36F8FC5685DB125602B68C360BD
:10C3C000836901338361002081F31188BFF36F8F8C
:10C3D00011E052EA030603D125606FF00B00F3E78A
:10C3E000CDE900230246083000F074FD18B9034B74
:10C3F0009B681B69236002B070BD00BF800C0020E9
:10C400002DE9F34104460E469DF8200004F108088A
:10C41000EFF31187202181F31288BFF36F8F256A14
:10C42000E1688D4242D22568AC421AD0CDB128468F
:10C4300004F053FC05F1180004F0AEFEA268286970
:10C440003146002404F08CFF2846C5F8884004F0EB
:10C45000C3FD4046394600F0D1FD204602B0BDE89C
:10C46000F081A268A8B1E069314604F079FFE36980
:10C47000A26813446269E361934201D12369E361D5
:10C48000236A01332362002087F31188BFF36F8F83
:10C49000E4E7A1692369994204BF6369A361A069C4
:10C4A000801AA061314604F05BFFE9E752EA03011C
:10C4B0000AD00749896840460E61CDE90023394614
:10C4C000224600F007FDC9E76FF02200DCE700BF5D
:10C4D000800C0020F7B5044604F108070846EFF386
:10C4E0001186202181F31288BFF36F8F216A002902
:10C4F0003AD0A268A16904F033FFA369A268256855
:10C5000013446269A361934204BF2369A361236A50
:10C51000AC4203F1FF33236234D02846002D32D0E1
:10C5200004F0DBFB05F1180004F036FEA26829696F
:10C53000E06904F015FFE369A26813446269E361EE
:10C54000934204BF2369E361236A01332362002419
:10C550002846C5F8884004F03FFD3846314600F0D3
:10C560004DFD204603B0F0BD52EA030110D00A4948
:10C5700089680861CDE9002331462246384600F03B
:10C58000A9FCEFE7002086F31188BFF36F8FE9E77E
:10C590006FF02200F7E700BF800C00202DE9F34187
:10C5A000044617461E46EFF31188202383F31288B2
:10C5B000BFF36F8FC368334A7BB18068916888424C
:10C5C00019D057EA060318D188F31188BFF36F8F8B
:10C5D0006FF00F0002B0BDE8F081916891F90E1084
:10C5E00021610133E3609368A36088F31188BFF38E
:10C5F0006F8F0020EEE72169F2E791F90E1090F9B4
:10C600000E309942A8BF19466FF07E029142B8BF22
:10C6100011468B422DDD04F074FB0546CDE9007612
:10C6200019482246414600F055FC0028E1D0EFF3BE
:10C630001186202383F31288BFF36F8FA068D0B1D7
:10C64000236821699C420AD04BB193F90E3099427C
:10C65000A8BF19466FF07E039942B8BF194604F08F
:10C6600050FB40B10848314600F0C8FC6FF00A00AA
:10C67000B0E70025D2E7002DF4D186F31188BFF38F
:10C680006F8FF3E7800C0020E10C0020F8B5836881
:10C690000546002B40D0234A926893423FD1C3689D
:10C6A000012B03D9013BC3600020F8BDEFF31187D4
:10C6B000202383F31288BFF36F8F0169806804F031
:10C6C00020FB2C68A54207D10023C5E9023387F37C
:10C6D0001188BFF36F8FE7E7002CF5D0D4E9003263
:10C6E00013605A60637B002623F002036373C4E97E
:10C6F0000066A66004F1180004F04EFDAC6094F9E9
:10C700000E302B612046C4F8886004F065FC0648B2
:10C71000394600F073FCC7E76FF01500C5E74FF02E
:10C72000FF30C2E7800C0020E10C002037B5114635
:10C73000EFF31185202282F31288BFF36F8F046814
:10C740009CB12368426823F003039442036008BF4E
:10C7500043600121204604F058FB044685F311880C
:10C76000BFF36F8F204603B030BD51EA0302F5D00E
:10C7700000F10802CDE900131046294600F0AAFB9B
:10C780000028EFD1014B9B681C69EBE7800C00206F
:10C7900070B5EFF31186202383F31288BFF36F8FF8
:10C7A0000468A0421BD0D4B1D4E9003213605A60AF
:10C7B000637B002523F002036373C4E90055A56081
:10C7C00004F1180004F0E8FC2046C4F8885004F096
:10C7D00003FC31460748BDE8704000F00FBCD0E9CB
:10C7E00002329A4218BF0133836086F31188BFF387
:10C7F0006F8F70BDE10C002013B5EFF31181202481
:10C8000084F31288BFF36F8F846844B1013C846065
:10C8100081F31188BFF36F8F002002B010BD52EA80
:10C82000030406D181F31188BFF36F8F6FF00F00FF
:10C83000F3E7CDE900230246014800F04BFBECE7AB
:10C84000E10C00202DE9F0410546EFF3118720238C
:10C8500083F31288BFF36F8F00231E466FF00A0820
:10C860002C68A54216D0ACB1D4E9003213605A60EE
:10C87000637BA66023F002036373C4E9006604F1DE
:10C88000180004F089FCC4F88880204604F0A4FB5A
:10C890000123E5E70022AA602BB139460548BDE82F
:10C8A000F04100F0ABBB87F31188BFF36F8FBDE899
:10C8B000F08100BFE10C00202DE9FF414F4E0446FE
:10C8C0002027EFF3118887F31288BFF36F8FD4F816
:10C8D0009450F5B9022104F1AC0004F0C3FA002829
:10C8E00068D004F1A40500220121284604F0F8FBD9
:10C8F0000028F8D1002302934FF0FF324FF0FF33AE
:10C90000CDE90023414604F19C023D4800F036FD8C
:10C91000D7E7D4F898202B68C4F89430954208BF24
:10C92000C4F89830D4F8AC3043F00203C4F8AC300B
:10C93000EB6823F0040343F00103EB606B6888F3BA
:10C940001188BFF36F8F28469847EFF3118887F35C
:10C950001288BFF36F8FEB68D80623F0010236D43C
:10C96000EA60EB689A0716D5306823F00203EB60A3
:10C9700088B10368002170B14268954235D10368DF
:10C9800069BB72683360824200D17360002340F853
:10C99000083BFFF7FDFED4F8AC3023F00203C4F8E7
:10C9A000AC3088F31188BFF36F8FDB0589D400F0BA
:10C9B0009BFB86E7D4F8AC30D9069BD5C4F8AC0015
:10C9C00088F31188BFF36F8F04B0BDE8F08123F0C6
:10C9D0001103EB6005F11000FFF7DAFEC1E70B6011
:10C9E0007368834208BF7160D0E723B11A680146BB
:10C9F00018461346BFE71A46F9E700BFA00C00200F
:10CA0000E10C0020F8B5C3689A0704460F46C3F34B
:10CA100040062ED45B071CD40B680BB983680B60EF
:10CA2000E368DD0744BFA3683B603D684CBF022656
:10CA30000126002D3CD0204B9A68D5F890309A42C0
:10CA40000AD0D5F8AC30D807C3F3800214D46FF005
:10CA5000120600233B6025E004F07BFAD5F8AC30E9
:10CA60000028F0D1D907C3F3C002F0D552B15B075B
:10CA700008D46FF00F06ECE7002AFAD1C3F3C00325
:10CA8000002BF6D100232360D5F8983063B9C5E9AF
:10CA90002544284604F000FAE36843F00403E36009
:10CAA0003B68A3603046F8BD1C60C5F89840F0E7CD
:10CAB0006FF01506CDE700BF800C0020014601484D
:10CAC00004F02BBA98070020F0B589B00446002086
:10CAD000C4E925000E9D04F19C00C4E9270004F17F
:10CAE000A400C4E9290055B32879002840F20110B8
:10CAF00008BF0120C4F8AC0000204FF0FF364FF013
:10CB0000FF37CDE90330CDE90100CDE906670D4BD4
:10CB10000094204600F0CAF855B1296811B12046AA
:10CB200004F01DFA6B791BB1237B43F001032373DF
:10CB3000204600F059FBC4F8904009B0F0BD012038
:10CB4000D8E700BFB9C8020037B501900846EFF337
:10CB50001184202181F31288BFF36F8FC16811F017
:10CB60001E0F16D153EA020508D101A9FFF74AFFAB
:10CB700084F31188BFF36F8F03B030BD41F008011B
:10CB8000C160019981620449103000F0BDFC0120B0
:10CB9000EEE70020ECE700BFA70E030001460148C6
:10CBA000FFF7D2BF98070020F7B50C460190164654
:10CBB0001D46EFF31187202383F31288BFF36F8F95
:10CBC000084604F05AF955EA060309D101A920469E
:10CBD000FFF718FF87F31188BFF36F8F03B0F0BD25
:10CBE000E368074943F00803E360019BA362324610
:10CBF0002B4604F1100000F087FC0120EAE700BF9B
:10CC0000A70E030001460148FFF7CEBF980700209A
:10CC10002DE9F043073285B022F007020E461F4689
:10CC20001099017300F158037F32C0E916330446AE
:10CC3000002322F03F020421836041733F2A0F98B2
:10CC4000A073C4E90633E37306F14009A2F140087A
:10CC500005D883F31188BFF36F8F084602DFB5183C
:10CC600029462046FAF7EEFD07300E9B20F007001C
:10CC7000A067C4E91C9802930D9B01932D1A0C9B8D
:10CC800000932A463B4631462046FBF7F9F800233D
:10CC9000636584F86C30044B9B6803B1DB6FE3671A
:10CCA000284605B0BDE8F083800C0020F0B587B0C1
:10CCB00000250595109D04950F9D03950E9D0295E9
:10CCC000DDE912760D9D01950C9D00950446FFF758
:10CCD0009FFFB6F1FF3F08BFB7F1FF3F05D056EA0F
:10CCE000070305D1204600F07FFA204607B0F0BDCB
:10CCF0003A46334604F11800014900F005FCF4E718
:10CD00005F10030040F2011383810023C0E91C334C
:10CD1000C367014B98607047800C00200A4A9368F3
:10CD20006FF00A01C3F888100849C3F884004B6803
:10CD300043F080534B60002383F31188BFF36F8F60
:10CD40009368D3F888007047800C002000ED00E065
:10CD500070B590F90D20437B002A36DBD90634D11B
:10CD60001B4C63F07F032246437352F8183FE1697E
:10CD7000934207D1C0E900210860E06111E09942C7
:10CD8000F8D01B68002BF5D090F90E5093F90E6087
:10CD9000B542F4D0AE42F2DD5968C0E90031086016
:10CDA0005860A569954200D005B9E568A3685A7B2B
:10CDB000D20604D1DA897F2A01D9AA6932B1AB42FD
:10CDC00002D0284600F01AFB656170BD6361FCE784
:10CDD000800C002038B590F90D20437B002A0146D5
:10CDE00004DA03F07F03437304F0BCF80D4D2A46C8
:10CDF000AB6852F8184F944200D004B9EC688B42EB
:10CE000007D05A7BD20604D1DA897F2A01D9A269D8
:10CE10002AB1A34202D0204600F0F0FA23466B610B
:10CE200038BD00BF800C0020B3F1FF3F08BFB2F156
:10CE3000FF3F03D00249183000F066BB704700BFC7
:10CE40005F10030070B590F90D20437B002A014666
:10CE500004DA03F07F03437304F084F84B7B1C4C2B
:10CE600063F07F0322464B7352F8183FE069934208
:10CE700007D1C1E900200160E16111E09842F8D0DA
:10CE80001B68002BF5D091F90E5093F90E60B54256
:10CE9000F4D0AE42F2DD5868C1E90030016059605B
:10CEA000A569A368954200D005B9E5688B4207D013
:10CEB0005A7BD20604D1DA897F2A01D9AA692AB11C
:10CEC000AB4202D0284600F099FA2B46636170BD50
:10CED000800C0020F8B50E4B0C4611460D4A9868A0
:10CEE0001060DDE90667EFF31182202282F31288D9
:10CEF000BFF36F8F9D68284604F046F828463246F7
:10CF00003B46FFF791FF2046BDE8F840FFF706BF1C
:10CF1000800C0020A80C0020F8B50446EFF3118720
:10CF2000202383F31288BFF36F8F437B03F01F022C
:10CF3000002A0CBF0126002649B239D103F07F0335
:10CF4000437304F00FF82C4D437B817363F07F0330
:10CF50002A46437352F8183F934227D1E869C4E93F
:10CF600000200460EC610FE09842F8D01B68002BB1
:10CF7000F5D093F90EC06145F6D08C45F4DD5968C3
:10CF8000C4E900310C605C60AC69944200D004B923
:10CF9000EC68AB689C4202D0204600F02FFA6C612E
:10CFA00087F31188BFF36F8F3046F8BDE869DEE77D
:10CFB0009B071ED5856803F0D5FF81732B689D42C2
:10CFC00009D16B68C4E900531C606C60E8E76A68CB
:10CFD0009342F6D01B68002BF3D093F90E209142B8
:10CFE000F5D08A42F3DD5A68C4E9003214605C600F
:10CFF000D6E78173D4E700BF800C002049B9EFF376
:10D00000058030B9054B5A699B689A4201D0FFF7F9
:10D0100085BE81F31188BFF36F8F7047800C0020AD
:10D02000034648B9EFF3058232B9064A516992685E
:10D03000914201D0FFF772BE83F31188BFF36F8F67
:10D04000704700BF800C0020EFF31181202383F391
:10D050001288BFF36F8F054B9A68D37B013BD37364
:10D0600081F31188BFF36F8F704700BF800C0020E1
:10D0700070B5EFF31186202383F31288BFF36F8F0F
:10D08000144DAB68DA7B0132DA732A4652F8184F36
:10D09000944200D004B9EC685A7BD20604D1DA89F4
:10D0A0007F2A01D9A2692AB1A34202D0204600F00A
:10D0B000A5F923466B6186F31188BFF36F8FEFF3F9
:10D0C0001180202383F31288BFF36F8FBDE8704077
:10D0D000FFF7A6BF800C0020024B03F11802C3E942
:10D0E00006227047800C002070B5EFF311862023D4
:10D0F00083F31288BFF36F8F1B4CA168E0690B6844
:10D10000814214BF1A46002249680B605960A36827
:10D11000E1692AB9154AC3E900210B60E3610CE01B
:10D1200093F90E0092F90E50A84218D0854216DDF0
:10D130005168C3E900210B605360A5690B4B9D4208
:10D1400000D005B9E568A3689D4202D0284600F0EA
:10D1500055F965613046BDE87040FFF7DFBD8A4292
:10D16000D8D01268D5E700BF800C0020980C0020B2
:10D17000F8B550EA010306460C4603D1FFF7B4FFA9
:10D180000020F8BDEFF31187202383F31288BFF34B
:10D190006F8F124D124BA8681860FFF71BFEA8682E
:10D1A000104923463246183000F0AEF9AA68537B86
:10D1B00043F00403537304463846FFF7AFFDAB68F2
:10D1C000D3E90A23B3F1004F08BF002AD8D104F0F5
:10D1D0000BF8201A20EAE070D3E700BF800C002093
:10D1E000A80C00205F10030038B50446EFF311854A
:10D1F000202383F31288BFF36F8F437B5B070FD528
:10D20000183003F0C9FF637B23F0040320466373E7
:10D21000FFF79EFD29460548BDE83840FFF7EEBE02
:10D2200085F31188BFF36F8F38BD00BFE10C00207C
:10D23000014B9868704700BF800C00202DE9F8432F
:10D240000446077BEFF31185202383F31288BFF395
:10D250006F8F437B190705D585F31188BFF36F8F57
:10D26000BDE8F883D90943F008025DD14273A36891
:10D2700013B1204603F07EFE04F1180003F08CFF8A
:10D28000A66D04F15808B04511D04FF0000976B1F1
:10D29000304603F06FFE06F1180003F07DFFC6F87C
:10D2A00088903046FFF754FDA66DB045EFD1DFF80A
:10D2B000C080D8F808309C423ED1EFF30589B9F11F
:10D2C000000918BF4FF00109D8F81860294A9642A2
:10D2D00000D00EB9D8F80C60B34202D0304600F04E
:10D2E0008DF82046C8F8146001F0C3F8B9F1000FBA
:10D2F00002D02148FFF706FDD8F808309C4231D112
:10D30000EFF3058373BB227BD20718D42846FFF7BF
:10D3100005FDFB07A4D5002383F31188BFF36F8FAE
:10D320000423184602DF9BE703F07F0343F0080362
:10D33000437303F017FE9AE74FF00009C4E785F343
:10D340001188BFF36F8F83F31188BFF36F8F0423AE
:10D35000184602DFEFF31180202383F31288BFF316
:10D360006F8FD4E785F31188BFF36F8FD1E700BFCC
:10D37000800C0020980C0020E8060020D3B5DDE9E1
:10D380000667089CCDE90067FFF7A4FD1CB1034BBD
:10D390009B681B69236002B0D0BD00BF800C0020D9
:10D3A000044BC01A044BC0105843044B01221A54BA
:10D3B000704700BF78070020ABAAAAAAE10C0020A2
:10D3C000C3897F2B12D80A4B1B6863B1094B90F9B4
:10D3D0000E201B689A4209DB437BDB0606D1064B15
:10D3E000C31A18BF012303F0010070470023FAE7B6
:10D3F000E8020020AC0C0020C805002070B50E4BE0
:10D400000E4C1E7C06EB460304EBC3040546204687
:10D4100003F0C2FE0A4B002228469A55FFF7D0FFC0
:10D4200048B1084B08491A68013A2046D317BDE8AD
:10D43000704000F069B870BD800C002078070020B3
:10D44000E10C0020E8020020A1D3020038B5EFF380
:10D450001185202383F31288BFF36F8F104B114A7D
:10D460009C681068A04206D1FFF7C8FF85F31188B9
:10D47000BFF36F8F38BD00211B7C11600A4AD35C5B
:10D48000002BF3D02046FFF79BFF0028EED0637BF4
:10D49000DB0602D12046FFF7D5FC2046E4E700BFBB
:10D4A000800C0020A80C0020E10C0020024B186822
:10D4B000984208BF00207047EC020020034B1B6815
:10D4C0000BB9FDF725BF0020704700BFB00C00204E
:10D4D00030B570B10B4B5B6898420AD0036843B11A
:10D4E000D3E90421D0E90445121941EB0501C3E950
:10D4F0000421D0E9003213605A600023C0E90033F0
:10D5000030BD00BFEC020020B3F1FF3F08BFB2F115
:10D51000FF3F2DE9F84F0446994615461F467AD03D
:10D520008160EFF31188202383F31288BFF36F8F9C
:10D53000B9F1000FDFF8E4A020DBFFF7BFFFDAE965
:10D540000027013549F100092D1849EBE073C4E9C2
:10D550000453AD18064643EB07074FF00109FFF7E8
:10D56000A5FFDFF8BCE0DEF804A00346EBB9C4E990
:10D5700000EACAF80040CEF8044028E0DAE90012D8
:10D580006FF001035B1A4FF0FF3161EB02025B1B8E
:10D5900062EB0902012B72F10001BCBF01230022E2
:10D5A000C0E904324FF00009D9E7D3E9041CD4E9FB
:10D5B00004208A4270EB0C0B24DA891A5A686CEB4F
:10D5C0000000C3E90410C4E9003214605C60FFF796
:10D5D0006DFF84420ED1134B1B685BB9B9F1000F8C
:10D5E00002D1FFF76BFF0646304603F0BEFD002177
:10D5F000FDF760FE88F31188BFF36F8F2846394628
:10D60000BDE8F88F521A60EB0C009A45C4E904207B
:10D61000ADD01B68AAE700252F46EFE79007002052
:10D62000EC020020B00C00202DE9F047EFF311854B
:10D63000202383F31288BFF36F8FDFF8A490DFF805
:10D64000A480C9F80000FFF731FF00260027D9F8B1
:10D650000030D8E900ECD91750B1D0E90442A34218
:10D6600071EB020A1CDAE41A62EB0102C0E904421F
:10D6700013EB0E034FF000044CEB01012046C8E908
:10D680000031C9F8004003F070FD2146FDF712FE9D
:10D6900085F31188BFF36F8FBDE8F047FFF7D6BE63
:10D6A00014EB0E024CEBE473C0E90467C8E90023F5
:10D6B000FFF70EFF85F31188BFF36F8F83689847DC
:10D6C000EFF31185202383F31288BFF36F8FD9F80E
:10D6D00000301B1BC9F80030FFF7E8FEB7E700BFBA
:10D6E000B00C00209007002010B5EFF31184202328
:10D6F00083F31288BFF36F8FFFF7E0FE054A0346FE
:10D70000D2E90001181841EBE37184F31188BFF3EB
:10D710006F8F10BD900700202DE9F04385B04FF0CA
:10D7200000090546CDF8049000F10C07EFF31188CD
:10D73000202383F31288BFF36F8F8368594003EA75
:10D7400002060A4053400E4901AACDE9023903F00E
:10D75000EAFC019C3CB1C4F8889020460021246E6C
:10D7600003F05AFCF6E7DDE9023223EA0203384609
:10D77000AB604146FFF742FC304605B0BDE8F083A0
:10D7800003130300F8B507460C46164603F0E1FB09
:10D7900008B10020F8BD0D4B9B68DD6F002DF8D05F
:10D7A000221DF6D2EFF31184202383F31288BFF3F6
:10D7B0006F8F47F004012846B04784F31188BFF308
:10D7C0006F8F0028E5D040F8045BE3E7800C002071
:10D7D0000146024A0020FFF7D5BF00BF4BDF020021
:10D7E000014800F063BC00BFBB1F030007B5074B37
:10D7F0000093074907484FF0FF334FF48062FFF76B
:10D8000063F9002003B05DF804FB00BF501A030069
:10D8100080210020980700200FB407B5064B04AA0A
:10D82000186852F8041B019200F008F803B05DF884
:10D8300004EB04B0704700BFB41803002DE9F04FAB
:10D840008DB043680293837815469A07804640F16D
:10D850000D8100240E78002E00F00A81252E0BD0B9
:10D860004B1C03930134029B4146304698470028E5
:10D87000C0F2F6800399EDE74E788B1C252E0393BA
:10D88000F0D00027B946BB46BBF11F0F38D8A6F130
:10D890002003102B0AD8DFE803F02A090930090910
:10D8A000092109090928092D09091F00A6F13003DA
:10D8B000092B33D92A2E37D11BF0400F55F8043BE2
:10D8C00040F08280002BA7BF4BF0200B9946C3F19C
:10D8D00000094BF0280B01E04BF0010B039B13F800
:10D8E000016B0393002ECFD130E04BF0020B4BF0D5
:10D8F000040BF3E74BF0080BF0E74BF0100BEDE7F0
:10D90000BBF17F0F19D8A6F13003092BD2D81BF039
:10D91000400F03D00A2101FB0737DFE70A2101FB93
:10D9200009394BF0200BD9E72E2E06D11BF0400F02
:10D9300040F09E804BF0400BD0E76C2E31D02BD8BE
:10D94000682E36D06A2E3CD04C2E3AD0002F46F0AE
:10D950002003B8BF2BF04002A3F16501BCBF1FFA42
:10D9600082FB0027022901D9612B2FD1073525F031
:10D970000705DFF8ACA2083507271BF0080F66D0B3
:10D980000AEB070B56465E4563D1A4EB0A0A06EB89
:10D990000A02A9EB07096FE1742E9FD07A2E9DD061
:10D9A000D4E71BF0800F18BF4BF4007B4BF0800BCB
:10D9B00094E71BF4807F18BF4BF4007B4BF4807B13
:10D9C0008CE74BF4207B89E71F4687E7A6F16301CC
:10D9D000122900F2F080DFE811F013004F00EE0092
:10D9E000EE00EE00EE004F00EE00EE00EE00EE0066
:10D9F000EE00FE00E900EE00EE001B00EE00AF00BE
:10DA000055F8043B8DF8183001270DF1180AB4E7DA
:10DA100055F804AB834BBAF1000F08BF9A461BF0D0
:10DA2000400F14BF39464FF0FF31504603F0AEFCB3
:10DA30000746A2E7029B41462020984700280FDBBB
:10DA4000013EB742F6D34C44A41BB14698E74E467C
:10DA5000F7E716F8010B029B41469847002892DA37
:10DA600098F8023043F0040388F802304FF0FF3496
:10DA700020460DB0BDE8F08F1BF0800F34D01BF4B2
:10DA8000007F2CD0073525F00705AA4669685AF8AB
:10DA9000080B2BF010050029ADB237DA404261EBDC
:10DAA000410145F480650DF1180B0A235A4603F035
:10DAB00079FCA0EB0B0301936B0662D5019B25F06B
:10DAC00001019F4289B240F3A180002E00F09980AD
:10DAD00015F0100240F09C80BB460D4623E0AA469C
:10DAE0005AF8040BC117D4E7AA461BF4807F5AF8F2
:10DAF000041B01D10846F5E71BF4007F15BF48B2AF
:10DB000008B241F3C01141F3C031C2E750EA01034A
:10DB1000C9D11BF0400FC6D0002FC4D12BF0110289
:10DB200095B2BB46019740F2064115EA01021CBFBF
:10DB30000BF1010B00222CE02BF010021FFA82FBEC
:10DB40000A231BF0800C49D01BF400711DBF073560
:10DB500025F00705AA46AA461ABF5AF8080B6968B5
:10DB60005AF8040B50EA010545D12BF016051BF0BD
:10DB7000400FADB242D0002F40D12BF0170295B22A
:10DB8000019715F0100248D0019B002E42D103F1FD
:10DB9000010B29075AD4EB0706D5D9456FDD01994A
:10DBA000A9EB0B035F18CB465B4649E04BF0100B2B
:10DBB00010237826C5E7782B04D1C6F1780343F00B
:10DBC0001003BEE7029B4146252098470028FFF638
:10DBD00047AF023447E608230026B2E7AA461BF403
:10DBE00080715AF8040BBDD01BF400711ABFC0B28B
:10DBF000614680B2B6E72BF0060295B20DF1180B24
:10DC000054E725F01105ADB2BB468CE70D46B8E7E9
:10DC10003B460D4603F1020BBBE7DDF804B082E79B
:10DC2000F31F0300EC1F0300CDE904324146029BC1
:10DC3000202098470028FFF613AF049B059A013374
:10DC40009945F1DCA4EB0B01CC189B460AB3029B6F
:10DC50004146302098470028FFF602AF8EB90134C4
:10DC60002744019B391B994224DC1D465DBB019A68
:10DC7000A9EB0B09224455461446914435E0019F17
:10DC800092E7023441463046029B98470028E7DA83
:10DC9000E6E640F206410D42E2D015F0020F14BF55
:10DCA0002B20202015F4806F04F10104414618BF99
:10DCB0002D20E9E7029B414630209847002804F1D7
:10DCC0000104CEDACCE606AB013D4146585D029B2D
:10DCD00098470028CADAC3E6029B414620209847AD
:10DCE000002804F10104FFF6BBAEA9EB0403002BEE
:10DCF000F2DCBFE5704700EBC10040884008704788
:10DD0000F8B50346FFF7F7FFB0FA80F0C0F11F0047
:10DD100003EB800CCA00DCF81060171D0C460632BD
:10DD20008DB256B9012101FA00F0D9680143D960DA
:10DD3000CCF81040DD539D52F8BDF1000431585A23
:10DD4000D85303EBC0009E52C5805D52F4E710B576
:10DD500000EBC104E388994202F104010AD10123D6
:10DD600003FA02F2C36823EA0203C360002340F807
:10DD7000213010BDA28840F8213000EBC20100EB39
:10DD8000C300CB808280F4E708B50346FFF7B3FFFA
:10DD9000B0FA80F2C2F11F021846BDE80840FFF752
:10DDA000D6BF2DE9F843B1FA81F5C5F11F0900EBA3
:10DDB00089080346D8F810200E46C2B10327D8F8C8
:10DDC000104018462146FFF796FFB04206D34A4658
:10DDD0001846FFF7BCFF2046BDE8F88303EBC404F8
:10DDE000013FE088C8F8100001D08242E7D1C5F1B8
:10DDF00020024FF0FF349440DA681440EBD094FADC
:10DE0000A4F2B2FA82F2111D53F821402146DFE755
:10DE100038B50346FFF76FFF0D4604461146184616
:10DE2000FFF769FF03EBC5050444600068801846EE
:10DE3000FFF761FF014423F8314038BD38B5034690
:10DE4000FFF759FF0C46A51A511A03EBC404054409
:10DE50004800608003EBC2006C00448023F832105D
:10DE600018461146FFF747FF014423F8315038BDEB
:10DE700038B50546FFF73FFF0C46014405EBC103EB
:10DE80005B88DA070AD42846FFF77EFF214628463A
:10DE9000FFF731FF22182846FFF7BAFF35F8341094
:10DEA000611A05EBC1035B88DB070CD42846FFF73A
:10DEB0006BFF35F834102246611A2846FFF7A8FF99
:10DEC00035F83430E41A21462846BDE83840FFF7DB
:10DED00017BF61B100680439091A21F00703034430
:10DEE000C9085A8822F001025A80FFF7C1BF704763
:10DEF00070B5056809B9002070BD01F007030B3348
:10DF0000CC0804EBD304AB689C4228BF1C462146D6
:10DF10002846FFF746FF06460028ECD00146284673
:10DF2000FFF7E9FEA04207D932192846FFF786FF1E
:10DF300011462846FFF7E4FE05EBC602104653885B
:10DF400043F0010353800430D6E71146FFF7D0BFFA
:10DF50002DE9F84301F1FF3919EA010906680F4676
:10DF600014460CD04B420B40042B1A464F4628BF98
:10DF70000422994664B900252846BDE8F88304299F
:10DF800004D8BDE8F8431146FFF7B2BF0422F1E719
:10DF9000BA1A04F0070302F007010B330B44E1083F
:10DFA00001EBD20101EBD301B368994228BF1946B6
:10DFB0003046FFF7F6FE80460028DCD009F1040564
:10DFC00005EBC0057B1E35441D44B5FBF7F57D43CD
:10DFD000A5EB09052C442B1F07349B1B24F00704D9
:10DFE000A41BB0EBD30F4FEAD3074FEAE40408D2E7
:10DFF00001463A463046FFF721FF41463046FFF7DB
:10E000007FFE39463046FFF776FE3844844207D219
:10E0100030462246FFF712FF21463046FFF770FEDA
:10E0200006EBC706738843F001037380A4E7043A44
:10E030002DE9F041CC1D114424F0070421F0070123
:10E040000E1BF708B7FA87F2C2F12405AD004FF0B6
:10E0500000080735C2F12002ED0804604146A760C0
:10E06000C4F80C80920004F1100003F087F96B00F3
:10E0700043F00103638004EBC5027B1B5900A4F845
:10E0800000805180A21924F83550A2F80280A353D1
:10E0900004EBC70329465A8842F001025A80204601
:10E0A000BDE8F041FFF72CBE002070470FB407B564
:10E0B00004A951F8040B0191F9F7DCF903B05DF8FC
:10E0C00004EB04B07047036800220BB91846704790
:10E0D0008B4210D10B6842B942680360914200D173
:10E0E000436000230B60012070471360436899422E
:10E0F00008BF4260F5E71A461B68E6E7038B13F09A
:10E10000070305D10368002B0CBF002003207047D4
:10E11000022B05D1408BB0FA80F040098000704797
:10E12000012B05D10368002B0CBF00200520704790
:10E130000020704710B50C4600B111B96FF0150002
:10E1400010BD081D00F0D2F80028F9D1A368032BF8
:10E15000F6D9F3E72DE9F0410D4607461946281D8B
:10E1600090461E4600F0D3F8044638B13346424686
:10E1700029463846A446BDE8F0416047BDE8F08135
:10E1800010B4EFF31182202484F31288BFF36F8F51
:10E19000416110BC0121F9F79FB938B50C4605461D
:10E1A00058B151B10B6843B14B6833B11C22002107
:10E1B00003F0E4F82C61002038BD6FF01500FBE798
:10E1C00070B505460E46FFF7B5FF041E14DBEFF3EE
:10E1D0001182202383F31288BFF36F8F6B8B2C8BFC
:10E1E0004FF6FF718B4204F0070407D182F31188C8
:10E1F000BFF36F8F6FF00A04204670BD022C0CD164
:10E2000001336B8382F31188BFF36F8F00232246A3
:10E2100031462846FFF79EFFEEE7062C14D8DFE8CC
:10E2200004F004131313041A0400002333606B6812
:10E230003BB9C5E90066ACB902212846F9F74CF9AB
:10E24000DAE71E606E60F6E782F31188BFF36F8F26
:10E250006FF00404D0E782F31188BFF36F8F6FF083
:10E260008504C9E782F31188BFF36F8FC4E710B547
:10E27000EFF31182202383F31288BFF36F8F048B97
:10E2800004F00704022C0AD0012C0CBF6FF004002C
:10E290006FF0850082F31188BFF36F8F08E0438B26
:10E2A000013B9BB2438323B92146F9F715F9204678
:10E2B00010BD2046EEE738B5A8B1A1B1EFF3118546
:10E2C000202282F31288BFF36F8F048BFFF7FBFECF
:10E2D00030B104F0070085F31188BFF36F8F38BDAC
:10E2E0006FF07700F7E76FF01500F8E7034658B1D5
:10E2F000426802F00302012A03D0032A04D1026813
:10E3000012B10020986070476FF0150070474268A6
:10E31000816002F00302032A4FF0000203460CBFA3
:10E32000006810465A60704770B50C8806468888A9
:10E33000241A3069A4B2844285B224BF641BA4B2FB
:10E340002D1BA8B2984228BF184633682344136097
:10E350000B8803440B8070BD70B48389858806697F
:10E36000ED1AADB2731B934228BF134670BC0A4628
:10E37000011DFFF7D9BF70B40E460146C58831F8BC
:10E380000A3FEC1AA3B2934228BF1346324670BC30
:10E39000FFF7CABF10B54B880C88E41AA4B29442A8
:10E3A0000ED31A4492B28B884A800A800069D21A2E
:10E3B00092B2824201D2002010BD03448B80FAE762
:10E3C0006FF01500F8E72DE9F34106460F461546B4
:10E3D0004FF000082A4601A93046FFF7BDFF04466A
:10E3E00040B102463946019802F0BAFF2D1BA04405
:10E3F0002744EFD14246311D3046FFF7CBFF404660
:10E4000002B0BDE8F0812DE9F34107460E461546FE
:10E410004FF000082A4601A93846FFF7ACFF044632
:10E4200048B12EB102460199304602F099FF2644C8
:10E430002D1BA044EED1424607F10A013846FFF7F2
:10E44000A9FF404602B0BDE8F081704702F096BFD8
:10E4500002F086BF01460068F9F7C0B908B5F9F7C0
:10E46000EDF9BDE80840F9F70DBA00210120F9F7F0
:10E47000B5B96FF08500704761B662B680F3118858
:10E48000BFF36F8F704772B6002383F31188BFF319
:10E490006F8FBFF34F8F30BF62B6BFF36F8F704780
:10E4A00072B6002383F31188BFF36F8FBFF34F8FD2
:10E4B00020BF80F31188BFF36F8F62B670472028AA
:10E4C00009D9B0F1004F08D80138B0FA80F0C0F196
:10E4D0001F0040007047082070473E20704708B575
:10E4E000F9F79AFE002008BD426810B52AB10B4624
:10E4F0001C465B68002BFBD16260416010BD10B50B
:10E50000044620B90B7A01330B72084610BD03464E
:10E5100018465B68002BFBD1FFF7E6FF2046F5E7C6
:10E5200010B508B14B6843604C68002308464B6047
:10E53000F9F73CFF204610BD8388026819448180AA
:10E54000D018704730B484880568A31883802819D0
:10E5500030BC02F005BF10B5838802685C1C848063
:10E56000D154D01810BD8388026830B5D4189D1CD2
:10E570008580D154090A617030BD83885B1A9BB2D3
:10E5800083800068184470478288521A034682804C
:10E5900000680844186070478388C2888168D21A6E
:10E5A00003685B1AD01A70474FF0FF324FF0FF3309
:10E5B0000430FDF7F3BFFEF769B890F86800C0F3C8
:10E5C00041107047F8B504461E460D461746FFF742
:10E5D000EBFF94F868309B0715D425B1012D10D0BE
:10E5E0006FF0150508E0E16E0029F9D09DF81830AC
:10E5F0000F714E718B710025201DFFF7DCFF28463F
:10E60000F8BD216FF0E76FF07705F5E790F8680047
:10E61000C0F38000704738B50446FEF715FD20466C
:10E62000FFF7C2FFA06940B96FF01205201DFFF788
:10E63000C2FFFEF71DFD284638BD94F86830DB07A1
:10E6400016D402F071FA0028EED02046FAF7D6FC74
:10E6500005460028EAD10146282204F1200002F0F4
:10E660008DFE94F8683043F0010384F86830DDE7EC
:10E670006FF07705DAE738B50546FEF7E5FC284682
:10E68000FFF792FF95F86830DA071CD59B071DD479
:10E69000A86901F0D1FB044638B9284600F04FF9CB
:10E6A000044648B1A86901F0F4FB281DFFF783FF79
:10E6B000FEF7DEFC204638BD95F8683043F00203D3
:10E6C00085F86830F1E74FF0FF34EEE76FF077043C
:10E6D000EBE70246034652F8600F904201D100205A
:10E6E00070470028FCD0027A8A42F9D05A6E8242E2
:10E6F000F5D000680028F6D1704738B504460D46BD
:10E70000FFF752FF94F86830DB0718D42B690BB978
:10E71000EB68BBB1236E1BB904F16003C4E9183385
:10E720002B6893B9626E04F16001C5E900121560AF
:10E7300065661D46201DFFF73EFF284638BD4FF099
:10E74000FF35F7E76FF01505F4E76FF07705F1E7B0
:10E7500010B50446034654F8480FA0420DD10020DE
:10E760000DE0447D8C4204D1032909D1047A9442FE
:10E7700005D0DC6CA042F2D000680028F1D110BDB9
:10E780000F29F5E72DE9F04105460C46061D4FF02F
:10E79000FF324FF0FF333046FDF700FFEF6E002FE2
:10E7A0006DD095F86830DB0769D4AB6C1BB905F107
:10E7B0004803C5E912332368002B63D1637D0F2B17
:10E7C00009D1237A012B0CD0EB6C05F14802C4E986
:10E7D00000231C60EC64637D032B0FD04FF0000816
:10E7E00006E0E1682846FFF788FF80460028EBD066
:10E7F0003046FDF74BFF4046BDE8F081AA6C05F1BD
:10E80000480090421ED1002329E091F815C0BCF1C8
:10E81000030F10D0013323724B68C4E900131C604E
:10E820004C60637A022B24D0032B25D0012BD5D149
:10E83000237ABB73D2E791F808C00CF1FF3C634523
:10E84000E8D11268002ADED0537DE96C032B0DD18C
:10E850008A42137A02D011680029D6D1013323727B
:10E86000EB6CC4E900031C60EC64DAE78A42E8D18F
:10E87000C9E7237AFB73B1E7237A3B74AEE74FF025
:10E88000FF38B5E76FF07708B2E70346006800B1DC
:10E89000187A70470346C08808B11878C0097047D5
:10E8A00070B50C46154600F0D7FA40B14068836851
:10E8B0001B6823B12A462146BDE87040184770BD49
:10E8C000F8B503698668BFF35B8FD3F8A030BFF358
:10E8D0005B8F9B0704460D4617460ED5B36A7BB186
:10E8E000F36B9847B36A29463A4620469847336CFB
:10E8F0000546204698472846F8BD4FF0FF35FAE711
:10E900006FF08505F7E770B503698668BFF35B8F25
:10E91000D3F8A030BFF35B8F9B0704460D460BD5A1
:10E92000F36B9847736A294620469847336C05462F
:10E9300020469847284670BD4FF0FF35FAE703465A
:10E94000002083F82C009862704738B590F82C307E
:10E95000022B0D4604D100F079F908B1C46804B95E
:10E9600038BD2B78032B07D0052B0CD0022B08D1F8
:10E97000606883689B6902E0606883685B6903B1D3
:10E9800098472468EBE760688368DB69F7E70B0664
:10E9900044BF21F080011031C84000F001007047F1
:10E9A0002DE9F8434FF0010805460C46464620681D
:10E9B000002839D068F07F02D2B211465FFA88F79A
:10E9C000FFF7E5FFB0B1D5F8009011464846FFF7D4
:10E9D000DEFF18B96FF01500BDE8F88322F0800261
:10E9E000103206FA02F229EA02032B60236823EAB6
:10E9F0000203236020683946FFF7C9FF78B12A680F
:10EA000039461046FFF7C3FF0028E3D006FA08F1A5
:10EA100022EA01022A60236823EA0103236008F145
:10EA20000108B8F1100FC2D10020D5E72DE9F04F51
:10EA30008369C26E1B6993F88030C3F34113022BC4
:10EA40008DB081460ED0032B0ED0012B0CBF1023AE
:10EA50000823D371D9F850800026B8F1000F05D1F2
:10EA60004246ABE02023F4E74023F2E7D8F8043035
:10EA7000D8F80C4003930A9604967CB9049B039A39
:10EA800009339BB293701B0AD3701671D8F80C40EF
:10EA9000002C40F0AF80D8F80080DDE76068836824
:10EAA0001B6B00250B95002B00F0A2802946984790
:10EAB000002800F09D80031FC4E9035502933546EA
:10EAC000029A52F8043F02920BB11A7822B9B54269
:10EAD00078D86FF0150271E05A780B2A08BF9D7044
:10EAE000029B1B685A78042A10D1E2680B990A43EA
:10EAF000E260DA78002A55D19D7023690122AA408C
:10EB0000134301352361EDB200230B93029B1F6871
:10EB10007B78052BD4D1D9F8183007936FF0120207
:10EB20004FF0010B79793B7943EA0123ADF82630A8
:10EB300097F902305FFA8BFA002B0A9B0593B8BF56
:10EB40004AF0800A51461846FFF721FF88BB0B9B0D
:10EB5000069351461846FFF71AFF50BBBB79FA7867
:10EB60000798009351460DF1260300F0C1FF0246BD
:10EB7000F8B91AF0800F18BF2AF080014FF0010396
:10EB80001CBF10318B4005980699BDF8262087F8E8
:10EB900002A008BF03FA0AF319431843CDE90A019A
:10EBA000BA808DE76A1E9A700BA90AA8FFF7F8FED3
:10EBB000AAE70BF1010BBBF1100FB3D110460DB05A
:10EBC000BDE8F08FE3680B9A1343E36060688368E5
:10EBD0009B6ADBB1984702460028EFD10146606886
:10EBE00000F001F9049B2468034404932E4644E793
:10EBF0003546EBE7E368A36004F10C010AA8FFF7D0
:10EC0000CFFE02460028D9D1246841E76FF0850283
:10EC1000D4E74FF0FF324FF0FF330430FDF7BEBCB6
:10EC2000FDF734BD21B101290DD000231B68FFDEA3
:10EC30005030006848B143685B79934205D0006862
:10EC40000028F8D170475830F3E7704710B590F8B6
:10EC50002C30022B044609D1FFF7AFFC94F8342086
:10EC600001462046BDE81040FFF7DCBF002010BD84
:10EC700008B5FFF7D7FF003818BF012008BD2DE900
:10EC8000F04104460E46FFF798FC94F83430804675
:10EC9000CBB9002E3BD0324641462046FFF7C2FF9B
:10ECA0000746A8B10246204600F0D3F9054688B9C8
:10ECB00084F83460FC6864B3606883681B6A03B1DD
:10ECC00098472468F7E72046FFF7C0FF074620B9BA
:10ECD0006FF03C052846BDE8F0810146204600F073
:10ECE0008EF910220546002104F1360002F046FBA1
:10ECF000002384F83430FF6817B9002DC9D0E9E744
:10ED0000786883685B6A03B198473F68F4E784F8E2
:10ED100034600025DEE7F8B504460E465768154610
:10ED2000FFF777FF94F86830D9074FD4012E08D049
:10ED3000FB799A060CD5A3691B69D3F880309B0731
:10ED400006D46FF08506201DFFF76AFF3046F8BD38
:10ED5000002EF6D1A36D53B9226D62B9E36E6A68D5
:10ED60005B7C0133DBB25371E26E53740EE0AB4255
:10ED70002FD01B68EFE7954222D12A68D3B9636D83
:10ED800022659D4200D1626500232B60A96849B1CC
:10ED90002046FFF7F7FC06460028D4D1A868FFF705
:10EDA00074FDB87100232B60636D63B9C4E9145519
:10EDB0000026C8E71A60626D954208BF6365E3E705
:10EDC00013461268C9E71D606565F1E76FF00F062D
:10EDD000B9E76FF01506B6E74FF0FF324FF0FF339B
:10EDE0000430FDF7DBBB08B583681B6B0BB198479C
:10EDF0000346002023B153F8042B0AB1127802B95C
:10EE000008BD1044F6E710B51C46FFF70BFF48B1EC
:10EE10000122C06802FA04F320B10269134201D151
:10EE20000068F9E710BD10B50C46FFF70FFF48B1B9
:10EE30000123C06803FA04F120B10369194201D12A
:10EE40000068F9E710BDD1F81A0083681B6903B1A7
:10EE500018476FF08500704770B501F07F0311F01F
:10EE6000800F18BF103301259D4090F82C30022BE5
:10EE7000044601D0002070BD90F83460FFF79DFB80
:10EE8000324601462046FFF7CDFE0028F2D0C0688A
:10EE90000028EFD083681D42EDD10068F8E738B54F
:10EEA0000C46FFF7D3FE80B1C06870B14368DA68E2
:10EEB0001AB111790023994201DC0068F5E7156861
:10EEC000ED5CA54201D00133F5E738BD2DE9F041F5
:10EED00005461E460846002A42D1FAF7A7F804461E
:10EEE00000283DD02846FFF777FF95F86830DA070D
:10EEF00007D56FF00F04281DFDF7C8FB2046BDE8BD
:10EF0000F0816768BFF35B8F6369BFF35B8FDB07DB
:10EF100004F11408EDD47B680BB19D42E9D132466F
:10EF200000212846FFF77EFEB8B100232360036965
:10EF300083B9C0E90344BFF35B8F58E8003F43F057
:10EF4000010348E80032002AF7D1BFF35B8F0024A9
:10EF50007D60D0E71C600461EDE76FF03C04CAE718
:10EF60006FF01204CAE72DE9F8434C689DF8209031
:10EF70000D46984606461746FFF71FFBA3681B6B16
:10EF800001461BB96FF01500BDE8F883204698478D
:10EF90000028F7D0041F0C35002054F8043F0BB1B3
:10EFA0001A782AB900280CBF6FF03C000020EBE76C
:10EFB0005A78042A0BD100BB9A784245EDD1DA7811
:10EFC0004A45EAD11B79002BDED00120E5E7052A6E
:10EFD000E3D10028E1D0012F997806D0022FF4D197
:10EFE000B0692A4600F0C4F804E0B0692A46194620
:10EFF00000F0A2F80028E8D0C6E70020C4E7F8B582
:10F00000CC6806460CB9204622E004F10C07012525
:10F01000E268AAB165F07F03D9B203F07F03103331
:10F02000DA40D2070ED4E368EB40DB0705D5B069C0
:10F030003A46E9B200F09CF850B90135102DE7D1FD
:10F040002468DFE7B0693A4600F092F80028EAD079
:10F05000F8BD2DE9F3475768002497F80580054669
:10F060000E46A1463B79A34203DC002002B0BDE876
:10F07000F0875FFA84FA3146534642462846FFF746
:10F08000C2FE014650B1CDF80090534601222846F9
:10F09000FFF769FF0028E9D10134E3E76FF03C0096
:10F0A000E4E72DE9F74380460D461746FFF7BBFE20
:10F0B000064628B96FF00104204603B0BDE8F0838E
:10F0C0000F2DF7D808EB0509014699F8364000974F
:10F0D0002B4600224046FFF746FF0028EAD1009465
:10F0E0002B46022231464046FFF73DFF04460028EA
:10F0F000E2D100972B46012231464046FFF733FF0D
:10F1000004460028D8D1706883685B6813B13A461A
:10F110002946984789F83670CEE711F0800F18BF5E
:10F1200021F0800102684FF0010318BF10318B40BD
:10F1300022EA03030360704737B58B7900938B880D
:10F140000C461546CA78897800F049FD70B994F9E3
:10F150000230A1782A68002BB8BF21F080014FF05F
:10F160000103B8BF10318B4013432B6003B030BD97
:10F17000F8B506460D46174600F079FD044658B925
:10F1800029463846FFF7C9FF2946304600F00DFEF4
:10F19000044608B9FDF7A8FF2046F8BD2DE9F04167
:10F1A0000B7E5E0605460C462FD1190624D5FFF7C7
:10F1B0002DFA70BB2846D5F86C80268AEF8CFFF7B5
:10F1C000FCF9F8B1421E534253419B01228A9AB185
:10F1D000BE42E98C324628BF3A4691420CD9B2FB76
:10F1E000F3F103FB11223AB994F91830002BBEBF9A
:10F1F000637E43F008036376A8692146BDE8F041C9
:10F2000000F0ABBD98F80730E0E76FF01500BDE8FF
:10F21000F0814FF0FF30FAE743689869FAF750B889
:10F2200070B591F918304668002B05460C4607DB8F
:10F23000C4F81A50B0692146BDE8704000F08DBD99
:10F240003046FFF7E3F90028F2D04FF0FF3070BDF1
:10F25000806900F0CDBD806900F0A7BD38B50546D6
:10F2600080690C4600F01FFD60B914F0800F18BFD4
:10F2700024F080042A6B4FF0010318BF1034A34020
:10F2800013432B6338BD70B5054680690E4600F008
:10F2900034FD044620B9314605F13000FFF73DFF4B
:10F2A000204670BD0B0648BF21F08001006B48BFAF
:10F2B0001031C84000F00100704782B0C3698DF87A
:10F2C000001001922BB102AB13E9060002B0F9F76E
:10F2D0000BBF02B0704782B0C3698DF80010019275
:10F2E0002BB102AB13E9060002B0F9F7FDBE02B084
:10F2F0007047704703695B68D8687047436803616B
:10F30000037A63B1012B0CBF022303234375437AB5
:10F310005A1E032A05D8DFE802F00505050501237A
:10F32000F4E700230375837A062B09D0072B09D055
:10F33000052B0CBF002303238375837EC3757047A1
:10F340000123F9E70223F7E7036993F8400030B19E
:10F35000DA6B9388918910695B1A9BB2C01A704767
:10F36000036993F838007047036993F8402012B995
:10F3700093F838007047012070470369C3E907120A
:10F380007047BFF35B8F0068BFF35B8F084100F0ED
:10F390000100704738B50469BFF35B8F04F188053D
:10F3A00055E8003F43F0040345E80032002AF7D156
:10F3B000BFF35B8F636B5A89DB889A4203D004F1F9
:10F3C0002400FDF77BFB04212846FFF7DAFF28B96C
:10F3D00004F17800BDE83840FDF770BB38BD10B5CA
:10F3E0000469606BFFF70FF810B1012384F839301E
:10F3F00010BD10B50469606B4289C3889A4202D17E
:10F400004FF0FF3010BD0122FEF7FDFF0028F7D0BE
:10F4100004F17800FDF752FB0020F3E738B50469EA
:10F42000EFF31185202383F31288BFF36F8FE06B16
:10F43000FEF7C9FF85F31188BFF36F8F10B1012369
:10F4400084F8413038BD38B5034640681B695D68B3
:10F45000AC68A37A84F8223094F82D3084F82330F5
:10F46000696841B1237C33B9FFF78CF918B9686832
:10F47000FFF70BFA2074002038BD01238B40DB43DB
:10F48000BFF35B8F50E8002F1A4040E800210029AD
:10F49000F8D1BFF35B8F7047006902218830FFF716
:10F4A000ECBF006903218830FFF7E7BF08B50369A7
:10F4B000186900218830FFF7E0FFBDE8084001210E
:10F4C000FFF7DBBF0369186901218830FFF7D5BF5B
:10F4D0002DE9F04750F8483C00F140055B680746CD
:10F4E00000212846D3F80080FFF74BFF00284DD0BD
:10F4F00001212846FFF745FF002847D1BFF35B8F66
:10F5000055E8003F43F0200245E800210029F7D1EB
:10F51000BFF35B8F9B0639D4D8F810305B689B68CB
:10F52000402293F836104046FFF776FE064650B963
:10F5300028460521FFF7A1FF38462122BDE8F04704
:10F540000023FDF72BBB8146428A59F80C1F57F860
:10F550000C0CFEF758FF044601464846FEF7ECFF48
:10F5600024B114F03F0F0CBF0124002407F82D4CE8
:10F5700031464046FFF754FE40B13046F8F716FFDB
:10F5800028460521BDE8F047FFF777BFBDE8F087C3
:10F59000F8B5036947681C695B689B680D4693F87A
:10F5A0003D30097E06462AB3994204D1042104F174
:10F5B0008800FFF762FF33692A7E5B689B6893F8D7
:10F5C00036309A4204D1052104F18800FFF755FF37
:10F5D00033692A7E5B689B6893F826309A4203D190
:10F5E00004F18C00FDF72EF929463846BDE8F840B5
:10F5F000FFF72EBE994214D12A8AE968606BFEF7A4
:10F60000E2FE28B1E3691BB104F12400FDF756FACC
:10F6100004F188000421FFF730FF04F17800FDF7C2
:10F620004DFA33692A7E5B689B6893F836309A42BC
:10F6300015D1E3691BB104F12400FDF73FFA052160
:10F6400004F18800FFF719FFE36B5A89DB889A42BF
:10F6500005D00022002304F14800FDF79FFA33692A
:10F660002A7E5B689B6893F826309A42BCD104F1ED
:10F670008C00FDF78DF8B7E738B550F8783C5B683B
:10F680001D6800F11003024600211846FFF779FEBD
:10F69000002836D001211846FFF773FE88BB52F8C8
:10F6A000441C8A8888890969121A92B28A1A3F2AE8
:10F6B00027D9BFF35B8F53E8002F42F0100143E8D6
:10F6C00000100028F7D1BFF35B8FD30619D42B6944
:10F6D0005B689B68402293F83D102846FFF79CFD2D
:10F6E000044670B1438A402B28BF40234382014621
:10F6F0002846FFF795FD20B12046BDE83840F8F7D1
:10F7000055BE38BD38B550F8243C5B681A6850F8CF
:10F71000083C0446002B4BD0002300F16405838293
:10F72000838302212846FFF72CFEB8B154E9023149
:10F7300010699847637D1BB104F15400FDF7BEF9D1
:10F7400005212846FFF71DFE98B9637F6BB10022A3
:10F75000002304F12400FDF721FA0AE003212846E2
:10F76000FFF70FFE0028E1D1E4E714F8093C002B75
:10F77000EDD102212846FFF704FE38B123695A89EA
:10F78000DB889A4202D02046FDF798F903212846EB
:10F79000FFF7F7FD60B1A2699388918912695B1A3E
:10F7A0009BB29A4204D02046BDE83840FDF786B9A6
:10F7B00038BD08B5036903F1880202211046FFF73E
:10F7C000E0FD28B1596BC8884989401A18BF01204B
:10F7D00083F8380003211046FFF7D3FD40B1DA6B00
:10F7E000908891891269401A80B2801A18BF01204E
:10F7F00083F84000012008BD03691B69BFF35B8FDC
:10F80000883353E8001F41F0020143E80012002A48
:10F81000F7D1BFF35B8F704770B503691C69BFF305
:10F820005B8F04F1880555E8002F42F0010245E89E
:10F8300000210029F7D1BFF35B8F02212846FFF793
:10F84000A0FD10B11846FFF7A5FD03212846FFF7DC
:10F8500098FDA8B1E26B9388918912695B1A9BB2FB
:10F860009A4205D004F12400BDE87040FDF726B9A6
:10F8700004F148000022BDE870400023FDF78EB976
:10F8800070BD0069BFF35B8F00F1880353E8001F70
:10F8900041F0080143E80012002AF7D1BFF35B8F63
:10F8A000C26B9388918912695B1A9BB29A4202D00B
:10F8B0002430FDF703B9704710B5807A0C46F8F78D
:10F8C000EFFCC36921465868BDE8104001F08CB9CF
:10F8D000F7B50D46807A17461E46F8F7E1FC2C680E
:10F8E000C369033424F0030258682A600421CDE977
:10F8F0000076FCF737FD00B9286003B0F0BD38B5DD
:10F900000446807AF8F7CCFC6169054649B1637A10
:10F91000DB0704D4C3691B6820469B689847002313
:10F92000636121462846BDE8384001F08DBA30B504
:10F930000906847C054618D414F040001AD0298AA0
:10F94000C3F30A00C1F30A01884222D802F003007F
:10F9500002280DD003280ED0012815D114F008027A
:10F9600017D013F4C05F05D00BE014F02000E5E7DA
:10F97000C4F3800030BD14F00200FBD013F4C05F6C
:10F9800005D0C4F30010F5E704F00100F2E7012010
:10F99000F0E70020EEE7BFF35B8FD0F8A000BFF3E5
:10F9A0005B8F00F001007047BFF35B8FD0F8A000C1
:10F9B000BFF35B8FC0F3400070470269BFF35B8FFA
:10F9C00002F1A003D2F8A020BFF35B8FBFF35B8FDF
:10F9D00051B153E8001F41F0040143E80012002A2E
:10F9E000F7D1BFF35B8F704753E8001F21F004018C
:10F9F00043E80012002AF4D0F6E701F00F030906ED
:10FA0000026948BF103352F823007047007DC0F3ED
:10FA100000107047037D61F304130375704708B548
:10FA200002691046FFF7B7FF60B9087E00F00F03C8
:10FA3000000648BF103342F82310084601F0F1F9E0
:10FA4000002008BD6FF00C00FBE700220023FCF74C
:10FA50006DBE70B5054600220023FCF767FE044624
:10FA600010B106462B680BB9204670BD002200235A
:10FA70002846FCF75BFE70600028F5D00646F1E7EB
:10FA800001F0ECB901F0D5B9437E23F0070343F050
:10FA9000010343767047407EC0F3C0007047437E49
:10FAA0006FF3C303437670471FB504698DF80410E4
:10FAB000CDE90220D4F8983001A9984704B010BDD0
:10FAC0001FB50469034606208DF804002046CDE9E1
:10FAD0000213FFF760FF40B1C1F81E20D4F8982050
:10FAE00001A91846904704B010BD4FF0FF30FAE767
:10FAF0002DE9F84304468668894615461F46FFF7F8
:10FB00007CFF8046002835D0F36B204698473B8821
:10FB10002A4649464046FFF70AFF28B38BB92369B6
:10FB2000D3F88030DB0758BF402305F0030546BFFC
:10FB30004FF480634FF400711946022D07D0032D56
:10FB40000CD02046336C98470020BDE8F883B8F805
:10FB500010208A4228BF0A463A80F2E7B8F81020FF
:10FB60009A4228BF1A46F7E72046336C98476FF051
:10FB70008500EAE76FF01200E7E72DE9F047054658
:10FB8000D0F808A0894690461F46FFF736FF044686
:10FB900010B3067DF3071CD43B4642464946FFF7A7
:10FBA000C6FEC8B19DF8203084F8198026F00606FC
:10FBB000678323772675DAF8183021462846984758
:10FBC000227DB0FA80F35B0963F300022275BDE881
:10FBD000F0876FF07700FAE76FF01200F7E72DE992
:10FBE000F3411F464B06D0F8088004460D461646E2
:10FBF0001BD0D8F83C3098472069FFF7D5FE88B174
:10FC00009DF82030009329463B4632462046FFF7B8
:10FC1000B4FF0546D8F8403020469847284602B041
:10FC2000BDE8F0814FF0FF35F4E76FF01505F5E71B
:10FC300070B505468668FFF7E0FE044688B1037D8F
:10FC4000DB0711D50146F3692846984738B1237D73
:10FC500003F00103227D63F30002227570BD0346A9
:10FC6000F8E76FF01200F9E76FF07700F6E770B58C
:10FC70004B06866804460D4612D0F36B9847206900
:10FC8000FFF789FE48B129462046FFF7D1FF054618
:10FC9000336C20469847284670BD4FF0FF35F7E794
:10FCA0006FF01505F7E770B586680546F36B0C46EF
:10FCB00098472869FFF778FEB0B121462846FFF73C
:10FCC0009CFE014698B1037DDB0710D5437E03F00F
:10FCD0000303012B0ED0F3682846984704462846B4
:10FCE000336C9847204670BD4FF0FF34F7E76FF054
:10FCF0001204F4E76FF08504F1E7F8B5876806466B
:10FD0000FB6B0C4698473069FFF74EFEE0B1214689
:10FD10003046FFF772FE0546C8B1037DDB0716D5F6
:10FD2000437E03F00303012B14D001463B693046A8
:10FD30009847044618B92B7D60F341032B75304674
:10FD40003B6C98472046F8BD4FF0FF34F7E76FF063
:10FD50001204F4E76FF08504F1E770B58668054694
:10FD6000F36B0C4698472869FFF71EFEB8B1217E59
:10FD7000A9B12846FFF741FE014698B1037DDB0794
:10FD800010D5637E6FF300036376224673682846BE
:10FD9000984704462846336C9847204670BD4FF07C
:10FDA000FF34F7E76FF01204F4E770B58668054694
:10FDB000F36B0C4698472869FFF7EDFD80B12146AB
:10FDC0002846FFF71AFE014668B104681CB1B36803
:10FDD0002846984704462846336C9847204670BD0D
:10FDE0004FF0FF34F7E76FF01204F4E7F9F768BA61
:10FDF00070B586680D46F36B044698472846F8F7B9
:10FE0000D5FA2046336C9847002070BD70B58668DF
:10FE10000546F36B98472869FFF7C6FD044620B1F5
:10FE200033683BB12846984704462846336C9847C8
:10FE3000204670BD0124F8E7F8B587680669FB6BBA
:10FE4000044698472069FFF7A6FDE0B12069FFF757
:10FE5000ABFDD8B9C6F8A400FB6A20469847054612
:10FE600060B9BFF35B8FA03656E8003F43F0020352
:10FE700046E80032002AF7D1BFF35B8F20463B6C87
:10FE800098472846F8BD4FF0FF35F7E76FF0770544
:10FE9000F4E7F8B587680669FB6B04469847206964
:10FEA000FFF782FDB0B13B6B20469847BFF35B8FF5
:10FEB000054606F1A00353E8001F21F0020143E8C4
:10FEC0000012002AF7D1BFF35B8F20463B6C9847A6
:10FED0002846F8BD6FF07705F7E72DE9F0410546B4
:10FEE000D0F80880066914460F4631B32AB3D8F813
:10FEF0003C3098472869FFF74EFDD8B9C6E926740B
:10FF00002846D8F834309847044660B9BFF35B8F71
:10FF1000A03656E8003F43F0010346E80032002ACD
:10FF2000F7D1BFF35B8FD8F840302846984720467A
:10FF3000BDE8F0816FF07704F5E76FF01504F6E7A0
:10FF4000F8B587680669FB6B044698472069FFF798
:10FF50002BFDD0B92069FFF71EFDC8B1BB6B204651
:10FF60009847BFF35B8F054606F1A00353E8001FD7
:10FF700021F0010143E80012002AF7D1BFF35B8FA3
:10FF800020463B6C98472846F8BD6FF00F05F7E711
:10FF90006FF07705F4E7F8B54B7E076943F002038D
:10FFA0004B760546D7F8A8000E46FEF7A8FA0022C1
:10FFB00080212846F9F784F9044678B10146304695
:10FFC000FEF79DFA637E43F0040363760022D7F8C0
:10FFD000A8102846BDE8F840FFF772BD6FF00B028D
:10FFE000F5E7F8B50669D6F8A430022B05461BD113
:10FFF000D6F8A870FB688021DA88F9F761F9044621
:020000023000CC
:1000000078B101463846FEF77AFA637E43F0020380
:1000100063760022D6F8A8102846BDE8F840FFF71E
:100020004FBD6FF00B02F5E76FF08500F8BDF8B536
:10003000066900228021D6F8A8700546F9F740F934
:10004000044680B11FB101463846FEF758FA637E78
:1000500043F0040363760022D6F8A8102846BDE8D2
:10006000F840FFF72DBD6FF00B02F5E74A7E42F036
:1000700004024A760022FFF723BD0369D3F8A400E7
:10008000431E5842584170470369D3F8A400831EA9
:100090005842584170470369D3F8A400431F58429F
:1000A000584170470369D3F8A400C31E5842584111
:1000B000704770B50C460569607ED5F88010237EC8
:1000C000D5F8A420C00716D5FBB9E368DE8842B195
:1000D000012A03D1D5F8A800F8F768F90023C5F87C
:1000E000A430C5F8A840F6B1E3681B78DB090133FA
:1000F000C5F8A43070BD43B9012A16D0042A16D120
:10010000228A002A18BF0623F2E7052A11D0022A04
:1001100004D181F0040303F00403E9E7032A14BFC8
:1001200006230023E4E70323E2E70523E0E70623B1
:10013000DEE70023DCE7C343C3F3C01300F00F0086
:1001400000EB0310704738B50D46FFF756FC044628
:10015000FFF75CFC60B92046FFF792FC40B12846EF
:10016000F9F788F920460121BDE83840FFF752BC75
:1001700038BD38B50D46FFF740FC0446FFF746FC96
:1001800060B92046FFF77CFC40B12846F9F772F9C8
:1001900020460121BDE83840FFF73CBC38BD08B51A
:1001A00000F098FCFBF732FF002008BD00698430A6
:1001B0004FF0FF324FF0FF33FCF7F0B900698430A5
:1001C000FCF764BA4A09012301F01F018B4000EBE0
:1001D0008200BFF35B8F50E8002F1A4340E80021F4
:1001E0000029F8D1BFF35B8F70470369C9B20C22B5
:1001F00001FB0233186C00F00700704770B5C9B2FC
:100200000369EFF31185202484F31288BFF36F8F05
:100210000C2606FB0134246C14F0C00408D0A24262
:1002200006D085F31188BFF36F8F4FF0FF3070BD9C
:1002300006FB013301221A6485F31188BFF36F8F27
:10024000436803EBC1035B6898470020EFE7802217
:10025000FFF7D4BFF8B5069F0469C9B2EFF3118662
:10026000202585F31288BFF36F8F0C2505FB014411
:10027000256C05F0070CBCF1010F0CD1276486F347
:100280001188BFF36F8FC4E90E23436853F83130F0
:1002900098470020F8BD05F0C005AF4286F31188ED
:1002A000BFF36F8F0CBF6FF077004FF0FF30F1E7B7
:1002B00013B580240094FFF7CDFF02B010BD10B439
:1002C0000069CBB21C2403FB0400002110BC1047C2
:1002D0000020FBF7F3B9002000F067BB1046FCF7E5
:1002E00057BA43685B68D3F810350B60002070473D
:1002F00043685B6802EA010021EA0201C3F80805CD
:10030000C3F80C150020704743685B680020C3F8F1
:100310000815704743685B680020C3F80C157047E8
:1003200043685A68D2F8043521EA03000B40C2F84A
:100330000805C2F80C350020704710B503695868ED
:10034000F8B1884219D19C6808685860A14200D170
:100350009860002008602AB15A680A609A6859605B
:1003600002B99960002010E0814206D1086820603F
:1003700098688142EDD19C60EBE704460068002854
:10038000F2D1002AE8D16FF0150010BD13B54FF07F
:1003900080520829136E526E28BF082112BA0092AB
:1003A0001BBA0C460A466946019300F0D9FF204665
:1003B00002B010BD30B543681360057A446804EBA1
:1003C000C504A34202D36FF0010030BD5C798C42BA
:1003D00001D00833F0E70020F7E710B504692046A4
:1003E00000F097FC0023636110BDF8B587687C6856
:1003F00006469CB1436893F82630DB071DD4056997
:100400004FF0FF334FF0FF322846FCF7C7F86B6917
:10041000002B05DC00242846FCF738F92046F8BDFF
:10042000013B6B61002BF5D17B6830469847041E79
:10043000BEBF6B6901336B61EDE70024EEE7F0B4FA
:10044000D0E901631B693BB177688F4208DB3568EF
:10045000954205DCF0BC18476FF05700F0BC7047C0
:100460006FF01500FAE7F0B4D0E901631B6A3BB105
:1004700037698F4208DBF568954205DCF0BC184708
:100480006FF05700F0BC70476FF01500FAE770B4DA
:10049000D0E90162956A03460C46A5B196F824207E
:1004A00012B92B4670BC1847306A024410F8011B81
:1004B000A14202D121461846F3E79042F6D16FF0EF
:1004C000850070BC70476FF05700FAE72DE9F341E3
:1004D000D0E901470E4694F825100569FF298046AA
:1004E0000FD194F82610C1F38101022914D0D8F855
:1004F00008301B6B003918BF01214BB96FF0570052
:1005000003E0FFF7C4FF0028EBDA02B0BDE8F0819A
:10051000404698470028F8DBA268B2F1004F05D0AA
:1005200011464046FFF78BFF0028EEDB6269B2F10F
:10053000004F05D011464046FFF795FF0028E4DB49
:100540002368B3F1004F14D0D8F808305B69002B52
:10055000D4D001A9404698470028D6DB2268019BE9
:100560009A421CDD11464046FFF769FF002805DA74
:10057000CBE762686FF000439A42E5D19EB994F8E8
:1005800026309B0716D03B68404698470028BCDBC6
:10059000A069FAF7BDFB6B6901336B610AE0626821
:1005A0009342EBDDDEE76B6901336B6194F8263033
:1005B000DA0601D40020A8E74046FFF716FFA4E7BB
:1005C000012303FA01F103691B68194218BF82F085
:1005D000010212B18368DB68184783681B69FBE777
:1005E00008B54368986A38B193F82C100122FFF7D8
:1005F000E7FF00EAE07008BD6FF08500FBE74368A5
:100600001868B0F1004018BF012070470346084643
:1006100031B95B681B68B3F1004F01D013607047BC
:100620006FF015007047F7B544680546FFF7D5FE33
:10063000A06A00283AD000F077FA002838D0E38D7D
:10064000A06A94F82C1043F400320769D0F808C06F
:1006500013F0010F4FF001063B6806FA01F614BFD4
:100660003343B3433B60DCF800309847002821DB7C
:10067000A06A94F82C400669836801A95B689847D2
:10068000002809D016DB011E18BF0121284603B03F
:10069000BDE8F040FFF71ABF019B32685A400123C2
:1006A000A3401A4214BF01200020ECE70146EDE709
:1006B0006FF0120003B0F0BD4368986A20B193F860
:1006C0002C100022FFF77CBF6FF085007047436855
:1006D0001B68D3F88004C3F880047047426813682D
:1006E000D3F8100150B1D269002012780A70C3F813
:1006F0001001D3F8102101221A6070474FF0FF302B
:100700007047002A0FDD42681368D3F8100158B112
:100710000020C3F81001D269D3F8100112780A70D2
:100720000120186070470020704710B543681968B1
:100730000369EFF31182202080F31288BFF36F8FDB
:100740001868002484731B680120D8734FF4800359
:10075000C1F8043382F31188BFF36F8F10BD0369B2
:100760001A68012191731B680022DA7370470269CD
:1007700011680346C87B40B15B681B68D3F8580119
:1007800018B100230B6113689889704743681B6890
:10079000D3F81001003818BF0120704743681B6868
:1007A0001022C3F80423704743681B681022C3F863
:1007B0000823704743681B684FF40072C3F8042392
:1007C000704743681B684FF40072C3F808237047F2
:1007D00038B543681D68D5F804335B02044605D478
:1007E000D5F8040310F0100006D138BDFFF7BFFFA5
:1007F0000028F5D00120F8E72046FFF7C7FF0038B2
:1008000018BF0120F1E701207047036918680160F3
:100810001B685A60704702680346D2F8580140B915
:100820005B68DB0706D4D2F82001003818BF01202E
:1008300070470120704710B4436802691B68D3F801
:100840000413C90517D5D3F82011A1B1EFF3118115
:10085000202484F31288BFF36F8FD3F8204134B182
:100860000024C3F82041D3F820410124DC6081F347
:100870001188BFF36F8F1168D3F8584171B17CB103
:1008800000240C611168C97B19B94FF48001C3F8C9
:10089000081311688C7B1CB100238B7310BC70474C
:1008A000D3F8241121B10021C3F82411D3F8243145
:1008B00012681368002BF1D0516810BC184713B5AB
:1008C00001AA0446FFF776FD002805DB019B22689C
:1008D00019791868FAF74AF902B010BD6FF085006F
:1008E00070472DE9F041066933689C89BFF35B8F3F
:1008F00094420546A8BF14461033012753E8002F41
:10090000002A03D143E800700028F7D1BFF35B8FC2
:100910000CBF3B4600232BD133682246986800F079
:100920001FFDEFF31188202383F31288BFF36F8F2D
:1009300069680846FFF76FFF326840B910610446E6
:1009400088F31188BFF36F8F2046BDE8F0810B68F4
:100950009268C3F844250022C3F84845C3F8202113
:10096000D3F82011C3F85821D3F858219F60E7E746
:100970001C46E9E700F150039B009BB203F1804362
:1009800003F5883300221A601B687047004700F0A7
:10099000AFB8C00000F1804000F5F830C0F8101585
:1009A000C0F814257047FBF797BBFAF7FDBDF7B504
:1009B000019001A8DDE9084716461D46FAF710FF29
:1009C000019BB6F1000C18BF4FF0010C00EB830047
:1009D0000B1E18BF0123002D43EA4C0314BF4FF038
:1009E0000C0C4FF0000C002C43EA0C0314BF4FF426
:1009F000E06C4FF0000C002F43EA0C03D0F8002706
:100A000014BF4FF4403C4FF0000C43EA0C0322EAC1
:100A1000030301B109780EB13678760019430DB1A0
:100A20002D78AD0031430CB12478240229430FB155
:100A30003F783F040C433C43C0F8004703B0F0BD8F
:100A40001FB50DF10F03019300238DF80F100093D4
:100A50001A461946FFF7ABFF05B05DF804FB38B541
:100A6000054608460C46FAF70DFFB0B10846FAF7FE
:100A7000FDFE90B90846FAF7EDFE2A68012383408F
:100A8000C2F808332A6803B202EB8303D3F81025B7
:100A900022F00302C3F8102538BD20460021BDE82E
:100AA0003840FFF7CDBFFAF773BFFFF7D8BF00F1AB
:100AB00080431A68002A1FBF00221A601B680120A9
:100AC00008BF002070474FF080434FF46072C3F8B6
:100AD000042370474FF080434FF46072C3F808233B
:100AE000704708B5FBF7A8FABDE80840FAF73ABE28
:100AF00008B1F7F79BBC704710B5436904463BB992
:100B00000020E268537843F001035370404210BD67
:100B100098470028F4D00028B8BF4042E368FF2877
:100B2000A8BFFF201870ECE740B1C368587810F0F8
:100B300001001EBF1878B0FA80F040097047EFF34B
:100B40001183202383F31288BFF36F8FFEE708B56C
:100B5000FFF7F5FF2DE9F04F89B0DDE91268054692
:100B600005924346324606A80F4600F041FBDDE9F8
:100B7000063405F1140ACDE90234EFF311844FF085
:100B8000200989F31288BFF36F8F05F10C0B059ACA
:100B9000149B39462846984730B184F31188BFF337
:100BA0006F8F09B0BDE8F08F56EA0806F5D0DDE991
:100BB000022306A800F041FBDDE906685A46CDE9AC
:100BC000006821465046FCF785F9EFF3118489F35C
:100BD0001288BFF36F8FDAE710B400F10C04C0E99C
:100BE000034410BCFDF723BA38B50446EFF3118572
:100BF000202383F31288BFF36F8FFDF76AF904F1A6
:100C00000C0000F038FA30B1294604F11400BDE8B8
:100C10003840FCF7F3B985F31188BFF36F8F38BD07
:100C20004169826842EA010313F003030FD1C360F4
:100C30000369013B03FB0122002B01DA002070470E
:100C4000C16811604169C260013B521AF4E76FF05C
:100C5000150070472DE9F04105460F46EFF3118866
:100C6000202383F31288BFF36F8FC668FEB9046830
:100C7000A0421CD0DCB1D4E9003213605A60637B1F
:100C8000A66023F002036373C4E9006604F1180050
:100C900000F082FA2046C4F88860276100F09CF9D1
:100CA000414605F10800BDE8F041FCF7A7B93E60F8
:100CB000AB69EF60013BAB6188F31188BFF36F8FC5
:100CC000BDE8F08108B52024EFF3118384F3128886
:100CD000BFF36F8FFDF7D7FBF6E7D0E90032136063
:100CE0005A60427B002322F00202C0E900334273C3
:100CF0008360704713B501240094FBF781FB02B0B9
:100D000010BD90F90E308B4201D0FCF705B90020E0
:100D1000704703460020C3E90200C3E9003370476F
:100D2000D0E9003213605A60427B002322F00202B5
:100D3000C0E900334273836070472DE9F843904661
:100D400004469DF820200D4600F10809EFF31187B5
:100D5000202181F31288BFF36F8F02B14568A66826
:100D6000B14516D0AEB13046FFF7DAFF002406F1E8
:100D7000180000F011FA3046C6F88840C6F8108016
:100D800000F02AF948463946FCF738F92046BDE814
:100D9000F883A3B10820FCF71BFD002832D0012204
:100DA000C0F804800260016801F003015DB92268A7
:100DB0000A430260626820606AB960600BE0C8F8AC
:100DC00000304046EFE72A68032A10D801606168C6
:100DD00039B9C4E90000002087F31188BFF36F8F91
:100DE000D5E70A6802F0030202430A60E5E722F051
:100DF00003020A4302602A6802F0030240EA020387
:100E00002B60E8E76FF00B00E6E710B5044630B161
:100E10000268930703D0446809B100F09AFA2046AB
:100E200010BD0023C0E9003300F10803C0E902331C
:100E3000704707B50123009300230A461946FFF7C0
:100E40007CFF03B05DF804FB07B500230A4600935E
:100E50001946FFF772FF03B05DF804FB006800213C
:100E6000FFF7D3BF026801238B4022EA030303602C
:100E700022FA01F000F00100704710B5032104468A
:100E80000C30FFF7EFFF30B104F1100000F084F9EF
:100E9000B0FA80F0400910BD20B1002211469C300C
:100EA00000F01EB9704773B50446EFF31185202397
:100EB00083F31288BFF36F8F0023A0F11006032184
:100EC00004380193FFF7CEFF28B1A369019301A96C
:100ED0003046FBF797FD85F31188BFF36F8F02B0A3
:100EE00070BD38B504460D461022002100F046FAC8
:100EF000656038BD13B501900846EFF311842023D7
:100F000083F31288BFF36F8F01A9FBF77BFD84F396
:100F10001188BFF36F8F02B010BD10B5FFF7EAFF65
:100F2000041E08DDEFF31180202383F31288BFF342
:100F30006F8FFCF775F8204610BD38B53022044697
:100F40000D46002100F01AFA4FF480736560E360EB
:100F500038BDEFF30580003818BF012070476FF0EF
:100F600057007047D0E9003213605A600023C0E98F
:100F70000033704708B5FFF7F5FF437B23F002030A
:100F800043730023836008BD38B504460D46FBF764
:100F900021FF637B43F002036373E5B1A5602B6817
:100FA0009D4209D16B68C4E900531C606C6012E07B
:100FB0006A689A42F6D01B68002BF3D094F90E2091
:100FC00093F90E108A42F3D09142F1DD5A68C4E9D8
:100FD000003214605C6038BD10B5EFF3118420233B
:100FE00083F31288BFF36F8FFBF7B2FE84F311888F
:100FF000BFF36F8F10BD08B5EFF31181202282F38C
:101000001288BFF36F8F83680BB1FFF7B3FF81F3D3
:101010001188BFF36F8F08BD38B5EFF3118420231B
:1010200083F31288BFF36F8F90F86C50427B0023DC
:1010300080F86C302DB121B184F31188BFF36F8F2C
:1010400038BD12F0280FF7D183680BB1FFF792FF7C
:10105000437B23F004034373FBF77AFEECE70121A3
:101060001838FFF7D9BF10B5FFF7C5FFBDE810402E
:10107000183000F091B838B504680546AC424FF01E
:10108000000000D138BD002CFCD02046FFF7EBFF5C
:101090002046FFF7A1FF2C680120A542F1E770B5BB
:1010A00005460E46FCF764F8B6F1FF3F08BFB5F100
:1010B000FF3F0446284612D04FF47A7147F6FF737B
:1010C0000022C4FB0132D80B40EA4240B0F1004F8D
:1010D0004FEAD23272F1000228BF6FF0004070BDBB
:1010E00038B5EFF31185202383F31288BFF36F8F98
:1010F0000468A04213D0A4B1C4F88810226120462D
:10110000FFF738FF04F1180000F046F82046FBF71F
:101110001FFE012085F31188BFF36F8F38BD0020BB
:10112000F8E72046F6E72DE9F04105460E4617465A
:10113000EFF31188202383F31288BFF36F8F0468C5
:10114000A0420FD1002088F31188BFF36F8FBDE854
:10115000F08139462046B0470028F4D16B68A3429D
:10116000F0D02468002CF4D1ECE708B50246FCF777
:101170009DF970B1D0E904319B1A61EBE272B3F1D1
:10118000004F72F1000104DA002AACBF18460020BB
:1011900008BD6FF00040FBE738B50246EFF311855C
:1011A000202383F31288BFF36F8F0368CBB1FCF762
:1011B0007DF904461046FCF78BF900224FF00043FE
:1011C0008442C0E9042306D1FCF778F9FFF7CDFF8C
:1011D0000021FAF76FF8002085F31188BFF36F8FB5
:1011E00038BD6FF01500F7E708B5FCF77DFA08BDCC
:1011F000B3F1FF3F08BFB2F1FF3F70B506461D4691
:10120000144614D01A4316D0002B08DBFCF76CFAF6
:10121000041941EB0501C6E90041304670BD6FF08D
:1012200001031C1B4FF0FF3363EB0501F3E74FF0A5
:10123000FF342146EFE70024FBE7B3F1FF3F08BF8F
:10124000B2F1FF3FF8B5074616461C4610D054EAE7
:10125000020311D0FCF748FAB0420A46A141034606
:101260000AD2F31A64EB0204C7E900343846F8BD29
:101270004FF0FF331C46F7E70023FBE72DE9F34768
:101280000446DDE90A9815460E4659B302F0010AF4
:10129000FBF7CEFF0746EFF31181202383F312887B
:1012A000BFF36F8FA80744BF0023A360A36803EABE
:1012B0000600BAF1000F0CD086420CD16A0744BF79
:1012C0008343A36081F31188BFF36F8F02B0BDE841
:1012D000F0870028F2D159EA080305D181F311887B
:1012E000BFF36F8F0020F1E7C7E919652246CDE90A
:1012F000009804F10C00FBF7EDFD0028F2D1786EA8
:10130000E4E710B5D0E919424B6812F0010F03EA87
:10131000040301D09C4210D17BB14366520744BF05
:101320008A681A430B6848BF8A6003660123086015
:1013300080F86C301830FFF72FFF002010BD0A46F0
:10134000FCF7EAB90A460021FCF7E6B95200FFF7BC
:1013500095BF20B1011F50F8040CFFF745BC704742
:101360000A44914200F1FF3300D1704710B511F8E3
:10137000014B03F8014F9142F9D110BD02440346DD
:10138000934200D1704703F8011BF9E710B50246FC
:1013900001448A42134603D01C780132002CF8D154
:1013A000181A10BDF0B5C3F137070446FFB203F0B9
:1013B0001F031046082BE6B233D0102B3ED0650831
:1013C000A40844EA817445EAC1752D194FEA9102D7
:1013D00042EB5102290941EA02716D1842EB1212E7
:1013E000290A41EA02616D1842EB1222290C41EAF6
:1013F00002416D1842EB1242AD1842F10002EC08B6
:1014000044EA4274D10804EB8402A6EB4205EDB233
:10141000092D0CD90134A5F10A0541F10001EDB205
:1014200012E0E40844EA417406F00705C9083035C3
:1014300054EA010200F8015BBCD1F0BD240944EA82
:10144000017406F00F050909092D84BFED19EDB2ED
:10145000EDE70000014800687047000048080020E0
:08146000E85CFF7F01000000C1
:10146800E98302000000000000000000F0140300FF
:1014780041C302000000000081C302000000000018
:1014880000000000101503000000000030150300E4
:101498000000000070150300000000005015030054
:1014A800C1A702000000000051B1020000000000C6
:1014B8004182020000000000EDD702000000000099
:1014C800000000009015030000000000B0150300A4
:1014D80000000000D0150300598F02000000000032
:0814E800017702000000000082
:1014F0002C1F030044190300941703005803002015
:10150000340B002049A5020000000000000000008C
:101510003B1F030054190300701703005A030020F7
:10152000880B002079A902000000000000000000E4
:10153000491F03006C190300701703005C030020AF
:10154000940B002079A902000000000000000000B8
:10155000FC1E0300B8180300EC170300540300201E
:101560003000002075920200000000000000000022
:10157000841F0300E41903003018030062030020F5
:10158000BC020020F5AD0200DD08030000000000F1
:101590001E1F03002C190300E81803005603002047
:1015A0000C020020BD9602000000000000000000B8
:1015B0005F1F030084190300B01703005E030020BF
:1015C000A00B002027060300000000000000000020
:1015D0006E1F0300B4190300B0170300600300205E
:1015E000B80B0020270603000000000000000000E8
:1015F000E30A03008D090300000000006BE4020011
:101600007015030037080300000000006BE40200BF
:10161000000000006BE40200000000006BE4020028
:10162000E9BD02008D090300000000006BE4020028
:10163000000000006BE40200000000006BE4020008
:10164000000000006BE40200000000006BE40200F8
:10165000000000006BE40200000000006BE40200E8
:10166000000000006BE40200000000006BE40200D8
:10167000000000006BE4020000000000E1B1020085
:10168000000000006BE40200000000006BE40200B8
:10169000000000006BE40200000000006BE40200A8
:1016A000000000006BE40200000000006BE4020098
:1016B000000000006BE40200000000006BE4020088
:1016C000000000006BE40200000000006BE4020078
:1016D000000000006BE40200000000006BE4020068
:1016E000000000006BE40200000000006BE4020058
:1016F000000000006BE40200000000006BE4020048
:10170000000000006BE40200000000006BE4020037
:10171000000000006BE40200000000006BE4020027
:10172000000000006BE40200219E02008D0903000E
:10173000000000006BE40200000000006BE4020007
:10174000000000006BE40200000000006BE40200F7
:10175000000000006BE40200000000006BE40200E7
:10176000000000006BE40200000000006BE40200D7
:10177000C1A90200E3020300F10203000903030010
:10178000150303002103030011A802003B0303001B
:041790000000000055
:10179400A1A502004F020300B102030000000000F3
:0C17A400EB01030000000000000000004A
:1017B000E1050300B9060300FF0503000D06030061
:1017C0000000000000000000000000000000000019
:1017D0000000000000000000000000000000000009
:0C17E000000000000000000000000000FD
:1017EC00F3F3020001920200000000001DF402005D
:1017FC00DFF3020083F80200A3F4020049F30200B5
:10180C0095F3020099F402000000000061F302005D
:10181C00000000000000000069F30200B3F70200B2
:10182C007BF30200DD0603003DAD0200CF06030092
:10183C00E3080300030703002B0703005F07030003
:10184C006F0703009D070300A90703006F07030040
:10185C008D070300B5070300C3070300D10703007E
:08186C00070803000B0803004C
:101880000338FDD870470000000000200000000071
:1018900000000B06020000009C180300000000007E
:1018A000D11E03002600020600000020D91E0300FE
:1018B00022000B11600100209801002000000000B0
:1018C0000F030020AC01002000000000DC18030022
:1018D000800300200000000000000000D1F802009A
:1018E00000000000B9F80200000000001D9802008E
:1018F000D9980200A5950200599802000000000046
:10190000459502007998020089A202009D96020086
:101910000000000001A30200119D020011960200C8
:101920009F010300AD010300BD01030000000000A2
:101930000300000049960200D1A40200A1A4020005
:101940000000000021A6020015A50200D10203003C
:10195000D7020300FFFF000000030050000000005A
:10196000010000000060004000000000FFFFFFFFDA
:101970000000005000000000000000000060004077
:101980000000000000000080FFFFFF7F00000080DB
:1019900000000080FFFFFF7F00000080B80B000008
:1019A00000000000841F030000FF0A001015030060
:1019B0000800000200000080FFFFFF7F00000080A1
:1019C00000000080FFFFFF7F00000080000000009B
:1019D00000000000841F030000FF08001015030032
:1019E0000A0000020020004001000000000000008A
:1019F000041A03000000D60100000000BD0C002006
:101A0000BC0C002000200040101A0300020000005F
:101A1000281A030002000000201A0300020100003F
:101A20002B8000002C8000012B0000002C06000100
:101A3000080000000300000068140300681403009D
:101A4000B0140300B8140300E8140300F0140300FA
:101A5000E31F0300000100000000000009044F4ED6
:101A6000004F4646004C45442073746174653A202B
:101A700025730A006364635F61636D5F30004653E2
:101A800020436F6E66696775726174696F6E00439B
:101A900044432041434D2073657269616C2062614B
:101AA000636B656E64005A65706879722050726F5E
:101AB0006A656374006364635F61636D5F7365721D
:101AC00069616C0072302F61313A20203078253006
:101AD0003878202072312F61323A2020307825303A
:101AE0003878202072322F61333A20203078253028
:101AF00038780A0072332F61343A2020307825304C
:101B00003878207231322F69703A202030782530B1
:101B10003878207231342F6C723A2020307825309A
:101B200038780A0020787073723A20203078253097
:101B300038780A004661756C74696E6720696E7347
:101B40007472756374696F6E206164647265737317
:101B500020287231352F7063293A203078253038AB
:101B6000780A00556E68616E646C65642049525154
:101B70006E3A2025640A002A2A2A2A2A204D505526
:101B8000204641554C54202A2A2A2A2A0A0020207D
:101B9000537461636B696E67206572726F7220287F
:101BA000636F6E746578742061726561206D69671A
:101BB0006874206265206E6F742076616C69642998
:101BC0000A002020556E737461636B696E6720652F
:101BD00072726F720A002020446174612041636355
:101BE0006573732056696F6C6174696F6E0A0020AB
:101BF000204D4D46415220416464726573733A2012
:101C0000307825780A002020496E737472756374E9
:101C1000696F6E204163636573732056696F6C61F1
:101C200074696F6E0A002020466C6F6174696E677C
:101C30002D706F696E74206C617A79207374617491
:101C40006520707265736572766174696F6E206568
:101C500072726F720A002A2A2A2A2A205553414793
:101C600045204641554C54202A2A2A2A2A0A002077
:101C7000204469766973696F6E206279207A657293
:101C80006F0A002020556E616C69676E6564206D77
:101C9000656D6F7279206163636573730A0020203C
:101CA0004E6F20636F70726F636573736F7220691C
:101CB0006E737472756374696F6E730A00202049C5
:101CC0006C6C6567616C206C6F6164206F66204589
:101CD00058435F52455455524E20696E746F2050E0
:101CE000430A002020496C6C6567616C2075736540
:101CF000206F662074686520455053520A002020EA
:101D0000417474656D707420746F206578656375B7
:101D1000746520756E646566696E656420696E73AE
:101D20007472756374696F6E0A002A2A2A2A2A203F
:101D3000425553204641554C54202A2A2A2A2A0A21
:101D4000002020537461636B696E67206572726F47
:101D5000720A0020205072656369736520646174A3
:101D60006120627573206572726F720A00202042D2
:101D700046415220416464726573733A203078257D
:101D8000780A002020496D7072656369736520646C
:101D900061746120627573206572726F720A00202F
:101DA00020496E737472756374696F6E2062757307
:101DB000206572726F720A0052657365727665648F
:101DC00020457863657074696F6E202800537075C4
:101DD00072696F757320696E7465727275707420A4
:101DE000284952512000535053454C20696E2074AD
:101DF0006872656164206D6F646520646F6573202F
:101E00006E6F7420696E646963617465205053500D
:101E10000A002A2A2A2A2A204841524420464155AB
:101E20004C54202A2A2A2A2A0A002020427573208C
:101E30006661756C74206F6E20766563746F7220B6
:101E40007461626C6520726561640A0020204465DB
:101E5000627567206576656E740A0020204661759C
:101E60006C7420657363616C6174696F6E20287394
:101E700065652062656C6F77290A00415243485FAF
:101E800045584345505420776974682072656173E2
:101E90006F6E2025780A0A002A2A2A2A2A204465F9
:101EA000627567206D6F6E69746F72206578636507
:101EB0007074696F6E202A2A2A2A2A0A002A2A2A7E
:101EC0002A2A20257320256429202A2A2A2A2A0A38
:101ED00000464C4153485F30005352414D5F300043
:101EE00000000100000030313233343536373839E4
:101EF000414243444546007573626400626F6172FB
:101F0000645F6364635F61636D5F756172740075C4
:101F100064635F6E726678000001010101017573F0
:101F2000626440343030323730303000636C6F637D
:101F30006B403430303030303030006770696F4083
:101F40003530303030333030006770696F403530B5
:101F50003030303030300000010203040506076CD9
:101F6000736D3664733374722D632D656E006D73FB
:101F70006D3236316433353236686963706D2D6386
:101F80002D656E00756172744034303030323030FF
:101F900030000000000000010100000000000020EF
:101FA0003030303030303030303030303030000190
:101FB0000000010000006D61696E002A2A2A20429B
:101FC0006F6F74696E67205A6570687972204F531D
:101FD000206275696C642076342E332E30202A2AD4
:101FE0002A0A00737973776F726B7100286E756CB3
:0C1FF0006C29002A666C6F61742A0000E6
:101FFC0000000000599002000000000000010000E9
:10200C0000000000000000000000000000000000C4
:10201C0000000000000000000000000000000000B4
:10202C005015030000C20100000008000000000071
:10203C000000000000000000000000000000000094
:10204C000000000000000000000000000000000084
:10205C00000000008401002000000000700100203E
:10206C000000000000000000000000000000000064
:10207C000000000000000000000000000000000054
:10208C000000000000000000000000000000000044
:10209C000000000000000000000000000000000034
:1020AC00000000000000000000000000BC00002048
:1020BC00BC00002000000000010000000000000037
:1020CC00A9E0020000000000F4020020E80000205B
:1020DC0000000000000000000000000000000000F4
:1020EC0000040100000000007E1A0300220300001F
:1020FC0000000000000000000003030000000000CE
:10210C0000000000000300000000000000000000C0
:10211C0000020100000000008F1A03002E030000D3
:10212C0000000000000000000001010000000000A1
:10213C00A61A03001E0300000000000000000000AF
:10214C0000000000000000005C1A03000403000003
:10215C0000000000DFE402000000000000000000AE
:10216C00F82C00200000000000000000000000001F
:10217C0000040000F8300020000000000000000007
:10218C000000000000040000741A030000000000AE
:10219C00D801002000000000501503000F030020A0
:1021AC001703002020030020250300202A03002011
:1021BC002E030020330300203A03002043030020A9
:1021CC004A0300205103002000000000F3F202003B
:1021DC0059910200B991020091F50200F9F7020041
:1021EC00C5F402000000000019F80200ADF4020072
:1021FC0047F4020000000000F5F2020000000000AD
:10220C0000000000000000000000000000000000C2
:10221C0000000000000000000000000000000000B2
:10222C0000000000000000000000000000000000A2
:10223C000000000000000000000000000000000092
:10224C000000000000000000000000000000000082
:10225C000000000000000000000000000000000072
:10226C000000000000000000000000000000000062
:10227C000000000000000000000000000000000052
:10228C0090020020900200200000000000000000DE
:10229C000E00000000000000000000000000000024
:1022AC00000000000000000000000000CC02002034
:1022BC000000000000000000000000000000000012
:1022CC0000000000BE0C00202000000000000000F8
:1022DC00FF000000FFFF0F0090020000EC02002046
:1022EC00EC02002009020000000100807D120100B8
:1022FC0002EF020140E32F04000304000000000879
:10230C000B0002020200000904000001020200009E
:10231C0005240010010524010001042402020524F7
:10232C000600010705810310000A09040100020AD6
:10233C000000000705820240000007050102400072
:03234C000000008E
:10234F00000000000000000000000000000000007E
:01235F00007D
:1023600064030020640300203826002000000000E1
:0C23700008000000100000000000000049
:10237C0000000000B826002000040000000000004F
:04238C00000000004D
:1023900094030020940300200C0000000A000000B9
:1023A000C025002038260020C0250020C0250020A0
:0823B000000000000000000025
:1023B800BC030020BC030020010000000100000055
:0C23C800CC030020CC030020000000002B
:1023D4000000000000000000E0030020E0030020F3
:1023E400100010000A000000FFF80200CC180300DF
:0423F400B82A0020E3
:1023F800B51A030000000000000000000000000003
:10240800000000000000000090150300000000001C
:1024180000000000000000000000000000000000B4
:1024280000000000000000000000000000000000A4
:102438000000000000000000000000000000000094
:102448000000000000000000000000000000000084
:10245800000000000000000000000000FD02002055
:042468000000000070
:10246C0000000000980100200000000000000000A7
:08247C00000000000000000058
:0424840015E015E06A
:0400000320007CB1AC
:00000001FF
