:020000022000DC
:10700000006F00201DFC0200EFED040009FC0200EF
:1070100009FC020009FC020009FC0200000000005B
:1070200000000000000000000000000015FD02004C
:1070300009FC02000000000081FC020009FC0200C3
:10704000A9FF0200A90A0400A9FF0200A9FF02008B
:10705000A9FF0200A9FF0200A9FF0200A9FF020088
:10706000A9FF0200A9FF0200A9FF0200A9FF020078
:10707000A9FF0200A9FF0200A9FF0200A9FF020068
:10708000A9FF0200A9FF0200A9FF0200A9FF020058
:10709000A9FF0200A9FF0200A9FF0200A9FF020048
:1070A000A9FF0200A9FF0200A9FF0200A9FF020038
:1070B000A9FF0200A9FF0200A9FF0200A9FF020028
:1070C000A9FF0200A9FF0200A9FF0200A9FF020018
:1070D000A9FF0200A9FF0200A9FF0200A9FF020008
:1070E000A9FF0200A9FF0200A9FF0200A9FF0200F8
:1070F000A9FF0200A9FF0200A9FF0200A9FF0200E8
:1071000090F800F06DE9024520F007016FF0000CE7
:1071100010F0070491F820F040F049804FF000048F
:107120006FF00700D1E9002391F840F000F108006A
:1071300082FA4CF2A4FA8CF283FA4CF3A2FA8CF3A2
:107140004BBBD1E9022382FA4CF200F10800A4FA09
:107150008CF283FA4CF3A2FA8CF3E3B9D1E904235D
:1071600082FA4CF200F10800A4FA8CF283FA4CF394
:10717000A2FA8CF37BB9D1E9062301F1200182FA4E
:107180004CF200F10800A4FA8CF283FA4CF3A2FA54
:107190008CF3002BC6D0002A04BF04301A4612BA62
:1071A000B2FA82F2FDE8024500EBD2007047D1E965
:1071B000002304F00305C4F100004FEAC50514F0F4
:1071C000040F91F840F00CFA05F562EA05021CBFC5
:1071D00063EA050362464FF00004A9E700000000DF
:1071E000A2EB0300704700BF02780B78012A28BF8A
:1071F0009A42F5D16DE9044540EA0104CDE9026700
:107200006FF0000C4FEA447212B380EA010414F0EC
:10721000070F6AD100F0070420F0070004F003050F
:1072200021F007014FEAC505F0E8042314F0040F2C
:10723000F1E804670CFA05F462EA040266EA04065F
:107240000AD063EA0403624667EA0407664603E07D
:10725000F0E80423F1E8046782FA4CF582EA0604B8
:10726000A4FA8CF46CBB83FA4CF583EA0705A5FA03
:107270008CF595B950E9022351E9026782FA4CF581
:1072800082EA0604A4FA8CF483FA4CF583EA070533
:10729000A5FA8CF52543DBD09CB92DBAB5FA85F457
:1072A00024F0070427FA04F1DDE9026723FA04F366
:1072B00003F0FF0001F0FF01FDE80445A0EB010031
:1072C000704724BAB4FA84F424F0070426FA04F1CF
:1072D000DDE9026722FA04F202F0FF0001F0FF018B
:1072E000FDE80445A0EB0100704714F0030F3CD10A
:1072F00010F0030428D150F8082B51F8083B82FA0B
:107300004CF582EA0305A5FA8CF55DB950F8042C1A
:1073100051F8043C82FA4CF582EA0305A5FA8CF593
:10732000002DE8D02DBAB5FA85F424F0070423FA2D
:1073300004F122FA04F202F0FF0001F0FF01FDE87F
:107340000445A0EB010070474FEAC40420F003009D
:1073500050F8082B21F0030151F8083B0CFA04F413
:1073600062EA040263EA0403C9E710F003041AD0D6
:10737000A1EB040120F00300E40750F8042B06D031
:107380000FD28B785FFAA2F4E41A06D12BB1CB7836
:107390005FFAB2F4E41A00D11BB920465DF8104B35
:1073A000704701F1040150F8042BCC0721F00301D0
:1073B00051F8043B48D824D222F07F4482FA4CF59D
:1073C00094EA1325A5FA8CF50AD165B951F8043B66
:1073D00084EA0204B4EB036F0ED150F8042BEBE700
:1073E0004FEA132355E035F07F454DD10878FDE88D
:1073F0000445C0F1000070474FEA126203F0FF033A
:1074000047E002EA1C4482FA4CF594EA1345A5FAD7
:107410008CF50AD165B951F8043B84EA0204B4EB57
:10742000034F0CD150F8042BEBE74FEA134330E045
:1074300015EA1C4528D10B884FEA124229E04FEA91
:10744000124203EA1C4324E002F0FF0482FA4CF5E6
:1074500094EA1365A5FA8CF50AD165B951F8043B95
:1074600084EA0204B4EB032F09D150F8042BEBE7B4
:107470004FEA13630DE015F0FF0F05D10B684FEADB
:10748000122223F07F4304E04FF00000FDE80445A2
:10749000704712BA1BBA82FA4CF482EA0304A4FAC7
:1074A0008CF5B5FA85F402FA04F203FA04F34FEA14
:1074B0001260FDE80445A0EB136070470000000077
:1074C00001F0FF01102A2BDB10F0070F08D010F895
:1074D000013B013A8B422DD010F0070F42B3F6D199
:1074E000F0B441EA012141EA014122F007047FF0B2
:1074F00000070023F0E80256083C85EA010586EA09
:10750000010685FA47F5A3FA87F586FA47F6A5FA44
:1075100087F68EB9EED1F0BC01F0FF0102F0070250
:1075200032B110F8013B013A83EA010313B1F8D1FB
:107530000020704701387047002D06BF35460338DC
:10754000073815F0010F07D1013015F4807F02BF15
:10755000013015F4C03F0130F0BC0138704700BF66
:10756000844641EA000313F003036DD1403A41D34E
:1075700051F8043B40F8043B51F8043B40F8043B0D
:1075800051F8043B40F8043B51F8043B40F8043BFD
:1075900051F8043B40F8043B51F8043B40F8043BED
:1075A00051F8043B40F8043B51F8043B40F8043BDD
:1075B00051F8043B40F8043B51F8043B40F8043BCD
:1075C00051F8043B40F8043B51F8043B40F8043BBD
:1075D00051F8043B40F8043B51F8043B40F8043BAD
:1075E00051F8043B40F8043B51F8043B40F8043B9D
:1075F000403ABDD2303211D351F8043B40F8043B3D
:1076000051F8043B40F8043B51F8043B40F8043B7C
:1076100051F8043B40F8043B103AEDD20C3205D34C
:1076200051F8043B40F8043B043AF9D2043208D044
:10763000D2071CBF11F8013B00F8013B01D30B88B6
:1076400003806046704700BF082A13D38B078DD094
:1076500010F003038AD0C3F10403D21ADB071CBF66
:1076600011F8013B00F8013B80D331F8023B20F8D0
:10767000023B7BE7043AD9D3013A11F8013B00F809
:10768000013BF9D20B7803704B7843708B78837091
:107690006046704781F0004102E000BF83F0004384
:1076A00030B54FEA41044FEA430594EA050F08BF9D
:1076B00090EA020F1FBF54EA000C55EA020C7FEA61
:1076C000645C7FEA655C00F0E2804FEA5454D4EBDE
:1076D0005555B8BF6D420CDD2C4480EA020281EAA8
:1076E000030382EA000083EA010180EA020281EAE0
:1076F0000303362D88BF30BD11F0004F4FEA013132
:107700004FF4801C4CEA113102D0404261EB410140
:1077100013F0004F4FEA03334CEA133302D05242C6
:1077200063EB430394EA050F00F0A780A4F1010482
:10773000D5F1200E0DDB02FA0EFC22FA05F28018BC
:1077400041F1000103FA0EF2801843FA05F35941A2
:107750000EE0A5F120050EF1200E012A03FA0EFC21
:1077600028BF4CF0020C43FA05F3C01851EBE3714B
:1077700001F0004507D54FF0000EDCF1000C7EEB68
:1077800000006EEB0101B1F5801F1BD3B1F5001FA6
:107790000CD349085FEA30004FEA3C0C04F10104C5
:1077A0004FEA445212F5800F80F09A80BCF1004FEE
:1077B00008BF5FEA500C50F1000041EB045141EA70
:1077C000050130BD5FEA4C0C404141EB0101013C39
:1077D00028BFB1F5801FE9D291F0000F04BF014628
:1077E0000020B1FA81F308BF2033A3F10B03B3F1FA
:1077F00020020CDA0C3208DD02F1140CC2F10C028A
:1078000001FA0CF021FA02F10CE002F11402D8BFE7
:10781000C2F1200C01FA02F120FA0CFCDCBF41EAB3
:107820000C019040E41AA2BF01EB0451294330BD82
:107830006FEA04041F3C1CDA0C340EDC04F114045F
:10784000C4F1200220FA04F001FA02F340EA030036
:1078500021FA04F345EA030130BDC4F10C04C4F17C
:10786000200220FA02F001FA04F340EA030029465C
:1078700030BD21FA04F0294630BD94F0000F83F4A6
:10788000801306BF81F480110134013D4EE77FEA89
:10789000645C18BF7FEA655C29D094EA050F08BFD5
:1078A00090EA020F05D054EA000C04BF19461046B6
:1078B00030BD91EA030F1EBF0021002030BD5FEAFA
:1078C000545C05D14000494128BF41F0004130BD22
:1078D00014F580043CBF01F5801130BD01F0004576
:1078E00045F0FE4141F470014FF0000030BD7FEAE9
:1078F000645C1ABF194610467FEA655C1CBF0B46E4
:10790000024650EA013406BF52EA033591EA030FFA
:1079100041F4002130BD00BF90F0000F04BF0021F2
:10792000704730B54FF4806404F132044FF0000525
:107930004FF0000150E700BF90F0000F04BF00219E
:10794000704730B54FF4806404F1320410F0004504
:1079500048BF40424FF000013EE700BF42004FEAFF
:10796000E2014FEA31014FEA02701FBF12F07F437C
:1079700093F07F4F81F06051704732F07F4208BF33
:10798000704793F07F4F04BF41F40021704730B53A
:107990004FF4607401F0004521F000411CE700BF86
:1079A00050EA010208BF704730B54FF000050AE009
:1079B00050EA010208BF704730B511F0004502D50A
:1079C000404261EB41014FF4806404F132045FEA0C
:1079D000915C3FF4D8AE4FF003025FEADC0C18BFB5
:1079E00003325FEADC0C18BF033202EBDC02C2F1A7
:1079F000200300FA03FC20FA02F001FA03FE40EA39
:107A00000E0021FA02F11444BDE600BF70B54FF03C
:107A1000FF0C4CF4E06C1CEA11541DBF1CEA13551A
:107A200094EA0C0F95EA0C0F00F0DEF82C4481EA82
:107A3000030621EA4C5123EA4C5350EA013518BFA2
:107A400052EA033541F4801143F4801338D0A0FB8F
:107A500002CE4FF00005E1FB02E506F00042E0FB3C
:107A600003E54FF00006E1FB03569CF0000F18BF42
:107A70004EF0010EA4F1FF04B6F5007F64F54074EA
:107A800004D25FEA4E0E6D4146EB060642EAC6217D
:107A900041EA55514FEAC52040EA5E504FEACE2EEA
:107AA000B4F1FD0C88BFBCF5E06F1ED8BEF1004FED
:107AB00008BF5FEA500E50F1000041EB045170BD69
:107AC00006F0004646EA010140EA020081EA0301AD
:107AD000B4EB5C04C2BFD4EB0C0541EA045170BDA9
:107AE00041F480114FF0000E013C00F3AB8014F123
:107AF000360FDEBF002001F0004170BDC4F100046C
:107B0000203C35DA0C341BDC04F11404C4F12005EC
:107B100000FA05F320FA04F001FA05F240EA020047
:107B200001F0004221F0004110EBD37021FA04F67D
:107B300042EB06015EEA430E08BF20EAD37070BD37
:107B4000C4F10C04C4F1200500FA04F320FA05F096
:107B500001FA04F240EA020001F0004110EBD37098
:107B600041F100015EEA430E08BF20EAD37070BD08
:107B7000C4F1200500FA05F24EEA020E20FA04F3E1
:107B800001FA05F243EA020321FA04F001F0004190
:107B900021FA04F220EA020000EBD3705EEA430E01
:107BA00008BF20EAD37070BD94F0000F0FD101F030
:107BB0000046400041EB010111F4801F08BF013C69
:107BC000F7D041EA060195F0000F18BF704703F0A7
:107BD0000046520043EB030313F4801F08BF013D2E
:107BE000F7D043EA0603704794EA0C0F0CEA1355EA
:107BF00018BF95EA0C0F0CD050EA410618BF52EAA4
:107C00004306D1D181EA030101F000414FF00000A9
:107C100070BD50EA410606BF1046194652EA4306B7
:107C200019D094EA0C0F02D150EA013613D195EA2B
:107C30000C0F05D152EA03361CBF104619460AD173
:107C400081EA030101F0004141F0FE4141F470017D
:107C50004FF0000070BD41F0FE4141F4780170BD6D
:107C600070B54FF0FF0C4CF4E06C1CEA11541DBFD2
:107C70001CEA135594EA0C0F95EA0C0F00F0A7F8D4
:107C8000A4EB050481EA030E52EA03354FEA013101
:107C900000F088804FEA03334FF0805545EA131314
:107CA00043EA12634FEA022245EA111545EA1065DC
:107CB0004FEA00260EF000419D4208BF964244F173
:107CC000FD0404F5407402D25B084FEA3202B61A92
:107CD00065EB03055B084FEA32024FF480104FF466
:107CE000002CB6EB020E75EB030E22BFB61A7546DA
:107CF00040EA0C005B084FEA3202B6EB020E75EB6D
:107D0000030E22BFB61A754640EA5C005B084FEAD4
:107D10003202B6EB020E75EB030E22BFB61A7546A1
:107D200040EA9C005B084FEA3202B6EB020E75EBAC
:107D3000030E22BFB61A754640EADC0055EA060E6D
:107D400018D04FEA051545EA16754FEA06164FEAB0
:107D5000C30343EA52734FEAC2025FEA1C1CC0D15C
:107D600011F4801F0BD141EA00014FF000004FF0E9
:107D7000004CB6E711F4801F04BF01430020B4F1AA
:107D8000FD0C88BFBCF5E06F3FF6AFAEB5EB030C62
:107D900004BFB6EB020C5FEA500C50F1000041EB5F
:107DA000045170BD0EF0004E4EEA113114EB5C042C
:107DB000C2BFD4EB0C0541EA045170BD41F48011FF
:107DC0004FF0000E013C90E645EA060E8DE60CEA07
:107DD000135594EA0C0F08BF95EA0C0F3FF43BAF24
:107DE00094EA0C0F0AD150EA01347FF434AF95EADB
:107DF0000C0F7FF425AF104619462CE795EA0C0FBF
:107E000006D152EA03353FF4FDAE1046194622E78B
:107E100050EA410618BF52EA43067FF4C5AE50EA65
:107E200041047FF40DAF52EA43057FF4EBAE12E755
:107E30004FF0FF3C06E000BF4FF0010C02E000BF36
:107E40004FF0010C4DF804CD4FEA410C7FEA6C5C19
:107E50004FEA430C18BF7FEA6C5C1BD001B050EABC
:107E6000410C0CBF52EA430C91EA030F02BF90EAA7
:107E7000020F0020704710F1000F91EA030F58BF66
:107E8000994208BF90422CBFD8176FEAE37040F0C8
:107E9000010070474FEA410C7FEA6C5C02D150EA66
:107EA000013C07D14FEA430C7FEA6C5CD6D152EA21
:107EB000033CD3D05DF8040B704700BF84461046E6
:107EC00062468C461946634600E000BF01B5FFF7E5
:107ED000B7FF002848BF10F1000F01BD4DF808EDB5
:107EE000FFF7F4FF0CBF012000205DF808FB00BF86
:107EF0004DF808EDFFF7EAFF34BF012000205DF8E0
:107F000008FB00BF4DF808EDFFF7E0FF94BF01202C
:107F100000205DF808FB00BF4DF808EDFFF7CEFF2D
:107F200094BF012000205DF808FB00BF4DF808ED6C
:107F3000FFF7C4FF34BF012000205DF808FB00BF3D
:107F40004FEA410C7FEA6C5C02D150EA013C0AD155
:107F50004FEA430C7FEA6C5C02D152EA033C02D147
:107F60004FF0000070474FF0010070474FEA4102A8
:107F700012F5001215D211D56FF47873B3EB62527B
:107F800012D94FEAC12343F0004343EA505311F0A2
:107F9000004F23FA02F018BF404270474FF0000034
:107FA000704750EA013005D111F0004008BF6FF072
:107FB000004070474FF00000704700BF53B94AB906
:107FC000002908BF00281CBF4FF0FF314FF0FF30E1
:107FD00000F00CB8ADF1080C6DE904CE00F008F823
:107FE000DDF804E0DDE9022304B07047704700BF0C
:107FF0002DE9F04786468C460846089E154674468D
:108000001946002B40F0C2808542B2FA82F245D96F
:108010004AB1C2F1200300FA02FC2EFA03F39540A4
:1080200043EA0C0C94404FEA154EA8B2BCFBFEF894
:10803000230C0EFB18CC08FB00F943EA0C439945CE
:1080400028D9EB1808F1FF3704D2994502D9A8F1D5
:1080500002072B44A3EB0903A4B2B3FBFEFC0EFB07
:108060001C330CFB00F044EA0344A04214D92C1941
:108070000CF1FF3304D2A04202D9ACF102032C442C
:10808000241A43EA07401EB1D440002334607360D1
:10809000BDE8F0874746DDE76346F1E792BB431B47
:1080A00001214FEA154EAFB2B3FBFEFC200C0EFBD4
:1080B0001C330CFB07F840EA0343984562D9EB18E0
:1080C0000CF1FF3004D2984502D9ACF102002B44E8
:1080D000A3EB0803A4B2B3FBFEFC0EFB1C330CFBAA
:1080E00007F744EA0344A7424ED92C190CF1FF3399
:1080F00004D2A74202D9ACF102032C44E41B43EAA8
:108100000040C0E7C2F1200320FA03F195409040FF
:108110002EFA03F303434FEA154EAFB2B1FBFEFC58
:108120000EFB1C10190C0CFB07F841EA00418845B6
:1081300004FA02F422D969180CF1FF3004D2884500
:1081400002D9ACF102002944A1EB08019BB2B1FBBA
:10815000FEFC0EFB1C110CFB07F743EA01439F4298
:108160000ED9EB180CF1FF3104D29F4202D9ACF1C9
:1081700002012B44DB1B41EA004192E76046E3E742
:108180006146F7E76046A3E76346B7E7834206D94F
:1081900016B9002108467BE7C6E900E0F9E7B3FA23
:1081A00083F78FB9834201D3724508D8BEEB02042E
:1081B00060EB030301209C461EB9002168E73846A6
:1081C000FAE7C6E9004CF8E7C7F1200CBB4022FAF9
:1081D0000CF41C432EFA0CF120FA0CF3B8400143C6
:1081E0004FEA14490EFA07F5B3FBF9F81FFA84FEBB
:1081F00009FB18300B0C08FB0EFA43EA00439A45C2
:1082000002FA07F240D9E31808F1FF3004D29A4588
:1082100002D9A8F102002344A3EB0A0389B2B3FBFD
:10822000F9F809FB183308FB0EFE41EA03418E45BD
:108230002CD9611808F1FF3304D28E4502D9A8F178
:108240000203214443EA0040A0FB0298A1EB0E0187
:108250004145CE46434602D306D14D4504D2B9EB43
:10826000020E68EB04030138002EA6D0B5EB0E0217
:1082700061EB030101FA0CFC22FA07F34CEA030359
:10828000F940C6E9003198E74046C5E74346D9E7DB
:108290002DE9F04F9FB08246039117461C460025FA
:1082A000387810B9284600F0A6BD252809D00399D2
:1082B000D0470028C0F29F857B1C01350593059FA0
:1082C000EEE71822002110A822F072FC7B78252B03
:1082D00000F0BC800023791C98469E469C461846B8
:1082E0000E4611F8012B2B2A00F0E38000F2DA8011
:1082F000202A00F0E180232A00F0E1802BB19DF8D4
:10830000483043F040038DF84830B8F1000F05D0F5
:108310009DF8483043F020038DF84830BEF1000F3F
:1083200005D09DF8483043F010038DF84830BCF17B
:10833000000F05D09DF8483043F008038DF8483011
:1083400028B19DF8483043F004038DF848309DF87B
:10835000483003F04401442903D16FF386138DF8AC
:1083600048309DF848300E9643F080032A2A8DF855
:10837000483040F0A9809DF8493043F001038DF862
:108380004930731C1A782E2A9DF849200CBF012110
:10839000002161F341028DF849200CD15A1C0E9244
:1083A0005A782A2A40F0A0809DF8492042F0040221
:1083B0008DF8492002331A786C2A00F0C18000F24F
:1083C000A380682A00F0A9806A2A00F0C2804C2AA3
:1083D00000F0C78013F8012B0593782A8DF84B2005
:1083E00000F209816D2A00F2C980692A00F2038136
:1083F000572A00F2E280412A04D0A2F14503022B61
:1084000000F2F9809DF84A3002F0DF020421A2F167
:10841000410961F30203D9F100029DF849108DF87A
:108420004A3042EB090262F3C7110A068DF849107F
:10843000CBB200F11F8103F07802182A40F00981C5
:108440006FF3C6038DF849300023F8E08DF84B3008
:10845000BB1C05939DF849309DF84A20DE0702F0C9
:10846000070040F1098154F8041B0491002908DA3F
:108470009DF8481041F004018DF8481004994942D4
:108480000491590740F1008154F8046B002E80F2EA
:10849000FF809DF849306FF341038DF849304FF06C
:1084A000FF36F5E02D2A0DD0302A7FF427AF0123C7
:1084B00016E74FF0010C13E74FF0010E10E74FF0F5
:1084C00001080DE701200BE70EA805F031FE0E9B19
:1084D000B3423FF457AF9DF848201390C00F60F3AC
:1084E00041028DF848204DE70EA805F021FE9DF8C9
:1084F00048301490C3F3400242EAD07262F3410361
:108500008DF848300E9B56E7742A26D07A2A7FF4DD
:1085100061AF9DF8492006210CE05A78682A9DF841
:10852000492006D1012161F3C6028DF849200233AA
:1085300050E7022161F3C6028DF84920013349E773
:108540005A786C2A9DF8492001D10421EBE70321D8
:10855000F0E79DF849200521ECE79DF84920072127
:10856000E8E7BDF8482022F4F04222F0020242F48B
:10857000804242F00202ADF84820DFE76E3AD3B203
:1085800001229A4040F282431A429DF8493039D183
:1085900012F0240F61D1D1072DD59DF84A2003F0A8
:1085A0007803A3F14008032161F30202D8F100032C
:1085B0008DF84A2043EB080341E0A2F15801C9B20B
:1085C000012000FA01F111F4624F7FF41BAF40F675
:1085D000010319429DF849301AD111F4043F0AD021
:1085E0009DF84A2060F3020203F07803402B8DF8D7
:1085F0004A207FF429AF9DF8483043F001038DF8FD
:10860000483021E79DF84A20022161F30202EBE79E
:108610009DF84A10022003F0780360F30201402B1A
:108620008DF84A1002BF9DF8481041F001018DF805
:108630004810632A7FF408AF003B18BF01239DF860
:108640004820C2F340010B4363F341028DF84820F8
:1086500000E713F0380FCED1F6E69DF84A2003214B
:1086600013F0780F61F302028DF84A2014BF012342
:108670000023E4E70123E2E79DF948100029B4BF95
:1086800013994FF0FF31FBE69E077FF508AF149E6C
:1086900000230428CDE913339DF8493007D1990709
:1086A00005D49DF949100029ACBF06260D2602F01D
:1086B0000702012AC3F3C30332D1DA1E042A04D805
:1086C000DFE802F02045452020002268012B4FEA18
:1086D000E271CDE910211BD19DF94020D117CDE9E0
:1086E000102104349DF84820069292074FD0059B34
:1086F00003993A46504625F052FB0028C0F27B838E
:108700000544DCE554F8042BD117CDE91021E9E745
:10871000022BE6D111B242F3C032CDE91012E0E7EC
:10872000022A24D1DA1E042A04D8DFE802F0181045
:1087300010181800012B54F8042B4FF0000114D02E
:10874000022BCDE91021CDD192B21092CAE70734A5
:1087500024F00704F4E80201CDE91001C2E754F85F
:10876000042B109200221192BCE7D2B2CDE7042A6A
:1087700008D1073424F00704D4E900010834CDE916
:108780001001AFE7032AADD154F8042BDDE79DF8C3
:108790004B80B8F1780F3FF692ADB8F1570F5CD827
:1087A000B8F1250F00F0A480B8F1240F7FF687AD53
:1087B000B8F1410F04D0A8F14503022B3FF67FAD7D
:1087C000DDE91023002BC0F24D810699080700F166
:1087D0004C81C1F300194FEA4919C3F30A51C3F39D
:1087E0001303002940F0448152EA030014BF4FF004
:1087F000010C4FF0000CD80240EA5250D702CDE9EC
:108800000C70B8F1460F47EA010740EAE17008BF73
:108810004FF06608384300F0B881BCF1000F10D06B
:108820001B0343EA125317033A4618464FF0000C55
:10883000002880F25681BCF1000F40F05981CDE94B
:108840000C730D9B43F00043A1F2FE3B0D930021FE
:10885000DDE90C230F46052060E1A8F15802202A2B
:108860003FF62DAD01A151F822F000BF378A02007A
:10887000BF820200BF820200BF820200BF820200EC
:10888000BF820200BF820200BF820200BF820200DC
:10889000C1870200BF820200E3890200F78902005B
:1088A000C1870200C1870200C1870200BF820200A7
:1088B000F7890200BF820200BF820200BF8202006D
:1088C000BF8202003D8A0200378A020087890200C7
:1088D000BF820200BF82020001890200BF82020043
:1088E000378A0200BF820200BF820200378A02007C
:1088F00003994046D0470028C0F27D820135DEE46E
:10890000002E109F3BDB3146384622F0A5FA002F9F
:108910003FF4D5AC3E18F31B4FF000099DF84A20F8
:1089200012F01001069100F05B82023312F0400257
:10893000DDF84C80089218BF149ACDF81C8043448F
:1089400018BF9B18049A002A40F36582D31A9DF839
:10895000482004935007C2F3800B00F15C8251065B
:1089600040F14C82B9F1000F07D003994846D04737
:108970000028C0F240820135D94630223FE2384615
:10898000FEF7BEFBC6E71098002800F024820DF128
:108990007503009312AA17AB002105F0DFFBBDF8A9
:1089A0004A3003F0EF0343F4F04343F0100307466B
:1089B000ADF84A304FF00009002E0CDB9DF848203E
:1089C0000DF17503DB1B6FF386129E428DF8482074
:1089D00001D9F31A1393002F3FF471AC0DF1750612
:1089E0006DE0109B8DF85C304FF000090DF15D06D5
:1089F00017AF012392E7069B1F0758BFC3F3001967
:108A0000DDE9102354BF4FEA49194FF02B09002B21
:108A100006DA524263EB4303CDE910234FF02D09F0
:108A20000DF175030093DDE9100117AB12AA05F0F3
:108A300095FB0746C0E74FF00009F1E7109A072BB6
:108A40003FF63DACDFE803F00C04060C08080C0C04
:108A5000157034E4158032E4EB17C2E900532EE4BC
:108A600015602CE44FF02D09B7E64FF02B09B4E662
:108A700040F2FF70814231D108F10108A2495FFA4A
:108A800088F8134311F8081001F003011ED10129E1
:108A90000BBF492369234E216E210CBF462266225B
:108AA0008DF85C309DF848308DF85D106FF38613BB
:108AB0008DF85E208DF848300DF15F0617AFF31B7F
:108AC000B9F1000F3FF42AAF013327E7012915BFA1
:108AD0006E234E23612141211A46E1E74FF0000C3D
:108AE00089E6921801F1FF3140414FF0010C9FE6F9
:108AF000CDE90C20A5E6520842EAC3725B08B3F147
:108B0000333F59460BF1010BF5D200FB03FCA2FBEE
:108B1000002301F1020B6344013F01211BF1020F0D
:108B2000E9DB09B1CDE90C23BBF1000FDDE90C3223
:108B30002EDCCBF10401A1F120000BF11C0B02FA99
:108B40000BFB22FA00F0CA40CB40079208F0DF028C
:108B500043EA0B03472A43EA00037DD1F91C01DBFA
:108B6000BE422BDAA8F10208002E5FFA88F87CDDFD
:108B70009DF84820920606F1FF3676D4B6F1000B38
:108B800018BF4FF0010B721C27E04FF0000B5EE6A0
:108B9000023342F100020CA8CDE90C3225F0D0F8E6
:108BA000DDE90C320BF1FF3B0137DB185241002AA3
:108BB0000BF1FF3BF9DACDE90C32B5E79DF848201F
:108BC0009006A6EB07064DD4B6F1000B18BF4FF088
:108BD000010BF2194FF066084AD4102AA8BF1022E0
:108BE0009FED477B8DED0E7B10200B90DDE90E0194
:108BF000002A3FD1079A1B1842EB0101B1F1805FB7
:108C000047D2CDE90C31069BB8F1660F03F0200284
:108C100040F0C180002F47DC30238DF85C30002A03
:108C200074D1002E40F3BA812E238DF85D3087B1C8
:108C30007B42B342A8BF33469DF84A201393002BD2
:108C4000A6EB0306D4BF0023012363F345128DF87E
:108C50004A200DF15E0340E0B8F1660F4FF0000BC3
:108C6000B7D090E74FF0000BB3E74FF0000B8AE767
:108C70000022B5E7400840EAC1704908CDE90E017D
:108C80000EA8CDE9082325F05BF8089A099B013A64
:108C9000ACE75B0843EAC1730CA84908CDE90C3185
:108CA000013725F04DF8AEE717AB0B9900290BDD26
:108CB0000BA90CA8CDE9063225F05AF8069B079AB5
:108CC00003F8010B013FF0D11397AAB9002E40F32E
:108CD00063812E2103F8011B0027002E1FDD0B9A54
:108CE000002A1CDD0BA90CA8069325F041F8069B71
:108CF000013E03F8010BF0E72E2203F8012BEBE70E
:108D00000000000000000008FC5205002E238DF832
:108D10005D30002F9DD0002E8ADC0DF15E03BBF18B
:108D2000000F4CD114961E4608F0DF03452B21D1CD
:108D3000002FBABF7F422D232B23632FC8BF64228D
:108D40007370C2BFB7FBF2F303F1300102FB13777C
:108D50004FF00A0286F80080CABFB17002360336AF
:108D6000B7FBF2F303F1300102FB137330333170C0
:108D700073700236139B002B2BDC149B002BD4BF8B
:108D8000002301239DF84A2063F3861200238DF807
:108D90004A20337092E60BA90CA8069224F0E8FF53
:108DA000069A8DF85C00302818BF07F1FF3712B91A
:108DB000002E40F3F3802E238DF85D3049E71E46E8
:108DC000013B16F8012C302AF9D02E2A08BF1E4686
:108DD000AAE70123D6E7734E8146771F05239DE559
:108DE000110748BF0133A1E5104609920399D04706
:108DF0000028099A05DA1FB0BDE8F08F2022DDF8BF
:108E000010B0594600290BF1FF3BEDDC049BCDF877
:108E100010B02B445D1AB9F1000F05D003994846F4
:108E2000D0470028E7DB0135089B002B79D09DF95E
:108E30004930002B29DBDFF870913B46187819F890
:108E4000002052079B4603F101033FD49DF84A30AE
:108E5000EF1B98065F4407D44246002A08F1FF380A
:108E60003BDC079B3B449F1A9BF800002E280AD14D
:108E70000399D0470028BEDBB8F1000F07F10107C6
:108E800031DC0BF1010B5D4638E0B94699F8000082
:108E90007028C84609F1010913D1EF1B149D4744FE
:108EA0003D44EB1B002B34DC0399334642465046CD
:108EB00024F075FF00289EDB3844049E05460644D6
:108EC00065E00399D0470028E0DA94E70693039918
:108ED000D0470028069BB1DA8DE703993020D047B0
:108EE0000028B9DA87E703993020D04708F1FF3826
:108EF000C0E70399D0470028FFF67DAF287819F81E
:108F000000305907A84605F10105F2D4A7EB0B077D
:108F1000C4E703993020D0470028FFF66CAF013733
:108F2000BFE79DF84A30DA0601D41B0706D503993E
:108F30003020D0470028FFF65EAF0135069B3BB1DD
:108F400003999DF84B00D0470028FFF654AF013538
:108F5000A84406E003993020D0470028FFF64BAF25
:108F60000135A8EB0503002BF4DC039933463A46A0
:108F7000504624F014FF0028FFF63DAF28449CE73C
:108F800003992020D0470028FFF635AF0135731B29
:108F9000002BF5DCFFF793B91746C0E60DF15D0332
:108FA000BDE600BF615B0500FD520500000000004A
:108FB0002DE9F843D0E90738856903EB08042F341D
:108FC000A5420F46164619D8DFF87080A3FB0801AA
:108FD00017A3D3E90023FEF7F1FF0346601BA0FBB4
:108FE000080123F07F4412A3D3E90023FEF7E6FF34
:108FF00020F07F403C603060BDE8F883DFF83C90B3
:109000000BA3D3E90023A5FB0901FEF7D7FF20F04E
:109010007F4409480A2106A3D3E90023E8FB09019C
:10902000FEF7CCFF20F07F403C603060BDE8F88365
:109030008D49FD1A0700000000166BF100CA9A3B2B
:109040009FED0D7B124B134A1348144910B483ED66
:10905000007B9FED0B7B82ED007B9FED0B7B104B2C
:109060004FF0FF34002281ED007B04601A605DF850
:10907000044B10F0C7BE00BFFFFFFFFFFF1F000043
:1090800000000000000000001F00000000000000C1
:1090900080020020C81D0020F83100207802002046
:1090A000F031002000000000002800F037812DE999
:1090B000F04FC74C94F85E30DA078DB000F168814C
:1090C000627F94F8293004EB820204EB8303166A72
:1090D000DF6A0EB3354615F8020BC0F380100FF0AF
:1090E0001BFD0368C6F802308388AB8033785B06CB
:1090F00006D5062128460EF03BF9002800F04A81EB
:109100003D4615F8020BC0F380100FF005FD036813
:10911000C7F802308388AB80337813F00E0F40F02D
:10912000958063691BB10C200DB0BDE8F08F10F085
:109130009BF98146002800F03B8110F0A1F982469E
:10914000002800F0328112F015FE0546002800F0DC
:109150003181D0F888004FF6FF73AB8405F1100B16
:10916000002800F01D8105F17C0205F178010EF068
:109170000BF9B5F8763023F4EF6323F0070343F4DB
:109180008C7343F00103A5F8763095F8373003F07F
:109190003F0363F07F0385F8373095F88E3023F076
:1091A000070385F88E3095F83C3023F00F034FF01D
:1091B000000885F83C304FF4C023C5F88E312846AE
:1091C000C5E91288C5F88880A5F88C8085F83980B3
:1091D000A5F82A80C5F82E80C5F85080A5F86081D2
:1091E000A5F89481A5F88A8114F076FD85F864814C
:1091F000C5F8689113F08AF895F89C3160F3020382
:1092000085F89C3113F088F895F89C3160F3C5031C
:1092100085F89C3195F8623168F3410385F8623135
:109220000121284613F02AFC05F1E00014F074FB3C
:10923000C4E9159AC4F814B0C5E9028885F800801D
:109240002D6118F0DFF8002840F0A680237E012170
:10925000C3F342030DF12B008DF82B300EF032FAE0
:10926000024600285CD03946304612F0D9F85949F8
:10927000594BB4F85C70A0FB0101C0184FF0000519
:1092800051A3D3E9002341F10701C4E90255257038
:10929000FEF794FE60600FF0FDFB00F109083FB996
:1092A000357805F00F05A5F10105B5FA85F56D09CD
:1092B000207E636865F3000010F00105207636D04B
:1092C000464A0992002010600225454A454F049302
:1092D0000BAE019305920321CDE9020006944346AB
:1092E0000090089607972A460B950FF0D5FA31465D
:1092F00010F050F9A0B93C4905914AF2D8330093D7
:10930000CDE90300CDE9010007970896069443468E
:10931000012203210B950FF0A3FA2EE012F01CB8E6
:109320006369002B3FF4FFAE11F0ECFFFBE62B4A24
:109330002E48049303F2471306940295912113607B
:10934000A7FB000301FB0731264B0793244B059332
:109350004FF6FF730992022703930BAE1AA3D3E9CA
:1093600000230B970896FEF729FE4346CDE90050EF
:109370003A46284603210FF08FFA314610F00AF9D9
:109380000028CDD194F85E3043F0010384F85E30BC
:109390000020C9E61220C7E611F0B4FF0320C3E69F
:1093A00005F18000C5F88800DDE6484610F062F857
:1093B0000720B9E6504610F069F8484610F05AF810
:1093C000F6E700BFAFF300808D49FD1A07000000EB
:1093D000B032002000CA9A3B8C49FD1AA43200200A
:1093E00099B40300B18B030089B10300002AE7841C
:1093F00070B5037E8AB0C3F342030D4604460121D3
:109400000DF1230016468DF823300EF05BF931463E
:109410000246284612F004F81F49204AA0FB0131F9
:10942000981841F107011AA3D3E90023FEF7C6FDFE
:1094300063689842054621D21B1A00220192184AFD
:109440000293184BA21AA3FB0232022192090023B5
:109450000A4409AE099114490591CDE9033303216A
:10946000D2B20696009318460FF076FA314610F005
:1094700091F838B9656000200AB070BDFBD9C21AF6
:109480000023DBE70C200AB070BD00BFAFF3008003
:109490008D49FD1A0700000000CA9A3B8C49FD1A4D
:1094A000B0320020ABAAAAAAB18B030000000000D2
:1094B00038B5194C9DF810E094F828C01CF001054F
:1094C00021D163F3420C4001237DA1834FEACE0EEC
:1094D0000EF0180E00F0200040EA0E0023F03803D2
:1094E00003430E4823759121A2FB000384F828C092
:1094F00001FB023106A3D3E90023FEF75FFDC4E9B7
:109500000800284638BD0C25284638BDAFF300803A
:109510008D49FD1A07000000D01D0020002AE784B5
:109520002DE9F043044600F1150190F82800237D51
:109530003F4DC0F3400060F386138DB023750FF0EC
:10954000FBFA227DA38B3B48246102F079020027BD
:1095500022759121A3FB0002C4E90277277001FB69
:10956000032131A3D3E90023FEF728FD324A636AC1
:109570002362651BA2FB05250933C5F347159842F5
:1095800005EB450898BF27624FEA88082B4F8EBF2E
:10959000636003466060064647F808300FF07AFAC9
:1095A00047440DF12C090997CDF820900694A38B20
:1095B00000F109081F480027A3FB0002039791212F
:1095C00001FB0321636804931D4B07931D4B059317
:1095D00002230B9314A3D3E90023FEF7EFFC1046FC
:1095E00019464FF47A720023FEF7E8FC0435EDB219
:1095F000CDE90160032143462A46009738460FF023
:109600004BF949460FF0C6FF40B994F8283043F0B3
:10961000010384F828300DB0BDE8F0830C200DB0B4
:10962000BDE8F083AFF300808D49FD1A070000000C
:10963000D01D0020002AE784A38B2EBA28330020F7
:10964000B18B030081B903002DE9F04F05468BB0C3
:109650008B46012002219946144619F0F9FD00229B
:109660000221824601200DF0DFFE2F494FF4D47213
:1096700028460DF069FE461D2C4B0093F6B201956D
:109680004B463246012100200FF0C0F910F0FD0FCB
:1096900042D1274BA4FB0348204621A3D3E9002352
:1096A0004146FEF78BFC089506956B680493214BA9
:1096B00020F07F47A7FB0331E01A1F4B07934FF0C1
:1096C00007021E4B059302FB07114FF6FE7368EB72
:1096D000010103934FF47A720023FEF76FFCCDF87B
:1096E00000B0CDE901704B463246012100200FF059
:1096F000B7F810F0FD0F0DD1BAF1000F02D10BB089
:10970000BDE8F08F0122022110460BB0BDE8F04FFA
:109710000DF08ABE00DEEFE700DEBAE7AFF30080AF
:109720008D49FD1A07000000001E002035BC030013
:1097300000CA9A3B8D49FD1A1DBC03005106040066
:109740002DE9F0418468A28C4FF6FF739A428CB0E9
:1097500000F08E800546204614F03AFD2B7D012B4B
:1097600000F00D81022B00F00081002B00F0DF8063
:1097700094F86471002F40F0FB802B8AE68D94F9F9
:109780003720CDE90A77002B75D0002AC0F241813D
:109790000023A4F89031AB7CA28D03F00303551C89
:1097A000012BADB200F0BF80B4F89431002B00F073
:1097B000EC80AB4240F246815B1B9BB2062BA4F8C7
:1097C00094314FF000028CBF00230123E2851F4635
:1097D00094F83C2063F3820284F83C2029460DF182
:1097E0002702204614F0B4FA743000F02581B4F852
:1097F0008E312BB1AB4240F2FD805B1BA4F88E3161
:10980000B4F88A312BB1AB4240F2EB805B1BA4F879
:109810008A31E58D17B9AE4200F0DA800135ADB27C
:1098200094F8D13013F0010640D1DDE90A130A465D
:10983000002B40F0DD80002900F0CC801E46184649
:10984000A28C24690694CDE9035705329C4D029001
:10985000CDE90016D2B20121002005950FF07CF869
:1098600010F0FD0F04D00FF0BFFE844240F0FB80EB
:109870000CB0BDE8F081002AB8BF84F8D570AB7C8D
:10988000A28D03F00303551C012BADB24BD0B4F8ED
:109890009031002B88D0AB4240F2D9805B1BA4F8FA
:1098A0009031B4F89431002B83D191E794F93720AB
:1098B0006FF30003002A84F8D130C0F2818094F85D
:1098C0007600C0F3C00100F0070017F01FFCB4F8E9
:1098D0006E20B4F86C301344E28B03F23F13134450
:1098E0000344784A78480721E3FB0021104672A31D
:1098F000D3E90023FEF762FBDDE90A1320F07F4283
:1099000060686260904235BF161A801A00200026F7
:109910000A46002B94D156EA010C91D1002859D067
:1099200019461E468CE70023A4F8943150E794F8BA
:109930008E3003F01803182B7FF41AAF218DB4F882
:109940008C218B1D9A42C4BF931F5B1AB4F88811F7
:10995000CCBF9BB21346994200F09480A4F88831A2
:10996000A4F88A31A4F88E2102E73D2784F86471B7
:10997000394620460CB0BDE8F04112F087BD002307
:10998000A4F88E31A4F88A31F2E6E28C052A97BF5A
:10999000013240F2E2434FF4FA7392B203FB02F257
:1099A000B4F8923142F2107101FB0323013BB3FB87
:1099B000F2F39BB2A4F89431002B7FF4FAAE07E7E0
:1099C00094F87700012100F0070017F0A1FB7EE773
:1099D0003D4625E7002D3FD0002611463046334650
:1099E0002EE70023A4F88A31204614F043FA10E74A
:1099F000304625E70FF08AFD014680B30023A4F826
:109A00008E31A38CC3801B23037100680FF050FDBF
:109A1000F6E694F8D53043B3013B84F8D53004F131
:109A2000E008404613F0BAFF90B3404613F0B6FF8B
:109A300090B30023E385ABE69DF82710204612F093
:109A400025FD15E70821204612F020FD10E73E21F4
:109A5000204612F01BFD0BE7002FBDD108E70123C4
:109A6000A4F88E31CCE600DE02E70AAA0BA928464C
:109A7000FFF79EFADDE90A231343D0D0237884F858
:109A8000D530CCE7B4F88E1100297FF471AE67E7CA
:109A9000FF2012F0BDFCC8E70246D4E91E010DF01C
:109AA0008BFC0028C5D194F83C301B0744BF238DA4
:109AB000E3856DE6AFF300808D49FD1A07000000D5
:109AC00075BC03008C49FD1A00CA9A3B00000000D7
:109AD0002DE9F04F87B0B0F86071BDF84C9000915F
:109AE000CDE90423B0F82431BDF840A01F44BFB233
:109AF0000446A7EB090390F87600D4F81C819EB2C7
:109B0000BDF844300193C0F3C001BDF8483003965E
:109B100000F00700029317F0F9FAE58C052D40F2EA
:109B2000A48015FB06F5ADB240F2E24BBAF1050F89
:109B300040F28F80B4F86E20B4F86C30134403F216
:109B4000D5130344764A77480721E3FB00214FF001
:109B50009613E3619623104623846FA3D3E9002371
:109B6000FEF72CFA564620F07F4040F2E2430BFB12
:109B700005F203FB06F6531E3344B3FBF6F31FFA5C
:109B800083FB606006FB0BF082425D4653D2654961
:109B9000801AA0FB010160A3D3E90023FEF70EFAAF
:109BA00020F07F408044B4F82421B4F86031A9EB60
:109BB00007094D44ADB213442B44A4F86031638DC2
:109BC00013441D4494F837306585DB0955D100DE18
:109BD00000273546019B2385029BA4F8923131462C
:109BE0002046A4F826A014F0DFF84F4B218D334413
:109BF000881DB3FBF6F39AB29042A4F88C2104D2EC
:109C0000C1F57F41FA310A4492B2009BA4F8882141
:109C100013B10023A4F8943143462A46394620461E
:109C2000FFF712FD94F8623143F0010384F86231CA
:109C300007B0BDE8F08F121A3A48A2FB000136A324
:109C4000D3E90023FEF7BAF920F07F40A8EB000823
:109C5000A9E74FF096130AF10106E36196232384E6
:109C6000B6B20A204FF4FA7381E7039B013515FB66
:109C700003F5ADB24FF4FA7B58E7216CA36C294F82
:109C800001FB0233039A01FB1233A3640023C4F8DF
:109C9000DC3017F00BFC054694F8D400C0F342000A
:109CA00017F006FC054406FB05F5204B1C4805F59E
:109CB000742505F23F25A3FB0535AD0CA36C256487
:109CC0000BFB05FB72085B44963A934228BF134690
:109CD000C4E91123049B40F2E24909FB03F3072185
:109CE0002365EBFB07010CA3D3E90023FEF766F91C
:109CF0000F4B059AA8EB0008A3FB0230800A09FB72
:109D000000F0A0FB070104A3D3E90023FEF756F9F6
:109D1000751B20F07F475DE78D49FD1A07000000A5
:109D20008C49FD1A00CA9A3B7FC3C90183DE1B43DD
:109D30005917B7D1000000002DE9F04F0D46096812
:109D4000B0F82EC0D1F800900146144651F82EAB61
:109D500052F8086B8F788346D0F81E00BBF82210AB
:109D60009BF81C80A4F808C09770DBF82A2062607A
:109D700091B0DBF83A20C4F82220ADF83C109BF8F3
:109D80003E100E9084F8261010AB13E9030004F186
:109D900022020C90ADF83410104605210DF092FC13
:109DA00094F8272000F03F0060F3050284F8272094
:109DB0009BF83F20C2F3040184F82810BBF834104C
:109DC000E1820128C8F380180DD902F01F021B326E
:109DD00002F01F020B2A06D889B2063989B240F672
:109DE0007A42914219D90021C9F8081094F82C2020
:109DF00061F3000284F82C200125DBF80C408BF87D
:109E00000450504659460FF047FB20682571214603
:109E100011B0BDE8F04F0FF04BBB2A680021516034
:109E2000BBF836202283E78ABBF832300A9340F22F
:109E3000E242304602FB07F713F0CAFF9BF83F10DF
:109E400096F8D400490961F3430086F8D40017F06E
:109E50002DFB0B9096F8D400C0F3420017F028FBBE
:109E60000B99084407FB00F0994900F5742000F2B3
:109E70003F20A1FB00107908800C963920636163B4
:109E80009BF8311040F2E24201FB02F26264BBF83F
:109E90003820A6F892213946304613F085FF8D4AC6
:109EA0008D49C6F898113A44B2FBF7F290B2A6F881
:109EB0008C01218B01F1060C604504DDC1F57F4169
:109EC000FA31014488B25946A6F8880111F81C2FCE
:109ED000C907C2F3401200F1EC80BDF83410ABF8B2
:109EE00023100C988BF81E804FF48071CBF81F0064
:109EF000ABF81C10E18AABF82610218BABF82810C8
:109F0000B6F89211ABF82A1096F8D4100B92C1F360
:109F100042018BF82C10304611F038FFA082ABF8CC
:109F20000600D5F80480504659460FF0B5FAA38ACA
:109F30000B9AA8F806301C23D8F800A088F8043043
:109F4000002A40F0A28088F81C20414650460FF0BD
:109F5000AFFA94F86700B4F85CA0B4F85E80012111
:109F600000F0070017F0D4F8D04408F2D51800EB41
:109F700008038246DFF86C8158480721E3FB08019B
:109F80004FF09613C4E903334FA3D3E90023FEF740
:109F900015F820F07F407060EB680A98226B40F261
:109FA000E24101FB003404F2B3440221A41A01206F
:109FB000BF1A00220DF038FA484611F0E3FBA4EB7B
:109FC0000A040246A4FB080114463FA3D3E9002378
:109FD000FDF7F4FFCDF80490AB684149009120F003
:109FE0007F4AA21C363BD2B25344012100200EF01E
:109FF0000DFD01285FD099F81830DB0751D43046A9
:10A0000011F0C4FE374BA7FB039804462EA3D3E9F7
:10A01000002348464146FDF7D1FF334BAD68334A34
:10A02000079220F07F47A7FB0331B9EB0300304BC9
:10A0300005934FF4F8730696089373684FF0000B7E
:10A04000CDE903B34FF0070303FB071168EB0101F0
:10A050004FF47A720023FDF7B1FF0534363DE4B2C8
:10A06000CDE90170CDF800A02B46224601215846CB
:10A070000EF0F6FB10F0FD0F23D101220221104655
:10A0800011B0BDE8F04F0DF0CFB994F8273043F090
:10A09000400384F82730201D16F0D4FB01222085D0
:10A0A00051E7002301220093184611460EF06CFC84
:10A0B000A5E700DE11E70FF097FA81459BD000DE9F
:10A0C00099E700DED9E700BF8D49FD1A07000000BF
:10A0D00083DE1B437FC3C901404B4C008C49FD1AF2
:10A0E000D906040000CA9A3B8D49FD1A29060400CE
:10A0F00051060400000000002DE9F04F8DB0464EDF
:10A10000DFF8288104460EF0C5FCF16807460EF022
:10A11000C3FC7168F7603EA3D3E900230546A1FBA9
:10A120000801FDF74BFF20F07F439D4254D30DF112
:10A130002F010DF12E000FF019FADFF8F0A03568AD
:10A14000A5FB0A5932A3D3E900234FF000082846A3
:10A150004946FDF733FFCDE90788069420F07F4498
:10A1600070682E4B0593A0FB0A0129A3D3E90023B5
:10A17000FDF724FF2A4B9DF82FB09DF82EA0A4FBDD
:10A18000033120F07F40072202FB0411CDE9038058
:10A19000E81A69EB01014FF47A720023FDF70EFF14
:10A1A000CDF80080CDE901403B465A465046032198
:10A1B0000EF056FB10F0FD0404D06FF08B000DB0D4
:10A1C000BDE8F08F1748184A00231FF04FF890B9E8
:10A1D00030690DB0BDE8F08F30680DA3D3E90023DE
:10A1E000A0FB0801FDF7EAFE20F07F4138460EF0A3
:10A1F00053FC07469BE79DF82F209DF82E00009406
:10A20000234603210EF0C0FB6FF07300D7E700BFB9
:10A210008D49FD1A07000000283A0020410A040079
:10A220008D49FD1A103A0020447B0B0000CA9A3B6E
:10A2300038B50F4D04460EF02DFCA9680EF02CFC2D
:10A24000696803460B48B3FBF4F4A1FB00011C440E
:10A2500005A3D3E90023FDF7B1FE20F07F4084423F
:10A2600094BF0020012038BD8D49FD1A0700000071
:10A27000283A002000CA9A3BF0B5C468636883B0EE
:10A280000546002B40D118F0BDFB002018F0E0FB84
:10A290000021084618F0CEFB00222521082018F0E6
:10A2A0000BFC374B019301A818F0F2FB354940F243
:10A2B0005B6018F0ABFC237AC3F3420262F306132F
:10A2C0002372204617F078FA27682E68384616F071
:10A2D000D5FE06446A6806F10901012018F0D0FD98
:10A2E00018F0BEFE204611F059FA811C3246C9B260
:10A2F000384616F0C5FE054698B9204616F08CFE85
:10A3000068B9002003B0F0BD93F82C309B07BAD099
:10A310001D48214618F04AFB18F020FCF1E700DE4A
:10A32000EFE71A4A1A491B4840F2114323F04EFD49
:10A33000194B0721A5FB030301FB05310EA3D3E94C
:10A340000023FDF73BFE15490246154823F03EFD6C
:10A35000002585F31188BFF36F8F0323184602DFB2
:10A360001048214618F022FB18F0F8FB6FF08B0024
:10A37000C8E700BFAFF3008000CA9A3B00000000AE
:10A38000D6BE898E55555500C1110400E44E050016
:10A39000304F0500844D05008D49FD1A604F0500C2
:10A3A000344F0500BD1404002DE9F041C468237941
:10A3B0006FF300038CB023710F46054618F022FBA3
:10A3C000002018F045FB0021084618F033FB082058
:10A3D0000022252118F070FB01200FF0A5F90028BC
:10A3E00064D01C3018F092FB494B0B930BA818F06B
:10A3F0004FFB484940F25B6018F008FC2079C0F33D
:10A400004100253016F04EFE4348214618F0CEFAA2
:10A4100023799B062DD5962018F026FD00231A4699
:10A420001946184618F058FCD4F800802E684046AB
:10A4300016F024FE06446A6806F10901002018F0AF
:10A440001FFD18F00DFE18F0B7FC204611F05AFB66
:10A45000011DC9B24046324616F012FE054648BB01
:10A4600057B1204616F0D8FD10BB00200CB0BDE857
:10A47000F08118F091FCD7E72369002BF1D0274D2C
:10A480000795274D059540F2F3150093CDE9037725
:10A49000CDE90177069433460322394608950EF03C
:10A4A000DFF910F0FD0FDCD000DEDAE700DE98E720
:10A4B00000DEDAE71B4A1C491C4840F2E51323F092
:10A4C00085FC1B4B0721A5FB030301FB05310EA3F4
:10A4D000D3E90023FDF772FD16490246164823F022
:10A4E00075FC002585F31188BFF36F8F0323184691
:10A4F00002DF1248214618F059FA18F02FFB6FF0CE
:10A500008B00B3E7AFF3008000CA9A3B0000000065
:10A51000D6BE898E55555500911D0400251B04009B
:10A52000351B04006C4F0500304F0500844D0500BD
:10A530008D49FD1AB84F0500344F0500B11B0400CA
:10A540002DE9F043C468A28A4FF6FF739A4283B0A4
:10A5500000F0FF80064617F0BDFD3389628B208C2A
:10A56000A3831A4492B2104494F82730E28380B255
:10A57000411C21845D064FF00001618304F122013A
:10A5800000F1A78003F03F000B4694F828100090DC
:10A5900004F1290016F00EF90546D4E90C31A26B3E
:10A5A000A08BA36303FB0022E36B8A4294BF9B183A
:10A5B0005B188B4228BF0B46626C216CE3630A4434
:10A5C00094F867306264002294F82C10226494F8A6
:10A5D0007E20C3F3020363F3061112F0040284F831
:10A5E0002C1000F0878018F00DFA002018F030FAD7
:10A5F000201D18F04DFA2389A17A40F25B6043EAEE
:10A60000014118F003FB284616F04CFD214658483E
:10A6100018F0CCF9A08918F027FC94F8662094F87B
:10A620006700C2F3C003002102F0070200F0070038
:10A6300018F052FB204617F0E7FDD4F80080376889
:10A64000404616F01BFD0744726807F1090100201F
:10A6500018F016FC814618F0D7FC002018F0EEFC2C
:10A66000E36B94F8670003F12F02636C00F00700BE
:10A67000012103EB420518F05DFA4D44054494F8BE
:10A68000670000F00700022832D004280CBF4FF406
:10A69000BC73282301211D4418F04EFA284418F0F9
:10A6A000A5FCA18A05313A46C9B2404616F0E8FC3D
:10A6B0000546B0B1B37A13F0020629D000252D4823
:10A6C000214618F073F918F049FA284603B0BDE89E
:10A6D000F0830A4603F03F03218D16F0B7F80546D4
:10A6E0005BE7204616F098FC002839D10025ECE7FE
:10A6F0001823CFE7D4E91A010CF05EFE00287FF49E
:10A7000072AF94F87E3043F0040384F87E306AE739
:10A71000194A1A491A4840F2591323F057FB1948AD
:10A720000721A5FB000301FB05310FA3D3E900239B
:10A73000FDF744FC14490246144823F047FB86F316
:10A740001188BFF36F8F0323184602DF6FF08B056C
:10A75000B5E70F48214618F029F918F0FFF9C5E7C9
:10A7600000DEC3E7AFF3008000CA9A3B00000000A0
:10A7700031240400A1110400CC4F0500304F050026
:10A78000844D05008D49FD1A20500500344F050009
:10A79000C1110400000000002DE9F04F2DED028BE7
:10A7A000D3B00C46CDE9080192460B9320F048FD4A
:10A7B000036813931846FCF7A3FCA38912901D06A7
:10A7C00003D52369002B00F08A870023CDF810A061
:10A7D000CDE92733CDE91533CDE917330E93149323
:10A7E0000793049B9FEDA27B1B7829AA8DED107B1C
:10A7F00026929346002B00F0EB81DDF810A004E0D8
:10A800001AF8013F002B00F01C81252BF8D1049B86
:10A81000BAEB030540F01A819AF80030002B00F0E3
:10A82000D78100239AF801508DF87B3006930AF106
:10A83000010A4FF0FF3903930AF1010AA5F1200341
:10A840005A2B00F23B81DFE813F0A50239013901F0
:10A850009E023901390139016A0039013901660264
:10A86000780239017102850239017E025B005B00CA
:10A870005B005B005B005B005B005B005B00390121
:10A88000390139013901390139013901CF01390162
:10A8900034028700CF01CF01CF01390139013901DD
:10A8A0003901C20239013901B500390139013901D3
:10A8B0003E023901B002390139010107390139017C
:10A8C000390139013901390139013901CF01390122
:10A8D00034028B00CF01CF01CF01F2028B00800048
:10A8E0003901E8023901DA02B900C90280003901F0
:10A8F0003E027D00250739013901280739017D0015
:10A90000A5F1300300221AF8015B02EB820203EB8F
:10A910004202A5F13003092BF5D906928EE7089D76
:10A92000284620F08DFC436817931846FCF7E8FB97
:10A9300018900446284620F083FC83681593002C69
:10A9400040F070869AF8005076E7039B9AF8005022
:10A9500043F0200303936FE7039B43F0100303933B
:10A96000039B9C0640F194810B9B073323F0070364
:10A970001A46596852F8083B0B920A460029C0F261
:10A98000BB85B9F1FF3F00F0F587039921F0800600
:10A9900053EA020100F05A850A2B72F1000180F09F
:10A9A0007C8730338DF847310DF2471303960493BB
:10A9B000012634E0039B43F010030393039B13F041
:10A9C000200200F054810B9B073323F00703194644
:10A9D0005A6851F8083B0B91039921F480660021D5
:10A9E0000020B9F1FF3F8DF87B0000F0938226F044
:10A9F0008000039053EA020040F08B82B9F1000F0F
:10AA000040F0C187002940F0268516F001061BBFE3
:10AA100030238DF8473152AB0DF2471304930023D6
:10AA2000B145CDE90C3349469DF87B200A93B8BF68
:10AA3000314605910F93002A52D0059B01330593AF
:10AA40004EE0049BBAEB030500F0C280049B289FF4
:10AA5000CBE90035279B01332F44072B28972793F9
:10AA60000ADC0BF1080B079B2B440793D4E600BFCD
:10AA70000000000000000000DDE9080126AA21F026
:10AA800007F880B90DF1A40BEDE7DDE9080126AA6E
:10AA900020F0FEFF002800F08A800A9B1BB10A9973
:10AAA000089820F0CFFA099B9B89590601F1E582AD
:10AAB000079853B0BDEC028BBDE8F08F002D00F07D
:10AAC000878000228DF8E4508DF87B200123CDE9AA
:10AAD0000C2205931E4639AB0A9291460F920493BD
:10AAE000039B13F0020302D00599023105910399EB
:10AAF00011F0840405D1DDE905010F1A002F00F3E0
:10AB00004183289F8AB1279A0DF17B0101320137D9
:10AB1000CBF80010072A4FF0010128972792CBF8B5
:10AB2000041000F387830BF1080B83B1279B1FAA46
:10AB300001330237CBF80020072B4FF00202289791
:10AB40002793CBF8042000F383830BF1080B802CB0
:10AB500000F0FC81A9EB0608B8F1000F00F3428277
:10AB6000039BDA0500F16D81049BCBF80030279B35
:10AB7000CBF804600133F519072B2895279300F3D0
:10AB8000AA820BF1080B039B580705D5DDE90523C5
:10AB90009C1A002C00F36E83DDE9062305998A4296
:10ABA000ACBF9B185B180793002D7FF46EAF00239A
:10ABB00027930A9B1BB10A99089820F043FA0DF1DC
:10ABC000A40BCDF810A0049B1B78002B7FF415AECE
:10ABD000289B002B3FF467AF099C089826AA2146C2
:10ABE00020F056FFA38960E70B9B073323F0070390
:10ABF000B3EC027B57EC176B0B9327F000431B93CE
:10AC00008DED1A7ADDE91A01AE4B4FF0FF328DED72
:10AC1000107BFDF795F9002840F09B84DDE91A01CF
:10AC2000A84B4FF0FF32FDF76DF9002840F09184FA
:10AC30000022002330463946FDF75AF9002840F03B
:10AC40005B879DF87B20039B9F4C23F0800303933D
:10AC50009E4B472DC8BF1C4603210023CDE90C3372
:10AC600004940A9305910E4699460F93E3E60B99D7
:10AC700051F8043B0B91039911F010017FF4ACAE35
:10AC8000039A12F0400000F019879BB20A46A3E62F
:10AC90000B9A52F8043B0B92039AD00600F15584AC
:10ACA000039A510640F14D8443F3C03211461BB262
:10ACB00064E60B9B002253F8041B8DF87B208DF873
:10ACC000E4100B9302E70B9F57F8043B0493002614
:10ACD0008DF87B60002B00F09E86B9F1FF3F00F0FD
:10ACE0000D8504984A463146FCF7EAFB0A90002895
:10ACF00001F025810A9B049A0B97B1469E1A26EA19
:10AD0000E673CDE90C999DF87B200593CDF828904A
:10AD1000CDF83C908FE60B9B53F8042B0692002A4B
:10AD200080F20A84069A0B9352420692039B9AF889
:10AD3000005043F0040303937EE52B239AF8005060
:10AD40008DF87B3078E5039B9AF8005043F0800340
:10AD5000039371E5524612F8015B2A2D01F0198226
:10AD6000A5F13003092B92464FF000093FF666AD7E
:10AD70001AF8015B09EB890903EB4909A5F13003D6
:10AD8000092BF5D95AE5039B9AF8005043F00103CB
:10AD9000039351E59DF87B309AF80050002B7FF427
:10ADA0004BAD20238DF87B3046E5039B43F0100626
:10ADB00016F0200200F089830B9B073323F0070372
:10ADC00019465A6851F8083B0B91012108E6039B8C
:10ADD0009AF8005043F0080303932DE50B9A039B68
:10ADE00043F0020652F8043B0B9247F63002ADF8EE
:10ADF0007C20374A1492022100227825F0E5039B3B
:10AE00009E0640F1FD830B9B079A1B681A60D217C0
:10AE10005A600B9B04330B93D3E69AF80050039BC4
:10AE20006C2D00F0538443F01003039304E59AF86B
:10AE30000050039B682D00F0408443F040030393CF
:10AE4000FAE4652D40F35381DDE91001002200236F
:10AE5000FDF744F8002800F04982279B1D4ACBF8F3
:10AE60000020013301370122072B28972793CBF8C5
:10AE7000042000F38E850BF1080B209B0E9A934261
:10AE800004DB039BDB0701D43D467CE6129B139A4F
:10AE9000DD19CBE90023279B28950133072B279346
:10AEA00000F3FE830BF1080B0E9B5C1E002C7FF75A
:10AEB0006AAE102C279B084F40F37885DDE908899E
:10AEC000102611E0FFFFEF7F005405000454050039
:10AED00010540500304F0500405405000BF1080BDD
:10AEE000103C102C40F3628501331035072BCBE961
:10AEF0000076CDE92735F1DD26AA4946404620F007
:10AF0000C7FD00287FF4C9ADDDE927350DF1A40B9D
:10AF1000E6E7039E01293FF43FAD022900F0768168
:10AF200052AC03F00701DB0843EA4273D208303128
:10AF300053EA0207204604F8011DF2D1F7070494F2
:10AF400000F1768252AB03961E1B68E5DDE905230E
:10AF5000A3EB0208B8F1000F7FF7FCADB8F1100FBA
:10AF60003A46279BC04F29DD19951C961024DDE930
:10AF70000865194606E0A8F11008B8F1100F0BF1AA
:10AF8000080B18DD013110320729CBE90074CDE937
:10AF90002712F0DD26AA294630460DF1A40B20F039
:10AFA00077FD00287FF479ADA8F11008B8F1100FF3
:10AFB000DDE92712E6DC199D1C9E0B460133CBF818
:10AFC0000070072B08EB0207CDE92737CBF8048088
:10AFD00000F30E85A9EB0608B8F1000F0BF1080B82
:10AFE0007FF7BEADB8F1100F3A46279B9E4F2EDD7E
:10AFF0005946089CC3464FF01009B84637462E46BE
:10B00000099D06E0ABF1100BBBF1100F01F1080137
:10B0100018DD013394481032072BC1E90009CDE94E
:10B020002732EFDD26AA2946204620F031FD0028F0
:10B030007FF433ADABF1100BBBF1100FDDE927321C
:10B0400029A9E6DC35463E464746D8468B460133BD
:10B05000CBF80070072B08EB0207CDE92737CBF8B8
:10B06000048000F325820BF1080B79E5279B7F49CB
:10B07000CBF8001001337D1C0121072B2895279365
:10B08000CBF8041000F34A850BF1080B002A40F0BE
:10B09000E084039B0E9A03F0010313433FF473AD66
:10B0A000129B139A5919CBE90023279B289101334E
:10B0B000072B279300F3EF850BF1080B049ACBF8CD
:10B0C00000200E9ACBF8042001335518072BCDE948
:10B0D00027357FF756ADDDE9080126AA20F0D8FC18
:10B0E00000287FF4DAAC289D0DF1A40B4BE50E9BF4
:10B0F000012B0BF1080640F37A81049BCBF800305A
:10B10000279B013301370122072B28972793CBF880
:10B11000042000F3F981129A03F10108139BD51959
:10B12000B8F1070FC6E90032CDE9278500F3F881B1
:10B1300008360E9BDDE9100103F1FF3900220023E0
:10B14000FCF7CCFE002840F08B81049CC6F80490EC
:10B1500008F1010801344D44B8F1070FCDE9278506
:10B16000346000F359810836169A726008F10103C1
:10B170001544072B22AACDE927353260ABDC06F156
:10B18000080B00E5102FDDE92721DFF8E4802DDD35
:10B1900019934346CDE91C45B046DDE908451E46F6
:10B1A00004E0103F102F0BF1080B19DD01321031B4
:10B1B0001023072ACDE92721CBF80060CBF8043013
:10B1C000EFDD26AA294620460DF1A40B20F060FCF5
:10B1D00000287FF462AC103F102FDDE92721E5DC69
:10B1E000DDE91C453046199B46468046013239440C
:10B1F000072ACBF80080CBF804702891279200F33F
:10B20000A9839DF87B200BF1080B7AE4149C52A9CA
:10B2100003F00F001B09205C01F8010D43EA0273E3
:10B22000120953EA0200F3D152ABCDE903615E1A71
:10B23000FFF7F5BBDDE9080126AA199320F028FCE9
:10B2400000287FF42AAC289F199B0DF1A40B6CE415
:10B25000DDE9080126AA20F01BFC00287FF41DACC4
:10B26000289F0DF1A40B72E440540500304F0500F7
:10B2700050540500102C279BDFF8CC8323DD474674
:10B28000DDF82490DDF82080102604E0103C102C1E
:10B290000BF1080B16DD01331035072BCBE90076D7
:10B2A000CDE92735F2DD26AA494640460DF1A40B2B
:10B2B00020F0EEFB00287FF4F0AB103C102CDDE911
:10B2C0002735E8DCB84601332544072BCBE9008459
:10B2D000CDE927357FF760ACDDE9080126AA20F02B
:10B2E000D7FB00287FF4D9AB289D55E4209A002A8B
:10B2F0007FF7BCAE0C9E0E9B049A9E42A8BF1E46D2
:10B30000002E134419930BDD279B01333744072B81
:10B31000CBE900262897279300F39F850BF1080BB4
:10B320000C9D002EA8BFAD1B002D00F3EF81049BE8
:10B330000C9A13449946039B5E0500F10C82209CF5
:10B340000E9B9C4203DB039AD50740F18E84129B2F
:10B35000139ADD19CBE90023279B28950133072B8E
:10B36000279300F3DE850BF1080B0E9B1C1B199B2A
:10B37000A3EB0906A642A8BF2646002E0DDD279B9B
:10B38000CBF8009001333544072BCBF804602895A7
:10B39000279300F3E0850BF1080B002EA8BFA41B38
:10B3A000002C7FF7F0AB102C279BA64F40F3FE82BA
:10B3B000DDE90889102605E00BF1080B103C102C84
:10B3C00040F3F48201331035072BCBE90076CDE949
:10B3D0002735F1DD26AA4946404620F059FB0028D2
:10B3E0007FF45BABDDE927350DF1A40BE6E7039BAA
:10B3F000DC073FF582AE049BCBF80030279B03F1BE
:10B4000001087D1C0123B8F1070F2895CDF89C8019
:10B41000CBF804307FF7A8AEDDE9080126AA20F0BA
:10B4200037FB00287FF439ABDDE9278529AE9BE6A1
:10B43000302900F0C882049A03963023023802F8BB
:10B44000013C52AB1E1A0490FFF7E9BAB9F1000FA4
:10B450007FF4A7AA039652AB4E460493FFF7DFBAD8
:10B460000E9B012B7FF780AE112B764F40F3E482C9
:10B4700043461024DDE9088B06E00836A9F11009DF
:10B48000B9F1100F40F3D78201331035072BC6E90D
:10B490000074CDE92735F0DD26AA5946404620F054
:10B4A000F7FA00287FF4F9AADDE9273529AEE5E7A8
:10B4B000DDE9080126AA20F0EBFA00287FF4EDAAC6
:10B4C000289F0DF1A40BFFF74BBB0B9951F8043BE0
:10B4D0000B9116F010010CD116F0400004D00A4672
:10B4E0009BB20121FFF77CBA16F400721CBFDBB2DD
:10B4F00002460121FFF774BA5B42039E62EB4202EF
:10B500002D200121FFF76DBADDE9080126AA20F000
:10B51000BFFA00287FF4C1AADDE9273729AEFAE592
:10B52000DDE9080126AA20F0B3FA00287FF4B5AAC5
:10B53000DDE9278529AEFCE59AF800500B93FFF76B
:10B540007BB9039A920500F1A083DA171146FFF741
:10B5500015BADDE9100102460B46FCF7F1FC0028A4
:10B5600040F0CC85612D00F09584412D00F00385DD
:10B57000B9F1FF3F00F0AA8325F02003472B04D147
:10B58000B9F1000F08BF4FF00109DDE91001039C7C
:10B59000002944F480720592C0F2B584002341EC86
:10B5A000180B19930A93A5F14103252B00F2C482CD
:10B5B000DFE813F09603C202C202C2028F039303B4
:10B5C000C202C202C202C202C202C202C202C2025B
:10B5D000C202C202C202C202C202C202C202C2024B
:10B5E000C202C202C202C202C202C202C202C2023B
:10B5F000C202C202C202C202C202C2028F0393038B
:10B60000039BDD0600F10182039B5C0600F137839A
:10B61000039B980540F1F9810B9B079A1B681A70F0
:10B62000FFF7F7BB159B9AF80050002B3FF404A9D5
:10B630001B78002B3FF400A9039B43F48063039322
:10B64000FFF7FAB84054050050540500BD4B149361
:10B65000039B13F0200200F002810B9B073323F0C1
:10B66000070319465A6851F8083B0B910398C10724
:10B670000AD553EA020107D040F0020103913021BC
:10B680008DF87D508DF87C10039921F4806602219D
:10B69000FFF7A6B9039EFFF78BBBAB4B1493D7E71D
:10B6A000DDE9080126AA20F0F3F900287FF4F5A9C6
:10B6B000289D0DF1A40BFFF7F7BB43F400739AF834
:10B6C000015003930AF1010AFFF7B6B843F02003D3
:10B6D0009AF8015003930AF1010AFFF7ADB80898F0
:10B6E00040211EF0F9FE099B18601861002800F047
:10B6F000C184099A40235361FFF767B804980B97F8
:10B70000FBF7FEFCB1460646FFF7F9BA102D3A46A4
:10B71000279B8E4F40F3E181DDE90848102605E0C4
:10B720000BF1080B103D102D40F3D781013310327F
:10B73000072BCBE90076CDE92732F1DD26AA414679
:10B74000204620F0A5F900287FF4A7A9DDE92732DB
:10B750000DF1A40BE6E70D99CDF870A05A463846D6
:10B760007A4EDDF854A0189BDDF824B04F464FF018
:10B770001008DDF83C9081B3B9F1000F00F0FD80B6
:10B7800009F1FF391799C2E90013279901311844CB
:10B7900007292890279173DC0832199C9AF8001029
:10B7A000E51B8D42A8BF0D46002D0CDD2799013108
:10B7B00028440729C2E900752890279100F30981E0
:10B7C0009AF800100832002DACBF4C1B0C46002C20
:10B7D00012DC0F440D990029CED1B9F1000FCFD161
:10B7E000199BCDF854A0B9469945DDF870A0934651
:10B7F000074628BF9946A2E5102C279940F390846C
:10B80000089D04930C9604E0103C102C02F10802F1
:10B8100015DD013110300729C2E90068CDE9271094
:10B82000F2DD26AA5946284620F032F900287FF496
:10B8300034A9103C102CDDE9271029AAE9DC049B6F
:10B840000C9D1560013120440729CDE92710546073
:10B8500000F310839AF8001008320F44BAE70B99EE
:10B8600051F8043B0B91039911F010017FF4FEAEE7
:10B87000039A12F0400000F029819BB20A46F5E6D7
:10B880000898049326AA594620F002F900287FF46C
:10B8900004A92898049B29AA7FE70021CDE9045632
:10B8A00006F48067DFF8A880159ECDF80CA052AC96
:10B8B0008C4605E00A2B72F1000235D353462A4626
:10B8C000991841F10001A8FB010525F0030000EBE8
:10B8D0009500091A581A4FF0CC3562F1000E05FB9D
:10B8E00000F508FB0E55A0FB08A005440AF0010E68
:10B8F0000520AEFB000E40184FEA5A0A303004F81B
:10B90000010C4AEAC57A0CF1010C013C6D08002FCC
:10B91000D0D031788C45CDD1BCF1FF0FCAD00A2BE5
:10B9200072F1000280F0ED801596DDE9045652AB0D
:10B93000DDF80CA0CDF838C0CDE903641E1BFFF77D
:10B940006EB800BF24540500105405004054050093
:10B95000CDCCCCCCDDE9080126AA199320F098F8CB
:10B9600000287FF49AA89DF87B20199B0DF1A40B69
:10B97000FFF7C7B8039EFFF70FB80D9901390AF119
:10B98000FF3A0D91FEE60129039E7FF4C6AAFFF758
:10B9900008B8DDE9080126AA20F07AF800287FF42B
:10B9A0007CA8289F0DF1A40BFFF767BA013325444B
:10B9B000072BCBF80070CBF80440CDE927357FF793
:10B9C000E0A8FFF788BB049A039652AB9E1AFFF7D4
:10B9D00026B80898049326AA594620F059F800285A
:10B9E0007FF45BA89AF800102898049B29AAEAE63D
:10B9F000DDE9080126AA20F04BF800287FF44DA8C5
:10BA0000289F0DF1A40BFFF7A5B80B9B079A1B68A5
:10BA10001A60FFF7FEB94E46062E1A4628BF0626C4
:10BA200099460A93C14B0596CDE90C220B970493D6
:10BA30000F92FFF700B8984608F101084D44B8F19D
:10BA4000070FCDE927853760C6F804907FF78BABE9
:10BA5000E2E4129B13985919CBE90003279B289124
:10BA60000133072B279300F316810BF1080B002AF3
:10BA7000BFF624AB56421032AD4F80F2D382DDE9DF
:10BA80000848102505E00BF1080B103E102E40F37E
:10BA9000C98201331031072BCBE90075CDE927317D
:10BAA000F1DD26AA414620461FF0F2FF00287EF471
:10BAB000F4AFDDE927310DF1A40BE6E7039A12F4A8
:10BAC00000721CBFDBB20246FEF786BF039A12F477
:10BAD00000721CBFDBB20246C8E50133CBF8007030
:10BAE000072B05EB0207CDE92737CBF8045000F30D
:10BAF000E0800BF1080B1AE42D228DF87B20FFF774
:10BB0000A2B8189B1799E41A1A4620461FF08CFF1A
:10BB1000737803B101364FF0000CCFE6DDE9080180
:10BB200026AA1FF0B5FF00287EF4B7AF209A289D03
:10BB30000DF1A40BFFF7AABA4F46022124AB0193E3
:10BB400021AB00930898B0EE480AF0EE680A20ABEB
:10BB50003A4600F041FB672D049000F00E82472D1D
:10BB600000F09D82049B25F02008B8F1460F03EBFE
:10BB7000070605D11B78302B00F0E482209F3E445D
:10BB800051EC180B00220023FCF7A8F9002800F064
:10BB900040813346049A9B1A0E93209A0C92B8F176
:10BBA000470F00F02481B8F1460F00F0FE81531ECC
:10BBB000612D209300F0DE82412D40F02081502144
:10BBC0000120002BB6BFC2F101032B222D22092B2D
:10BBD0008DF888108DF8892040F33D820DF197068D
:10BBE000544F32461046A7FB0312D20802EB8201E3
:10BBF000A3EB4101303100F8011C194663291346BB
:10BC000000F1FF32EEDC303302F8013C831EB34218
:10BC100080F0BC820DF1890213F8011B02F8011FAC
:10BC2000B342F9D152AB181AA0F1AD0316930E9B93
:10BC3000169A012B03EB020640F32D82129B1E4441
:10BC400024F4806343F4807303930023CDE90C3321
:10BC500026EAE6720F930592199B002B40F0D280E2
:10BC60009DF87B209946FEF7E6BE199A1C1BA2EBB5
:10BC70000906A6423D46A8BF2646FFF78EBB0B9B92
:10BC8000079A1B681A80FFF7C4B843F3C012114625
:10BC90005BB2FEF773BEDDE9080126AA1FF0F8FECD
:10BCA00000287EF4FAAEDDE92731209A0DF1A40BCD
:10BCB000DDE6DDE9080126AA1FF0EAFE00287EF491
:10BCC000ECAE289F0DF1A40BFFF731BB4FF0060936
:10BCD0005BE409F10107022130E74F4603212DE71C
:10BCE00020A8B0EE480AF0EE680A1FF069FE0022B4
:10BCF0004FF07F5351EC100BFBF788FE002200231E
:10BD000006460F46FCF7EAF8002840F0BB810A4BD4
:10BD1000039309F1FF33CDE91C9B0D95CDE90E4A44
:10BD2000DDF81080DDF80CB01D460DE0385405003C
:10BD300040540500CDCCCCCC245405000022002377
:10BD4000FCF7CCF8F0B94D46AD4B002230463946F1
:10BD5000FBF75CFE0F460646FCF708F90446FBF7C6
:10BD6000EBFD0B46024639463046FBF797FC1BF8C5
:10BD70000430C24608F8013B6B1C05F1FF3906464A
:10BD80000F46DBD19F4B0C950022304639460D9D66
:10BD90000D94DDE91C9B0E9CCDF838A0DDF83CA08D
:10BDA000FCF7C4F8002840F00E81964B3046394627
:10BDB0000022FCF793F818B10D9BDF0700F1038117
:10BDC0000C9B002BC0F21A810C9B013343443022A0
:10BDD00008F8012B4345FBD1049A9B1A0E9325F0DA
:10BDE0002008DAE6049A249B9B1A209A0E93D31C0F
:10BDF0000C9201DB914518DA531E023D2093E9B203
:10BE00000020DEE62D228DF87B204FF00009FEF7A2
:10BE100014BE249BB342BFF4BDAE30215A1C249201
:10BE20001970249B9E42F9D8B4E60E9B934200F30E
:10BE3000AB80E30740F16081129BD618670502D5FD
:10BE4000002A00F33381059B039326EAE6730593EA
:10BE5000672500230F930D93FEE6DDE9080126AA6E
:10BE60001FF016FE00287EF418AE289F0DF1A40BDB
:10BE7000FFF756BA0898049326AA59461FF008FE01
:10BE800000287EF40AAE9AF800102898049B29AA8C
:10BE90000F449FE478238DF87D3030238DF87C307B
:10BEA000039BB9F1630F43F0020400F3AF8000235A
:10BEB0000A9339AB0493039B43F481730593119B5D
:10BEC000002B23DB9DED108B00231993612D7FF454
:10BED0006AABB0EE480AF0EE680A20A81FF070FDC9
:10BEE00000224FF07F5351EC100BFBF78FFD002227
:10BEF000002306460F46FBF7F1FF002840F0C28002
:10BF0000414B039305E70023039C0A93DDE91023CB
:10BF100003F1004308EE903A2D2308EE102A1993FE
:10BF2000D4E7DDE9080126AA1FF0B2FD00287EF45F
:10BF3000B4AD209C289D0DF1A40BFFF716BA4E4618
:10BF4000CDF81490CDE90C009DF87B200B9781462D
:10BF50000F90FEF770BDDDE9080126AA1FF098FDDD
:10BF600000287EF49AAD209C0E9B289D1C1B0DF191
:10BF7000A40BFFF712BA58238DE7E6077FF532AF1F
:10BF8000C6194FF04708FBE50E9B129A9E180C9BB2
:10BF9000002B40F3C8806725620500F18880059B6F
:10BFA000039326EAE673059353E70C9A04F0010322
:10BFB000002A43EA090340F3D580002B40F0BD80FE
:10BFC0000C9E6625E8E70E9B039A2493D17B18F814
:10BFD000013C8B42424609D1302002F8010C249AE0
:10BFE000531E249312F8013C9942F6D0392B0BBF13
:10BFF000039B01339B7ADBB202F8013C4346EBE63C
:10C00000000030400000E03F10540500089809F19E
:10C0100001011EF061FA0490002800F0C980049B21
:10C020000A9348E701333144072BCDE92731CBF898
:10C030000070CBF804607FF73FA8DDE9080126AA6D
:10C040001FF026FD00287EF428ADDDE927310DF133
:10C05000A40BFFF733B8002840F0818030228DF820
:10C060008A200DF18B02303302F8013B22ABD31A48
:10C070001693DCE5089A0C2313604FF0FF33079307
:10C08000FEF716BD4E4B4F4A612D18BF1A460123CD
:10C09000039220933DE6E2077FF5D2ADCEE5E107BE
:10C0A0007FF5A0AE049BA846DE1969E567251599C2
:10C0B0000B78FF2B78D000240C9A204603E0013047
:10C0C0000131FF2B08D0934206DAD21A4B78002BAD
:10C0D000F5D10B780134F4E715910D900F940C9283
:10C0E000059B0D9A03930F9B1344189A02FB03665A
:10C0F00026EAE6730593AFE516469FE6119B324CA0
:10C10000002B039BA8BF9DF87B2023F08003B8BFC2
:10C110002D220393B8BF8DF87B202C4BFEF799BDE1
:10C120002B4DFFF78EBBC3F101031E44059A03920A
:10C1300026EAE673059367258BE6129BD6184E44D4
:10C14000662529E751EC180B00220023FBF7C6FEF9
:10C1500000287FF413ADC7F1010720970FE50DF11B
:10C160008A0280E743B9059B039301230593662563
:10C170001E466EE6702123E5059B0393129B5E1C11
:10C180004E4426EAE6730593662562E6022316937B
:10C190004DE50B9B9AF80150924653F8042B0B93F4
:10C1A00042EAE279FEF748BB00230F930D9397E72D
:10C1B00009998B8943F0400213468A81FEF775BCCA
:10C1C0002454050010540500085405000C540500C3
:10C1D00040540500000000002DE9F04F9FB08DEDA8
:10C1E000040B0091016C289D029057EC106B0A9291
:10C1F000089349B1426C4A600123934004468B6026
:10C200001FF048F800232364B7F10009B4BF0123ED
:10C2100000232B60764BBCBF29F00049CDF8149069
:10C2200033EA090300F0A8809DED047B002251EC65
:10C23000170B00238DED067BFBF750FE804668B19F
:10C24000089A01231360299B13B1299A694B136043
:10C25000694B039303981FB0BDE8F08F9DED060B6B
:10C2600002981CAA1DA91FF04BFB5FEA19558246D4
:10C2700040F09880DDE91C85454405F23243202BCF
:10C2800040F38483C3F1400309FA03F905F2124332
:10C2900026FA03F349EA0300FBF73EFB0123013DC5
:10C2A0001193A1F1F871554B0022FBF7F7F94AA35E
:10C2B000D3E90023FBF7AAFB49A3D3E90023FBF74B
:10C2C000EFF9064628460F46FBF736FB46A3D3E9AF
:10C2D0000023FBF79BFB02460B4630463946FBF733
:10C2E000DFF906460F46FBF741FE00228346002396
:10C2F00030463946FBF7FCFD002840F01B83A8EBD5
:10C300000508BBF1160F08F1FF3400F28D813C4D9A
:10C3100005EBCB05D5E90023DDE90601FBF7E8FDD8
:10C32000002873D00023002C0BF1FF3B1093C0F2C8
:10C33000808100230B93BBF1000F6DDA0B9BA3EB05
:10C340000B030B93CBF10003CDE90EB3009B092B3C
:10C350004FF0000B68D8052B40F31D83043B00937E
:10C360000025009B023B032B00F22486DFE813F03C
:10C3700060045D0455043904089AC9F3130942F2B4
:10C380000F7359EA060913601CD1299B002B00F09A
:10C390002C861C4B03930833299A039813601FB013
:10C3A000BDE8F08FDDE90612C2F31303084643F03F
:10C3B0007F51CDF84480A5F2FF35DDF8708041F45F
:10C3C000401170E7299B002B40F0E8830E4B03934C
:10C3D00040E700BFAFF3008061436F63A787D23FA0
:10C3E000B3C8608B288AC63FFB799F501344D33F64
:10C3F0000000F07F314F0500304F05000000F83F8E
:10C4000050450500605405006C540500B8F1000F5C
:10C4100040F35D8410900B9000230F93009BCDF8A8
:10C4200038B0092B5C4496D900234FF0FF32CDE998
:10C430000923012500930C95029B00215964099B57
:10C44000189302981EF000FF0390002800F0BB85AF
:10C45000DDE902321A64099B0E2B00F21481002DD3
:10C4600000F011810E9A002A40F33884B14D02F099
:10C470000F0305EBC3031511D205D3E9008940F181
:10C48000F883AD4BDDE90601D3E90823FBF7E8FBB0
:10C49000CDE9120105F00F0503277DB1A64EEB078C
:10C4A00008D540464946D6E90023FBF7AFFA0137E5
:10C4B000804689466D1006F10806F0D142464B468B
:10C4C000DDE91201FBF7CCFB80468946109B43B1A6
:10C4D0009A4B002240464946FBF70AFD002840F0EF
:10C4E000F0843846FBF728FA42464B46FBF78EFAB3
:10C4F000934B0022FBF7D4F8099B0646A1F1507735
:10C50000002B00F0A9800E9B1993099B1293039BAB
:10C51000884D49464046CDE914675E1CFBF726FD71
:10C52000129905EBC10313ED027B07468DED167BD7
:10C53000FBF702FA02460B4640464946FBF7AEF8C7
:10C5400089460C993037DDE916238046FFB2002971
:10C5500000F052847B490020FBF782FBDDE91423C5
:10C56000FBF79CF8039D02460B46CDE914232F7080
:10C5700042464B46FBF7DAFC002840F09684CDE9B2
:10C580001AB4CDF858A0129DDDE914AB00272AE0BB
:10C590000137AF4280F2DD846B4B50465946002292
:10C5A000FBF734FA684B002282468B4640464946E8
:10C5B000FBF72CFA89468046FBF7D8FC0446FBF7CC
:10C5C000BBF902460B4640464946FBF767F8303454
:10C5D00006F8014B52465B4680468946FBF788FCCD
:10C5E000002840F0B38442464B4654490020FBF7F4
:10C5F00055F852465B46FBF77BFC0028C8D0199BD8
:10C60000DDF858A0039A374603F1010802E097428B
:10C6100000F07B843E4617F8013D392BF7D00133FB
:10C62000DBB23B70454674E10123002C1093BFF64A
:10C6300080AEC8F101030B9300247CE63846FBF77B
:10C640007BF942464B46FBF7E1F93D4B0022FBF7F5
:10C6500027F80646A1F150773C4B40464946002258
:10C66000FBF71CF832463B4680468946FBF75EFCEA
:10C67000002840F0598440464946324607F10043BD
:10C68000FBF736FC28BB1D9B002BC0F291800E9A55
:10C690000E2A00F38D80274D0E9B05EBC30595ED0B
:10C6A000007B0A9B002B8DED007B19DA099B002B88
:10C6B00016DC0ED1254B0022DDE90001FBF7A6F9BF
:10C6C00002460B46DDE90601FBF71CFC002800F0E2
:10C6D0002B844FF00009039E4F460A9BDD4324E262
:10C6E000DDE90045DDE9068922462B4640464946FC
:10C6F000FBF7B6FAFBF73AFC0646FBF71DF92246B4
:10C700002B46FBF783F9039F0B46024649464046FA
:10C71000FAF7C4FF06F1300307F8013B099B012B30
:10C7200000F010830125CDF810A09946DDE900AB9B
:10C73000A8462BE050450500284505000000F03FC5
:10C7400000001C400000E03F0000244000001440B6
:10C7500052465B4620462946FBF782FAFBF706FC69
:10C760000646FBF7E9F852465B46FBF74FF908F13E
:10C7700001080B46024629462046FAF78FFF06F1CC
:10C780003003C84507F8013B00F0DA82B94B0022BC
:10C79000FBF73CF90022002304460D46FBF79EFB05
:10C7A0000028D5D00E9DDDF810A001353E46B0E042
:10C7B0000C9A002A40F0D28000230F9E0B9D0C9310
:10C7C0001F4655B1002C08DDA5420B9A2B46A8BF89
:10C7D0002346D21A0B92ED1AE41A0F9B53B10C9B0D
:10C7E00013B1002E40F0E78251460F9A02981EF0D6
:10C7F000E1FE8246029801211EF0F8FD8146BBF160
:10C80000000F40F0B681009B012B40F3CC8101204A
:10C81000204410F01F0000F09A80C0F12003042B88
:10C8200040F3DA810B9BC0F11C0003440B930544D9
:10C8300004440B9B002B05DD514602981A461EF05E
:10C8400013FF8246002C05DD4946029822461EF061
:10C850000BFF8146109B002B40F07081099B002B41
:10C8600040F348810C9B002B40F0A4800E9D0135C5
:10C87000DDF80C80099CDDF808B0012607E0514680
:10C8800000230A2258461EF00FFD01368246494613
:10C8900050461EF0F3FAA64200F1300308F8013BBF
:10C8A000EDDB099A002AC8BF1646039AD8BF0126B5
:10C8B00002EB060B002451460122029800931EF061
:10C8C000D3FE494682461EF047FF002840F3E2812E
:10C8D000039A02E05A4500F0E8815E460BF1FF3B07
:10C8E00016F8013C392BF5D001338BF80030DDF818
:10C8F0000880494640461EF0CDFC57B12CB1BC42E1
:10C9000003D0214640461EF0C5FC029839461EF071
:10C91000C1FC029851461EF0BDFC00233370089BF9
:10C920001D60299B002B3FF495AC03981E601FB03F
:10C93000BDE8F08F5846FAF7FFFF32463B46FBF75B
:10C94000CDFA00287FF4DBAC0BF1FF3BD7E41C23CE
:10C950000B9A1A440B921D441C446AE7009A012A60
:10C9600040F3A881099B0F9A5E1EB242C0F26A8111
:10C97000002BA2EB060680F2DD820B9B099A9D1A22
:10C98000029801211EF032FD07461AE7C3F1200389
:10C9900006FA03F080E40125E3E439460023029817
:10C9A0000A221EF081FC189B002B074640F3EF8201
:10C9B0000E960993002D00F33E81BBF1000F40F06D
:10C9C000DE81B846039E099C731E1C44049B03F041
:10C9D0000103CDE90B43029C494650461EF04EFA36
:10C9E0003946834650461EF0B7FE42464946054644
:10C9F00020461EF0D3FEC26801460BF13003002A28
:10CA00003AD1CDE9090350461EF0A6FE09990690D9
:10CA100020461EF03FFC069A0A9B002A5AD1009A33
:10CA20001AB90C9A002A00F09A82002D45DB0B9A65
:10CA3000B346B2420BF8013B00F0B88151460023E7
:10CA40000A2220461EF030FC4745824639464FF008
:10CA500000034FF00A02204636D01EF025FC414666
:10CA6000074600230A2220461EF01EFC5E46804632
:10CA7000B2E700BF00002440029806931EF00AFCB3
:10CA8000002D069B06DB049A009902F001020D437B
:10CA90002A432AD151460122029800931EF0E4FD58
:10CAA000494682461EF058FE0028009B40F3E7806E
:10CAB000392B00F02F820BF131030E9D06F8013B5C
:10CAC0003C460135474612E71EF0EEFB5E46074640
:10CAD000804681E7002DC0F27D8200990D430C99BC
:10CAE0000D4300F07782002AA1DD392B00F012827D
:10CAF0000133E2E7009B022B7FF7B4AE099B002BCA
:10CB000040F01C814946052202981EF0CDFB0146EB
:10CB1000814650461EF020FE002840F30F81039E00
:10CB20000E9D312306F8013B013502984946013537
:10CB30001EF0B0FB002F7FF4E8AEEAE6494650460F
:10CB40001EF00AFE0028BFF689AE51460023029867
:10CB50000A221EF0A9FB0E9B5E1E0C9B8246002B38
:10CB60007FF41BAF189B002B40F3FF810E9D0993B0
:10CB70007EE601465A4602981EF01CFD009B012BE2
:10CB800081466BDD4FF0000BD9F8103009EB8303C1
:10CB900018691EF0D9FBC0F1200039E6924B0393CF
:10CBA0000333FFF7F9BB049B002B7FF430AEDDE9C4
:10CBB0000412C2F31303002B7FF429AE8B4B1340F6
:10CBC00023B10B9B01330B9301340123BBF1000F05
:10CBD00040F0AE819B461AE63FF42BAEC0F13C0319
:10CBE000B6E601230C930A9B0E9A13441893013363
:10CBF000012B1E460993B8BF0126172E40F3D5819D
:10CC0000012204235B0003F11400B042114602F13B
:10CC10000102F7D9029B596413E401230C930A9E85
:10CC2000002E32DD18960996E7E700230C93DAE729
:10CC300000230C93F3E7394602982A461EF014FDB0
:10CC40000746BAE60F9B0B9A0F96F31A9B44099B73
:10CC500015461A441C440B92002691E6049B002BB7
:10CC600090D1DDE90401C1F313030A46002B89D1F9
:10CC7000A4E79DED067B02278DED127B0DE47FF48A
:10CC80001CAFDA077FF519AF12E70123CDE90933AD
:10CC9000FFF7D2BB03D1009BDB073FF519AE5E4621
:10CCA0001BF8013D302BFAD021E6039A31230135E0
:10CCB00013701CE6119A002A00F0FA8003F2334345
:10CCC0000B9A0F9E15461A441C440B9258E6C8F165
:10CCD000010304460B931090FFF79EBB00F0EC801D
:10CCE0000E9B434D5E4206F00F0305EBC303D3E9F1
:10CCF0000023DDE90601FAF789FE3511CDE91201BD
:10CD000000F04E813B4E0023022780468946E8070B
:10CD100009D5D6E9002340464946FAF777FE0137A0
:10CD20008046894601236D1006F10806EFD1002BDD
:10CD30007FF4CCABDDE91289FFF7C8BB039ECCE4DE
:10CD4000DDF810A00E9D02460B46FAF7A9FC02463C
:10CD50000B46CDE904230135DDE90023A846FBF7A6
:10CD6000E5F840B9DDE90023DDE90401FBF7B6F899
:10CD700018B1F10701D5039A4CE43E46C9E579683C
:10CD800002981EF061FA0546002800F027813B69F1
:10CD900002339A0007F10C010C30FAF7E1FB02981C
:10CDA000294601221EF060FC80460BE60E9D3C46A3
:10CDB000013547467FE5DDF8088039463246404672
:10CDC0001EF0F8FB52460146074640461EF03CFB6B
:10CDD0005146824640461EF05DFA0F9B9B1B0F9307
:10CDE0003FF408AD00E500BF6C5405000000F07F83
:10CDF0005045050028450500DDE91401FAF706FE57
:10CE0000039B1F70129B012BCDE90C0100F0C68023
:10CE1000129F039BCDF844B01F447C4B0022404638
:10CE20004946FAF7F3FD89468046FBF79FF88346AB
:10CE3000FAF782FD0BF1300B02460B46404649469D
:10CE4000FAF72CFC06F801BBB74280468946E4D1CC
:10CE5000DDF844B06E4B0022DDE90C01FAF720FC4E
:10CE600002460B4640464946FBF760F8002867D16A
:10CE7000DDE90C2366490020FAF710FC02460B4658
:10CE800040464946FBF734F848B91D9B002BFFF696
:10CE900093AC0E9B0E2B3FF78FACFFF7FDBB3E46CE
:10CEA000013F16F8013C302BF9D0199D013530E5D2
:10CEB0001C9BC3F1360303E7DDE906890227FFF770
:10CEC00005BB099B002B3FF4B9AB189B002B7FF7E8
:10CED000DAAB0E9A1293013A4C4B1992404600225B
:10CEE0004946FAF793FD80468946781CFAF724FDF7
:10CEF00042464B46FAF78AFD464B0022FAF7D0FB32
:10CF00000646A1F15077FFF702BB08F10108312373
:10CF1000FFF787BB0E9D039AB34639233C460BF8B7
:10CF2000013B01354746D8E44FF000094F46F6E58E
:10CF30009B4629E60B9A15461A441C440B921FE5A2
:10CF4000199B039A03F10108FFF764BBDDF858A0B1
:10CF5000ABE7DDE91AB4DDF858A0FFF794BB392B35
:10CF6000D8D0002D3FF7A7ADA7E5009B022B0ADC28
:10CF7000189B099349460E9D1DF080FF039A00F10E
:10CF8000300313708DE4189B09930E96B6E5009B51
:10CF9000022BF8DC189B0E9609930BE5374659E7F0
:10CFA000DDE912890227FFF791BA029B002159643B
:10CFB000FFF747BA029B00255D64294618461EF01C
:10CFC00043F90390A8B9144B144800224FF4D571CB
:10CFD0001EF0E2FD002A7FF770AD5BE50E4B0F48B7
:10CFE0002A4640F2EA211EF0D7FD0D4B0393FFF7CE
:10CFF00031B9DDE902321A644FF0FF3301220A959C
:10D0000018930C920993FFF73EBB00BF0000244029
:10D010000000E03F00001C407054050084540500EF
:10D0200060540500044A054B0549002818BF1A46FC
:10D03000044820F061BE00BF245605001C560500C0
:10D04000795A05002D56050010B5054820F054FE0C
:10D05000BDE8104003484FF4804200231CF030BB71
:10D06000385605000000002030B50D4D0FCD89B0B9
:10D0700003AC0FC42B68236001230A4900930222EA
:10D08000094B03A806F00CFA014620B1074820F02E
:10D0900033FE09B030BD064820F02EFEF9E700BF90
:10D0A000704405002046050018460500525605004C
:10D0B0007556050010B5044621B10948BDE8104079
:10D0C00020F01ABE074820F017FE0749204609F055
:10D0D00019FE10F0FF0101D00448EFE710BD00BFBA
:10D0E0008C560500A356050020090020AE56050009
:10D0F00008B539B924F076FD01460348BDE808407B
:10D1000020F0FABD0148F9E7D0560500EC560500BD
:10D1100030B58BB0002301AA8DF80130ADF8043092
:10D120000223CDE904230393400002AB60F07F00AB
:10D13000069304AA0123CDE908230C468DF80000CC
:10D14000CDF808D0079306480649836806AA1D68EB
:10D1500008ABA8479DF8053023700BB030BD00BF69
:10D16000C03F05005446050030B5037893B004462F
:10D1700007AD032B20D8DFE803F002191B1D11496E
:10D1800028461DF0C9FD059563780493A3780393A1
:10D19000E37802932379019363790093A3790A4A90
:10D1A0001E210AA820F0B5FD13B030BD0749E7E7FE
:10D1B0000749E5E70749E3E7074A0A21284620F03F
:10D1C000A8FDE0E705570500275705000C570500A7
:10D1D000135705001D57050072580500074B1A69C3
:10D1E0001268D20748BF80F0010020B19B68DB685D
:10D1F0000248012118479B681B69F9E7C03E0500FA
:10D2000010B54FF4B0110446294820F070FA4FF4DD
:10D21000B011284820F06BFA4FF4B011264820F0E6
:10D2200066FA26492046F9F7DFFF40B920484FF457
:10D23000D01120F05CFA20484FF4D01107E02049CB
:10D240002046F9F7D1FFC8B91A484FF4D01120F0A1
:10D250004EFA4FF47A7020F066FA4FF4B011144889
:10D2600020F045FA4FF4B011124820F040FABDE822
:10D27000104011484FF4B01120F039BA114920463E
:10D28000F9F7B2FF28B94FF4D011094820F02FFA6E
:10D29000DAE70D492046F9F7A7FF0028D9D14FF466
:10D2A000D011034820F023FA02484FF4D011C0E710
:10D2B0007046050080460500784605004A5705007F
:10D2C00051570500575705005E57050010B586B049
:10D2D00001AB02930223039302AB400004930123AA
:10D2E0008DF804008DF805100593044804498368FF
:10D2F00004AA1C680023A04706B010BDC03F05006B
:10D3000054460500B0B500AF0446F9F7F9FE2246D1
:10D31000431C01210F4801F091FA031E06DA0E4A60
:10D320000E48012121F078FCBD46B0BD6D4688B0A5
:10D330006A460B4BC2E905344FF400739383094BE3
:10D3400042F8103F054800234FF4E65101F054FE27
:10D35000AD46E9E740240020645705002844050055
:10D36000825705000300000173B51346144600916F
:10D3700028480D46284920F0BFFC032C48D1274EF1
:10D380002246314628461DF025FD80B9244B3268DF
:10D390001A603046FFF7B6FF2248234A214620F0A4
:10D3A000C0F9224802B0BDE87040FFF729BF204E07
:10D3B0002246314628461DF00DFD78B9184B3268DB
:10D3C0001A603046FFF79EFF1A4A1648214620F0A1
:10D3D000A8F91648FFF714FF1748E3E7174E22464F
:10D3E000314628461DF0F6FC90B90D4B32681A60A4
:10D3F0003046FFF787FF124A0A48214620F091F98C
:10D400000A48FFF7FDFE0C48FFF7FAFE0D48C9E792
:10D4100002B070BD97570500875A0500B657050042
:10D420001110002028440500BA5705005757050081
:10D43000D1570500D557050051570500EE57050097
:10D44000F25705004A5705002DE9F04383B08146A5
:10D4500000AF02208846F72115461E46FFF736FF2B
:10D460008021042020F082F980210A2020F06BF92D
:10D4700000210120FFF72AFF002419F804100920D9
:10D480000134FFF723FFA3B29845F6D80C21012001
:10D49000FFF71CFF80210D2020F055F96424013C8A
:10D4A000791D0420A4B2FFF733FE1CB17B7913F081
:10D4B000310FF4D080210D2020F058F92CB9002430
:10D4C00020460C37BD46BDE8F083B91D0620FFF7A6
:10D4D0001FFEBB7913F01B0F4ED1F91D0A207C797A
:10D4E000FFF716FE97F8078087F80580391D0C2096
:10D4F000FFF70EFE3979E44301F0070104F001045F
:10D50000397161B108F1FF3301EBC30189B2318098
:10D51000B8F1000F06D101237B7100260CE04FEA21
:10D52000C801F4E7B8F1100FF7D91023F4E7A919EF
:10D530000920FFF7EDFD01367A79B3B29A42F6D8A9
:10D54000B8F1040FBCD12E786878A978EB786D46D5
:10D550008AB06A46DFF834C053620623C2E905C6C2
:10D56000C2E9070142F8103F064800234FF4435137
:10D5700001F042FDAD46A3E7034A0248012120F035
:10D58000D0F89CE7284405002858050009580500F4
:10D5900007B5334825F09EFE002844D0314825F0D9
:10D5A00099FE00283FD02F4825F094FE002844D152
:10D5B0002D4A2E48012120F0B4F80F210120FFF759
:10D5C00085FE322020F0AFF880212A20FFF77EFE72
:10D5D000A9212B20FFF77AFEE8212C20FFF776FE09
:10D5E00003212D20FFF772FE40211520FFF76EFE6C
:10D5F0003D211120FFF76AFE0321142020F0A3F83B
:10D600000DF107013720FFF783FD9DF80730184A19
:10D610001648032121F000FB1448164A032120F08C
:10D6200080F8002006E01148134A012120F079F823
:10D630006FF0120003B05DF804FB10484FF4D011F6
:10D6400020F055F80028B8D1FFF7C8FD0A2020F0D7
:10D650006AF80120FFF7C2FD322020F064F8ACE741
:10D66000C03F0500C03E0500505805002844050095
:10D6700063580500795805003B58050048460500E9
:10D680002DE9F047A8B09948994C02AF20F034FB3F
:10D690009848A06225F01EFE28B9974A01219748B4
:10D6A00020F03FF80FE04FF46C21A06A216007F1F1
:10D6B000180225F023F80346002838D0904A8F48F6
:10D6C000012121F0A9FA8F4C894804232246012127
:10D6D00021F0EEF9002838DA8B4A8848022120F040
:10D6E00020F88A4B1B6823606D4688B002AA884BDD
:10D6F000C2E905344FF400739383864B42F8103F20
:10D700007E4800234FF4E65101F076FC0022824966
:10D71000AD46104624F048FB044650B301467F480E
:10D7200020F0EAFA20469837BD46BDE8F087FB694D
:10D73000E36020460223238200F0CAFE034608B1BC
:10D74000774ABCE7774A0321A9E76D4688B002AA69
:10D75000754BC2E905344FF4007393836D4B42F867
:10D76000103F664800234FF4E65101F045FCAD46FA
:10D77000BAE705F015F9044610B101466B48CFE74A
:10D780006B4D0FCD3C1D0FC42B6823600125694BE9
:10D79000694900950222381D05F082FE044610B149
:10D7A00001466648BCE76649664806F05BFA0446EF
:10D7B00010B101466448B3E7644820F09DFAFFF7D2
:10D7C000E7FE60B1624A4D4829461FF0AAFF614852
:10D7D0004FF4D0111FF08BFF4FF0FF34A2E75E48EB
:10D7E00020F08AFA5D494748F9F7FEFC002848D145
:10D7F0005B485C4EDFF88C81FFF702FD30461FF07E
:10D80000C9FF00285BD0584D0024AA4604222946AF
:10D8100030461DF01DF98146002844D10AEBC40AA8
:10D820004246DAF804408021234607F118001DF033
:10D830002FFA07F1180105464C4820F05DFA6B1EDF
:10D840007E2B11D84946ABB207F11802484624F0A6
:10D85000C4FA011E08DA11F10B0F05D011F1800F87
:10D8600002D0434820F048FA14B33C492548F9F760
:10D87000BBFC40BB3A492046F9F7B6FCC0B9384C6E
:10D8800017E03C491F48F9F7AFFC20B93448FFF7CF
:10D89000B7FC3948ADE73248FFF7B2FC3648FFF72E
:10D8A000AFFC3648A5E70134032C05F10805ADD1DE
:10D8B000334C2046FFF7A4FC64201FF034FF6420A3
:10D8C0001FF031FF9AE72B490E48F9F78DFC00282D
:10D8D000EFD123492046F9F787FC0028E9D02649F3
:10D8E0002046F9F781FC0028E2D1E2E798580500CC
:10D8F00040240020A03F0500B15805002844050041
:10D90000CC580500111000200B590500EE570500FA
:10D91000495905000300000124090020665905004B
:10D92000EA580500FF580500335905008B590500DA
:10D93000704405001846050020460500AB59050057
:10D9400069D10200F40F0020CC590500EA59050006
:10D95000035A0500704605001E5A0500B65705001B
:10D96000575705009644002030460500F46705002F
:10D97000615A0500D1570500515705004A57050067
:10D980005E570500405A05002DE9F04F91B084071D
:10D99000009302F004030293C2F3C20303F10103F4
:10D9A000DDF86880039205460E46059340F0BA8183
:10D9B000041D30B1072909D86FF01B0011B0BDE874
:10D9C000F08F01F007063444C6F10806009B4FF0C3
:10D9D0000009591E4FF0040A4FF0FF330193CDF8B0
:10D9E00010904F46CB4653460DB1009820600598E5
:10D9F000002800F3E8809848009A824203D39748B1
:10DA00008242C0F0E080039AA4EB050E92074FEA31
:10DA10009E0000F103810F2F00F2B180002D00F075
:10DA2000058107F140020DEB020C019A0CF8200C65
:10DA30000CF8102C049801300490E7E07A285DD8A7
:10DA40004B280ED8472859D829282DD8252852D018
:10DA500054D820287AD02338D0F1000B4BEB000BA0
:10DA600074E04C382E2849D8DFE800F07048484868
:10DA700048484848484848484B4848484848484823
:10DA80004859484B4B595959704B6D487048184B81
:10DA9000184848827F4B48484B487F0000204FF091
:10DAA000000B4FF0040A38E02A38C0B2012202FA13
:10DAB00000F010EA0E0F49D110F0625C2FD110EA8D
:10DAC000020B43D06046013C5444B4FBFAF40AFB19
:10DAD00004F4002D61D0A3EB050CA444B4453FF63B
:10DAE0006BAF002868D1042B47D158F8043B236062
:10DAF000043404232AE0019A013A01924FF0000B0A
:10DB000024E011F8010C6C2834D111F8023C0020FB
:10DB10006C2B8346C5D14FF0080A5346D3E708F172
:10DB2000070828F007080734F8E802AB24F00704D8
:10DB300035B106982044B0423FF63EAFC4E900AB91
:10DB400008344FF0000B4FF0080A534611F8010F4C
:10DB5000002878D0BBF1000F7FF470AF2528F5D1F5
:10DB6000019B013301934FF0010B4FF0040AECE7E6
:10DB7000584694E700208346A5E7082B02D06FF0B3
:10DB800015001BE708F1070828F00708B8EC027B2E
:10DB900084ED007B08340823D8E768B9042B02D150
:10DBA00008F10408A4E7082BE9D108F1070828F0D8
:10DBB000070808F10808EDE705980138059058F8BE
:10DBC000040B009010E7039A900720D5A4EB050EF4
:10DBD0004FEA9E004FF0010CBEF5007FCFD20F2F11
:10DBE000CDD8F5B107F140020DEB020EC0B2019A9B
:10DBF0000EF8200C0EF8102CBCF1000F3FF41AAFF9
:10DC000060F07F000EF8200C09F101090137C5F121
:10DC10000802043406924FF6DA7E97E74FF0000CC4
:10DC2000DAE7BCF1000F01D00136EFE7029A0236C5
:10DC3000002AEBD10098CDE90631F9F761FADDE968
:10DC400006310644E2E7631BB3F5806F97D23DB916
:10DC5000A6F10804E018B1E6C83D0500D48005002F
:10DC6000029A28609B082B709DF81030C2B1EB70AF
:10DC700085F80290B9F1000F05D008A80022C5F17F
:10DC8000010C97420ED1C5F101030DF120084FF0B0
:10DC9000000A01930DF1300B574512D1601B8DE640
:10DCA0006B70E5E710F8013B190608D50CEB040E84
:10DCB000B64503F07F033FF67FAE04F8013B013227
:10DCC000DFE7B9F1000F03D098F90020002A17DB35
:10DCD000029BD3B11AF80B2004F8012B0022019B00
:10DCE00018191044B0423FF667AE98F8000004F8E7
:10DCF000010B009903922046F9F732FC039A144471
:10DD00000AF1010A08F10108C6E798F8002055F861
:10DD100022300093029B45F822300098F9F7F0F981
:10DD2000421CDCE76FF00D0048E600BF2DE9F04F24
:10DD300097B000AF90F802A0D7F880B03B62CBF369
:10DD4000C0030446FA62BB61894641B94578007850
:10DD50000AEB800020444D4517D8A0EB0409E37876
:10DD6000FB61BAF1000F02D01BF0010F16D1FB6965
:10DD700053BBFB6A1BB13A6A4946204698474D4659
:10DD800028465C37BD46BDE8F08F461C3046F9F7A3
:10DD9000B7F90130304409F10109DCE72378626802
:10DDA0007A62FA6A9900796104EB8301002A40F0F3
:10DDB00000814D460E4601EB0A094FF000084E4522
:10DDC0004CD101EB0A0610E01BF0020FD1D02378F2
:10DDD0009A007A6162687A62FA6A04EB8301002A27
:10DDE00077D14D4601EB0A0690461BF0050F0CBF9C
:10DDF00002230123FB62FB6906EB430A0BF00203DB
:10DE0000BB625645BCD016F8021B16F8013C54F80C
:10DE10002390994B994502D3984B994536D3BB69CA
:10DE2000002B40D0786A1FF02CFF00283BD0E94639
:10DE30008AB06A46924B53617B6AC2E906314FF45D
:10DE4000007313848F4B42F8103F8F4800234FF428
:10DE5000125101F0D1F8023DCD46D2E716F8013B50
:10DE6000F96254F82300F9F74BF9D7F88430F96ACE
:10DE700001304BB1D7F8883098453EBFD7F8843091
:10DE800023F8180008F10108054498E7BB6923B19D
:10DE9000786A1FF0F6FE0028C9D11BF0010F05D1EA
:10DEA000FB6AED1AADE7BB6A002BAAD04846F9F72A
:10DEB00027F9D7F8843053B1D7F8883098453FBF59
:10DEC000D7F88420431C22F8183008F101080544D3
:10DED00097E7BAF1000F72D01BF0040672D0D0465B
:10DEE000002607F1480052463B61B962F9F738FB5A
:10DEF000B96A3B6901EB0A02BA62FA69F969520030
:10DF0000FA60BA6A02EB41023A610BF00202BA60AF
:10DF10003A69B96A8A4257D162787A621BF0020F75
:10DF200032440CBF4FEA580100211BF0010FD2B25E
:10DF300040F09F801BF0040F14BF40460020BB61DF
:10DF40006270A070E1703A6A7969FB6A204698476E
:10DF5000051EFFF615AFBB6923707B6A6370FB6912
:10DF6000E37041463A6AFB6A84F802A007F1480070
:10DF70009847B0F10008C0F2BB807B693A6AA9EB10
:10DF80000A01C91AFB68C91AD7E90A039847002889
:10DF9000C0F2B080A84408EB00054FF0000B07F179
:10DFA000380AB34572D300213A6AFB6A084698479B
:10DFB000E6E656464FF0000807F1380093E756466C
:10DFC000D04697E7B04695E7BA6A12F8021BBA62E4
:10DFD00012F8015C284A54F82500904202D3274ADF
:10DFE00090421ED3BA6932B1786A7B601FF049FE55
:10DFF0007B6800288CD1BA6802BB08F1280207F1BF
:10E00000300C08F10100944407F1580252FA80F0F4
:10E0100008F102080CF8101C5FFA88F800F8105C90
:10E0200076E7BA693AB1786A7B601FF02AFE7B68AE
:10E0300000287FF46DAF1BF0010F09D006F1280214
:10E0400007F13000711C161806F8205CCEB25FE7AD
:10E050001BF0040F3FF45CAF08F1280207F1300019
:10E0600008F1010102EB000808F8105C5FFA81F882
:10E070004EE7002063E700BFC83D0500D4800500DF
:10E08000A85A050004000001B04305001BF80A303F
:10E0900087F8373054F82390D7F884302BB3D7F86B
:10E0A00088309B4521D2D7F8843033F81B803A6AF8
:10E0B000FB6A012107F13700984700281ADB054465
:10E0C000B8F1000F06D14846F9F71AF800F1010837
:10E0D0001FFA88F83A6AFB6A414648469847002882
:10E0E00008DB05440BF1010B5BE74FF00008DEE7AE
:10E0F000454645E6054643E6014B1860704700BFBC
:10E100003409002030B587B00025CDE9030104466D
:10E11000009503A905480595FAF7BAF8DDE904303A
:10E120009842B8BF255407B030BD00BFD1DC040011
:10E13000F0B5094E016802460A2700200B4601315E
:10E140001C78355D6D0701D41360F0BD07FB0043FB
:10E15000A3F13000F2E700BFFD5205002DE9F84FB2
:10E1600015469A46D378234A12F803B06F2B81469E
:10E170000F460BF0030B2BD026D8582B0CBF1026C4
:10E180000A26DDF828803246002348463946F9F74A
:10E1900015FF092A08F1FF38D4B21ED83034B14532
:10E1A000E4B277F1000788F8004001D3D04511D8D8
:10E1B0002B789B0605D5082E15D1AB7843F00803C4
:10E1C000AB704046BDE8F88F03F0F703702BD5E73E
:10E1D0000826D6E781460F46D5E7BBF1010F0CBFF5
:10E1E00037345734DBE7102EEBD1AB7843F0100314
:10E1F000E6E700BFFD5205002DE9F047058B044618
:10E200002807904611D4022905F0070540F0CC807C
:10E21000204620F06CF878B10138218B042811D801
:10E22000DFE800F0C2106D85950001290CBF45F0B4
:10E23000100545F02005258388F31188BFF36F8F03
:10E24000BDE8F08701F0070AAA4500F0A580002785
:10E25000B9463E46A368002B00F0BC8041F008019F
:10E26000218388F31188BFF36F8FA168002900F024
:10E27000BA800D68002900F0B680D1F804803346DA
:10E2800052462046C047002D76D02B6829461D46B1
:10E29000F0E701F007035A1F012A1BD8002221F0E2
:10E2A0000701062B276889B2C4E9002209D13B4641
:10E2B00003E0628B013262831B68002BF9D141F0CD
:10E2C00002012183204620F012F800287AD041F084
:10E2D000200176E0042B0AD121F0070189B22183C5
:10E2E000204620F004F810B141F020012183218B59
:10E2F00001F0070AAA454FD00027B946AAE72369CB
:10E3000021F0070141F00601062DD3F8009021838A
:10E310002DD1B9F1000F3FD041F00801218388F3DE
:10E320001188BFF36F8F3A492046C84729E021F092
:10E330000701236941F0040189B2042DD3F8049048
:10E340002183E6D000273E464FF0040A82E721F001
:10E350000701236941F0050189B2052DD3F8089022
:10E360002183D6D000273E464FF0050A72E70027EA
:10E370003E464FF0060A6DE72B4687E7B9F1000FDE
:10E38000D1D1EFF31188202383F31288BFF36F8F6D
:10E39000238B23F008032383258BEA062ED525F053
:10E3A0001003238305F007056669218B002EBFF655
:10E3B00070AF00232768C4E9003321F0070141F062
:10E3C00001012183218B01F0070AAA454FF00009C2
:10E3D0007FF440AF002F9CD041F00801218388F3E7
:10E3E0001188BFF36F8F002FC8D03D683946334680
:10E3F000524620461FF0A7FF2F46F4E7AB067FF5F5
:10E400001BAF25F02003238305F0070500E700BFBD
:10E4100073E304002DE9F7430F4606460821C06A5E
:10E42000DFF8509020F085F93C68241A80463C6063
:10E4300004EA0905AC4203D8002003B0BDE8F0832C
:10E4400008236A462146304620F009F90028F4D115
:10E450006946304620F077F940B1BDF80230BDF88A
:10E4600004203C6005EA090513441D44A4EB08049C
:10E47000E0E700BF0000FFFF73B504460821C06A53
:10E48000124E20F056F94FF6FF726368ADF8002087
:10E490008DF80620E268191833401344181A002535
:10E4A00060606846ADF80210ADF8045020F038F90D
:10E4B0006946204620F007FA2046211D20F008F981
:10E4C000636828463340A36002B070BD0000FFFFC0
:10E4D0002DE9F04704468AB000F11407384624F0CD
:10E4E000ECFFA06A8368DB689847E06250B98D4A08
:10E4F0008D48012120F0F9F86FF0150528460AB083
:10E50000BDE8F087A06A8368DB6898470368013B31
:10E510001F2B01D9854AEBE7E368B3F5803F08D9A3
:10E520004FF4803200928048814A012120F07EFB26
:10E53000E2E7A06A216807AA24F0E0F808B17D4A62
:10E54000D6E7E5682DB1089BB5FBF3F203FB125546
:10E550000DB1794ACCE7238A012B01D8774AC7E766
:10E56000E36A029593F805904FF0FF334FF0FF32C6
:10E5700038461AF047FDE06A082120F0DAF8A8468C
:10E580000646238A1FFA85FA534508D8238A43454D
:10E5900023D138461AF0AEFD6FF02C05AEE7E168E6
:10E5A0002B04891B13FA81F14A4608232046029165
:10E5B00020F063F878B102A9204620F089F808F12C
:10E5C0000108029908234A4620461FFA88F820F0DD
:10E5D00054F80028DAD00135D3E79A450BD10299D7
:10E5E00008234A46891B204620F047F818B902A99B
:10E5F000204620F06DF802A92046FFF70BFF0546E4
:10E6000018B138461AF076FD78E7029B63604FEA4E
:10E6100013484FEA0848C4F80880D4E90113994226
:10E620000FD3082303AA204620F019F80546002836
:10E63000E7D103AB13F8012B91453DD10135082DEE
:10E64000F8D163681B0C1B0402A92046029320F03A
:10E650003FF8E36802994A46204620F00EF8051E6E
:10E66000CFDB63687ED006EB03084FF6FF79E368E3
:10E67000CDF808801FFA88F29B1B9A4238D3304AA3
:10E680002948032120F031F86168204620F02FF856
:10E6900005460028B5D163682A4AE16813400B4457
:10E6A000A3EB460363601340A360204620F033F9D8
:10E6B0000546002D72D0A4E703A9204620F043F8B8
:10E6C000626810B9921B6260A7E7BDF81050BDF8F0
:10E6D0000E10E06AC4F80880294420F02AF840446B
:10E6E0009042A060EED1002DECD06FF01C0580E0D0
:10E6F000082305AA414620461FF0B1FF0546002821
:10E700007FF47FAF05A9204620F01DF838B1BDF891
:10E7100014304B4503D1BDF81830002B6FD0B044F6
:10E72000A5E700BF765B0500D0430500985B0500B8
:10E73000B55B0500DE5B0500F65B05000A5C0500C5
:10E740007C5C05000000FFFF5B1A4A4620461FF074
:10E7500094FF051EFFF655AF08D0E26AA368126861
:10E760001344A360D4E901318B42EDD86168E368BA
:10E7700001EB46029A429CD1DFF8BC80A26801EA14
:10E7800008039A4295D020461FF0B1FF05460028A5
:10E790007FF437AF636803EA0803A360E368A288E5
:10E7A000A3EB46039A4220D038461AF0A3FC01237B
:10E7B000A374E268238A1B48009203211A4A20F0BE
:10E7C00035FA63689AB200921648184A1B0C032166
:10E7D00020F02CFAA3689AB200921248144A1B0C3B
:10E7E000032120F023FA002588E6204620F07CF85B
:10E7F000054638461AF07EFC002DD8D07EE60D4A3C
:10E80000084803211FF071FF63681B0C1B0402A959
:10E81000204602931FF05CFF029920461FF067FF1D
:10E8200046E700BFD04305002D5C0500445C0500B1
:10E83000565C0500675C05000000FFFF2DE9F04F06
:10E840001D4691B0837C02910446009253B9644AFC
:10E85000644801211FF049FF6FF00C06304611B0EB
:10E86000BDE8F08FC26A082110461FF062FF2946FA
:10E87000019010461FF05DFFE368019AA3EB82034D
:10E88000AB420746C0F0A8801DB1009B002B00F0F2
:10E89000A3806368059306AA05A92046DDF814A0A5
:10E8A0001FF08EFF06460028D8D1BDF81830029A16
:10E8B000934206D06268059B9A42ECD1002D35D177
:10E8C000CCE706A920461FF03EFF0028F2D0BDF895
:10E8D0001A80BDF81C303DB39D4227D1E36ADDF8B4
:10E8E00000B01B684FEA1A4A5B424FEA0A4A03F03B
:10E8F0002003D0440393AA46039B534528BF5346A5
:10E9000008AA4146204699461FF0A9FE00284AD190
:10E910004A4608A958461CF09BF838B9BAEB090AD0
:10E92000C844CB44E8D199E7002B97D0002F3DD1C4
:10E93000B84604F1140A4FF0FF324FF0FF3350464F
:10E940001AF060FB238A9E4243D0A168626808EBFC
:10E9500001039A422FD3029BADF82030FF238DF89C
:10E960002630009AADF822102B462046ADF82450F0
:10E970001FF070FF29460746E06A1FF0DAFEA36821
:10E980000344A36057B908A81FF0CAFE08A920468F
:10E990001FF099FF002814BF07462F4650461AF073
:10E9A000A9FB3E465AE7C1DC064657E7019B1F44D8
:10E9B0001FFA87F8BDE72046FFF75EFD07460028EF
:10E9C000ECD120461FF0A7FF07460028E6D101360C
:10E9D000B8E76FF01B07E1E76FF015063EE700BFF1
:10E9E000625B0500D04305002DE9FF471E46837C8E
:10E9F000BDF8309004460F4690464BB92C482D4A3E
:10EA000001211FF072FE6FF00C0004B0BDE8F0872A
:10EA1000C06A08211FF08DFEE368A3EB4003B342F8
:10EA200043D3D4F804A0CDF804A000254D455146A9
:10EA3000DDF804A009D9636853451ED1BDF808303C
:10EA4000BB421AD06FF00100DFE702AA01A92046FD
:10EA50001FF0B6FE0028D8D1BDF80830BB4206D161
:10EA600002A920461FF06FFE08B10135ADB2626801
:10EA7000019B9A42DAD15146E0E7BDF80C30002BF9
:10EA8000E0D0A945DED8BDF80A00090CB3424FEA30
:10EA9000014128BF33460144424620461FF0DFFDB6
:10EAA0000028B2D1BDF80C00AFE76FF01500ACE75D
:10EAB000D0430500625B05002DE9F047DFF8588080
:10EAC000044607464FF0010914B93846BDE8F087FF
:10EAD00094FAA4F5B5FA85F509FA05F32E0108EBC9
:10EAE00005156FEA030A24EA03042B7B002BEBD005
:10EAF00058F806301B694BB946440422736828460F
:10EB0000196807EA0A0720F00EF8DDE7284698475B
:10EB10000028D9D1F0E700BF6044050030B51049A6
:10EB2000104889B0002225F04FF80F4D0F494FF4DF
:10EB300000320023CDE9062300240E23CDE903345F
:10EB4000CDE901440A4B00944FF4407228461AF074
:10EB500033FE0849284624F08EFE204609B030BD19
:10EB600079EB0200F018002010140020004600206D
:10EB7000A5EE0200AA5C050001481AF03DBB00BFEB
:10EB8000C81100202DE9F047804621480F461FF0AC
:10EB9000AAFF0646002833D000252846BDE8F087A6
:10EBA000237B83B12368DB680BB1204698476368F9
:10EBB00083F8069023681B69D3B963680422196837
:10EBC00020461FF0B0FF013610345445E8D3B8F1A9
:10EBD000000FE2D0002DDFD02846FFF76DFF05467D
:10EBE000002FF7D000214FF4A47024F0FCFEF1E7D1
:10EBF000204698470028E0D009FA06F31D43E2E7D3
:10EC0000044CDFF814A005464FF00109DDE700BF12
:10EC1000802400206044050070440500014B53F837
:10EC2000200070479C46050008B5034608462BB1F6
:10EC3000044A136000F07AFC002008BD6FF0150054
:10EC4000FBE700BF3809002010B5044C237813B946
:10EC500003481AF0D1FA0123237010BD9B44002011
:10EC6000C811002010B504460B481FF03CFF5CB1F2
:10EC7000BFF35B8F094B53E8001F013943E80012D3
:10EC8000002AF8D1BFF35B8F054824F0A9FF05489F
:10EC9000BDE810401AF0B0BA782400207C2400208F
:10ECA000F0180020C81100200020064BBFF35B8F36
:10ECB000014653E8000F43E80012002AF9D1BFF3E0
:10ECC0005B8F70477824002070B5FFF7EDFF084C8C
:10ECD000084E0546B44200D370BD63685B792BB122
:10ECE00023685B6813B12946204698471034F1E742
:10ECF000604405007044050010B5044C04492046EA
:10ED00001FF073F9034B1C6010BD00BF9010002072
:10ED100088460500702400200D4A0E48002310B5D7
:10ED200013700D4A13600D4A4FF400411360FFF752
:10ED30007BFFFFF7E1FF0A4B0A4918468B4200D3DD
:10ED400010BD1A1A5C681211013222711033F5E7F6
:10ED50009C440020E3EA0400782400207C24002066
:10ED6000604405007044050001460022014800236C
:10ED70001FF05CB99010002001481FF0F5B900BFEA
:10ED800090100020024B014618681FF041BA00BFE6
:10ED90007024002001481FF076BA00BF90100020B8
:10EDA00070B5294B187800284DD0FFF7E5FF0546D0
:10EDB000002845D1254B264C1B68002B19DD24F07B
:10EDC000BBFE4FF47A72A0FB020302FB0131C30BBE
:10EDD000D4E9002043EA41439B1A4FEAD13140F283
:10EDE000E93261EB0001934271F1000101D3FFF7B9
:10EDF0006BFFD4E9003213F57A7342F10002C4E9E3
:10EE00000032BDE87040FFF7C5BF63685B7923B18E
:10EE1000236829461B68204698471034B442F4D32F
:10EE20002846FFF7AFFFBFF35B8F0A4B53E8001F85
:10EE3000013943E80012002AF8D1BFF35B8FB9E72C
:10EE4000054C064EEAE770BD9B4400207824002064
:10EE5000E81800207C240020604405007044050070
:10EE600070B50D4D297861B90120FFF78BFE0B4C71
:10EE70000B4EB44206D3FFF793FF0028FBD10123CA
:10EE80002B7070BD63685B791BB1236820469B685B
:10EE900098471034EDE700BF9C4400206044050013
:10EEA0007044050000212DE9F0470846FFF76AFE8F
:10EEB000044648B340F267684FF000091AF040FF7B
:10EEC0001A4B186030B11A4B1B68092B02DD194828
:10EED0001AF092F9184FDFF85CA0002544B12046E3
:10EEE000FFF7EAFD044618B94FF0FF384FF0FF393D
:10EEF000FFF756FF064628B9B5B942464B4650467D
:10EF00001AF0B4F93546E9E74FF0FF384FF0FF3912
:10EF1000D4E72B689B691BB100221146284698470D
:10EF20001035BD42F5D3E8E7044DFAE7742400201C
:10EF30007C240020C81100207044050060440500B6
:10EF400013B518481FF0CFFD174B1B7873B1EFF3C3
:10EF50001184202383F31288BFF36F8FFFF720FF04
:10EF600084F31188BFF36F8F02B010BD0F4B1B6885
:10EF7000002BF9D050B900220023CDE900230C4822
:10EF80004FF4004200231BF0CBF9EDE70928EBD149
:10EF9000074824F025FE074802B0BDE810401AF0EB
:10EFA0002BB900BF7C2400209C4400207424002046
:10EFB000F0180020C811002010B5064B1B6804464D
:10EFC00098472146A06004481FF0AFF8BDE8104004
:10EFD000FFF7B6BF3809002090100020044A054B07
:10EFE0009B1AB1EBD30F34BF52F8310000207047A9
:10EFF00038430500604405002DE9F04F8FB004AFA1
:10F00000C1F34A28B8600D4691467B600C0DB8F1FB
:10F01000000F63D0002607F114034FF0040B4FF0EC
:10F020000A0AC7F80C80C7E907667E620193CDF82B
:10F0300008B0CDF800A007F11C03F9683246484635
:10F04000FEF774FEB0F5006F03461CD36C468AB021
:10F05000D9F8041004AB2648C3E9050140F2FF715A
:10F06000D9611A464FF400711984224B42F8103FBF
:10F07000214833464FF41251FFF7BEFFA5462C3707
:10F08000BD46BDE8F08FC0F30A0804F1170018442C
:10F0900020F0070080083B60FFF766FE68F3532509
:10F0A000044690B13B68154AC7E9083600F11001E3
:10F0B00007F11403F961CDE900A3CDF808B0F968B0
:10F0C00007F11C034846FEF731FE68F353257B68C1
:10F0D000B9682A4620461FF046FDD0E704F1170024
:10F0E00020F007008008FFF73FFE0446EDE700BF71
:10F0F000BF5C050004000001E043050039EB04009B
:10F100002DE9F04F87B0DDE91279DDE9105A0446A8
:10F11000039193469846BFB1CDF800903B465246C6
:10F1200010210020CDF81490FEF72EFCB0F5006FF2
:10F1300006460AD3184A194840F2FF73022107B065
:10F14000BDE8F04F1FF068BD3E4605F117003044A2
:10F1500020F0070004F007048008FFF705FE0BF01D
:10F16000070BE40044EA8B1444EA462444EA0554BD
:10F17000054640B13FB1CDF800903B46524631467E
:10F180001030FEF701FC039943462246284607B09B
:10F19000BDE8F04F1FF0E7BCFE5C0500E043050052
:10F1A000406820B1034BC01A40F3CF0070474FF0C6
:10F1B000FF307047384305000EB403B503AB01467A
:10F1C00053F8042B044801931FF057FD02B05DF87B
:10F1D00004EB03B0704700BF89EC0400CA0605D4F5
:10F1E0008B064CBF02490349FFF7E6BF704700BFDB
:10F1F0005F5A05005E5A05002DE9F04F8BB09A4624
:10F20000169B06939DF854B0179B0593189B199E67
:10F21000049304460D469046BBF1000F00F09E801B
:10F2200006F00103089306F00803079306F48073C1
:10F2300009931FF076FC06F00209024600283BD035
:10F240008F492046FFF7B8FF0746B9F1000F08D0F5
:10F2500016F0440F32D18B492A462046FFF7ACFF07
:10F260000744089B53B1884B884953F82B20884B9F
:10F270002046002A08BF1A46FFF79EFF099B002B75
:10F2800048D0079B002B62D1B8F1000F64D08149B0
:10F2900042462046FFF790FF0546069B3D44002B63
:10F2A0006BD1049B002B71D1F30700F1E380314651
:10F2B0002046FFF793FFD7E00746C6E7764B18686E
:10F2C0000028CDD0754B4FF47A791B68B5FBF3F568
:10F2D0004FF46163B5FBF0F100FB115509FB05F537
:10F2E0004FF03C0CB1FBF3F203FB1211B5FBF0FE47
:10F2F000B1FBFCF300FB1E550CFB131109FB05F5DC
:10F300000091B5FBF0F56649CDE901E52046FFF730
:10F3100053FFA5E7079BEBB1624B634953F82B20E2
:10F320002046FFF749FF0546B8F1000F05D05949BF
:10F3300042462046FFF740FF0544BAF1000FACD02B
:10F340005A4952462046FFF737FF0544A5E74FF0DC
:10F35000000AE1E7079DE7E745469EE7BAF1010F9E
:10F36000069B06D1002B65D1049B002B7CD0002589
:10F370000CE0002BF8D04E485DE04E48069B4E490D
:10F3800022461EF04DFC049B002B69D0DFF83C8127
:10F39000DFF83C91049F3146102F204628BF1027EC
:10F3A000FFF71CFF4FF0000A554546DC059B494618
:10F3B0001A782046FFF700FF4FF0010A1AF0070FF6
:10F3C00003D141462046FFF7F7FE57453CD9059B40
:10F3D000494613F80A202046FFF7EEFE0AF1010A1B
:10F3E000BAF1100FEAD1354920464FF0000AFFF775
:10F3F000E3FE5246059B9A5C314B995C11F0970FE6
:10F4000008BF2E222F492046FFF7D6FE0AF1010A37
:10F41000BAF1100F1DD01AF0070F03D14146204654
:10F42000FFF7CAFE57455246E4D841462046FFF74B
:10F43000C3FEEBE71F485D46A0E741462046FFF7C5
:10F44000BBFE0AF1010AAFE71F492046FFF7B4FEF1
:10F45000C4E7059B3B440593049BDB1B049399D1B4
:10F46000BBF1000F7FF420AF20460BB0BDE8F04F9A
:10F470001FF0F6BB064A05492046FFF79DFE16E73A
:10F480003B5D05003F5D0500AC460500F4670500E7
:10F49000365D0500645D050088240020842400207A
:10F4A000485D0500C0460500685D05006E5D05000D
:10F4B000BFEC040089EC04007BEC04007D5D0500DA
:10F4C000FD5205007F5D0500795D05007B5D05004F
:10F4D000735D050073B542F20F738B4228BF0B4674
:10F4E00005680F4A0446052168461EF012FC636851
:10F4F0000C495B6806460B2228461FF0A3FB636895
:10F500003246694628465B681FF09CFB63680649E3
:10F510005B681B2228461FF095FB02B070BD00BF40
:10F520002E7B05009E5D0500825D0500074A0021D7
:10F530000123904206D8064A01B901231360054B06
:10F540001860704740085B000121F2E740420F005D
:10F550008424002088240020F8B5074F0D46044677
:10F560004618B44201D12846F8BD14F8011BBB6807
:10F5700001485B689847F4E7E03E0500014B0360F3
:10F58000002070470847050007B51B491B481FF0BE
:10F5900071FE70BB1A4919481FF06CFE48BB19492F
:10F5A00016481FF067FE20BB174914481FF062FE83
:10F5B000F8B90146154A114820F079F9C8B9024650
:10F5C00013490E48012320F04DFA90B9012300930E
:10F5D000014602230948EF221FF06CFD48B9074895
:10F5E0001FF091FD28B9054803B05DF804EB1FF04A
:10F5F000BABD03B05DF804FBB809002084130020F5
:10F60000A00900208809002070090020440900207A
:10F61000E45D050008B50348034A0021121A1FF0F3
:10F62000DEFB08BD10140020944500200748084A5E
:10F63000084908B5121A1FF0D4FB0748074A0849C1
:10F64000BDE80840121A1FF0CCBB00BF000000202C
:10F6500010140020D48005000000002000000020CD
:10F66000D48005002DE9F84F804600AF0C460029F4
:10F6700065D0E9468AB0D1E90012A3686D463948E1
:10F680002E464FF0050AC5E90501C5E9072346F8EE
:10F6900010AF3548324600234FF42151FFF7ACFC40
:10F6A000CD46D4E903126369AD463048C5F810A0D1
:10F6B000C5E90501C5E907232B48002332464FF46D
:10F6C0002151FFF799FCCD46E369294A2648DFF826
:10F6D000B0B001211FF0A0FA264600254FF00A0A1B
:10F6E000E9468EB0D6E908E0D6E90A136A46C2F8C0
:10F6F0001CE005F1010EC2E908E0A81CC2E90A01FC
:10F70000E91CC2E905B5C2E90C1342F810AF16486E
:10F71000002345F240010435FFF76EFC102DCD4665
:10F7200006F11006DCD1236E124A0F4801211FF0AA
:10F7300073FAA369104A0C4801211FF06DFAB8F161
:10F74000010F07D1EFF305830C4A0748103B4146F0
:10F750001FF062FA2146404619F096F9BD46BDE811
:10F76000F88F00BF3A5E050018440500695E050089
:10F77000985E0500EA5E0500F95E0500275F05005A
:10F78000A75E050030BFFFF7FDBF00BF054B9A69BC
:10F790009B689A421FBF044A536843F080535360EA
:10F7A000704700BF0844002000ED00E070B5294C10
:10F7B00006460D46284829491FF020FBA36AD904B4
:10F7C0003CD5254826491FF019FB1720A36A1A05C6
:10F7D00004D5214823491FF011FB18201D4CA36AB2
:10F7E0009B0512D51C4820491FF008FBA36BA26A99
:10F7F000100409D51D4A184801211FF00DFA1EB149
:10F80000A36A23F40043A3621920124CA36A59058A
:10F8100004D5114816491FF0F1FA1A20A36ADA0537
:10F820000ED50D4813491FF0E9FA1B20094A936AC7
:10F8300043F47F43936200232B7070BD1620C5E70D
:10F84000A36A9B04F2D504480B491FF0D7FA1C2089
:10F85000ECE700BF00ED00E0184405003A5F05004A
:10F86000505F0500615F0500745F05008D5F050056
:10F87000A25F0500BD5F0500D55F050010B5204CF7
:10F88000204921481FF0BAFAA36A990136D51E48CB
:10F890001E491FF0B3FA1E20A36ADA0104D51A48E4
:10F8A0001B491FF0ABFA1F20154CA36A1B0304D59C
:10F8B000154818491FF0A2FA2120A36A590304D55C
:10F8C000114815491FF09AFA22200D4CA36A9A0399
:10F8D00004D50D4811491FF091FA2320A36ADB03D8
:10F8E00004D509480E491FF089FA2420044A936A76
:10F8F0006FEA03436FEA1343936210BD1D20CBE709
:10F9000000ED00E004600500184405001C600500DF
:10F910002F60050049600500676005008C600500E8
:10F92000A66005002DE9F843364D804689463648E5
:10F93000364917461FF062FAAB6ADE0627D534490E
:10F9400031481FF05BFA1124AB6A1D0704D5314919
:10F950002D481FF053FA12242A4DAB6A980718D588
:10F960002D4929481FF04AFA6E6BAB6A190646D535
:10F970002A4A2548334601211FF04EF9B9F1000FFC
:10F9800003D0AB6A23F08003AB62132403E010249E
:10F99000DAE76FF015061B4DAB6ADA0704D520498C
:10F9A00019481FF02BFA1424AB6A9B0604D51D4995
:10F9B00015481FF023FA1524124B9A6AD50602D473
:10F9C0009A6A90070AD55B68190507D54146304603
:10F9D00000F078FA10B180F309880224094B9A6A82
:10F9E000920642BF5A6A22F400525A629A6A42F060
:10F9F000FF029A6200233B702046BDE8F8836FF057
:10FA00001506C2E700ED00E018440500D1600500CE
:10FA1000E7600500615F05001A61050032610500BD
:10FA200048610500D55F05002DE9F041634B9CB0AE
:10FA3000D3F8048000AF0546C8F30804002686F317
:10FA40001188BFF36F8F02F07F43B3F17F4F07D16F
:10FA500002F00C03082B12D159495A481FF0CEF975
:10FA6000002635460023FB71E31E092B00F284803B
:10FA7000DFE803F00A7A7D76828282828280100734
:10FA80004CBF0D460126EDE74F494E484B4C1FF049
:10FA9000B5F90023FB71E36A9A0705D54B4949483C
:10FAA0001FF0ACF9002432E0E36A002B01DA484988
:10FAB000F5E7E36A5B00F5D5464942481FF09EF939
:10FAC0006369AA6943F480736361BFF34F8FBFF327
:10FAD0006F8F636932F8022C23F480736361BFF384
:10FAE0004F8FBFF36F8F4DF602739A4208D0A36A0F
:10FAF000DBB243B3FA1D01212846FFF713FF31E0C3
:10FB00002B68354A2F4801211FF086F82C68FB79B5
:10FB1000ABB96822294607F10800F7F721FD7B6A97
:10FB2000002E45D0C3F3080222B96FEA53236FEACF
:10FB300043237B6207F108012046FFF793FD7037EE
:10FB4000BD46BDE8F081A36A13F47F4F04D0F91DD0
:10FB50000120FFF72BFE05E0A36AB3F5803FA1D398
:10FB6000FFF78CFE0446D2E7FA1D0021C4E7F91D19
:10FB70000020EEE7194992E7194A1A4B18F4F87F6A
:10FB8000E8468AB018BF13466A461749C2E905130A
:10FB90004FF400731384103C144BD46142F8103FAF
:10FBA000084800234FF41151FFF726FAC54679E7BC
:10FBB00023F4FF7323F00103BBE700BF00ED00E077
:10FBC0009561050018440500C0610500D761050076
:10FBD000F861050006620500256205004162050026
:10FBE0007C61050067610500656205000400000195
:10FBF000044B5A6942F010025A615A6922F0080215
:10FC00005A61704700ED00E0EFF30880EFF30981DF
:10FC100001B57246FFF708FF01BD00BF0B4880F336
:10FC2000088817F0AFF9202080F3118808484FF4B6
:10FC30000861401880F30988EFF31480022108431B
:10FC400080F31488BFF36F8F00F0CCF8006F0020B2
:10FC5000805C0020084B9B6883420BD1EFF3058347
:10FC600043B1064B5A6842F080525A605A6A22F4F5
:10FC700000425A621AF06AB80844002000ED00E021
:10FC800022498A6882F8D1E04FF030001044EFF347
:10FC9000098C80E8F01F1EF0100F03D102F19000D4
:10FCA00080EC108A202080F31288BFF36F8F184FEA
:10FCB0004FF000668A698A603E6092F9D1E0D2F81E
:10FCC00088000023C2F8883080F311881EF0100FDE
:10FCD00003D00023E1EE103A03E002F1900090EC33
:10FCE000108AEFF3148323F0040383F31488BFF323
:10FCF0006F8F04B5104600F075F9BDE8044002F1BD
:10FD0000300090E8F01F8CF3098870470844002009
:10FD100004ED00E01EF0040F0CBFEFF30880EFF3DA
:10FD20000980816911F8021C0229FFD001B57246D1
:10FD30001FF059F801BD00BF40B2002807DB044A9C
:10FD40004109012300F01F00834042F82130704731
:10FD500000E100E040B200280CDB4309064900F056
:10FD60001F0020330122824041F82320BFF34F8F30
:10FD7000BFF36F8F704700BF00E100E0054B420901
:10FD800000F01F0053F82220012303FA00F0104076
:10FD9000704700BF00E100E040B20028A8BF00F1BA
:10FDA000604001F10101B8BF064B4FEA4111ACBF01
:10FDB00000F5614000F00F00C9B2B4BF195480F8DB
:10FDC0000013704714ED00E0044B054A23F07F0355
:10FDD0009360BFF34F8FBFF36F8F704700700200C7
:10FDE00000ED00E008B5FFF7EFFF104BD3F88820D7
:10FDF00022F47002C3F88820D3F8882042F4A002CD
:10FE0000C3F888204FF04042C3F83422BFF34F8F2D
:10FE1000BFF36F8F0023E1EE103AFFF7FBFBFFF714
:10FE200005FC00F0B5F818F051FF00BF00ED00E050
:10FE300042F8203C009B42F81C3C019B42F8183CD5
:10FE40000A49029B42F8143C4FF0807342F8043C8C
:10FE500021F00101002342F8081C203AC0F8883044
:10FE60004FF47D430265C0F8D03070472DDD0400AB
:10FE7000037B13F0020F124B03D190F8D120D2066E
:10FE800011D45A6B42F080425A63D0F8D03019072F
:10FE90005CBF43F00803C0F8D030037B43F002039B
:10FEA0000373802070475A6B22F080425A63D0F867
:10FEB000D0301A0744BF23F00803C0F8D030F0E771
:10FEC00000EF00E0094A0346906870B113F1160F85
:10FED000806F05D0A0F180029A4205D8834203D2F8
:10FEE000814228BF0020704700207047084400204E
:10FEF000104B9B6883421AD1EFF30580B8B9EFF33A
:10FF00001181202282F31288BFF36F8F1A7B22F0B7
:10FF100002021A73EFF3148323F0040383F31488AB
:10FF2000BFF36F8F81F31188BFF36F8F70476FF04E
:10FF3000150070470844002008B515460E460022FB
:10FF4000E1EE102AEFF3148222F0040282F3148807
:10FF5000BFF36F8FBFF36F8F094A906000F042F8D4
:10FF60002C4686F309880020034B98472046002141
:10FF700000220023014C204711EE04002DDD040077
:10FF800008440020014B10221A61704700ED00E088
:10FF9000044800232021C2180133302B82F80013BB
:10FFA000F9D1704700E100E008B5EFF30583064A98
:10FFB000103B02EBC30152F8330049688847BDE8A3
:10FFC0000840FFF7E3BB00BF20400500024B034A97
:10FFD0000348012100F090B8000004200000002038
:10FFE0000847050010B50446FFF742FFA26F03461D
:10FFF0000548D21AC0E90023044B8360BDE81040D5
:020000023000CC
:10000000012100F083B800BFB824002000000B15C8
:1000100008B503461048D0F89020C2F30722013AF1
:10002000934207D90D480E4A01211EF0F5FD6FF0ED
:10003000150008BDC0F898300A6822F01F021A4364
:1000400042F01002C0F89C208A6842F00102C0F819
:10005000A0201846EDE700BF00ED00E0F8430500E2
:100060007C620500F0B50E4685B01F4604460025AB
:10007000B5420DDA606810B397B1431E18420AD03A
:10008000104A11482B4601211EF0C6FD6FF01502E3
:10009000104605B0F0BD7F28F2D921680B42EFD1A0
:1000A000236801931EF0D7FEA36801A90343D0B2D1
:1000B0000393FFF7ADFF10F1160FE7D0421C013597
:1000C0000C34D5E7A2620500F8430500044B052275
:1000D000C3F89420BFF34F8FBFF36F8F704700BFFB
:1000E00000ED00E0BFF35F8F024B0022C3F89420C5
:1000F000704700BF00ED00E010B5034C01232278EB
:10010000FFF7B0FF207010BD9E44002008B50B4AD9
:1001100000231278FFF7A6FF10F1160F07D0084A48
:100120000021D2F89030C3F30723984200DB08BDCA
:10013000C2F89800C2F8A0100130F2E79E440020F7
:1001400000ED00E02DE9F04357485849D0F89030D1
:100150000D68C3F307239D4285B000F2A180FFF72D
:10016000C1FF49680022954201F10C011AD1504C9F
:10017000504F25706846FFF701FADFF83C81DFF841
:100180003C9106460025AE421FD123784649002007
:10019000D1F89020C2F3072293427BDBFFF796FF52
:1001A00000204CE0C0F8982051F80C3C23F01F03CD
:1001B000134343F01003C0F89C3051F8043C43F063
:1001C0000103C0F8A0300132CDE7009800EB051123
:1001D0004FEA051CCB683B40B3F5000F44D00AD86A
:1001E000B3F5001F2ED0B3F5800F34D0B3F5801FC8
:1001F00010D00135C7E7B3F1807F3ED0B3F1007F67
:10020000F7D150F80C3088684A681EF024FE40F49C
:10021000802009E050F80C3088684A681EF01BFE08
:1002200040F0885040F43020039001A92078CDE9B7
:100230000123FFF7EDFE002828DA6FF0150005B066
:10024000BDE8F08350F80C3088684A681EF003FE61
:1002500040EA0800E8E750F80C3088684A681EF069
:10026000FAFD40EA0900DFE750F80C3088684A6878
:100270001EF0F1FD40F08270D6E750F80C3088682F
:100280004A681EF0E8FD40F08870CDE7237801331E
:100290002370AEE7C1F89830C1F8A000013377E7CA
:1002A0004FF0FF30CBE700BF00ED00E01447050042
:1002B0009E4400200000F0FF000008110000020230
:1002C000014B1860704700BFD4090020F8B5084FF3
:1002D00006460D460024AC4208DA3B6898470A28D7
:1002E000305504F1010401D00D28F4D12046F8BDA9
:1002F000D0090020F8B50A4F0D46461EC0F1010492
:10030000A3199D4201DC2846F8BD73780A2B02D15F
:100310003B680D2098473B6816F8010F9847EFE7B8
:10032000D409002010B5074C2368C2180648C0F154
:10033000005101F580218A423ABF2260C0184FF077
:10034000FF3010BDC42400201CAE002008B50548B5
:100350001DF0D2FC002383F31188BFF36F8F0423B9
:10036000184602DFD462050070B54169867A0B4DEC
:10037000044659B1437ADB0706D42C2303FB06530A
:100380005B6A1B689B689847002363612C202146A9
:1003900006FB0050BDE8704023F06AB91C12002033
:1003A000024B2C2202FB0030704700BF1C120020C1
:1003B000827A064B2C2101FB02339A6A1B7F1B3386
:1003C000801A23F00303B0FBF3F070471C120020E7
:1003D00038B5074B827A2C2404FB02335B6AD3E9DD
:1003E00001240C601568FFF7E3FF04FB005038BDE3
:1003F0001C1200202DE9F04385B0054668460391A4
:1004000090461C4623F09AFBDDE90067EFF3118963
:10041000202383F31288BFF36F8F6B8B002B41D0A7
:100420002A8B9A4225D900220023284618F0B2FED2
:100430000446F0B189F31188BFF36F8F039B002B43
:1004400041D032463B46684623F09DFBA27A264BBC
:100450002C2101FB023320465B6A1B6803A91D683F
:10046000DDE90023A847606170BB2046FFF77CFFF1
:1004700024E0698B4B1E6B8389F31188BFF36F8F68
:100480002B7F2A8BAC6A1B3323F00303521A02FB27
:100490000344154B154AEB1A9B105343A3722B7F51
:1004A000E372CBE789F31188BFF36F8F234642468F
:1004B000284618F06FFE04460028BFD100242046CD
:1004C00005B0BDE8F0836361012300252381039B10
:1004D0006382E27A6560294604F118001AF068FB2D
:1004E00063692582E360EAE71C120020A38B2EBA21
:1004F00070B50D4C2C2500B970BD037A4668002BF1
:10050000FAD0013BDBB20372002BF5D1C36043602C
:10051000837A05FB03431B6A13B198473046EAE729
:10052000FFF722FFFAE700BF1C1200200E4A01234A
:10053000C2F840354FF080424FF08051C2F8783514
:10054000D1F83001082808D1D1F83411052904D890
:100550000648415C09B1C2F838364FF080430122A9
:10056000C3F880250020704700E00140FB620500D1
:1005700020B1034B800143F001031847704700BFCF
:10058000204505002DE9F04F0B7E33F0800591B03A
:100590000446904600F1200940F088844A7E02F02B
:1005A0000100B8F1000F12D018F10C0F0FD088B96C
:1005B00018F1710F03D10846FFF79AFF03E00846D0
:1005C000FFF796FF4546284611B0BDE8F08F00289A
:1005D00000F04D84002B40F01B840B8A072B0DD8B4
:1005E0000846FFF785FF48461EF0CCFE0346A0698B
:1005F000002B00F04384802100F049BCCA681368D6
:1006000023625368C9F804304A68E68C002AE7D0B0
:1006100048461EF0B7FE00BB537E16B113F0020F22
:1006200001E013F0040FDBD000201EF0B3FC0646FF
:100630000028D8D01EF051FC0023036094F82070ED
:1006400017F0600FC7F341130BD0032B40F0C881A4
:100650001EF043FC6FF0850341E0002EC0D0537EB6
:10066000DCE748461EF08EFE94F82130002840F06A
:100670005781013B0A2BEBD801A252F823F000BFAF
:10068000EF0703005106030077080300510603003B
:10069000AD06030051060300510603005106030096
:1006A0004107030051060300A7070300A069618CFE
:1006B00003697F29D3F88030CAD8A28C002AC7D119
:1006C000E28C002AC4D194F82020D206C0D194F83C
:1006D0002C20022A14D11EF000FC4FF0FF330360DF
:1006E0001EF0FBFB03681BB11EF0F7FB1EF0F5FBD1
:1006F0001EF0F3FB0368002B00F07083304670E7B8
:100700001F070FD5C9B21EF076FE054668B11EF070
:10071000E4FB0368002B00F0BF821EF0DEFB1EF03E
:10072000DCFBB9E2012384F8353094F82C30012B3E
:1007300004D1638C13B984F82C30D1E70123FAE794
:1007400020461EF0B2FC628CFF2A014680D8E38C62
:10075000002B7FF47DAF94F82030DD067FF478AF76
:1007600094F82C30002BB6D02AB1D2B220461FF01C
:100770004BF80028AFD0618C94F834308B42AFD066
:10078000C9B220461FF047F805460028BFD1628C49
:10079000002A14BF0223012384F82C3005212046AF
:1007A0001FF057FB9CE794F8203003F01F03012B48
:1007B0007FF44EAFE38C002B7FF44AAF628CFF2AAC
:1007C0003FF646AFA18CFF293FF642AF94F82C309C
:1007D000022B80D1D2B2C9B220461FF02EFA0546B4
:1007E000A81C40F002811EF078FB056078E7E38CDE
:1007F000A18C002B7FF42CAF94F82C30002B3FF40D
:100800006AAF012B10D100297FF465AF17F01F07E5
:100810000DD1638C012B7FF463AF94F868306FF3D4
:10082000C30384F868305BE717F01F0720D0022F5E
:100830007FF456AF638C002B7FF452AFCFB21EF023
:100840004CFB3946054620461FF0E9FA28601EF0A9
:1008500044FB0368013305D11EF03FFB0568002D02
:100860007FF455AF0022394620461EF091FD37E750
:100870000029CED02FE7A18CE38C5FFA81FA002B00
:100880007FF4E6AE638C022B13D194F8203003F092
:100890001F035AEA03037FF4DBAEA0690122090AB1
:1008A0001EF086FD00287FF4D3AE012384F8353096
:1008B00016E794F82C20002A3FF40DAF012A0DD141
:1008C00000297FF408AF17F01F070AD1012B7FF42E
:1008D00007AF94F8683043F00803A2E717F01F074A
:1008E0001BD0022F7FF4FCAE002B7FF4F9AE1EF07C
:1008F000F4FA5146054620461FF07CFA28601EF0A7
:10090000ECFA0368013305D11EF0E7FA0568002D03
:100910007FF4FDAE01225146A6E70029D6D0DAE6E3
:100920000A2B3FF695AE01A252F823F059090300B5
:10093000510603005106030051060300510603004F
:1009400051060300D109030051060300750D030091
:1009500051060300A30D0300E38CA18C022B7FF44E
:1009600077AE94F82C30002B3FF4B5AE012B0ED1AE
:1009700000297FF4B0AE17F01F070BD194F8683050
:100980009D0805F00205C3F300131D4305E017F0B1
:100990001F070FD0022F10D0002506F10C07384694
:1009A0001EF072FBE38C98420DD21EF096FA6FF0A7
:1009B0000B0394E60029E1D08DE6C9B220461FF072
:1009C0003DFA0546E9E7294638461EF017FB87E65B
:1009D00094F82020678CD1064FEA1723FFB210D07D
:1009E000314620461EF023FD05461EF076FA0368C8
:1009F0001BB11EF072FA1EF070FA002D40F04C810F
:100A000076E6013B0E2B3FF623AE01A252F823F00F
:100A10004D0A0300930A03003B0B03005106030039
:100A200051060300670C0300670C03005106030026
:100A3000510603005106030051060300510603004E
:100A400051060300510603006F0C030006F10C076A
:100A50003846E58C1EF018FB854209D2E58C20460D
:100A60001EF023FB48B101287FF4F2AD216F05E0B1
:100A700038461EF009FB0546F1E7E16E002900F05B
:100A800001810A78AA4228BF2A4638461EF0A5FAF4
:100A900026E620461EF009FB7A1C01468246D2B2A9
:100AA00020461EF08BFE054600283FF4D1AD06F12E
:100AB0000C07D0F804B038461EF0E6FA9BF8002088
:100AC000904203D238461EF0DFFA024659463846B5
:100AD0001EF083FAD5F80CB0BBF1000F09D1318AB2
:100AE000E38C99427FF6FCADC91A38461EF090FAA5
:100AF000F6E5DBF8040083681B6B13B9DBF800B084
:100B0000EAE7514698470028F8D0051F55F8043FFA
:100B1000002BF3D01B78002BF0D038461EF0B4FA2F
:100B20002B681A78904203D238461EF0ADFA82B292
:100B3000296838461EF051FAE8E73A460321204674
:100B40001EF07EFB074600283FF482AD1EF015FC28
:100B5000B4F826B0D0B9BB8AADF820303B6906F1B5
:100B60000C051B88ADF8223028461EF08DFA83450F
:100B700008D2E08C9DF82020824228BF024608A9B6
:100B8000284683E728461EF07FFAF3E700238DF816
:100B90000C307B7DBA688DF80D30C04B1340C04AD5
:100BA000934251D110210DEB010021F09FFE00284E
:100BB000FFF64EAD08AA1028DFF8ECC204A91746CC
:100BC00028BF1020A84202F102022DD88000023076
:100BD0008DF80C0006F10C0A50461EF055FA9DF8EF
:100BE0000C505D4528BF5D46A84203D250461EF01A
:100BF0004BFA0546022DAB4628BF4FF0020B5A4672
:100C0000A5EB0B0503A950461EF0E7F9BB466B08A0
:100C100007EB55025A451CD1EA077FF561ADF95C37
:100C200050461EF0E3F95BE511F8013B4FEA131E55
:100C300003F00F031CF80EE01CF8033002F802EC7E
:100C400002F8013C0135BDE73B7D8DF80C303F6972
:100C5000C0E71BF8011B5046CDE900321EF0CEF96B
:100C6000DDE90032D6E720461EF01FFAF0E4204608
:100C70001EF01BFA20B101287FF4EAAC236F00E0DC
:100C8000E36E5BB91EF029F903681BB11EF025F96C
:100C90001EF023F96FF0150530468DE45B88B3F53F
:100CA000007F7FF6D5AC7F4B089300238DF824306E
:100CB000A36C04F1480A9A4559D106F10C0738464D
:100CC0001EF0E2F9BDF82250E38C9D4228BF1D467C
:100CD000A84203D238461EF0D7F905469DF82020D9
:100CE000AA4228BF2A4608A938461EF076F9052DE3
:100CF00094BF6D1B053D002D3FF4F2ACD4F848B015
:100D0000D3453FF4EDACBBF1000F3FF4E9AC9BF8E9
:100D100015300F2B12D19BF81420DBF81010AA42CB
:100D200028BF2A4638461EF058F99BF81430AB42CB
:100D300094BFED1A6D1B002D3FF4D2ACE36C5B4504
:100D40003FF4CEACDBF800B0DDE75A7D0F2A0AD1C4
:100D50001A7DBDF822100A44ADF822209DF8242007
:100D600001328DF82420E26C9A42A6D01B68002B39
:100D7000EBD1A2E794F82C3094F83470002B3FF4B8
:100D8000AAACE38C012B7FF463AC06F10C0528467A
:100D90001EF07AF9E38C9842FFF407AE39462846F4
:100DA0003FE794F8203003F01F03012B7FF493AC4E
:100DB00020461EF017FD00283FF48DACA38C42683E
:100DC000FF2B3FF645AC12799A42FFF441AC0F2B52
:100DD0003FF63EAC234493F83670D2E70123A3627A
:100DE00048461EF0CFFA60B9E38C53B1314600207B
:100DF0001EF0D0F8064600283FF4F5AB737E5D0781
:100E0000F4D53146204611B0BDE8F04F1EF092BF38
:100E100050077FF5E8AB802B7FF4E5AB0846FFF782
:100E200067FBA36A012B7FF4CEAB94F83530002B1F
:100E30003FF4C9AB94F82130052B05D1618CA06932
:100E4000C9B21EF0D8FA054694F82130032B09D117
:100E5000638C022B06D1A18CA0690022090A1EF026
:100E6000A7FA0546002384F83530FFF7ACBB5207DC
:100E70007FF5B9AB002B3FF49EABCCE7E38C002BA6
:100E80003FF4B9AB18F10C0118BF0121C90121F0E1
:100E90004BF900230546A362FFF795BB00FF020054
:100EA00000030200050F0500056305006FF004054F
:100EB000FFF789BB02480022002322F0EFBA00BFEF
:100EC000801100202DE9FF41514F4FF0FF334FF0CB
:100ED000FF3201A9384618F031F8039B1B69D3F89B
:100EE0009C409DF80430072BEFD8DFE803F00A049C
:100EF0001A0D2C277B8D0022012120461EF0A9FF10
:100F0000E3E700221146F8E794F8683043F0040361
:100F100001A984F8683020461EF0E2FA002203217D
:100F2000EBE794F868306FF3820301A984F8683026
:100F300020461EF0D5FA00220221DEE701A9204654
:100F40001EF0CEFAC1E794F86830A6696FF3820309
:100F500084F868303369D6F80880BFF35B8FD3F824
:100F6000A030BFF35B8F9907C3F3400208D404217C
:100F700020461EF06EFF4FF0FF352A460721BCE7E2
:100F8000D8F83C3030469847D8F824300021304615
:100F90009847D8F84030054630469847E5B9294685
:100FA00020461EF038FC0546B0B9802120461EF0D0
:100FB0001EFFA06921F04CF9831E5842584194F855
:100FC000683084F82C5023F0680343EA401384F817
:100FD00068302A46042190E70022042120461EF0B2
:100FE00038FFCAE702990B7ED1F81E2013F07F0F5D
:100FF000204606D1FFF7C6FA054600283FF465AF44
:10100000BBE71EF0ECFCF7E7029A062175E700BF8C
:101010008011002030B589B000220023CDE90623DD
:1010200000246FF00703CDE90334CDE901441A4BE6
:101030001A4900944FF48062194818F0BDFB194911
:10104000174822F018FC184B18498B4207D3184B4D
:10105000184900208B4210D3002009B030BD03F1A5
:101060001402BFF35B8F52E8000F42E80045002DE9
:10107000F9D1BFF35B8F1833E7E703F11402BFF335
:101080005B8F52E8004F42E80005002DF9D1BFF315
:101090005B8F1833DEE700BFC50E030080490020D8
:1010A0002819002016630500F813002010140020F2
:1010B000101400201014002038B5024609490546D6
:1010C000806921F02CF9044648B985F83400284697
:1010D0001EF077FA044610B1A86921F053F92046B2
:1010E00038BD00BFB50E030070B5084C084E05466C
:1010F000B44202D30024204670BD636828461968B4
:10110000F6F772F80028F6D01834F1E7F81300204B
:101110001014002070B50646EFF31181202282F3EF
:101120001288BFF36F8F1D4C236881F31188BFF3C2
:101130006F8F5B6893F86830DB0705D4BDE87040BB
:101140002122002318F0F0BAEFF3118382F3128802
:10115000BFF36F8F256865B983F31188BFF36F8F75
:101160002368D3B130460022BDE87040002318F058
:10117000A7BA61682A6822608D4208BF626083F363
:101180001188BFF36F8F686805F10801C36998473C
:101190000348294622F032F9E2E770BDC824002056
:1011A0002811002030B585B06C4684E8060005465D
:1011B00000221548002303A917F022FE0246E8B9D1
:1011C000039B94E803005D60083383E80300EFF3BA
:1011D0001180202383F31288BFF36F8F039B1A6063
:1011E0000A4A516861B9C2E9003380F31188BFF33C
:1011F0006F8F07480022002318F062FA05B030BD57
:101200000B605360F1E700BF28110020C8240020C4
:101210003000002073B504698DF807102025EFF326
:10122000118685F31288BFF36F8F0122E06B0DF1F9
:1012300007011DF0D1F986F31188BFF36F8F0128E4
:1012400012D022F012FB08B9A37EABB90D4BBFF34D
:101250005B8F012253E8001F002903D143E80020DF
:101260000028F7D1BFF35B8F2122002304F148004F
:1012700018F026FA02B070BD0021212022F0B3FB45
:10128000CDE700BFD024002038B505690E49EB6BCF
:101290000024C3E90144DC606B6B05F14800C3E93D
:1012A0000144DC6022F0C2FA05F17800074922F01F
:1012B00070FA074905F1240022F06BFA28461EF067
:1012C000E9FD204638BD00BF01010500A902050067
:1012D000350305000E4B402970B528BF40210D4C49
:1012E00046181D46B04203F1020304D1002305F85D
:1012F0001130074870BD02781209A25C03F8022C75
:1013000010F8012B02F00F02A25C03F8012CE9E7B0
:10131000BD4400204863050030B503788BB0044617
:1013200007AD032B21D8DFE803F0021A1C1E124977
:10133000284619F0F1FC059563780493A37803938C
:10134000E37802932379019363790093A3790B4A9D
:101350000B481E211CF0DDFC09480BB030BD0949CB
:10136000E6E70949E4E70949E2E7094A0A2128468C
:101370001CF0CFFCDFE700BF05570500275705002D
:101380009F4400200C570500135705001D5705000A
:10139000725805000378012B30B513D0022B27D0EB
:1013A0007BB9194B0A4603F1100453F8045B42F869
:1013B000045BA342F9D11B78137043884B731B0A5B
:1013C0008B7330BD104B0A4603F1100453F8045BD5
:1013D00042F8045BA342F9D11B78137043684B7346
:1013E000C3F307221B0CCB731B0A8A730B74E8E749
:1013F00000F1100350F8042B41F8042B9842F9D166
:1014000003780B70DDE700BF5963050008B51FF0D6
:10141000D6F818F0A1FB044B1B680BB10A209847C3
:10142000BDE8084018F0ACBBD424002038B5044611
:1014300008481DF05AFD054648B1631EDBB21F2B5C
:1014400096BF054A0021D15C0C301DF0CFFD284627
:1014500038BD00BFF81200206A6305000F2810B5E0
:101460000CD80D280CD90A481DF03FFD044618B1D0
:1014700004210C301DF0BAFD204610BD1328F2D017
:1014800009B10448F0E7BDE810400220FFF7CEBFE5
:101490002413002074120020C368034A1B780348F9
:1014A00002211FF0FCB800BF9963050088430500C6
:1014B00070B5C6683378B6F8014083B90F2120466D
:1014C00002F01EFFF378054650B90A4A118831B977
:1014D0006FEA04506FEA10501080074A137070BD15
:1014E0004372012102F024FE2846BDE8704002F05C
:1014F000D9BD00BF784400203E45002070B5C368C8
:101500001D78BDB9B3F801600F21304602F0F8FE36
:10151000044638B93346084A0848BDE870400121FE
:101520001FF0BDB8294602F003FE2046BDE870401A
:1015300002F0B8BD70BD00BFC1630500884305005F
:1015400010B5C368B3F801400121204602F0D8FE6F
:1015500038B92346054A0648BDE8104001211FF06E
:101560009EB8BDE8104002F09DBD00BFE7630500D6
:101570008843050010B5C3681C880121204602F08D
:10158000BFFE38B92346054A0548BDE81040012191
:101590001FF085B8BDE8104002F084BDE763050088
:1015A0008843050010B501210C301DF051FDBDE848
:1015B00010400378024A034801211FF070B800BFB1
:1015C0000B64050088430500014610B508481DF06E
:1015D00090FC0849084822F0F8F8031E06DABDE836
:1015E0001040064A064801211FF059B810BD00BF3F
:1015F00054020020840A0020001A00202D640500F7
:101600008843050010B5084C0146062294F86F0087
:1016100003F088F938B994F86F000449BDE8104028
:10162000052203F07FB910BD080100202E630500DC
:10163000024A034801211FF030B800BF4A64050088
:1016400088430500B0B50B460D8A00AF0446294615
:10165000D868FFF73FFE8AB06A46094BC2E90534F5
:1016600040F202439384074BC2E907504FF43251D2
:1016700042F8103F04481FF023F8BD46B0BD00BF3C
:1016800064640500050000018843050070B5C56865
:10169000B5F801600121304602F032FE044638B947
:1016A00033460D4A0D48BDE8704001211EF0F7BFDA
:1016B0002B783BB9D5F80330C0F89530D5F8073012
:1016C000C0F89930201D4FF400311EF0EAFF20468B
:1016D000BDE8704002F0E6BCE76305008843050002
:1016E000B0B53C2800AF04461AD101F0D5FE6FF426
:1016F000807110301EF0E7FF0020FFF783FF0546E2
:1017000030B9124A124801211EF0C7FFBD46B0BDD4
:101710004472002102F00CFD284602F0C3FCF5E7FC
:101720006D468AB06A460B4BC2E905300A4BD3615D
:1017300040F201331384094B42F8103F04484FF440
:1017400012511EF0BDFFAD46E0E700BF8664050004
:1017500088430500A7640500605A050004000001E5
:101760002DE9F74FDFF82CA1BFF35B8F8046894648
:10177000174600235AE8004F4AE80032002AF9D100
:10178000BFF35B8F264644B93E4A3F48434601219A
:1017900003B0BDE8F04F1EF082BF2046FEF708FE02
:1017A0003A4D4FF00C0B0BFB0050438843451FD0C4
:1017B0002046FEF7FDFD0BFB00504388344A0093A2
:1017C0003148434601211DF031FABFF35B8F5AE8DF
:1017D000003F4AE80062002AF9D1BFF35B8F002B7B
:1017E0004DD01E46304603B0BDE8F04FFEF780BE38
:1017F000A74208D020461DF073FB3A8AF96804F12D
:101800000C001DF0EAFB2046FEF7D2FD0C2707FB7B
:1018100000504368ABB1B9F1000F12D12046FEF77A
:10182000C7FD07FB005001214268D2E90003127A8C
:1018300003F01F07B9405B09DAB100EB83001EF02B
:1018400030FF2046FEF7B4FD0C2707FB00508368ED
:10185000002BC7D02046FEF7ABFD784305F800907B
:101860002046FEF7A5FD07FB0055A86817F0C4FC4D
:10187000B8E7C94300EB83001EF025FFE1E703B0A2
:10188000BDE8F08FC364050088430500D82400201C
:10189000EB6405005002002037B502EBC303044699
:1018A00008469A4202D16FF05E0010E0114611F82E
:1018B000085BA54211D1038A5178994209D9084899
:1018C000084A009401211DF0B1F96FF0150003B032
:1018D00030BD536898470020F9E70A46E1E700BFAA
:1018E000884305001E6505002DE9F8430C4618F0F5
:1018F00033F9E168238A0A78022A71D0042A0BD0CE
:1019000013463C483C4A01211EF0C9FE2046FEF722
:10191000EFFD6FF015040AE0022B0DD8374A354869
:1019200001211EF0BCFE2046FEF7E2FD002418F067
:1019300027F92046BDE8F88348783E280AD1032BD2
:1019400001D12F4AEBE7CB78012B01D00A2B47D1ED
:10195000032604E01EF08FFE0646F0073ED504F194
:101960000C0528461DF08CFB012107462846B4F8DB
:1019700010901DF065FB022128461DF069FB804692
:1019800000783E2816D1E3681B78012B2CD00A2B57
:101990002AD002251B4A1C491C4841F2F3031CF0C3
:1019A00015FA002383F31188BFF36F8F03231846C2
:1019B00002DF04E01EF05FFEC1070546EAD5144AC7
:1019C00098F80000062321461EF089FEAA070DD5CF
:1019D0006369A4F8109013FA87F7E760B307A5D5F9
:1019E0002046FFF7F1FDA1E70325E8E72046FEF7D3
:1019F0007FFDF3E788430500E665050040650500C7
:101A00005C6505007C650500B0650500C9650500DD
:101A1000C847050010B5012104460C301DF018FB25
:101A20002146034A0078BDE8104002231EF057BE4D
:101A3000F847050073B53E481DF070FA04460028CB
:101A400073D000F10C0528461DF00AFB022803465E
:101A500003D0042847D0374A03E0238A032B05D854
:101A6000354A364801211EF01AFE13E004212846AB
:101A70001DF0EEFAFF23428806882376238AC6F3F8
:101A80000B009A42608309D02C48009201212C4A15
:101A90001DF0CCF82046FEF72BFD12E00F2102F0DE
:101AA0002FFC054610B9638B264ADAE702F04EFC9C
:101AB000320B20762146284602F07AFA284602F0B8
:101AC000F1FA214BD3F84C317BB32049204821F067
:101AD0007CFE031E29DA1F4A1848012102B0BDE826
:101AE00070401EF0DCBD284602211DF0B1FA05460B
:101AF00000783E2812D01EF0BEFD10F002060DD177
:101B0000154A1649164840F663431CF05FF986F300
:101B10001188BFF36F8F0323184602DF114A28781C
:101B2000042321461EF0DBFDB4E702B070BD00BF08
:101B3000540200208F660500FA6505008843050001
:101B40001B6605003F66050008010020840A00208E
:101B5000001A00202D6405007C6505006166050003
:101B6000C96505000848050010B5012104460C3080
:101B70001DF06EFA2146034A0078BDE810400823A4
:101B80001EF0ADBD28480500F8B5012100AF0446A0
:101B90000C301DF05DFA0678114A002321463046CC
:101BA000FFF77AFE5F3018D1258AE0682946FFF7F3
:101BB00091FB6C468AB06A460A4BC2E9053640F290
:101BC00002439384084BC2E907504FF4325142F864
:101BD000103F06481EF074FDA546BD46F8BD00BF87
:101BE00068480500A366050005000001884305005C
:101BF0002DE9F04F83B0D0F80C80018A98F80040AE
:101C0000012303EB84038B4200AF62D96D468AB097
:101C10006A463248C2E907310523C2E905044FF498
:101C2000215142F8103F2E481EF04AFDAD460C37B8
:101C3000BD46BDE8F08F2B4A29484B4601211EF0D6
:101C40002EFD013598F800309D42F0DA08EB85034F
:101C50000F21B3F80190B3F80360484602F050FB3F
:101C600004460028E7D000F1BC0936B1636943B9E6
:101C70001B485A4601211EF010FD204602F012FAC0
:101C8000DFE7A1691A6862618B4208BFA261204642
:101C90007B6002F02FF917F0AFFA7B68C3F800A061
:101CA000226A9AB9C4E90733BFF35B8F59E8003F52
:101CB000013B49E80032002AF8D1BFF35B8F0021D5
:101CC0002046013E02F022F9B6B2CEE7136023624D
:101CD000EAE70025DFF810B0AA46B3E7D5660500AD
:101CE00088430500006705001C67050073B5C568DB
:101CF000B5F801600121304602F002FB044640B90C
:101D00003D4A3E483346012102B0BDE870401EF016
:101D1000C6BC2B781A2B00F1040619D1C378012B0D
:101D20004ED14FF4804130461EF0BBFC42040FD42C
:101D3000D4F8883000936946D4F890300193204657
:101D400003F0DEF8204602B0BDE8704002F0AAB908
:101D50002B78ABBBB5F80320A4F8862093B2B5F876
:101D60000520A4F88C20B5F80720A4F88E209A1F2F
:101D700092B240F67A418A4204D9214A1F48022190
:101D80001EF08DFCB4F88C30B3F5FA7F04D31D4AF5
:101D90001A4802211EF083FCB4F88E30A3F10A0227
:101DA00092B240F676418A4204D9174A134802217A
:101DB0001EF075FC6FF4805130461EF084FC17E075
:101DC000BFF35B8F6368BFF35B8FDB04F2D52B78C7
:101DD000202BEFD194F89430002BEBD0013B84F80A
:101DE00094304FF42032002304F1400017F068FCD7
:101DF000204602F091FCA5E7E76305008843050053
:101E0000336705005B6705008267050008B501F0D0
:101E1000FBFDBFF35B8F084B1A68BFF35B8F02F0CB
:101E20000B02BFF35B8F53E8001F43E8002000283C
:101E3000F9D1BFF35B8F08BDDC01002010B5C1E90B
:101E400000239DF808300B720C46FEF7B1FA034BE5
:101E50000C2202FB00335C6010BD00BFD8240020C0
:101E6000F8B502460B4610481DF03FF80446C0B1D5
:101E700004210C301DF0A0F82046FEF799FA0B4D16
:101E80000C2707FB0050002646802046FEF790FAFC
:101E900007FB005086602046FEF78AFA07FB0055D4
:101EA0006E602046F8BD00BFCC120020D824002070
:101EB00010B592B004460749442201A8F5F750FB3B
:101EC000102C9BBF12AB03EB8404034854F8440C62
:101ED00012B010BD84440500AE670500034B0146F7
:101EE000D3F86C0182689268104700BF0801002097
:101EF0002DE9F84F042100AF46481EF0D2FB6D4695
:101F000001F082FD88B06A46434B5361434B9361B5
:101F10004FF400739383424C424B42F8103F4FF40E
:101F2000E6514148414E1EF0CBFB414BE279AD46B4
:101F30002046012A88BF1E46FFF7EEF98AB06A469E
:101F40003C4BD061C2E905363B4B13623B4B42F838
:101F5000103F35483A4EDFF8F880DFF8CC904FF468
:101F600023511EF0ADFBA346AD460125E3799D420A
:101F70000BF1070B38DB94F870502846FFF798FFF9
:101F80006E468CB0B4F87210B4F876306A46DFF85A
:101F9000C4C05362C2E907512A4B4FF40075C2E92D
:101FA00005C015854FF4535142F8103F1E481EF0EE
:101FB00087FBB54694F871603046FFF779FF8AB029
:101FC000B4F874306A4620499584C2E907631F4B10
:101FD000C2E9051042F8103F13484FF433511EF088
:101FE0006FFBBD46BDE8F88F5846FFF795F9EA4606
:101FF0008AB06A4640F20133C2E90565D0611384B4
:102000004FF4135142F8108F48461EF059FB01352A
:10201000D546ABE7DC010020BA670500CC670500B8
:10202000080100200300000188430500605A0500F4
:10203000B6670500D767050000020103040000022F
:10204000E66705000600000135680500050000018F
:1020500004000001F767050000487047905A05002A
:10206000014817F0BDBA00BF740A002070B50546DC
:102070000C4659B94FF0FF304FF0FF31FFF7F0FE3B
:10208000044618B96FF06805284670BD2046FEF773
:102090008FF9194B0C2202FB0033A61830465D80E5
:1020A0001CF0EEFF03280BD9032130461CF0B7FFCC
:1020B0000580238A033B8370012130461CF0B7FF63
:1020C00040F635439D420FD12046FFF707FF0546F6
:1020D0000028D9D00346094A094801211EF0DFFA39
:1020E0002046FEF705FACFE70648214621F0B5FA6B
:1020F0000025FFF7B5FFC7E7D82400205C6805007E
:10210000884305005C02002073B5C368D9789A78CB
:102110001E8842EA0122ADF8002059791A7942EA74
:102120000122ADF80220D9799A7942EA0122ADF86C
:1021300004201A7A5B7AB4B242EA032301212046D2
:10214000ADF8063002F0DCF8054658B91D481E4AC5
:10215000012123461EF0A3FA022120461EF010FBA7
:1021600002B070BD694602F025FB38B91E21204639
:102170001EF006FB284601F095FFF1E74FF0FF3017
:102180004FF0FF31FFF76CFE04460028F2D00E211D
:102190000C301CF01CFF00230680C0F80A30BDF88C
:1021A00000304380BDF802308380BDF80430C38026
:1021B000BDF806300381214642F22000FFF756FFAA
:1021C000D8E700BF88430500E763050038B502463D
:1021D0000B462B4DD5F8541109B9002038BD05F533
:1021E000987017F043F80028F7D10022002305F576
:1021F000AA7016F0CFFF044668B9224A2249234844
:1022000040F673431BF0E2FD84F31188BFF36F8F38
:102210000323184602DFD5F848315BB11C4A1D483C
:1022200001211EF03AFAD5F84801FEF761F90023C2
:10223000C5F8483120461CF087FEC5F84801204605
:10224000FFF74CFE0346C8B1134A124801211EF0A5
:1022500026FA124816F0D0FF2046FEF7A9F8104BD8
:102260000C2202FB0033588818B122461F21FFF7C9
:1022700077FA2046FEF73CF9FFF7F2FE0120ADE7C2
:10228000080100207C6505008D630500C965050017
:102290007E680500884305005C6805003802002060
:1022A000D82400202DE9F04F87B0064600AF9046B5
:1022B0000C4671B94FF0FF304FF0FF31FFF7D0FD02
:1022C000044668B96FF0680528461C37BD46BDE86E
:1022D000F08F887AFEF764F8514B834240F0998082
:1022E00001220021384621F0D1F92046FEF760F89E
:1022F000DFF860B10C2303FB00B0876020461CF0C0
:1023000023FE01463046FFF7B1FE054618B12046D0
:10231000FEF7EEF8D8E717F013FD424B83421ED1CB
:10232000414821F0AFF9002182464FF4A020FFF789
:102330004DFF814688B93D4A3D493E484FF4F97307
:102340001BF044FD3C4831461BF040FD89F31188E9
:10235000BFF36F8F0323184602DF5445E0D14FF4DB
:10236000A0220023384616F081FF814698B14FF431
:10237000FC732E4A31492F481BF028FD30484A464D
:1023800031461BF023FD002383F31188BFF36F8FC9
:102390000323184602DF2046FEF70AF80C235843B1
:1023A0001BF80090B9F1000F2DD06D468AB06A4637
:1023B000244BC2F81C90C2E90536234B136240F24D
:1023C00002439384214B42F8103F21484FF432518D
:1023D0001EF076F92046AD46A9F10909FEF788F806
:1023E000B9F1090F0CD8DFE809F0170B0B08050B42
:1023F0000B0B0B146FF00B0566E76FF00C0563E732
:102400006FF0040560E7B8F1000F80D0C8F8004015
:102410005AE76FF0150557E76FF06E0554E700BFF8
:10242000CC120020502200205C0200207C650500B8
:1024300099680500C9650500A1680500C168050027
:10244000CA6805000F690500605A05000500000113
:1024500088430500D824002073B506460D4601AA1E
:10246000002142F22F00FFF71DFF044638B1154A44
:10247000154801211EF011F9204602B070BD0198E7
:10248000C368B3F801203280B3F803302B80FEF725
:102490002FF83388A3F11B02E02A04D90B4A0A481B
:1024A00002211EF0FCF82B88A3F5A47292B244F22C
:1024B00048118A42E0D9064A034802211EF0EFF88B
:1024C000DAE700BF2E690500884305004E69050064
:1024D00073690500F0B5002285B0114602AF40F6E1
:1024E0000340FFF7DFFE044600285BD1FFF78EFCB8
:1024F00021463A1D41F20300FFF7D4FE04460028AE
:1025000050D17A68C54DD168D1F80100D1F80510D5
:1025100005F1780303C31046FDF7EAFF21463A1D93
:1025200041F20100FFF7BEFE044600283AD1786868
:10253000C3685A7885F870205A88A5F872201A79ED
:1025400085F87120B3F80720A5F87420B3F805309A
:10255000A5F87630FDF7CCFF21463A1D41F2020086
:10256000FFF7A0FE0446E8B9D7F804C0DCF80C2059
:1025700005F18006531C413218685968344603C47B
:10258000083393422646F7D16046FDF7B1FF95F830
:102590007C305E060AD4A24AA24801211EF07DF8D2
:1025A0006FF0120420460C37BD46F0BD3A1D0021E5
:1025B00042F20300FFF776FE04460028F2D17A6863
:1025C000994BD168D1F80100D1F8051003C310462A
:1025D000FDF78EFF21463A1D42F20200FFF762FE30
:1025E00004460028DED17E68F468B4F801309AB25F
:1025F00092B1E27882B1A5F80431E378032B06D0DA
:10260000032200928748894A02211CF00FFBE278DE
:102610008748114621F03AF83046FDF769FF95F8F2
:102620007C601F2316F02006A5F8203119D14FF049
:10263000FF304FF0FF31FFF713FC0446002800F095
:10264000AA8002210C301CF0C2FC012303704670EA
:102650002146324640F66D40FFF724FE044600282E
:10266000A0D195F89C301C0712D53A1D002142F2EA
:102670001C00FFF717FE0446002893D17868C36852
:10268000D3F80120D3F80530C5E93823FDF730FF32
:1026900095F8D830980622D5B91C3846FFF7DCFEED
:1026A000044600287FF47EAF4FF0FF304FF0FF313B
:1026B000FFF7D6FB064600286DD004210C301CF035
:1026C00086FC3B8803807B8843802246314642F269
:1026D0002400FFF7E7FD044600287FF463AF4FF0C6
:1026E000FF304FF0FF31FFF7BBFB0446002852D00C
:1026F00008210C301CF06BFC95F8D82012F0020F6A
:1027000014BF2F230F23910695F8D92048BF43F01B
:10271000400312F0090F18BF43F400630022037056
:10272000C3F3072343708270C270027142718271D9
:10273000C271214642F20100FFF7B4FD04460028B1
:102740007FF430AF95F87C30B5F804119A0625D4A3
:10275000C9B93A1D41F20500FFF7A4FD044600285F
:102760007FF420AFB5F804317C684BB9E368B3F867
:102770000120A5F804219A882D48114620F086FFF3
:102780002046FDF7B5FE4FF0FF304FF0FF31FFF769
:1027900067FB044660B96FF0680403E70029F2D1D3
:1027A000244A204801211DF078FF6FF00404F9E667
:1027B00008210C301CF00BFC10230370882300222E
:1027C0004370022620238270C670027142718271AA
:1027D000C371214640F60140FFF764FD044600281E
:1027E0007FF4E0AE01463A1D4FF60140FFF75AFD77
:1027F00020B3114A0B4802211DF04FFF00F01AFDD3
:10280000044600287FF4CEAE02F072F90446002898
:102810007FF4C8AEFFF76CFBC4E600BF08010020E0
:102820009669050088430500E0010020BA690500AB
:1028300010020020006A0500236A05007B68DC683E
:10284000B4F80130032B96BF434A444952F8231091
:102850006E468AB002AA4248D3614FF400731384D3
:10286000404BC2E9050142F8103F3F484FF4135175
:102870001DF026FFB4F80120B4F80330022AB54653
:1028800049D1052B47D8394A52F823106E468AB0F1
:1028900002AA3748D3614FF400731384314BC2E965
:1028A000050142F8103F4FF413512F481DF008FF67
:1028B000637994F806C0D4F80900032BB54698BF95
:1028C0002C4AB4F8076094BF52F8231023496C4691
:1028D0008CB002AADFF8ACE0C2E9073C4FF4007309
:1028E0009385254BC2E905E1C2E909604FF47351B4
:1028F00042F8103F1C481DF0E3FEA5467868FDF73E
:10290000F7FD3A1D00214FF60240FFF7CBFC0446CD
:1029100018B11A4A6EE71149B8E77868C368B3F886
:102920000130A5F8C130FDF7E3FD95F8C1305B0734
:102930007FF564AF3A1D21464FF60340FFF7B2FC26
:1029400008B10F4A56E77868C3685B7885F8C030ED
:10295000FDF7CEFD52E700BFB8470500AE670500A2
:10296000476A05000400000188430500A0470500F0
:10297000606A05009047050007000001A56A050090
:10298000CE6A0500786A050010B5FFF7A3FD034B7A
:102990001B6813B1BDE81040184710BDFC2400208F
:1029A00073B52A4D0646D5F86C0120F093FC48B962
:1029B000274A284801211DF070FE6FF012042046BE
:1029C00002B070BD6FF0020105F1D4001DF07BFE76
:1029D00001211DF066FE10EA010434D11E4B1E6079
:1029E0000A4605F5987020F051FE05F5AA7020F012
:1029F000F5FD1A4820F014FF1949184800946FF0AB
:102A000007034FF4966216F0F1FD1649134820F0C3
:102A100032FFD5F86C01144983681B689847044657
:102A200030B10346114A0B4801211DF038FEC6E7BC
:102A300026B902B0BDE87040FFF74CBD05F1C400F7
:102A400016F0CEFDBBE76FF07704B8E70801002071
:102A5000F76A050088430500FC240020001A0020C6
:102A6000004E00200F6B0500E9180300186B0500ED
:102A70002DE9F04784B0584BB0F80190198849F41B
:102A8000704291424FF0000602BF1E80534B1E78E9
:102A9000C378012B08BF524B00F1040800AF054674
:102AA00040460CBF93F86F4000241DF084FD414662
:102AB00068B307F108001DF073FDD5F81130C7F8B1
:102AC0000130B5F81530A7F805304FF0010AEB7862
:102AD000012B31D04046FEF71FFC6C4688B06A4699
:102AE000404BC2E905304FF4007393833E4B3F489F
:102AF00042F8103F4FF4E2511DF0E2FD1321A546CC
:102B000048461DF059FE1037BD46BDE8F087204607
:102B10001DF0F2FE03460068B8609A889B796868E9
:102B2000BA81BB73B8F8042098F8063095F804A071
:102B30003860BA80BB71CAE707F10800FEF762FD92
:102B400004460028C6D00346B5F8012023F8702BB0
:102B5000B868BA7BB98920679A719980B5F817303F
:102B6000A4F88630B5F81930A4F88C30B5F81B30CD
:102B7000A4F88E30EB78E3700022012B62721AD138
:102B800087F800A0BA88BB793868A4F87B2084F85D
:102B90007D30C4F8770000F07FFC237A1049C3EB46
:102BA000C3035A18CB58C4F87E309388A4F88230F7
:102BB000937984F884300721204601F0B9FA26B1D0
:102BC00066720121204601F0B3FA204601F0FCFBB9
:102BD000204601F067FA96E7784400203E45002041
:102BE00008010020346B0500030000018843050044
:102BF00000B5C368187889B020B109B05DF804EB5E
:102C0000FEF76EBDB3F80120ADF80120DA788DF83B
:102C100000008DF80320B3F80B20ADF81720B3F8AF
:102C20000D20ADF81920B3F80F20ADF81B205A7C09
:102C30008DF81D20586801901A899B7A8DF80A300A
:102C4000094BADF8082068461A689B88CDF80B2020
:102C5000ADF80F30CDF81120ADF81530FFF708FFB3
:102C600009B05DF804FB00BF4263050038B50421DC
:102C700004460C301CF0ECF9034640885D7818B12E
:102C800019782246FEF76CFD35B1044816F0B4FA07
:102C9000BDE83840FFF7E4B938BD00BF3802002076
:102CA000B0B50321044600AF0C301CF0D1F9E36845
:102CB0000578B0F80100197840F63543984215D1EF
:102CC0006C468AB06A460F4B0F48C2E905310F4B7C
:102CD000D36140F2013313840D4B42F8103F4FF49F
:102CE00012511DF0EDFCA546BD46B0BD10B1224607
:102CF000FEF736FD002DF7D0064816F07DFAFFF7F7
:102D0000AFF9F1E7506B050088430500605A0500F4
:102D1000040000013802002070B54FF0FF320D466C
:102D20004FF0FF3300210646FEF798FB044660B9DA
:102D30000A4A0B490B481A231BF048F884F3118800
:102D4000BFF36F8F0323184602DF022104F10C004A
:102D50001CF03DF906704570204670BD976C05006B
:102D60008D630500C9650500F8B50A4DEF79064683
:102D70000024E3B29F4202D86FF0010007E0294629
:102D800030461DF0A9FD0735631C08B12046F8BD8B
:102D90001C46EEE70801002070B51A4E06223146A7
:102DA000054617F055FE38B34FF0FF304FF0FF31B6
:102DB000FFF756F8044608B3062229460C301CF0EB
:102DC0000CF92146002242F20500FFF76BFA044697
:102DD00048B110F10D0F04D10B4A0C4802211DF02F
:102DE00083FD204670BD33462A6843F86929AA88C6
:102DF000B280012283F868200024F2E76FF06804B3
:102E0000EFE700BF71010020CD6C05009043050085
:102E100037B504460D4689B1184928461DF05CFDBA
:102E200060B9174A2968C4EBC404A3181151AA88D1
:102E30009A80AA799A71002003B030BD68461DF0CF
:102E4000A1FB0028F8D16846FFF78EFF0028F5DACD
:102E50000B4A00989DF80610C4EBC404A318105147
:102E6000BDF8040098809971002DE4D012592A60B1
:102E70009A88AA809B79AB71DDE700BF35630500B6
:102E80000801002008B528B105481DF02FFD0306F4
:102E900001D5012008BD02481DF028FDF9E700BF5B
:102EA000DC01002070B50446B1B9C0B11F491DF066
:102EB00013FDA0B92046FFF757FF00282FDA23782B
:102EC000012B04D1A37903F0C003C02B07D0184A0B
:102ED000184801211DF008FD6FF0150070BD164D5A
:102EE000EB79012B1ED005F1D4001DF0FFFCC307C8
:102EF00007D4002CF0D00D4920461DF0EDFC002831
:102F0000EAD1EE792146731C3046EB71FFF780FF62
:102F100008B93046E2E7EB79013BEB71DEE76FF091
:102F20007700DBE76FF00B00D8E700BF35630500E3
:102F3000DC6C050090430500080100202DE9F341F9
:102F4000044640B91A4A1B4802211DF0CDFC00205E
:102F500002B0BDE8F08101AA002141F20900FFF7AB
:102F6000A1F9054608B1144AEDE7019E1349D6F8C8
:102F70000C8008F101070622384617F069FD28B1D8
:102F80000F490622384617F063FD18B93046FDF7A1
:102F9000AFFADCE7D8F80130C4F80130BB88A4F8F8
:102FA000053030462570FDF7A3FA0120D0E700BFB9
:102FB0000A6D050090430500236D0500426305007E
:102FC0003C63050007B56846FFF7B8FF044BD871AE
:102FD00018B169460020FFF71BFF03B05DF804FB42
:102FE00008010020F0B5304DEC7989B0002C53D1A8
:102FF00095F8C26016F0010610D12C4A2C48022127
:103000001DF072FCEC71162600240127EB79E0B26A
:1030100098422CD3002B3FD000203BE06A4621464B
:103020004FF60940FFF73EF908B1224AE6E7DDF81E
:1030300000C0DCF80C104B7823B96046FDF758FA55
:103040001D4ADBE78B1C02AA01F1120418685968BB
:10305000174603C70833A3423A46F7D118683860C9
:103060009B88BB806046FDF743FA3446CAE708AB4D
:1030700006FB0033694653F8182C33F8143CCDF89E
:103080000120ADF805308DF80070FFF7C1FE013466
:103090000028BBD009B0F0BD0021084609B0BDE84A
:1030A000F040FFF7FFBE00BF08010020416D0500A2
:1030B000904305006D6D05008D6D050010B50C4643
:1030C00031B300F0E9F998B100F1100318461DF092
:1030D0000DFCC1050CD518461DF008FCC20407D52F
:1030E0000D4B1B78012B11D10123237000200CE024
:1030F00000F0D2F920B110301DF0F8FBC305F3D475
:1031000000201DF006FC0028EED010BD0023ECE7E7
:103110006FF01500F9E700BF080100202DE9F0412C
:103120000E4617461D46044650B14BB10A030378BC
:1031300013D54C0709D53B4A3B4801211DF0D4FB70
:103140006FF015042046BDE8F0811DF0F8FB044641
:103150000028F7D101232B70F4E7B1072FD03348B3
:103160000FB1B20608D4C3EBC302825C012A13D0AC
:1031700002B92A700024E5E790F8D82051064ED510
:10318000C3EBC302825C012A06D002B92A702B78F5
:1031900043F002032B70EDE74FF00108072111FB0C
:1031A0000381014420461DF0ACFB04460028C9D130
:1031B00085F80080002FDDD0B206DBD5E7E716F0FA
:1031C000040213D01949C3EBC3028F5C012F0AD14B
:1031D000072212FB037319441DF093FB04460028D9
:1031E000B0D12F70E8E7002FE6D1FAE710481DF0C4
:1031F0007DFB830604D420461DF0A1FB0446A9E70D
:10320000104600F019FC064620461DF098FB0446C7
:1032100001202870002E95D100F00EFC92E76FF08F
:1032200085048FE7B66D0500904305000801002076
:10323000DC01002038B5104DEB7913B10024204695
:1032400038BDFFF7BFFE044628B10C4A0C480121E7
:103250001DF04AFBF3E7EB79002BEFD1FFF7C2FE3D
:1032600004460028F1D1681CFFF796FD04460028AB
:10327000E5D0044AEAE700BF08010020D56D05004B
:1032800090430500F46D05002DE9F74F8A46019043
:103290004FF0FF314FF0FF30FEF7E2FD044600280B
:1032A0004ED020210C301BF092FE202200218046BF
:1032B0004FF0000917F07CFCDAF8007008F1010B00
:1032C0004D46DAF80420914509D3019888F800505A
:1032D0000022214603B0BDE8F04FFEF7E3BF7A7845
:1032E00097F800C0A81C81181F2915D9BCF1090F37
:1032F000C0F11F0201D1002A0CDC134A134801213E
:103300001BF081FC2046FDF7F3F86FF0150003B0C9
:10331000BDE8F08F4FF0080CD6B2711C0BF8051009
:10332000691CC9B202360BF801C079685BFA80F0FB
:103330002E44F4F715F9F5B209F101090837C0E791
:103340006FF06800E3E700BF176E05003843050023
:10335000F8B545686905064635D4046914B115F019
:10336000030330D0194F3078FB7983422BD9C0EB5F
:10337000C00017490722384417F06AFBA8B115F0BE
:10338000030306D197F87020082A02D8B2689F2A52
:1033900019D915F0300F09D0ACB1EA060AD405F4FA
:1033A0006035B5F5603018BF0120F8BDEB0601D4DB
:1033B000002CF4D1D6E902239A4204D81F2A02D95C
:1033C000B3F5804FEBD90020EFE700BF08010020E4
:1033D00035630500F7B5CDE90001694642F2080002
:1033E0009DF8207016461D46FFF74EFF044668B94B
:1033F0007FB9BFF35B8F0C4B53E8001F41F0040112
:1034000043E80012002AF7D1BFF35B8F204603B0D8
:10341000F0BD694642F20900CDE90065FFF734FFCF
:103420000028E6D00446F1E730010020F8B5044654
:10343000164B14F8097B83F86F7005460E46072279
:103440001349204617F004FB70B91249384601F0C1
:10345000EDF9044610B96FF00B00F8BD052100F03E
:1034600067FE34600020F8E72146384601F022FA72
:1034700040B92146287801F0D9F904460028EAD05D
:103480000621ECE76FF01500E7E700BF0801002018
:10349000356305002E6305000048704720010020B9
:1034A0002DE9F04F8E4ED0F810B089B09A46002327
:1034B000BBEB03040546304618BF012403931DF0FF
:1034C0006DFA0F464107914640F1EA802846FFF722
:1034D0003FFF60B96FF015043846002340F2011138
:1034E000994540F0E680204609B0BDE8F08F2846B7
:1034F000FFF7C8FC80460028ECD0A6F1AC001DF018
:103500004DFAC205C0F3002300F1CD80CDE90533AB
:10351000CDF81B30AB686868ADF81030EB68ADF8DB
:1035200012301DF02CFA8DF81D00BFF35B8F56E8AA
:10353000003F23F4807346E80032002AF7D1BFF33E
:103540005B8F2A7806F8BC2C06F8652C6968224641
:103550000DF11503A6F1BC00FFF7E0FD04460028BD
:10356000BAD1A6F1B303BBF1000F11D02A691168DB
:1035700046F8B31C9188998092799A716B689E077E
:103580004AD1980502D4BAF1000F59D002230BE0BA
:10359000544A116846F8B31C9188927999809A71BF
:1035A0006B689C07EDD05B468DF814304FF0FF3010
:1035B0004FF0FF31FEF754FC0446002876D00F226E
:1035C00004A90C301BF009FD2146002242F206003E
:1035D000FEF768FE044600287FF47EAFBBF1000FC3
:1035E00032D06B6899073BD13F4801211DF0F7F9B4
:1035F000044600283CD03D4A3D4801211BF003FB16
:10360000039D002D3FF468AF2846002100F090FD97
:10361000284600F047FD5FE713F0100F0CBF0123B1
:1036200004238DF814302B691A68CDF816209A8877
:10363000ADF81A209B798DF81C304FF00008B5E7E3
:1036400003238DF81430F8E7129BCDF80080524622
:1036500049463846FFF7BEFE04460028C1D03BE786
:10366000214803A9FFF7E2FE04460028BCD033E757
:10367000039808B100F016FD6A681E4812F00302B4
:1036800018BF012209211DF08FF942460A211DF0C1
:103690008BF96A680C21C2F380021DF085F91BE7E3
:1036A0006FF00A0418E76FF0770415E76FF068040D
:1036B00012E702888A4204D1426812B11278D20716
:1036C00002D4013308300BE70B490C4820F0AEF868
:1036D0004FF470220023094816F026F803E700BFD4
:1036E000DC0100203563050020010020306E05005C
:1036F00038430500300100209937030038010020CD
:1037000010B51E481DF091F91D481DF047F9C1057F
:103710002ED51B481DF042F9820515D519491A48C6
:10372000072217F095F919490346087E1BBB184973
:10373000052201F0F7F8044630B10021417200F093
:10374000F7FC204600F0AEFC0C4800211DF047F9C4
:10375000044670B90F481DF021F9830608D52046AC
:1037600000F06AF920461DF0D4F8012000F064F959
:103770000024204610BD06222131DAE72001002076
:1037800030010020356305002901002008010020D8
:103790002E630500DC01002010B5FFF7B1FF0346E2
:1037A00030B1044A0448BDE8104002211BF034BA8D
:1037B00010BD00BF4B6E05003843050070B50546CF
:1037C00086B00E464FF0FF304FF0FF31FEF748FB5A
:1037D0000446A0B102210C301BF0F9FB094A4670E7
:1037E000057003A9204600950523FEF727FB00225C
:1037F000214642F20C00FEF755FD06B070BD6FF099
:103800006800FAE7DC01002008B50C4B02464009CD
:1038100003EB80001DF00CF902F01F0340FA03F3E4
:1038200013F0010006D122B905481DF001F940F35B
:10383000C01008BD6FF07700FBE700BF0025002037
:10384000DC0100200A4ABFF35B8F430902EB8302CD
:1038500000F01F0001238340DB4352E8000F1840B3
:1038600042E800010029F8D1BFF35B8F704700BF29
:103870000025002030B587B05D480022002315F0F8
:10388000C1FB002840F092805A485A4D1DF0D0F8F4
:1038900010F0010345D02B1D93E8070006AB03E9A8
:1038A000070055481DF0C4F8C0F3401351481DF0FF
:1038B000BFF8014600286BD073B10C224F490DEBC5
:1038C000020017F0C5F800286BD000210846FFF76A
:1038D00075FF0446002865D100239DF80C00ADF863
:1038E0000930BDF80E30ADF80530BDF81030ADF838
:1038F0000730431E8DF8040058420DF1090158416C
:10390000FFF7DCFB044600284CD14FF0FF304FF0AE
:10391000FF31FEF7A5FA0546002849D16FF068048B
:1039200040E03548364A1DF083F810F0800F0ED085
:103930009089D1891269ADF80E004FF48074ADF80A
:103940000C40ADF81010ADF812300592A9E72D4CDF
:103950002068616803AB03C3A068186092F8D9308F
:10396000180748BF0523234848BF8DF80D301DF0C8
:103970005FF8810706D53023ADF810306023ADF82D
:103980000E308EE71B481DF053F84207F3D488E74A
:103990003BB1FFF713FF044620B9184B2861C3E978
:1039A00001000024124815F0A5FB204607B030BDE9
:1039B000072201A90C301BF010FB2246294642F2D7
:1039C0000B00FEF76FFC04460028EBD19DF80D10AC
:1039D000012001F00101FFF7F1FE04460028E1D1CA
:1039E00006AA12E90700054B83E80700D9E700BFE4
:1039F0001C25002000250020DC01002010250020CF
:103A0000080100201045050010B5094C4422002192
:103A1000204617F0CDF804F11C001FF04EFD04F114
:103A200030001FF04AFD034B00221A6010BD00BF9A
:103A3000002500204C250020044B597C003801F063
:103A4000010118BF0120FFF7B9BE00BF002500200B
:103A5000032838B5054603D1BDE83840FFF70ABF53
:103A6000FFF7D2FE0446C8B9BFF35B8F0C4B6A095F
:103A700003EB820305F01F0101228A4053E8000F87
:103A8000104343E800010029F8D1BFF35B8FFFF733
:103A9000F1FE044610B12846FFF7D4FE204638BD9B
:103AA000002500202DE9F04F00F10C068BB00446F4
:103AB00030461BF0D5FA80466348DFF8A4A11CF01D
:103AC000B7FF00F00103604802931CF0B1FFC0F3A0
:103AD00080030193B8F1000F02D10BB0BDE8F08F65
:103AE000029B13B9019B002BF7D0238A082B07D820
:103AF000564A574801210BB0BDE8F04F1BF083B880
:103B0000092130461BF0A4FA037A228A01339A4233
:103B10000546EDD30123ADF824307F238DF81E3008
:103B2000037A0344471C5B7A8DF81D30FF238DF820
:103B30001C300023ADF8223002788DF81F20042AB3
:103B40009CBF444B9B5CADF82030037A3E48009309
:103B50001CF06EFF03463C481CF06AFFDA0703D5F1
:103B6000BDF820305B0765D438461CF024FD0028E2
:103B70004AD0394604A81CF013FDDAF80030B3B17E
:103B800030461BF07DFA009BB4F810B0DAF80070F4
:103B90002382814633469DF81F209DF91D1004A8FD
:103BA000B8476369A4F810B013FA89F3E36004AB73
:103BB0000693294B1A68002A3AD0136803B1083BD0
:103BC00052F8081CB9B11F46A2F10803304603930E
:103BD0001BF056FA009BB4F810B02382039B814679
:103BE0001B68314606A898476369A4F810B013FA19
:103BF00089F3E3603B46DBB19F681A68B7B1083FC1
:103C0000002AE3D13B46F7E76B78FF2B09D1134B32
:103C1000186804909A889B798DF81630ADF81420B6
:103C2000ABE739461CF068FE0346F1E7002ACDD128
:103C300000230693297A3046013108F1FF381BF042
:103C4000FFF95FFA88F845E700250020716E05004E
:103C5000A04305008A6E0500442500203563050059
:103C60004C250020F8B5054622481CF0E1FE43072C
:103C70000F463CD52A78012A03D96FF01504204657
:103C8000F8BD6B780F2BF8D86888031F9BB243F6FA
:103C9000FC74A342F1D8A9880B1F9BB2A342ECD8B5
:103CA0008842EAD37AB914480022002315F0AAF911
:103CB00004460028E3D1FFF7A7FD044640B10E48B3
:103CC00015F018FADBE71CF051FE0028EBD1D4E721
:103CD00028686968094E0A4B03C6A8683060204608
:103CE0001F60FFF7B5FE044606F12400E8E76FF019
:103CF0000A04C4E7DC010020302500200425002050
:103D00004C25002070B50C4B1C68054644B154F896
:103D1000143C143C13B1697A284698476469F5E766
:103D2000064C074EB44200D370BD236813B1697AC4
:103D3000284698471834F5E78425002008430500F5
:103D40002043050010B50446FCF732FB044901EBA3
:103D5000001120461CF070FCBDE81040FEF780B951
:103D60005025002070B5D1E9015600220446C1E972
:103D7000012206481FF071FC3DB1314620462B461A
:103D80006FF06D02BDE87040184770BD041200204E
:103D900037B5031D0446BFF35B8F53E8002F42F491
:103DA000806143E80015002DF7D1BFF35B8F51050B
:103DB00039D4BFF35B8F6368BFF35B8F9A0326D55B
:103DC000E37823B9194A1A4802211CF047FEA37A66
:103DD000072B28D1174B93F8D8309B0623D51CF01E
:103DE000A8FC00B30DF1060101A8FEF735FBD0B920
:103DF000BDF80620BDF8041020461CF01CFD03464B
:103E000088B10D4A0A4801211CF028FE0BE01CF085
:103E1000F7FC034620B1094A054801211CF01EFEAB
:103E2000A37A072BCCD003B030BD00BFB86E05001D
:103E30005043050008010020D16E0500976E050073
:103E400070B505460F480022002315F00FFAB8B9E7
:103E50000D4B1C6834B154F80C3C143C03B198472A
:103E60006469F7E7094C0A4EB44204D32846BDE81A
:103E7000704015F0B5BBA36803B198471834F3E759
:103E800070BD00BFE011002084250020084305001C
:103E9000204305002DE9F843DFF85480044620272D
:103EA0000025EFF3118387F31288BFF36F8FE16969
:103EB00029B983F31188BFF36F8FBDE8F883206AB7
:103EC0000A68E261814208BF226283F31188BFF36E
:103ED0006F8FD1E901694046C1E901551FF0BDFB73
:103EE0001EB1002249462046B047FEF7B9F8D8E790
:103EF000041200200448B0F80431002B00F584704F
:103F000008BF0020704700BF0801002030B50446FC
:103F10008BB00D4615F014FF0B4BD3F8D82082421E
:103F200005D120460BB0BDE83040FFF7B3BF2434C5
:103F3000214618461FF049FC1DB1694620461FF076
:103F400054FC0BB030BD00BF5022002038B5002219
:103F500004468A4202D10024204638BD04F1C4033D
:103F60000120BFF35B8F53E8005F002D04D143E8CD
:103F7000000CBCF1000FF6D1BFF35B8F02D0C83448
:103F80000244E6E7002CE6D0C4220021204616F0C9
:103F90000FFE04F1400004491FF048FC034904F1FE
:103FA00024001FF0F6FBD7E7D54903006D0A050092
:103FB000F7B516460D4601210446FFF7A7FF012E6F
:103FC00023D0022E50D123693BB13048304A012121
:103FD0001AF019FE20461CF067FD256121690B8A45
:103FE000012B51D9CA681288043292B293424BD342
:103FF00041D9264800920121264A1AF017FE204690
:1040000003B0BDE8F0401CF04FBD206940B9224A22
:104010001E4831461AF0F7FD20461CF045FD01E030
:104020002F8A2FB9284603B0BDE8F040FCF760BAEC
:104030000C301BF029F887420CD9184A1348314636
:104040001AF0E1FD21690022204600F02DFF002337
:104050002361E7E720692A8AE9680C301AF0BDFF7E
:104060002846FCF745FAB9E70D4A084833460121CE
:104070001CF0F4FCD0E7002301222046236103B0AA
:10408000BDE8F04000F010BF03B0F0BD50430500A4
:10409000ED6E05006D6F05000A6F0500286F0500C5
:1040A0004F6F050008B5C430BFF35B8F50E8003F89
:1040B000013B40E80032002AF8D1BFF35B8F3BB9E7
:1040C000044815F099F8BDE80840034815F088BA8F
:1040D00008BD00BFE0110020A40A002010B504466E
:1040E0001CF0EBFC15F038FD104BD3F8241104F153
:1040F000B80249B9C4F8B810D3F8281189B9C3E98E
:10410000492215F03DFD06E08A4208D115F038FD40
:104110002046FFF7C7FFBDE81040FDF7A1BF0968C3
:10412000E7E70A60C3F82821EBE700BF0801002099
:10413000F8B5867A8E4200AF04460D461AD1082E95
:1041400096BF554B554B53F826306C4688B06A469F
:104150005349C2E905134FF400739383514B42F85E
:10416000103F514800234FF4E451FAF745FFA546AC
:10417000BD46F8BD81720EB91CF09FFCA37A082BD6
:1041800000F2868001A252F823F000BFE141030053
:104190003742030071410300714103007141030084
:1041A0007141030071410300B141030071410300FB
:1041B0003E48002116F0ECF80023C4E90D33E37803
:1041C000012BD5D1A378012B04BF032384F89430AD
:1041D0004FF42032002304F1400015F071FAC7E7D4
:1041E000082EC5D8DFE806F02005171C1C1C172078
:1041F000200004F1400528461FF024FB0121204641
:10420000FFF784FE20461CF04FFC002200232846C6
:1042100015F08AFAACE7637A13B12046FFF772FD16
:104220002046FFF73FFFA3E7214A2B461E48022105
:104230001CF014FC9CE7637A3E2B0FD16D4688B0CE
:104240006A461C4BC2E90534032342F8103F164866
:1042500000234FF4C451FAF7CFFEAD46164D05F5D5
:104260008476616911B9FDF7FBFE81E7A2690B68ED
:104270006361914208BFA3612046FFF773FDB5F863
:104280000431002B14BF3046002014F0B5FFE8E7DE
:104290000A4A2B46CAE700BF7C480500886F050024
:1042A000926F05000300000150430500B40A00208E
:1042B000A36F0500BA6F050008010020E16F05003B
:1042C000F8B5074609480D4616461CF0F6FB0446AD
:1042D00050B183781F4203D1BDE8F840FFF7E2BE3A
:1042E0003146A8472046F7E7F8BD00BFF81A00207E
:1042F000024900220120FFF7E3BF00BF610A050069
:1043000070B505460E480E461CF0D7FB0446A0B11A
:10431000837A012B02D0073B012B0CD82388AB42B8
:1043200008D1A3781E4209D1064A07482B4602212C
:104330001CF094FB2046FFF7B5FE0024204670BD1C
:10434000F81A0020FD6F050050430500034BC01A0A
:10435000034BC0105843C0B2704700BFF81A00208A
:10436000295C8FC22DE9F0411C46144305460E46D8
:10437000174698460BD015F0E3FC0F4BD3F8D83016
:10438000834206D10D4A0E4802211AF03CFC002758
:10439000B8460C493A464346002D14BF2846084605
:1043A0001AF0A3FD044618B1711D0C301AF004FE7A
:1043B0002046BDE8F08100BF5022002014700500A7
:1043C000504305001C12002010B50446054815F0A6
:1043D00007F9204600F0AEFC2046BDE81040FFF78C
:1043E00091BC00BF940A00202DE9F04F87B000AFC8
:1043F0000023FB607B61BD4B5A8B3AB1BC4DD5F8B5
:1044000024413CB91C37BD46BDE8F08F1B68002B2A
:10441000F4D1F7E754F8B83903B1B83BB5490026F1
:1044200001E01C461346B5F80421002A00F0718112
:10443000D5F810214AB904F1B806002BE2D0D3F820
:10444000B820002AEDD0B83AEBE70A68002AF2D08B
:10445000D4F8A420002AEED0D4F8A820002AEAD06C
:10446000D4F8AC20002AE6D0A37A072B6AD12046E4
:104470009047002866D0BFF35B8FD4F8BC30BFF301
:104480005B8F022B5EDC20461CF017FB04460028E5
:10449000B8D0A37A072B40F03981D4F8A430B5F80E
:1044A000041107F11002204698478146002800F0C9
:1044B0000D81B5F804213B699A4208D30146D4F82E
:1044C000A86007F1140307F10C022046B0477B698E
:1044D0003B60B9F81030D7E9038A002B00F0008167
:1044E00048461CF0BFF87860002840F0FC80B5F822
:1044F0000431DFF810B2002B14BF58460020002210
:10450000002314F0B3FE78B97A480022002314F097
:1045100041FE064600283BD1B5F80431002B18BFF8
:104520005E46304614F068FE6FF00B054846FBF718
:10453000DFFFB8F1000F00F0B38039682A4620464B
:10454000C047ADE0D4F8B83004F1B802C6B9D5F828
:104550002811C5F824318A4201D1C5F82831002339
:10456000C4F8B8302046D4F8AC309847002890D032
:10457000A37A072B40F0CA802046FFF7AFFD88E7FB
:104580003360D5F828319A4208BFC5F82861E6E7BC
:104590003B68C0F804808360B5F804B15348DA453D
:1045A0004FF000024FF000034FF0000198BF1FFAD8
:1045B0008AFBFBF71FFF804650B1FBF7F9FE4E4B1D
:1045C0005A4603EB0013494640461CF010F880465B
:1045D000B5F8043194F8C0909A4584BF01237B60FC
:1045E0007B6884F8C0309CBF09F102095FFA89F941
:1045F00004F1BC0ABFF35B8F5AE8003F01334AE87D
:104600000032002AF8D1BFF35B8F00233360A36927
:10461000002B5FD1C4E90566A378012B5DD108F1B9
:104620000C0B042158461AF0FAFC238809F0FD0906
:1046300043EA09330380B8F81030043B4380022179
:1046400058461AF0F4FC4046FDF748FC8146002825
:104650005CD0BFF35B8F5AE8003F013B4AE8003271
:10466000002AF8D1BFF35B8F314604F114001CF02F
:1046700000FA4B46214A224801211CF0EFF940463E
:10468000FBF736FF20463146FFF76CFBB5F80431E7
:104690001C48002B08BF002014F0AEFD6FF004058D
:1046A0006E4688B06B46184ADC61C3E905251A4698
:1046B000042342F8103F12484FF401510023FAF747
:1046C0009BFC1321B54620461CF013FA2046FFF749
:1046D000E9FC97E61E60A6619EE76FF01509B8E752
:1046E0006FF0790522E76FF004051FE7A0120020A4
:1046F0000801002004120020502500205C680500FD
:1047000050430500100200203D700500FDF7A8FC95
:10471000DCE79368FFDE00BFF8B5BFF35B8F42684C
:10472000BFF35B8F9204044600F1040319D5B0F87F
:104730008620B0F88810914213D8B0F88A109142C0
:104740000FD3D0E9231291420BD1BFF35B8F53E813
:10475000001F21F4005143E80012002AF7D1BFF3F3
:104760005B8F114B1D686DB155F8046C143D3EB163
:10477000B4F88E30B4F88C20B4F886102046B047D8
:104780006D69F0E7094D0A4FBD4200D3F8BD2E69AF
:104790003EB1B4F88E30B4F88C20B4F886102046C0
:1047A000B0471835F0E700BF842500200843050016
:1047B000204305002DE9F041074608460D461BF051
:1047C000BAFF064618B900263046BDE8F081144B02
:1047D0001C6884B154F8083C143C0BB96469F8E7D0
:1047E0002946384698470028EDD028461BF0A3FFFD
:1047F0000028F3D1E7E70B4CDFF82C804445E3D2E7
:10480000E3680BB91834F9E7294638469847002879
:10481000D9D028461BF08FFF0028F3D1D3E700BF83
:1048200084250020084305002043050038B50546CF
:104830000C460E480121FFF789FBB0B105722368D1
:104840000367A388A0F87430A37980F87630012339
:104850008370074BC0F8A430064BC0F8A830064B55
:10486000C0F8AC30054BC0F8883038BDF81A0020CD
:10487000294C0300490A05003D0A050018002800DC
:1048800070B505460A480E461CF017F9044620B1DB
:104890008378012B04D0FFF705FC0024204670BD6F
:1048A000324629461CF045F90028F7D12046F2E7A8
:1048B000F81A0020B0B500AF0D46FFF7E1FF04463F
:1048C00008B32846FCF728FDA37A082B96BF0F4AA9
:1048D0000F4B52F823306D468AB06A460D49C2E943
:1048E00007030D4B53620D4BC2E9051442F8103F0C
:1048F0000B4800234FF44251FAF77EFB2046AD46A9
:10490000FFF7D0FB0120BD46B0BD00BF7C480500CD
:10491000886F0500607005000103020405000002B5
:1049200050430500F8B505460E480E4617461CF0E4
:10493000C4F8044620B18378012B03D0FFF7B2FB03
:1049400000240DE036B1324629461CF0F2F808B9D1
:104950002046F3E7A37ABB42FAD1237AAB42F7D1E0
:104960002046F8BDF81A002038B5044608460D4622
:104970001BF0E1FE48B3164B93F8D830990707D4E3
:10498000E37883B129462046BDE8384000F0B8BA44
:1049900094F895309A07F3D5BFF35B8F6368BFF344
:1049A0005B8F5B04ECD4294620461CF0E8F858B92C
:1049B0002B88A4F888306B88A4F88A30AB88A4F8D8
:1049C0009030EB88A4F8923038BD6FF01500FBE70B
:1049D00008010020F7B510F8363C0446A0F1400667
:1049E0000BBB30461CF01EF93A4B1D684DB155F813
:1049F000103C143D1BB114F8371C304698476D69C4
:104A0000F4E7354D354FBD4205D3304603B0BDE820
:104A1000F040FFF747BB6B681BB114F8371C3046FA
:104A200098471835EFE710F83E3C012B31D1BFF322
:104A30005B8FA0F13C0555E8003F23F4005245E8A8
:104A400000210029F7D1BFF35B8F990429D5A36C0E
:104A500000936946236D01933046FFF785FF0346B7
:104A6000C8B9BFF35B8F55E8003F23F4805345E896
:104A70000032002AF7D1BFF35B8FBFF35B8F55E89D
:104A8000003F43F4006345E80032002AF7D1BFF34A
:104A90005B8F03B0F0BD124A124802211BF0DEFF0B
:104AA000EBE7114A4FF4281369463046CDE900235D
:104AB000FFF75AFF034650B9BFF35B8F55E8003F3D
:104AC00043F4805345E80032002AD4D0F6E7074A81
:104AD000E2E700BF842500200843050020430500CD
:104AE000997005005043050018002800BE700500AD
:104AF00010B50C481EF072FD0B490A481EF0ADFDC2
:104B00000A4908481EF0A9FD094906481EF0A5FDFE
:104B10001CF002FD1DF018F9044608B91CF02CF930
:104B2000204610BD04120020602500206C250020C6
:104B30007825002008B50346034A044801211AF0ED
:104B40006BF8002008BD00BF717105009843050097
:104B500080B500AF88B06A46074BC2E90530032331
:104B600042F8103F054800234FF4C251FAF744FAC7
:104B70006FF00B00BD4680BD99710500984305009C
:104B8000044B1A680AB1FFF7E3BF034858600B6093
:104B9000104670478C250020C84805002DE9F041DB
:104BA0001D4652EA050306460F46144609D1002465
:104BB000254622462B46391D3046BDE8F041FFF719
:104BC000D1BB15F0BDF8034BD3F8D8308342F0D1F8
:104BD000EDE700BF5022002038B5054618462B6887
:104BE000DBB19B7A072B18D10B7A012B07D00C4A2B
:104BF0000C4801211AF010F86FF0150038BDCB7A7F
:104C0000072BF9D9C8618A6105F130001EF025FD36
:104C100028461BF0DEFF0020F0E76FF07F00EDE795
:104C2000C0710500984305002DE9F047D0F8B04069
:104C300000AF0E4691464CB1483C236B6BB104F17A
:104C4000300A50461EF01EFD054660B9FDF708FA11
:104C500000252846BD46BDE8F0872068B0301BF02F
:104C6000D7FFA46CE7E71BF0FDFC80B16C4688B071
:104C70006A462D4BC2E90535032342F8103F2B4805
:104C800000234FF4C251FAF7B7F9A546E0E72846EA
:104C90001AF05AF9E36C0546B3B9A38CB0F810804A
:104CA000403B9BB23F2B03D8238D984528BF9846A5
:104CB000042105F10C001AF0B2F9A0F80080A38CD1
:104CC000438008F10403E364E36C2A8AB3420FD8FB
:104CD000934216D0A38C403B9BB23F2B21D9206836
:104CE000B0301BF095FF236B13B120461BF071FF12
:104CF000E36CC9F800309E4234BF9E1B0026E66478
:104D0000A7E700220023504614F044FAFBF7F0FB1B
:104D1000A38CA3F140023F2AE1D8054AAA61EB61C6
:104D2000DDE700221346F9E7D87105009843050036
:104D3000290D0500F7B5284D284F04460026BD4231
:104D400001D303B0F0BD298820461BF0E3FF6B6858
:104D5000019001A920469847002838DB019B2A884A
:104D60009A829A8403F11002BFF35B8F52E8001F0E
:104D700042E800600028F9D1BFF35B8F9E64DE64D7
:104D80009E60A16B03F1080219BBC4E90D221C60EF
:104D9000DE6003F130001EF021FC019843681B68BF
:104DA00003B19847019BBFF35B8F103353E8001F9B
:104DB00041F0010143E80012002AF7D1BFF35B8FF5
:104DC00001984368DB6913B100F110019847083579
:104DD000B5E70A60A263DAE7F04205000843050080
:104DE00073B50D460646042105F10C001AF030F9A2
:104DF0002B8A42889A42044607D000921C4A1D48DA
:104E0000012119F013FF02B070BD43783BB91A4A73
:104E10001848012102B0BDE8704019F0F4BE0378D3
:104E2000012BF0D0132B06D1022AECD002230093E1
:104E30001346124AE3E7124A0E48022119F0ECFE2B
:104E400061783568022201201BF049FF04460028E2
:104E5000D9D002210C301AF0BAF800230370437045
:104E60002146284602B0BDE870401BF06ABF00BF73
:104E7000F0710500984305001172050032720500BB
:104E80005D72050008B50B8A032B06D8044A054855
:104E9000012119F0B8FE002008BDFFF7A1FFFAE7D5
:104EA000857205009843050038B50B8A032B05462B
:104EB0000C4609D80F4A1048012119F0A4FE2046DB
:104EC000BDE83840FBF714BB042104F10C001AF0D4
:104ED000BFF8418828461BF045FF30B9074A06480D
:104EE0000B46022119F098FEE9E7436821465B6909
:104EF0009847E4E7A372050098430500C0720500D7
:104F000070B5124B0C4619780131C9B2012938BF6E
:104F1000012105460822122019701BF0E0FE06460A
:104F200088B108210C301AF052F822880280628879
:104F30004280A2888280E288C28031462846BDE84D
:104F400070401BF0FEBE6FF00B0070BD3F450020AF
:104F500023281FD81A2804D8431E182B0ED9062040
:104F60007047A0F11B03082B1ED8DFE803F0051DD6
:104F70001B231D19251D0500032070470F4A01231F
:104F800083401A40C2B90E4A1A40002A14BF0120B9
:104F90000620704700F07F03522B05D10020704798
:104FA000012070470520704710F0400F0CBF06200D
:104FB000002070470420704702207047AAAA8A0286
:104FC000545545012DE9F84F074608460C46FBF7B6
:104FD000EFF9DFF8CC80E1681823434308EB0302C4
:104FE0000646D2F808A0BFF35B8F786DBFF35B8FE6
:104FF000C00709D4264A274801211BF0E0FE6FF0C4
:1050000015052846BDE8F88FE06800781071002289
:1050100048F803200B78D22B0FD13B682146186843
:105020001CF08FFE054640B11B4A1A4801211BF0B7
:10503000C6FE2046FBF75CFAE3E704F10C001AF029
:105040001FF8182303FB0683B4F810B09F600023F9
:1050500081461A462146381DFFF7BEFD0546002849
:10506000CFD010F1690F04D10C4A0A4801211BF07E
:10507000A6FE6369A4F810B013FA89F3E36018235D
:105080005E4308EB060348F80650C3F808A0B8E7EB
:10509000FC720500404305001673050029730500E6
:1050A000DC250020011F01481EF0A8B9F0100020E7
:1050B000024A034801211BF082BE00BF4C73050069
:1050C0004043050070B503788AB004460E4607AD2C
:1050D000032B20D8DFE803F002191B1D11492846D5
:1050E00015F01AFE059563780493A3780393E3788B
:1050F00002932379019363790093A3790A4A1E21CD
:10510000304618F006FE0AB070BD0849E7E70849C6
:10511000E5E70849E3E7084A0A21284618F0F9FDBF
:10512000E0E700BF05570500275705000C570500AD
:10513000135705001D570500725805002DE9FF4162
:1051400005460E464FF000084FF4205300681768DC
:105150008DF8088002A91446ADF80A301BF0C4F996
:10516000A0B142F6010328688DF80C8003A9ADF8C0
:105170000E301BF0B9F948B123691BB15A88B2420D
:1051800000D25E80012004B0BDE8F081616828682B
:105190001BF0AAF910B100232361F3E7E368A068CC
:1051A0001A786AB1B7F81AC0798D038A8C4594BF12
:1051B000C3EB0C03C3EB0103934201DA0020E2E7E7
:1051C00004210C3019F003FF2061068023695E8002
:1051D000074B00930194A2680023294638461BF030
:1051E00042FF0028EADB2069003818BF0120CAE727
:1051F0001510050010B500F150030446BFF35B8F96
:1052000053E8001F41F0010143E80012002AF7D1E2
:10521000BFF35B8F201F1BF02AFE04F174000449CA
:105220001EF004FB2068BDE8104001F071BF00BF14
:105230003561030073B50E46438D418B8B4202F1FD
:10524000010228BF0B469A42054609D91C48009224
:1052500002211C4A19F0EAFC0024204602B070BD6D
:105260003046FFF775FE022810D004280ED014F047
:1052700067FD154BD3F8D83083421FD0134B1B6802
:105280001A1A18BF4FF0FF32134602E04FF4702293
:1052900000230F480021FFF781FC04460028DCD0E2
:1052A000FBF786F80B4B182202FB0033012104F1B7
:1052B0000C009D6019F08BFE0670CEE70022E3E73C
:1052C0004043050069730500502200202426002079
:1052D00048120020DC25002070B5044601F10C00C6
:1052E0000D4619F0C5FE26682B8AEA68014630682B
:1052F0001CF0ECFC1E2100222046FFF79BFF01461C
:1053000030B9054A054801211BF059FD002070BD48
:1053100020461BF09EFDF9E78E7305004043050013
:10532000F0B51D4603680E46003987B0044618BF25
:105330000121186817461CF0DAFC40B904F154004A
:105340001BF051FF002846D0002007B0F0BD002D13
:1053500043D018220021684615F02AFC6FB10022C4
:1053600039462046FFF766FF019030B91C481D4AB8
:1053700001211BF024FD1120E7E723681A4A1B686E
:1053800000930023ADF812300C9B0393BDF834302A
:10539000ADF8103001238DF8143029466B462846AD
:1053A0008DF808601BF0CFFD9DF8143063B1002F1D
:1053B000CAD00198FBF79CF89DF814302A46314674
:1053C00020461BF01FFFBFE701990029BCD02046F3
:1053D0001BF03FFDB8E71220B7E70120B5E700BF9B
:1053E00040430500AB730500D50E05002DE9F347DA
:1053F00017680546894600685168D7F804A0144626
:105400001BF072F8804600284BD195222946504661
:105410001CF0EAFB0646207540B1E3681B780BB12F
:1054200084F81480002002B0BDE8F0872946504679
:105430001CF05FFC10B908232375F3E7A0682675FC
:1054400019F086FD02210C3019F0C1FD164B2061C8
:10545000A0F8009000930194A2683346294638468C
:105460001BF001FE002807DA10F1FF0F26BF4042B3
:10547000C0B20E202075D5E72369002BD2D0A068DA
:105480001BF085FC7B8D7A8B9A4294BFC0EB0200A7
:10549000C0EB0300E3681B78984294BF0020012012
:1054A000C1E70120BFE700BF9F0D0500F7B50B8ADC
:1054B000076804460D463BB9284A294801211BF0DC
:1054C0007EFC002003B0F0BD012105F10C0019F0B5
:1054D000BFFDBB7A072B0646F3D154F8043C002BE2
:1054E000EFD003781F48043C002210F832709F422E
:1054F00000EBC2010FD12A8A48788F78904220D9D8
:105500001748009301211346174A19F08FFB012F0A
:10551000D7D104231EE001321C2AE6D11048134AD9
:10552000022119F079FB31780846FFF711FD0028B8
:10553000C7D00528C5D00623002220461BF062FEF6
:10554000BFE74B68204629469847012F0346B8D14C
:105550000028B6D031780022EFE700BFC473050001
:1055600040430500F0480500F9730500DF730500AE
:105570002DE9F04F91B0166880460F46002542F69F
:1055800001030068D6F804908DF82C500BA914463E
:10559000ADF82E301AF0A8FF002870D04FF4205339
:1055A000D8F800008DF82C500BA9ADF82E301AF069
:1055B0009BFF38B1A3681BB15A88BA4200D25F8002
:1055C00001200EE0616808461BF0E1FB728D738BD1
:1055D0009A4294BFC0EB0200C0EB0300032803D83B
:1055E000002011B0BDE8F08F084619F0B1FC054667
:1055F00060681BF0CCFB728B738D05F10C0B9A422B
:1056000094BFC0EB020AC0EB030A584619F03CFDF8
:10561000824537D260681BF0BAFB728D738B9A4259
:1056200094BFC0EB0200C0EB030070B96368987AC6
:10563000FAF7B6FE0022002319F057FC05460028B1
:10564000CED00146606819F094FC00230093D8F88E
:105650000460102302AA41464846B047061E0EDBEE
:10566000227CE068B2422BD001460BA81AF06AFFF8
:1056700060B9237C144A1548022119F0CDFA0023A1
:10568000A3609DE7584619F0FFFCCEE7F2B202A9ED
:1056900006A81AF057FF10B90D4A3346EBE706A9E2
:1056A0000BA81AF021FF0028E9D10023637404211C
:1056B00005F10C0019F08BFCA0600780A3687EE761
:1056C00002A915F0C5F9EEE718740500404305007E
:1056D00037740500F8B54FF47022074600231148CF
:1056E0000D4619F002FC044638B90F4A0F482B4604
:1056F000012119F091FA2046F8BD00F10C060921AC
:10570000304619F059FC2046FAF752FE084B182291
:1057100002FB0033012130469F6019F058FC0570F0
:10572000E9E700BF48120020717105004043050001
:10573000DC2500202DE9F0410E8A043EF6B2022E4F
:1057400004468CB0084601D0102E64D104210C30E0
:1057500019F07EFC0DF1080805884788011D3246C6
:1057600040461AF0EFFE002857D09DB3002687B3BD
:10577000AF422FD34FF4205301A940468DF8046067
:10578000ADF806301AF0B0FE40BB1422002107A885
:1057900015F00EFA11212046FFF79CFF0990002812
:1057A00037D001210C30CDE9074819F010FC002357
:1057B0000A901B4A037039460B93284607AB1BF02F
:1057C000C2FB0A9B1B78FBB90998FAF791FE0A23E2
:1057D00001E03D4601232A4610210EE042F6010376
:1057E00007A940468DF81C60ADF81E301AF07CFE0B
:1057F0000028CAD010232A46194620461BF002FD75
:1058000000200CB0BDE8F081099920461BF021FB77
:10581000F6E71120F5E70420F3E70E20F1E700BFDB
:105820003D5103002DE9F043036885B004460D4661
:10583000186801211CF05BFA40B904F154001BF018
:10584000D2FCB0BB122005B0BDE8F08310220021CD
:10585000684615F0ADF921212046FFF73BFF029085
:1058600048B3DFF85890009405F10C074FF0010899
:105870002B8A012B04D8029920461BF0EAFA18E083
:10588000384619F0F5FB6B464A46014606468DF848
:105890000C801BF058FB9DF80C30002BE8D00298D0
:1058A000FAF726FE9DF80C303246202120461BF0E8
:1058B000A9FC0020C7E71120C5E700BFF3120500CF
:1058C0002DE9F043036885B004460D4618680121B0
:1058D0001CF00DFA40B904F154001BF084FCB0BB7D
:1058E000122005B0BDE8F08310220021684615F0B3
:1058F0005FF90F212046FFF7EDFE029048B3DFF875
:105900005890009405F10C074FF001082B8A012BE9
:1059100004D8029920461BF09CFA18E0384619F08A
:10592000A7FB6B464A46014606468DF80C801BF0E5
:105930000AFB9DF80C30002BE8D00298FAF7D8FD4E
:105940009DF80C3032460E2120461BF05BFC0020F7
:10595000C7E71120C5E700BF93120500F0B51D464B
:10596000036885B004460E461868012117461CF0EE
:10597000BEF938B904F154001BF035FC48BB1220C5
:1059800005B0F0BD65B310220021684615F010F98E
:1059900039462046FFF79EFE029018B3BDF8283026
:1059A000ADF8043001238DF80C300F4A00946B469B
:1059B000294628461BF0C7FA9DF80C305BB10298C7
:1059C000FAF796FD9DF80C302A46314620461BF02A
:1059D00019FC0020D4E7029920461BF03AFAF8E7B8
:1059E0000120CDE71120CBE7931205002DE9F0410E
:1059F0000E8A043EF6B2022E04468CB0084601D050
:105A0000102E76D104210C3019F022FB0DF1040880
:105A100005884788011D324640461AF093FD00284C
:105A200069D085B377B3BD422DD8606801211CF0E1
:105A30005EF9064678BB8DF8000042F6020369461F
:105A40004046ADF802301AF04FFD20B342F6030392
:105A500006A940468DF81860ADF81A301AF044FDDA
:105A6000C8B1012D03D14FF6FF739F4213D004F14B
:105A700054001BF0B8FB002814BF002012200CB00B
:105A8000BDE8F0813D4601232A46082120461BF04F
:105A9000B9FB0020F3E7182200210DEB020015F0FE
:105AA00087F809212046FFF715FE0890F8B101217B
:105AB0000C30CDE9064819F08AFA002309900370EA
:105AC0000A238DF82C300D4A06AB394628461BF0C8
:105AD0003AFA9DF82C302BB10898FAF709FD9DF899
:105AE0002C30D1E7089920461BF0B3F9D1E71120FB
:105AF000C5E70420C3E70E20C1E700BFED53030054
:105B00002DE9F0430F4687B00446062107F10C004B
:105B100019F09EFA0588B0F802808288D7F80C90B8
:105B2000C5B10023B8F1000F13D0454512D88DF848
:105B300000308DF8043001A94FF420536846ADF8C9
:105B40000220ADF806301AF0CFFC064660B10A23F9
:105B500001E0454601232A46062120461BF052FB60
:105B6000002007B0BDE8F0830146142201A83F7C65
:105B700015F01EF807212046FFF7ACFD0290D8B1C2
:105B80000A238DF815300D4A019401AB4146284691
:105B9000CDE903698DF814701BF0D5F99DF8153027
:105BA0002BB10298FAF7A4FC9DF81530D3E70299BF
:105BB00020461BF04EF9D3E71120D2E771550300C0
:105BC0007FB5CB681D885E88044685B176B1B54245
:105BD0000DD810220021684614F0EAFF0521204666
:105BE000FFF778FD019058B9112007E035460123F1
:105BF0002A46042120461BF005FB002004B070BD9E
:105C00006B46094A0094314628461BF09CF9029BDA
:105C100023B90198FAF76CFC0A23E9E701992046B9
:105C20001BF017F9E9E700BF5D0F05002DE9F04112
:105C300082B000AF044688463D4800220023394622
:105C400013F0DEF80546B0B16D4688B06A46394BB0
:105C5000C2E90534032342F8103F374800234FF4CC
:105C6000C251F9F7C9F9AD466FF00B063046083757
:105C7000BD46BDE8F08114F063F83E682F4B282242
:105C800018602946301D14F093FF34603C682C489E
:105C90007D60C4E90155C4E9095500220023391D7E
:105CA00013F0AEF8064688B123686C4688B06A46A1
:105CB0002449C2E90513032342F8103F1E482B462E
:105CC0004FF4C451F9F798F9A546CDE77B68014632
:105CD000B022184614F06CFF1B4A82605C301DF045
:105CE0007DFC7B68BFF35B8F543353E8002F43E8A0
:105CF00000610029F9D1BFF35B8F7B681C60636A88
:105D00007D681BB904F10C001DF068FC626AC5F8DF
:105D1000A820A26A05F1A803636202B9A3627B68A6
:105D200017225A855A830433C8F800309EE700BF13
:105D3000D41000205674050040430500242600209E
:105D4000F01000207B740500C40A002008B5837A97
:105D5000072B06D00C4A02210C481BF030F800201B
:105D600008BD04211AF0FEFF10B9094A0121F3E72A
:105D7000BFF35B8F036DBFF35B8FDB0701D4054A75
:105D8000F4E750F8040CEBE7A0740500404305006D
:105D9000AE740500FC7205002DE9F14F0546FAF7D7
:105DA00007FB3D49182202FB00F3C81851F8038095
:105DB0000779B0F80690D0F810A00021D0E902468B
:105DC00014F0F6FEA87AFAF7EBFA6969834651B146
:105DD0006B7AD80705D4DBF824301B6828469B680B
:105DE000984700236B61294658461DF041FC002F5F
:105DF00045D0002C43D02368002B40D01B68002BDB
:105E00003DD0B8F1000F08D0244A2548434601216F
:105E100001B0BDE8F04F18F0FFBE201D1BF0F8FAEE
:105E20003846FFF795F8052829D8DFE800F01E036B
:105E3000281E2803BFF35B8F636DBFF35B8FDA0708
:105E400007D4184A1648012101B0BDE8F04F1AF0F6
:105E5000B6BFA36D9BB14FF47022002304F178000C
:105E600001B0BDE8F04F13F05FBC23681D68BFF3BD
:105E70005B8F636DBFF35B8FDB07E2D556B901B073
:105E8000BDE8F08F51462846B0470134A3B299458A
:105E9000F8D8F4E70024F9E7DC250020C9740500F0
:105EA00040430500FC720500F8B50F461646FFF7A3
:105EB0004DFFB0B1446A20461CB150F8A84904B166
:105EC000A83C731C194638B1428D458BAA4228BFA5
:105ED0002A469A4207D264B90A4A0B48022118F0AE
:105EE0009BFE0020F8BD32463946BDE8F840FFF77A
:105EF000A1B9D4F8A85005B1A83D20460B462C46C0
:105F0000E2E700BFE87405004043050037B5002311
:105F100005460C46019313F013FF0F4B1B68834299
:105F200004D00E4BD3F8D830834201D100252C4643
:105F300001A90B482A46234612F062FF014640B9E8
:105F4000019B1022184614F033FE0346184603B096
:105F500030BD0023FAE700BF242600205022002095
:105F60000C11002010B50446806818B1FAF7C0FA89
:105F70000023A36021460248BDE810401DF03EBA50
:105F80000C1100202DE9F347044678300E461746E1
:105F90001D461DF057FCA06D58B91848184A02213B
:105FA0001AF00DFF204600F0A5F8002002B0BDE871
:105FB000F087144B98424FF0000805D12068C4F8D0
:105FC00058801BF05AFAF0E7D0F80490C0F804802B
:105FD000A06DD0F80CA0FFF7C5FF2068C4F858806A
:105FE0001BF04BFAB9F1000FDFD02068CDF800A00C
:105FF00000683B4632462946C847D6E7404305007D
:106000000375050028260020836DCA6853B1064930
:106010008B4207D0D378002B08BF0E2300221146F5
:10602000FFF7B0BF0E23F9E728260020F7B550F898
:10603000044C0546002C59D000F1A40104F12400C1
:106040001BF0B8F82E1F05F1580700220023384630
:1060500013F0A0F8024678BB6B6D2BB101466FF0D0
:1060600067033046FFF78EFF002345F8043C05F137
:106070005003BFF35B8F53E8001F21F0010143E899
:106080000012002AF7D1BFF35B8F636A73BB04F180
:106090000C0600220023304613F07CF878B96668BD
:1060A00086B91348266021461DF0A8F9286803B078
:1060B000BDE8F04001F050B8FAF71AFAC5E7FAF770
:1060C00017FAE6E7A26833686360964208BFA360E8
:1060D00077683FB1F3680093002320681A466FF099
:1060E0006701B8473046FFF73DFFD8E703B0F0BD82
:1060F000D410002030B5054689B055F8043B04465D
:1061000018681AF036FD6946FEF7DCFF2846FFF7EF
:106110008DFF606813211AF0ECFC034620B1034A9E
:106120000348012118F078FD09B030BD1A7505004B
:1061300040430500B0B5044688B054F8783D00AF40
:1061400018681AF016FD3946FEF7BCFF6D4688B098
:106150006A460B4BC2E905374FF400739383094B32
:1061600042F8103F00234FF4E2510748F8F744FF8C
:106170002046AD46FFF7BEFF2037BD46B0BD00BF8D
:1061800038750500030000014043050010B50C46BA
:1061900020B319B3FFF7DAFD00B3436AC3B153F874
:1061A000A82902B1A83A996D8C420AD082B113464F
:1061B000D2F8A820002AF6D0996D8C42A2F1A8024C
:1061C000F5D1074A9A652046BDE81040FFF7CABEE0
:1061D000043021461AF0EEFF2046F5E710BD00BF5F
:1061E00028260020F8B51D460F461646FAF7E0F8B7
:1061F000044C182303FB0040C0E903760123C3804D
:106200000575F8BDDC25002010B5074C23788342C6
:1062100007D1601C1BF06AFA002814BF204600203A
:1062200010BD0020FCE700BF7E44002038B50C46BE
:1062300019466BB103F114055B698AB9E268A36082
:10624000954200D1E36000230D684B611A46A847D0
:10625000A3685BB9601C0649BDE838401BF050BA22
:106260001360E3689D4208BFE260ECE738BD00BF01
:106270003563050010B54A1C0C4638B109781AF090
:1062800058FC08B1204610BD0020FCE7024910462A
:106290001BF02CFAF5E700BF3563050008B530B9EF
:1062A000074908481BF022FA38B1074808BD054ADB
:1062B00012F8011C1AF03DFCF6E70020F6E700BFDB
:1062C000356305005D2600205C2600202DE9F8439B
:1062D0001E46BDF82030D1F80C8081460F46002BB9
:1062E00045D1731E012B45D8012E4146157818BFA4
:1062F0001588FFF7BFFF0446C0B915B93046BDE8A1
:10630000F8834146FFF7B6FF044638B91B481C4ADC
:1063100002211BF0F3F96FF01000F0E709F17001B2
:1063200001301BF0EDF999F808302370D8F81030DF
:106330008BB92581B8F80A30AB4203D041463846C4
:106340001BF0F6F9002DD9D10E49601C1BF0D8F9CD
:1063500025702581D2E72A463946484698470028C5
:10636000CDDB01380128E4D96FF00D00C7E76FF0ED
:106370000600C4E76FF00C00C1E700BF80430500D2
:106380006B750500356305001FB51046074A1946B1
:106390004FF42813CDE9022308230093BDF81820F9
:1063A0006B441BF081FA05B05DF804FB180028006F
:1063B0002DE9F04180460F4616461D46FFF724FFA3
:1063C000044680B90F49FFF71FFF044630B9BDE806
:1063D000F0410D4A0D4801211BF090B900F8018BE6
:1063E00039461BF08DF9228963891AB92BB92681A8
:1063F000658104E0964238BF26819D42F8D8BDE809
:10640000F08100BF356305008575050080430500F8
:1064100073B50C460546082104F1100016461BF022
:1064200078F912230422CDE900323146034B22468B
:1064300028461BF04CFB02B070BD00BF931905004D
:106440002DE9F041234B154682689A42074602D156
:10645000C468638933BB0120BDE8F081FDF722FEEB
:10646000E36800216181002BF5D038469847F2E7B8
:1064700005F17008287A41461AF080F968B9164B80
:106480009C4202D128461BF0F7FA144930461BF013
:1064900037F9002323702381E2E7414630461BF0A1
:1064A0002FF9DDE72389002BDAD02646284616F897
:1064B000011B32461AF03DFB0028D9D12078314625
:1064C000FEF7DEF90028CBD0837A072BC6D1FDF783
:1064D000E9FDC0E7CD620300F40A00203563050042
:1064E0000C48BFF35B8F50E8003F23F0020340E805
:1064F0000032002AF7D1BFF35B8FBFF35B8F0368D5
:10650000BFF35B8FDB0704D500220023303813F084
:106510000BB97047101C002010B5104801211BF06A
:10652000F8F8C30719D402210C481BF0F2F8084010
:1065300007D10B490B4A0B880B4CA24207D300B181
:106540000B80BDE81040094909481DF06FB950683B
:1065500003449BB208320120EFE710BD5026002013
:106560008A4400202043050038430500BD6903002C
:10657000E01B00202DE9F041034648B1008A38B9FC
:106580001249DFF84CE001244FF0140C714501D39F
:10659000BDE8F081D1E90076BB4204D30CFB067262
:1065A000143A93420ED93444A2B208311446EDE7AE
:1065B0000CFB0578434507D001356219B54292B20C
:1065C000F6D1F2E70025F8E71046E1E720430500A1
:1065D000384305002DE9F74FBDF83050009199463A
:1065E0004FF6FF73002D08BF1D46244B1B888342C6
:1065F000074690463CD203B0BDE8F08F7368234451
:10660000BB4232D29CB208361D4B9E42F6D3F2E713
:1066100089580193404619F067FF019B90B10134FE
:106620000AF1010AA4B273685345ECD9009B9C425D
:10663000E1D8BC423168F2D30BFB0AF28B18B8F1F7
:10664000000FE5D1B9F1000F0BD1013DADB21846F5
:106650000E9A0D9B21469847002DCCD00028DED104
:10666000C9E7DA689145DAD1EFE74FF0000ADAE7D7
:10667000044E01244FF0140BC6E700BF8A440020EB
:10668000384305002043050007B500230193FFF7B9
:1066900071FF411C89B20846034A01AB1BF097FA0F
:1066A000019803B05DF804FBA11605002DE9F04345
:1066B00087B0837A072B02AF80460C46164640F01F
:1066C000A58000233B7342F603032068FB8107F19A
:1066D0000C0119F009FF0546002834D1D4F80490C4
:1066E000B9F1000F05D14C4A4C4801211BF006F8C6
:1066F0008CE00123009007F108022146C847031EE1
:1067000011DA6E4688B002AA4549D3610423C2E972
:10671000051442F8103F41482B464FF40151F8F759
:106720006BFCB54672E0012B05D03E4A3B48012187
:106730001AF0EDFF6AE03B7A13F0300F66D0204686
:10674000FFF7A2FF0446002320683B7342F60213C2
:10675000FB8107F10C0119F0C7FE18B12046FFF7C5
:1067600093FF0446002542F6021920683D70394621
:10677000A7F8029019F0B8FE10BB002320683B7305
:1067800042F60213FB8107F10C0119F0ADFE05463C
:1067900000283BD1D4F80490B9F1000FA3D00090A9
:1067A000022307F10C0221464046C847031EA8DB1E
:1067B000022BBAD1BB891E4214BF0120002026E063
:1067C00020683D7142F60303391DFB8019F08CFEF1
:1067D0000028D2D04FF4205320683D727B8107F10E
:1067E000080119F081FE0028C7D042F60103206895
:1067F0003D73FB8107F10C0119F076FE0028BCD037
:106800002046FFF741FF04460028AED10020143790
:10681000BD46BDE8F08300BFA475050080430500B8
:10682000B8750500DE7505002DE9F8438946516805
:10683000B1F8128018F09408074615463CD10222A0
:10684000FFF734FF00283AD04FF470200021AE8AC1
:10685000FFF75CFB0236044660B11A4B4360C5602B
:1068600032461D213846FFF71FFB064638B9204641
:10687000FFF778FB6FF00B052846BDE8F88301238E
:1068800042464146FFF7AEFCA98A06F10C000231F0
:1068900018F09DFB20F8029BAA8A2969F0F760FE98
:1068A000A660214638461AF0C4FE05460028E3D00B
:1068B0002046FFF757FBDFE74FF0FF35DCE76FF0CF
:1068C0001505D9E7A716050030B5394BBFF35B8F27
:1068D0001B68BFF35B8F5A078BB004460D4661D52A
:1068E00010B1837A072B60D168680590FFF742FEEC
:1068F0002A68ADF818003AB305A902912D49019113
:106900000121002300914FF6FF710593FFF762FE0E
:10691000059B1BB96FF001000BB030BD6B60059B90
:10692000186800238DF8103004A942F60303ADF86F
:10693000123019F0D9FD70B90598C3689B799B0690
:1069400005D46FF01500E7E70028E8D1E2E71BF077
:10695000F7F8ADF81800BDF818003CB10123014666
:10696000AB752A462046FFF75FFFD5E76FF07F0340
:1069700007930223ADF8203042F60213ADF812302F
:1069800005ABAC7502930C4B01930123009304AA51
:1069900023464FF6FF7109958DF81040FFF71AFE58
:1069A0000798B9E76FF00A00B6E76FF07F00B3E72A
:1069B000DC010020D5160500056C030013B550F866
:1069C000082C01920346A0F1200100F13004BFF32E
:1069D0005B8F54E8002F22F0010244E800200028D9
:1069E000F7D1BFF35B8F0D4A43F81C2C0C4A43F8D8
:1069F000182C01AA002043F8102C042223F8080CBC
:106A000023F8060C23F80C2CFFF75EFF18B90221BF
:106A100020461AF07EFE02B010BD00BF0C4A0500F1
:106A2000E1640300F8B5334B156882689A4200AF01
:106A300004461FD1C6683389721CDBB13178284601
:106A40001AF077F8B0B14FF49572214628461BF042
:106A5000CBF8032811D16D4688B06A46264BC2E9AF
:106A6000053442F8100F254800234FF4C451F8F7BD
:106A7000C3FAAD460120BD46F8BD314620461AF0A6
:106A800057FE1F4B9E42F5D1287A05F17001FFF7A2
:106A9000BBFB04460028EDD0038913B94389002BC2
:106AA000E8D02846FDF752FC164A238922F8203008
:106AB00002EB8003618959801349144C182303FBAE
:106AC000001300B202EB800200EB40005C601A6130
:106AD0000F4C9C60042201EBC00128469A82FFF70C
:106AE000F3FE0028C6D00B4A044801211AF006FE26
:106AF000C0E700BFCD620300F775050080430500C5
:106B0000F40A00207A440020382600200C4A0500B0
:106B1000111805000B76050030B5374BBFF35B8FBE
:106B20001B68BFF35B8F5A078BB004460D465DD5DB
:106B300010B1837A072B5CD168680590FFF71AFDC6
:106B40002A68ADF818003AB305A902912B490191C2
:106B50000121002300914FF6FF710593FFF73AFDE5
:106B6000059B1BB96FF001000BB030BD6B60059B3E
:106B7000186800238DF8103004A942F60303ADF81D
:106B8000123019F0B1FC70B90598C3689B79DB0627
:106B900005D46FF01500E7E70028E8D1E2E71AF026
:106BA000CFFFADF81800BDF818002CB101462A46F9
:106BB00020461BF037F8D7E742F60212ADF8122054
:106BC00005AA6FF07F0302920D4A07930123CDE9D6
:106BD0000032ADF8203004AA23464FF6FF71099524
:106BE0008DF81040FFF7F6FC0798BDE76FF00A003C
:106BF000BAE76FF07F00B7E7DC010020D51605008B
:106C0000056C0300F8B53B4B144682689A42074670
:106C100001D00120F8BDC668374B9E4250D0328962
:106C2000A3899A4206F10101F3D13078FDF728FEDD
:106C300005460028EDD0837A072B05D0FDF732FA00
:106C4000E7E7FDF72FFAEAE7736923B1394698477A
:106C500008B92846F2E77B8A13F09407F9D1A38993
:106C6000022B14D1338913F0020604D12846FDF714
:106C700019FAA660CDE72269A1882846FFF7D4FD5E
:106C80000646A8B92269937D01339375EEE7012B7F
:106C900004D02846FDF706FAA760BAE7338913F057
:106CA0000106E3D02269A18828461AF0BBFF0646F8
:106CB0002846FDF7F7F9002EA660AADA0020A9E71A
:106CC0000E4D0F4928461AF011FD0028A7D115F8DE
:106CD000010C07222946FDF725FE0028B1D12369C2
:106CE00015F8010C1A69294653881288FFF760FBD2
:106CF00095E700BFCD620300F40A00207F44002026
:106D00003563050073B5837A072B04460E461FD101
:106D1000051D4FF4803128461AF0FBFCC3031AD43A
:106D20000223CDE900330D490D4B324620461AF0BF
:106D3000CEFE58B1BFF35B8F55E8003F23F480339C
:106D400045E80032002AF7D1BFF35B8F02B070BD77
:106D50006FF07F00FAE76FF07700F7E7DD160500C8
:106D60006117050007B5837A072B0A462CD14B68BB
:106D70003BB908234FF0040ECDE9003E144B1549F2
:106D800009E0012B11D0097B5B00019341B1202365
:106D900000931149114B1AF09AFE03B05DF804FB01
:106DA0000E2300930E490F4BF5E74B8933B10C23AB
:106DB0004FF0040CCDE9003C0B4BE0E70A23022125
:106DC000CDE90031094BDAE76FF07F00E5E700BF5E
:106DD000431A0500F16D030027180500CD170500C3
:106DE000D1170500A51705008D17050079170500B7
:106DF0002DE9F04F85B002AF80463C6B91469A4634
:106E00000E4641B96BB92568002300932246F1B2C2
:106E10004046A84730E0B1F5807F256828BF0E26A0
:106E2000F2E76368002B71D10AF1FF352389B4F8CA
:106E30000AB07B60ADB202F1010A002D4DD099F885
:106E40000030AB4228BF2B46012B0AD83E4A3F48B0
:106E500002211AF05CFC00230093256822460421DD
:106E6000D6E7BAF80020023B91B29BB241B9384A4A
:106E7000364801211AF042FC0C37BD46BDE8F08FC0
:106E80007868884201D88B4518D26D468AB002AA2C
:106E9000304BC2E905317B68C2E9073B052342F864
:106EA000103F2A4800234FF42251F8F7A5F8AD46C9
:106EB00000230093256822460E21A9E72281009332
:106EC00026680AF10203224600214046B047002806
:106ED000D2D099F80030AB4206D921464046FFF7A0
:106EE00041FF0028C8DAE3E7238962899A4205D185
:106EF0000023009325682246194689E70133238140
:106F000099F80030ED1AADB29A4496E7CDF800A09A
:106F1000134625682246A8470028ADD0238A013BA6
:106F20009A4503DA009625683346E4E763890AEB5D
:106F30000305658121464046FFF714FF00289BDAD0
:106F4000009625683346B6E728760500804305009D
:106F5000607605006F7605002DE9F041837A072BF6
:106F600007460D465DD1FFF799F9064600285BD02C
:106F70008468002C58D00023143C9846A54209D0C0
:106F800021892A89914208BF4FF0010864691CB128
:106F9000143CF3E70123F9E7002B45D0BFF35B8FE7
:106FA0002B69BFF35B8F5B0703D5294638461AF080
:106FB0006EFEB8F1000F19D0B36805F1140253B199
:106FC0009A4224D16B69E4B9F168B3608A4200D176
:106FD000F36000236B61B3681BB91549701C1AF08C
:106FE0008FFBB8F1000F15D1002008E0114AA5F879
:106FF0000C8029463846FFF70BFA0028DCD0BDE8A4
:10700000F0812360F3689A4208BFF460E1E71C4610
:107010001B68D4E700232C681A4629463846A04747
:10702000E2E76FF07F00EAE76FF01500E7E700BFE7
:1070300035630500BD1905002DE9F8438C688046CD
:107040001646994634B3256805B1143D34F80C3C16
:10705000B3421CD1143C07E02C466D692389DDB195
:10706000B342A5F11405F7D12768BDF820304A4690
:1070700021464046B84750B921464046FFF76CFFCD
:10708000034620B1064A074802211AF040FB2C466D
:10709000002DE2D1BDE8F883B342E5D0FAE700BFA6
:1070A000D676050080430500F0B587B007460E464A
:1070B0001546FFF7F3F80446C8B12A46314603A83F
:1070C00017F074FFBDF81030042B10D9042103A869
:1070D00017F0BEFFBDF8101046880288B14208D2F2
:1070E000094A0A4800953346012117F09FFD07B071
:1070F000F0BD031D214638460096FFF79DFF31463F
:1071000003A817F0A5FFDDE7F5760500804305002D
:1071100007B5064A00906B4601204FF6FF718DF8C7
:1071200004001AF054FD03B05DF804FB256A030067
:10713000F8B5084B1C6805460E4617464CB154F886
:10714000043C043C1BB13A463146284698476468E3
:10715000F4E7F8BD542600202DE9F0470346274AFE
:1071600005464FF6FF7101201AF031FD2846FFF762
:1071700095F8064600283FD08468002C3CD054F88F
:10718000147907B1143F4FF0000805F17009C246A9
:1071900001E03C461F4604F11003BFF35B8F53E848
:1071A000001F21F0080143E80012002AF7D1BFF3C5
:1071B0005B8F4946287A19F0E1FA68B9A4F80CA067
:1071C0002346424631462846FFF730F8A7B17B698F
:1071D000002BDED0143BDCE7BFF35B8F2369BFF3EA
:1071E0005B8FDB07EAD473781BB14946701C1AF039
:1071F00087FA04F11408E9E7BDE8F0874164030069
:10720000034B42689A4204BFC3681982704700BFAB
:10721000F16D030080B500AF88B06A46074BC2E944
:107220000530032342F8103F054800234FF4C251B4
:10723000F7F7E2FE6FF00B00BD4680BD1677050044
:10724000A8430500044B1A680AB1FFF7E3BF0348DF
:1072500058600B60104670476C260020C04A05003D
:10726000004870477C130020F0B502460A4E0B48D8
:107270001427B0420DD204680023656805E0216838
:1072800007FB03118A4205D001339D42F7D1083034
:10729000EFE70020F0BD00BF841300207C13002026
:1072A00000F1070C2CF0030C10B4541E1860A4B2AB
:1072B000ACF80020023A93B201FB04F24FF0000C4C
:1072C00040F802C074B103FB011403FB01F2204437
:1072D000121B4FF6FF7C013B9BB263458050A0EB35
:1072E0000100F8D15DF8044B704700BF0346006809
:1072F00010B102680AB91A60704700F1070C2CF04F
:10730000030CD11DBCF800C021F003010CF1FF3CBF
:10731000A1F800C0EFE700BF0B687BB1073323F093
:1073200003031A88013292B20346D1F800C043F831
:1073300007CB23F003031A80086070470122F3E7AC
:1073400002FB0100704700BF401A90FBF2F080B2D0
:10735000704700BF531E11449BB242B1DB4301385A
:10736000CA1811F8013D00F8013F9142F9D1704768
:10737000014402E010F8013B1BB98842FAD1002019
:1073800070470120704700BF10600860704700BF61
:107390000A6803460068904205BF00220A60002088
:1073A0001A60704710B414682060146861605DF85A
:1073B000044B1060704700BF884203D01AB1436885
:1073C00013607047002070470B68834209D02AB1D0
:1073D000586810601A680A6018467047002BF9D187
:1073E000FAE70023F8E700BF2DE9F041DFF8348029
:1073F0000B4E0C2706F130044546221D2146284637
:107400000C3CFFF7C1FFA642A5F10805F5D1043FEA
:107410003B1DA8F12008A6F13006EBD1BDE8F081B4
:10742000CC2700204027002010B403468C46A2B190
:1074300001EB4101154803EB4304090101EB840111
:107440000144487A0C7AA04204BF013008725DF80A
:10745000044B614618460BF0EFBE01EB41020B4CAA
:10746000120100EB400302EB830323449C7ADA7A97
:10747000A24202D05DF8044B704701329A72044B6D
:1074800001225A545DF8044B0BF006BF4827002038
:10749000C4260020F8B506461C460D4602B32278E5
:1074A0006378D21A12F003023AD1274F71004FEAE3
:1074B000450C3144AC44890001EB0C11013304311B
:1074C000DBB27A18606823702146FFF76BFF1F4B11
:1074D0000122294630465A550BF0DEFE0020F8BD49
:1074E0000BF0C4FE0028DAD0294630460BF0B0FE7F
:1074F0000028D4D005EB450206EB4601124F637815
:10750000120102EB81023A447100907AD27A9042E1
:107510004FEA450C0CD02078C01A10F00302C8D0F6
:10752000012A03D00133DBB22370D0E71046F8BD47
:107530002278D21A920702D00233DBB22370D4E948
:1075400002039847CAE700BF48270020C42600204E
:107550002DE9F04FDFF8649119F8003089B0002B65
:107560005AD0DFF85CA13C2204234FF0000B00EB63
:10757000400712FB00330324CDE904BB09F800B037
:107580000AEB0717039302948346B8460023B96AAF
:1075900058F8240F079307AAFFF70EFF044607AA1F
:1075A000B4B1079D2E786978761A06F00306012E8D
:1075B00035D02B78591A01F003010129DBB23DD1F6
:1075C000D7E90901FFF7F8FE044607AA002CE8D125
:1075D00097F82E3097F82F209A4203D087F82F3053
:1075E0000123049397F82C3097F82D209A4203D06A
:1075F00087F82D3001230593029B5D1EEBB2FF2B14
:107600000293A7F10C07C0D1049AD846DDF814B054
:1076100012B1BBF1000F45D009B0BDE8F08F0139C0
:107620006970079BD3E902039847079D2A78697818
:10763000D3B2521A02F00302012A21D0B86A019390
:1076400000224146FFF7C0FE6C60019B6A786B70B8
:107650002B789B1A03F00303012B08D0D7E909010B
:1076600007AAFFF7A9FE012E044698D10EE0039B5E
:107670006A70294620460AEB0302FFF793FEEDE706
:10768000D7E9090107AAFFF797FE0446029B8BB1D1
:1076900001235946584609F80B300BF0FDFD09B09F
:1076A000BDE8F08F5A464146404609B0BDE8F04F6C
:1076B0000BF0C2BD002C8BD0EAE700BFC42600202F
:1076C000482700204B1EDBB271B1411E00EB030CBA
:1076D000002011F8013F23B15A1E01301340C0B2FF
:1076E000FAD16145F5D170470846704730B5037E41
:1076F0000568FF2B14D003EB43028B4205EB02120B
:1077000027D04FF0000C01E099420BD09E46137831
:107710009468FF2B03EB4302A44405EB0212F3D160
:10772000002030BD714517D00FFA8EFE1378906897
:107730000EEB4E0E4FEA0E1EFF2B05F80E3006D054
:1077400003EB430305EB03139A6802449A60604419
:1077500030BD9E464FF0000C13780376E4E700BF7F
:10776000A2EB010C1CF4000F10B4836844690BD128
:107770002CF07F4C6344A3420ED8E41A00234461EA
:1077800083605DF8044B7047891A21F07F418B427A
:1077900009D95B1AA342F0D91B1B00244461836002
:1077A0005DF8044B70470C44E41AE7E72DE9F84311
:1077B000284DBDF82C7004464FF02C0E0EFB045ED5
:1077C000084604EB840104EB4104DEF8041001EBED
:1077D000C00605EB8405F47811F83080717804F167
:1077E000010C5FFA8CFCE04598BF4FF0000C61453E
:1077F0002DD0716804EB44044FEA041901EB041422
:107800004FF0040801F809806360089BA360099B9E
:10781000E3600A9B23610C9BA361119B63620D9B38
:10782000E3610E9B23620F9BA362109BE362022322
:107830006270A782A37086F803C0DEE90836984715
:107840002B4641460022B047A078BDE8F8830120CE
:10785000BDE8F883082800202DE9F04F0346407A60
:10786000D3E9004587B0002800F0FF80421ED2B265
:1078700005EBC2029A468B46039205952346039A6E
:10788000516856780491BBF1FF0F66D00BEB4B04A7
:107890004FEA0418CDF804B013F808B003EB041451
:1078A00000254FF0FF0C84F800C0DAF800709AF859
:1078B000182007EB08096245D9F8081018BF02968E
:1078C0000ED1CCE0091A06D1B9F81E80BEF81EE030
:1078D000F04500F2B780B85DFF2894466DD00246AF
:1078E00002EB420607EB061E3601DEF8080088426E
:1078F000E8D9029EC9F80810BCF1FF0F89F80020F2
:1079000064D00FFA8CFC0CEB4C0C4FEA0C1C019869
:1079100007F80C00FF2A06D002EB420207EB021721
:10792000BA68521ABA60A27801326270002DAAD0E9
:10793000AA6A4FF000012970A97022B1E96A019387
:1079400000209047019B6268002A9CD1AA6A2262AB
:10795000EA6A6262BBF1FF0F98D1039A049F9278A2
:10796000994606EB4601701CB2424FEA011CC6B2B2
:1079700007EB011569D0039B17F80C101878B0427B
:1079800008BF00260429ECD16A7802EB420809EB13
:107990000814012094F801E0A1788E454FEA0818F8
:1079A00018D04FF0000307F80C30AA6AA8700AB18B
:1079B000E96A9047039B9A78D3E70246BCF1FF0F30
:1079C000029EC9F8081089F800209AD101988AF817
:1079D00018009FE70192AA8ADAF814104FF6FE7099
:1079E00082424B4607D04FF6FF70121AB2FA82F26B
:1079F000520984F82C206A6AA262EA6862602A69E5
:107A00000293002363622262AA8A4FF6FD739A42B0
:107A100088BF0022A283AA69A261EA69E2602A6A99
:107A20002261AA68A260002363616A682046FFF7AA
:107A300097FEE2784FF0000342F00102E383E27028
:107A4000029B2EE7029E014654E7039905984A706F
:107A500081424B46A1F1080207D003920FE707F8D5
:107A60000820019A8AF818205DE707B0BDE8F08F7A
:107A70002DE9F04F447E01238FB08376002C40F037
:107A8000B980037EFF2B814600F0B3800AF070FFBF
:107A9000D9F81420D9F81C3099F81880D9F800A02A
:107AA000801A20F07F45AB4294BF00230123B8F138
:107AB000FF0F0493A3467BD0059408EB48080AEB1C
:107AC00008144FEA0818A368AB4270D8A0781AF8D7
:107AD0000880ED1A9B4463781B1ADBB2012B63D13B
:107AE000A26AA3690393002A00F0F6801668002EAC
:107AF00000F08380002B40F09480049B002B00F06A
:107B0000108104230393137A590700F0FF80137A3E
:107B10006FF302031372E78BE2786FF300027B1CB2
:107B2000E27094F82C209BB2E383002A75D0A28BDC
:107B30009A4272D2A26A002A00F04C81137A03F0B2
:107B40000703012B69D00126002351685360A36A03
:107B50001A7A002060F302021A72A078E7680138EE
:107B6000A0700FB36369D9F8142094F803C0ABEB8D
:107B70000303134423F07F40626A23690CF0010C75
:107B8000002E40F0BA80B4F81EE0CDE900C3734681
:107B9000B847039BE683002B049B18BF0123049383
:107BA000E37866F30003E370B8F1FF0F85D1059C1D
:107BB00099F80B3099F80A209A4208D10132D2B2D2
:107BC000022A1ABF14462346002389F80B4009EB0A
:107BD00083030022C3F80CB0D9F8244089F81A2096
:107BE0004B46012204210320A4460FB0BDE8F04F0C
:107BF000604784760FB0BDE8F08F039B002B69D0FF
:107C0000049B002B83D1D9F81C305B453FF67FAF36
:107C1000B8F1FF0F11D1049E96E7A378013BA37042
:107C2000C2E7049B002B7FF46EAFD9F81C309B4554
:107C3000FFF469AFB8F1FF0F49D0039BE78B0793BF
:107C40009C46A38B6668BB429CBFFB1A99B208EBAB
:107C5000480388BF39460AEB0313089301FB066308
:107C60000693089B9968079B8B422ED3CDE90C7035
:107C7000089BCDF820C0DDF81CC0CDF81C90DDF8C5
:107C80000C90CDF82C80CDE9095B8E46A346B0461A
:107C90001446986A9A6910B1006800284FD1002AEA
:107CA0004DD11B78FF2B07D003EB43030AEB0313E3
:107CB00099688E44E645ECD92246DDE9079C5C468E
:107CC000DDE9095B0D98DDF82C80CDF80CC0002AA9
:107CD00000F09780002637E7039BA3B1049B002B9D
:107CE0007FF419AFD9F81C309B45FFF414AFB8F1FD
:107CF000FF0FA2D104990E4630E7CDE900C34FF63D
:107D0000FF73B84750E7039E002127E7A08BE18B64
:107D100088423FF6FCAE012161F302031372E78B48
:107D2000FAE6D9F81C305B453FF6EBAEB8F1FF0F31
:107D300053D04FF0040CE78BCDF81CC081E7DD8BEE
:107D40009F8B5E68BD422AD2002E41D1002CA8D064
:107D5000304626682EB1B9F1000F02D17244964226
:107D60003FD2BD429DD3DA789BF8031002F00106A2
:107D700001F00105AE4204D84A40D50791D400284D
:107D80008FD02246DDE9079C5C460C9FDDF82C80F5
:107D9000DDE9095B002A32D1CDF80CC0BCE69EB10A
:107DA000E81B80B2B8F1000F0AD000FB0660401A51
:107DB000069981422CBF00200120002CC9D1D0E7B8
:107DC0004046002CC5D1CCE7002CC1D12046CAE7E3
:107DD0002846E7E7A078012696E70423049E03934C
:107DE000B2E62246DDE9079C5C46DDE9095BDDF889
:107DF0002C80CDF80CC0002E3FF489AE83E61668C7
:107E0000F7E716461146A9E6837E002B40F0428331
:107E10002DE9F04F467E8FB08246002E7CD1837ACA
:107E2000C27A012141769A424169089100F05F834C
:107E30000133DBB2022B12BF1A463246334600EB47
:107E400082028372D368089A0693D31823F07F4383
:107E5000436101230C939AF818300B930AF088FDC4
:107E60009AF80920DAF800300193531EDAF804502A
:107E70000590DBB2002A00F04B8405EBC308FF231A
:107E800004930D96CDF80CA0D8F804B04FF0000A7A
:107E90002F4698F8030098F802900FFA89F404EB43
:107EA000440409F1010348454FEA0416DBB20BEB29
:107EB000041400F00E8198F800209A4208BF0023B5
:107EC00088F802301BF806206178042A3AD9019814
:107ED00001EB410300EB0315082A4FEA0313029359
:107EE000A8786B7822D81B1A13F0FF032CD1062A2E
:107EF0001CD1039BDB7E8B424FD00BF806A0A36AFC
:107F000084F802A0002BC4D00020E16A984798F8BA
:107F1000030098F80290C0E7446A04210346012256
:107F20000420A4460FB0BDE8F04F60470BF806A050
:107F30004FF00103A370A36A002BAAD0E16A0120CD
:107F40009847A6E79946A8E7052A1DD162684AB96D
:107F5000A2683AB9E2682AB922691AB9626932F0AC
:107F60007F42E3D0012B1AD0039B04215C6A3D467B
:107F700001220846A047454588F80290A8F1080369
:107F800000F0AD8098467FE7012B00F05F81062A64
:107F9000EAD1039BDB7E8B42AFD1616878E1DDF8EB
:107FA0000C904846FFF7A2FBA860D9F81410059B77
:107FB000069A5B1A23F07F431344984240F2808173
:107FC000C01A6B68002B52D0A38A002B4FD0013B04
:107FD0009AB2A282D5F804C0EB8B604523D90CF18C
:107FE0000109079709911AE06A6ADFF85CE295498E
:107FF00096448E4584BF02F1E87202F5D4324F46B2
:10800000296A94BF674602F5A572013BC01B521A4C
:108010009BB260456A62EB8340F2D481A28A9A42A5
:10802000E2D3079F09999A4220D9CDE909710CF151
:108030000102D5F820E007926A6ADFF80C928149C4
:10804000724491448945674606D8A2F1E872A2F5C8
:10805000D432079FA2F5A57201339BB26A62EB830B
:10806000A28A9A423844E7D8DDE90971AA83636895
:108070000344AB60A2686B69A86A13446B6128B1C2
:1080800003681BB1D4E901329B1A4360059A284664
:10809000FFF766FBE268AB691344AB612269934268
:1080A0008CBF9B1A0023AB61A37D1BB1EA7863F3FD
:1080B0000002EA70E37D13B1013B85F82C30DDE965
:1080C0000132049999546B786278049201336B7091
:1080D00013E73D464545A8F108037FF453AF0D9ED5
:1080E000DDF80CA00C9B9AF81850002B00F073815F
:1080F000059B089ADAF800409B1AFF2D23F07F4772
:1081000000F03983DDF8188005964FF00009AB4682
:1081100007950BEB4B0504EB051301939B68434557
:108120004FEA051500F2CF820198019E81784278CE
:10813000C08B521ADAF81C108B4234BFC91A0021C6
:10814000A8EB0308A7EB0307994424BF4FF0FF33C4
:108150008AF81B30CAF81C10B16AD2B2002900F0AC
:1081600026810B68B669002B00F00D81002E40F0CF
:108170000D81022A00F0A282019900238B60635DC9
:108180008AF818300B464968002940F0BE809B6A87
:108190002BB11B7A03F00703012B00F0978042B14B
:1081A000012A00D028B1019A136A13B1516A012043
:1081B0009847019B019A9B7853709AF818B0BBF1CD
:1081C000FF0FA6D1059E079D0B9B5B4503D1EB1AC4
:1081D00018BF01230C9350460499FFF73DFBDAF8D2
:1081E0000080019600275046027EFF2A00F093820D
:1081F00015464FF0FF0900E01D462BB203EB430389
:1082000008EB03161B01B46A21463CB194F808C080
:108210000CF0070CBCF1010F00F06F8118F803306F
:10822000FF2BA946E8D18246019E1046002F40F060
:10823000ED800B9B934240F0E9800C9B002B00F0FB
:10824000D580E7E0592B177F5A2B17FF062A3FF4FA
:1082500050AEDDF80C904846FFF748FAAB78A860BE
:108260006B7099F81B2063789A427FF446AE1BF836
:108270000630062B3FF491AE039AFF23D3761BF80A
:108280000630062B3FF489AE082B3FF486AE0599E5
:10829000039B5A698B1A1D0209D4069A23F07F4367
:1082A00013440399CA699A4288BFCB6125E6069BAD
:1082B000521A22F07F4293428CBF9B1A0023F0E7B0
:1082C0006A6913441B1A6B6100207AE6019A93785D
:1082D000C2F808805370089B0198DAF8141003EB79
:1082E000090222F07F42FFF73BFA049B6355437873
:1082F000019ACDF810B00133DBB253709AF818B080
:10830000BBF1FF0F7FF405AF5CE7019B9B6A23B1D4
:108310001B7A03F00703012BD8D0019BB3F81EC0D2
:10832000BCF1000F52D1B3F81CC06046019BCDE9EF
:108330000245D3E90863002201F1010E04E00C4676
:1083400001382244441C10D0854C864D33441C19FE
:10835000AC42F4D87446A3F1E8730138A3F5D433E2
:108360002244441CA3F5A573EED10198436290F812
:108370002C00DDE90245002800F08D80019B9A6009
:10838000A3F81EC0A7E7002E3FF4F6AE022A7FF442
:10839000F3AE00287FF4F0AE0B7A03F00703012B55
:1083A0003FF4EAAECAF81C608AF81BB0E4E6019B11
:1083B0009E69002E3FF4E0AE022A7FF4DDAE002875
:1083C000F0D0D9E6079F0999A28A2CE6019A937802
:1083D00053700020AAE750460499FFF73DFA9AF837
:1083E00018000B9B83420ED19D420CD100238AF8CA
:1083F00019309AF81A30002B49D0DAF82440534645
:10840000012203218CE5FF2800F08E810B9BFF2BBE
:1084100000F06D81DAF8003000EB400003EB001350
:10842000D3F80880B8F1000F64D00AF0A1FA0A2747
:108430000446DAF81430E21A22F07F42904507F140
:10844000FF3702F103011AD941452CBF5B184344A1
:1084500023F07F452846DAF8283098470AF088FA52
:10846000031B2D1B23F07F43033325F07F45AB42D5
:1084700006D90FB10446DCE700DE0446D9E7012641
:1084800000238AF819309AF81A303343B5D10FB067
:10849000BDE8F08F704797427FF670AF0290481C9E
:1084A0000390DFF8C0E0029806940295039D05E072
:1084B0000C4622440130974280B210D9284C3344F4
:1084C0001C197445F4D82C46A3F1E8732244A3F593
:1084D000D43301309742A3F5A57380B2EED8019949
:1084E000069C029D4B6260441FFA80FC46E70C9696
:1084F0000696B0E48AF819807FE7B268002A40F057
:108500003281D6F818B0BBF1000F06D10A68002AF4
:1085100000F024810C464FF0040BC269043207922C
:108520006268029211462268914280F0D580A2EBE7
:10853000010E18F803200892FF2A00F0CD80DE45D6
:10854000C0F0CA800022AEEB0B01CDE90590CDE969
:10855000031599460798089BDA46944617463AE071
:108560005A2B17FF592B177F3D1F6544754528BFB0
:1085700075460BEB000296450CD355450AD3B269FC
:10858000002A4AD0227A120747D4B5EB0B0201D059
:10859000824249D28A6A22B1127A02F00702012A83
:1085A00031D08A697AB3496869B30432BC4402EBBA
:1085B0000C00B269002A7FD0217A0907AEEB0B02CA
:1085C00000F1A38018F803300027FF2B2CD00BEB11
:1085D0000C0AD64528D303EB430308EB03111B0118
:1085E0008D682F44042FBFD8B56985B1257A15F061
:1085F0000805BED088690399BC44043060448142B8
:1086000028BF0246DEE718F803300022DDE78A695A
:10861000BC44043262441046D4E70028BAD0A5EB2B
:108620000B058542B6D302460299049D06984B4637
:108630001144616018F80370DDF81490FF2F00F00A
:108640009C804FF0FF0C9A4600E00F4639B201EBD8
:10865000410108EB011E0901DEF80830934280F069
:108660008E8018F80110FF29BC46A2EB0302ECD162
:108670005346FF2FB26015D0B9F1FF0F18F8031061
:1086800066D00FFA89F202EB4202120108F80210DA
:108690003FB207EB47073A0118F8021008F8031039
:1086A00008F80250F38B013BF383237A022262F332
:1086B00002032372012797E5024683E700287FF42F
:1086C0005BAD042668E6019C059E079D42469B1A09
:1086D000A3609AF818B077E5029A626018F8033040
:1086E000FF2B08BF002248D00023B360DAE70AF06E
:1086F0003FF904460AF018F920B99AF81800CAF8A8
:10870000144087E69AF8180084E61146002276E7BE
:10871000FF230493E6E4824637B90B9BFF2B03D17A
:108720000C9B002B3FF462AE0AF00EF904460028C1
:108730007FF45CAECAF81C000AF01AF98AF81940F6
:10874000CAF814009AF81A30002B3FF4A0AE54E691
:1087500001769DE7B16A00297FF4D8AE00DE4FF0C4
:10876000040BB46AD9E600DED6F818B0BBF1000FEE
:10877000F0D0B46AD1E6AB4626E5B26092E7514646
:108780009A460B46AAEB0201CEF80810674670E73E
:10879000F8B5069E9DF81C50089CB8B9144F3A6075
:1087A0005A1E39727B727E60D2B273B106EBC2027E
:1087B0005460114612F808398E4203EB4300A5EBD2
:1087C000030304EB0014DDB2F2D10DB10120F8BDBA
:1087D000099B3B620A9B7B62FF240B9BBB623C763E
:1087E0000AF0C6F87D817861FC76FD612846F8BD07
:1087F0000828002040B9064B1A7EFF2A01D11872C2
:1088000070476FF00F0070476FF01500704700BFA2
:1088100008280020044B2C2202FB0033187A003871
:1088200018BF0120704700BF0828002010B40B4B70
:108830002C2202FB0032546A64B100EB800200EB90
:10884000420003EB8003A44601225DF8044B0321A0
:10885000022060475DF8044B704700BF08280020E5
:1088600010B58AB00C9C00940D9C01940E9C02944F
:10887000BDF83C400394109C0494119C0594129CF8
:108880000694139C0794149C089400240994FEF702
:108890008DFF0AB010BD00BF10B4BDF810400494A5
:1088A0005DF8044BFEF782BF2DE9F84F294DBDF866
:1088B00034609DF83880044608462C2101FB0451A1
:1088C00004EB840704EB470405EB84054C6804EBD8
:1088D000C00E14F830909EF803409EF8017004F129
:1088E000010C5FFA8CFCE14598BF4FF0000C674526
:1088F0009DF844902AD0DEF8047004EB44044FEA5B
:10890000041A07EB04144FF0050B07F80AB0636074
:108910000A9BA3600B9BE3600C9B23610F9BA362EC
:10892000109BE36202236270A68284F8168084F8AA
:108930001790A3708EF803C0D1E9083698472B46EC
:1089400000220421B047A078BDE8F88F0120BDE8DF
:10895000F88F00BF0828002010B588B00A9C00944A
:108960000B9C01940C9C0294BDF8344003949DF838
:10897000384004940F9C0594109C0694002407949E
:10898000FFF792FF08B010BD2DE9F0411E4D0646DD
:1089900008462C2101FB065E06EB860406EB440428
:1089A000DEF8046005EB840706EBC00516F83060BE
:1089B000EC78697804F1010C5FFA8CFC664598BF8D
:1089C0004FF0000C61451BD0696804EB440426019C
:1089D00001EB04144FF0070801F80680A362069B20
:1089E000E36202236270A37085F803C0DEE90835F4
:1089F00098473B4600220421A847A078BDE8F081B3
:108A00000120BDE8F08100BF082800202DE9F041D9
:108A10001F4D064608462C2101FB065E06EB860428
:108A200006EB4404DEF8046005EB840706EBC005A2
:108A300016F83060EC78697804F1010C5FFA8CFC70
:108A4000664598BF4FF0000C61451DD0696804EB86
:108A50004404260101EB04144FF0080801F80680D5
:108A60006360069BA362079BE36202236270A370AC
:108A700085F803C0DEE9083598473B46002204210B
:108A8000A847A078BDE8F0810120BDE8F08100BFD3
:108A90000828002009F06CBF401A20F07F40704782
:108AA00001480021704700BFBF410100022801D0EA
:108AB0000120704738B5044608461D4603F07AF990
:108AC00010B10020287038BD204638BD0023037047
:108AD0000B70704738B5054600200C4602F06CFE5E
:108AE00098B903F01DF810F0060F0ED13DB9084BF0
:108AF00044B120681860A2889A80002038BD054BD8
:108B0000002CF6D11C609C80F7E70C2038BD00BF1C
:108B10003C280020342800200128034605D8044AB8
:108B20000448002B08BF104670470020704700BF64
:108B30003C2800203428002001280AD8064A074B88
:108B4000002818BF1346186808609A888A8018465B
:108B50007047002318467047342800203C28002026
:108B600010B5044608F014FA68B908F05BFD78B94E
:108B700009F02CFA88B909F0A9FA98B92046BDE89D
:108B8000104010F039BB00DE08F04CFD0028EFD09B
:108B900000DE09F01BFA0028EDD000DE09F096FA9D
:108BA0000028EBD000DE2046BDE8104010F024BBCA
:108BB0000860014810F020BB942D002010F01CBB71
:108BC0002DE9F84F89462A4D99F8003095F8401064
:108BD000072B88BF0B469A423ED05C1CE4B29246FB
:108BE000082C35F833200280834608BF002405EBAB
:108BF000C303002601274FF012081AE0012833D0E2
:108C0000C3F8048089F8004095F84030072C98BFDD
:108C100023469A4521D01AB20133DCB235F832002E
:108C2000BBF80010082C08BF0024884205EBC203E3
:108C300013D1586860B1FF28E0D9027902F003022D
:108C4000013A012A0CD912225A6003F0CBF8D9E775
:108C500001365F60F6B2D5E700263046BDE8F88FF2
:108C60000136F6B20122EFE70136F6B2CAE700BFDD
:108C7000702800202DE9F047374F3B8898425DD996
:108C800013F0FF0528D0DFF8DCA0DFF8D0809AF8D9
:108C90001540DFF8CC909AF814300134E4B2052C7A
:108CA00008BF0024A342404618D0FEF71FFB06462B
:108CB00048468EB1FEF71AFB002841D006609AF8AC
:108CC00015304AF823003B888AF81540013D013BE6
:108CD00015F0FF053B80DED1BDE8F0873B88002B17
:108CE000FAD0DFF884A01D4D9AF80D401C4E4FF0CD
:108CF00000080134E4B2032C9AF80C3008BF0024B9
:108D0000A3422846E8D0FEF7F1FA81463046B9F191
:108D1000000FE1D0FEF7EAFAC0B1C9F80480C0F84C
:108D200000909AF80D304AF823003B888AF80D40ED
:108D3000013B9BB23B80002BDBD1CDE70546A2E790
:108D400030460649BDE8F047FEF7E6BA4846034913
:108D5000BDE8F047FEF7E0BAD8280020DC28002064
:108D600030290020542B0020B82800202DE9F84F8E
:108D7000324B334FDFF8CC90DFF8C0B0181D05221E
:108D800024214FF00008A7F81880FEF789FA2D4B30
:108D900005220821181DFEF783FA97F818A07C7E9B
:108DA00005260134E4B2062C08BF0024A24548463B
:108DB00013D0FEF79BFA0546584675B1FEF796FAB2
:108DC000002835D0C5F8048005607B7E47F8230075
:108DD000013E16F0FF067C76E3D11B4B0822181DDE
:108DE0004421FEF75DFA194B0A22181D0821FEF7EF
:108DF00057FA1648FEF77AFAB0B1154A111FFEF776
:108E0000C3FA1248FEF772FA80B1124A111FFEF738
:108E1000BBFA114B0622FF201A80FFF72BFF07F049
:108E2000B7FC0020BDE8F88F00DEE6E700DEECE7E7
:108E300004492846FEF770FACFE700BF982B0020C0
:108E4000502C00206C2B002030290020DC28002032
:108E5000D4280020CC280020D82800202DE9F0417B
:108E60007B4D7C4E86B004AA02A90DF1070003F0E9
:108E7000D9FB0446D5E9000103AAFEF79DFA07468F
:108E800050B3039B002B6BD0187804AA02A903F0FF
:108E9000E1FB0446002841D0DDE90313BDF80820BA
:108EA0000F78ADF80A20059303F0E6FB2146059AFA
:108EB000BDF80A0003F014FC204603F0A7FB05AA46
:108EC0000DF10A01384603F0C5FB04460028EBD13A
:108ED000306810F091F9C6E7002C3ED0049B059352
:108EE0009DF80770BDF80830ADF80A3003F0C4FBF8
:108EF0002146059ABDF80A0003F0F2FB204603F074
:108F000085FB05AA0DF10A01384603F0A3FB0446D0
:108F10000028EBD1306810F06FF9A4E7039B0593AC
:108F20001B79013B2C2B1ED8DFE803F01F32741D88
:108F30001F1D1D1D1D1D1D1D1D1D1D1D1D1D1D1D5F
:108F40001D1D6A1F1D1D1D1D1D1D1D1D1D1D1D1D02
:108F50001D1D1D1D1D1D1D1D1F0006B0BDE8F0813E
:108F600000DE039B90E700DE7DE739496868002258
:108F7000FEF72AFA384B059993F8413038460B70C2
:108F8000364AFEF70FFA334B186810F035F96AE7E6
:108F90002F4968680022FEF717FADDF81480D8F828
:108FA000084034B12378002B50D02378013BDBB24A
:108FB000237098F80C3013B1012B41D000DE284A01
:108FC000002388F80C30537E117E0133DBB2062B70
:108FD00008BF0023994237D0C8F80070517E42F88C
:108FE00021805376002C3FF43EAF2378002B7FF492
:108FF0003AAFA368002B3FF436AFE068984732E7FA
:10900000134968680022FEF7DFF90599384603F036
:1090100089F928E705A9384603F0A0F90C496868E2
:109020000022FEF7D1F9059900293FF41CAF0B7916
:109030002E2B3FF418AF084B384693F841309EE78B
:109040004046F0F77DFBBAE700DECBE700DEACE799
:10905000D0280020902D002070280020CC2800204F
:10906000502C002030B5294B294C186087B009F0EE
:109070004DFC2378002B41D02649274A274D0595E2
:109080004FF0050C81F808C0254C0492254A0220B7
:10909000CDE9022404230D24CDE90014224A0874EA
:1090A00008760B7000200821FFF772FB58BB0122E5
:1090B00000211E481AF0EAFA07F0F6FE08B107B0E0
:1090C00030BDFFF753FE0028F9D108F093FA0028CD
:1090D000F5D102F02BFB0028F1D108F075FF002834
:1090E000EDD102F073FC0028E9D108F0E3FF00287D
:1090F000E5D107B0BDE8304003F0C0B8FEF774F921
:1091000001232370B8E700DED1E700BF902D0020D7
:10911000404500201C300020ED320400993304004B
:10912000CD320400AC2D00203C300020942D0020D6
:1091300010B586B002F00AFB002834D102F048FCDA
:10914000002835D103F09CF8002836D12048214969
:10915000214A224B0024A0F84040A1F820419482EB
:109160009C810122214668461AF090FA1C4B224647
:1091700021460320C3F808D0FEF78CF9F8B94FF068
:10918000FF324FF0FF33684610F070F802F0E4FA57
:10919000B8B9FFF7EBFDC8B90021012006B0BDE862
:1091A0001040FFF797BC00DE02F012FC0028C9D087
:1091B00000DE03F065F80028C8D000DEC6E700DE58
:1091C000DDE700DEFFF7D2FD0028E5D000DEE3E7B3
:1091D000702800206C2C0020542B0020B828002080
:1091E0008C0B002008B5FFF7A3FF07F093FE00B13A
:1091F00008BDBDE80840FFF7FDBA00BF2DE9F04FFC
:109200002B4C2C4EDFF8BCA083B00746884604F1F7
:10921000400900233B6094F841B0D6E9000101AA5F
:10922000FEF7CAF8054690B3019B49461A784046B6
:10923000FFF7C6FC80BB94F840308DF8013094F8FD
:10924000412083460DF101010DF10200FFF7B8FC4A
:109250004BEA000212F0FF02F1D1019B19790129BA
:1092600020D131467068FEF7AFF851462846FEF728
:1092700053F8114A1388052B11D801980F4901336F
:109280001380FEF749F80120FFF7F4FCC1E70C4911
:109290005A464046FFF794FC03B0BDE8F08F00DE6D
:1092A0001388EAE710463B6003B0BDE8F08F00BFCB
:1092B00070280020C8280020D8280020302900204D
:1092C000B0280020DC28002030B52B4983B00023D3
:1092D0004868019301AAFEF777F8002843D0274990
:1092E000FEF71AF8019A1379172B10D008D8052B1E
:1092F0000AD82922DA40D20706D52BB103B030BDF7
:109300001D2BFBD92D2BF9D000DE03B030BD137F10
:109310003C2B13D0537F002BF6D093681C68A06DB4
:1093200020B100231649A365FDF7F6FF94F85E30DF
:109330006FF3000384F85E3003B030BD9368D3E967
:10934000004595B100225A60AB6F93B905F16C01ED
:1093500005F16800FEF71CF8034640B12868AB67CA
:1093600002F00EFDE2E700DEB9E700DEEAE700DE2C
:10937000F4E700DEEAE700BFC8280020DC28002070
:10938000302900202DE9F843046807461CB3344E09
:10939000DFF8D0802925204624680379052B13D9CE
:1093A000173BDAB2162A13D8162B11D8DFE803F0D0
:1093B0001A291E1E1E1E1E10101010101010101044
:1093C0001010101010101E0025FA03F2D2073CD422
:1093D00000DE002CDFD100233B60BDE8F843FF2016
:1093E000FFF748BC037F3C2B24D063BB3388052B9D
:1093F00026D8013341463380FDF78EFF002CCAD1B9
:10940000E9E7C0880028E4D102F0C8FC814600B337
:10941000D9F88830FBB909F17C0109F17800FDF732
:10942000B7FFD0B1C9F88800484602F0A9FC002C6B
:10943000B1D1D0E70B49FDF76FFF002CABD1CAE7E4
:1094400000DE3388D5E700DE0379002BCED100DEC5
:10945000CCE700DEDCE700DEDDE700DEE2E700BFB0
:10946000D8280020302900200148FDF73FBF00BF69
:10947000DC2800200149FDF74FBF00BFDC28002099
:109480000148FDF733BF00BF302900200149FDF737
:1094900043BF00BF30290020034B044A93F84130FA
:1094A0000B70FDF77FBF00BF70280020CC28002084
:1094B00008B5064B064A93F841300B70FDF772FF72
:1094C000044B1868BDE808400FF096BE70280020D5
:1094D000CC280020902D00200B490A7B4B7B9A4220
:1094E0000AD8A3EB020C5FFA8CFC604509D89A42BB
:1094F00007D051F82200704703339B1ADBB2984221
:10950000F7D90020704700BFB8280020074A117B18
:10951000537B8B4208D04B1CDBB2032B08BF0023CC
:1095200052F821001373704700207047B8280020BC
:1095300000B50D4A92F841C092F840E00CF10103E9
:10954000DBB2082B08BF00239E4509D022F83C005F
:1095500002EBCC0CCCF8041082F841305DF804FB2F
:1095600000DE00231B80FFDE70280020002206237F
:1095700002700B70704700BF002208B51146044B03
:109580000120FDF787FF00B908BD00DE08BD00BF60
:109590007C0B0020022810B50C4602D00B68022B71
:1095A00007D004484FF0FF324FF0FF330FF05EFE5C
:1095B000206810BD942D002004490A680AB11046A5
:1095C0007047024608601046704700BF6C280020B4
:1095D000044A136823B1984206BF0021116000239A
:1095E000184670476C280020014B1868704700BF70
:1095F0006C28002004490A680AB1104670470246E8
:1096000008601046704700BFB4280020044A136861
:1096100023B1984206BF002111600023184670470D
:10962000B4280020014B1868704700BFB428002000
:1096300030B505682B7887B0EBB1044601220021D4
:1096400068461AF023F80D4BC5F80CD0AB602B78A8
:109650008BB10B4B0022114603209C60FDF71AFFD3
:1096600038B94FF40042002368460FF0FFFD07B001
:1096700030BD00DEF5E76FF07700F8E7BD8B030043
:109680006C0B0020F0B5254E336885B00C461746AC
:10969000002B36D0994215D10223039303AB024627
:1096A000009303211E4B0020FFF76EF902280546A8
:1096B0000CD0039B022B09D195B133680BB19C42AE
:1096C00021D014B36FF02D0005B0F0BD15484FF058
:1096D000FF324FF0FF330FF0C9FD039D002DECD199
:1096E0003846FFF7A5FF33680BB19C4211D0002C20
:1096F000E8D10028E8D010F1780F08BF002005B0AD
:10970000F0BD3160C8E7002333606FF0770005B02B
:10971000F0BD35600028D7D0EDE700BF6C280020F1
:10972000B18B0300942D00200B490A7D4B7D9A429A
:109730000AD8A3EB020C5FFA8CFC604509D89A4268
:1097400007D051F82200704705339B1ADBB29842CC
:10975000F7D90020704700BF542B0020074A117D25
:10976000537D8B4208D04B1CDBB2052B08BF002376
:1097700052F821001375704700207047542B0020C9
:1097800038B50C46054602F047FF207021462846B2
:10979000024ABDE83840FDF705BE00BFD4280020CE
:1097A0000122024B11460020FDF774BE5C0B002025
:1097B00070B50C46054602F02FFF21462070064A80
:1097C0002846FDF7EFFD0122BDE87040034B11462E
:1097D0000020FDF75FBE00BFD42800205C0B0020F6
:1097E0002DE9F0431A4D9DF81C8095F821C10CF12C
:1097F000010E5FFA8EFEBEF1090F994695F82031F1
:1098000008BF4FF0000E73451DD0144605EB4C1CED
:10981000E36807460E4610685168926864460FC4B4
:109820009CF81C30CCF8186008F0010823F0030302
:1098300043EA0803CCE904978CF81C3085F821E151
:109840006046BDE8F0834FF0000C6046BDE8F08351
:109850006C2C0020054890F8203190F821219A4284
:1098600014BF00EB43100020704700BF6C2C002099
:1098700001460B480A7890F82131082A84BF90F8F5
:1098800020210A70934208D0531CDBB2092B08BF79
:10989000002300EB42100B7070470020704700BFA0
:1098A0006C2C00202DE9F04F3D4E96F8201196F8D3
:1098B000213187B08B42039047D04FF0000906EB6F
:1098C00041110B24CDF81090CA46CB46CDF8089034
:1098D000CDF814900D7FD1F80080CF68C5F3400219
:1098E00005F00105002C4FD0013CE4B282B396F89C
:1098F000211196F82031994227D00133DBB2092B90
:1099000008BF0023994286F820311ED006EB431190
:109910005B01C868002ADDD135BBBBF1000F37D031
:10992000BAF1000F029A08BF4246029208BFBA4637
:109930000A7F9507CED4D2071DD48345F3582BD088
:109940008245C7D1029A9A42C4D107B0BDE8F08FD0
:10995000144B0398996011460192FDF79BFD019A03
:109960000028C4D000DEC2E7049A7AB1B9F1000F32
:1099700008BFB946DCE7BAF1000FABD1049B8342C4
:10998000E3D04845A6D1E0E700DEADE70497CFE796
:10999000BB46CDF81480CBE7059A9A42D0D1D4E7E4
:1099A0006C2C00204C0B0020054B1A7E597E9142F6
:1099B00004D053F8220010B10C30704700207047DB
:1099C000502C002070B5134A117E537E8B421ED05E
:1099D0004B1CDBB252F82140062B08BF0023137644
:1099E000ACB102230025266823712560A06002F037
:1099F00013FE094A207021463046FDF7D3FC0122B0
:109A0000064B11462846FDF745FD204670BD002453
:109A1000FBE700BF502C0020D42800205C0B002066
:109A200010B582B0049B9C7A6FF341049C720024B1
:109A3000CDE9004407F0E6FB02B010BD10B50346C7
:109A4000007F1A699969012482B02040CDE90004A1
:109A5000586907F0D7FB08B902B010BD7730FBD0CA
:109A600000DEF9E710B4CB6804691A78042A03D041
:109A700023685DF8044B18475B78052BF8D100206C
:109A80005DF8044B704700BF30B50B8A83B0002BE4
:109A90003ED0054601F10C000C4615F0E1FA012814
:109AA00003461BD0022808D01C4A1D48012115F08E
:109AB000B3F86FF0150003B030BD01A9204600F0E7
:109AC00021FF019911B12846FFF7CCFF0028F2D100
:109AD0002046F6F70DFD002003B030BD002301A99C
:109AE0002046019300F0FCFA01460028F0D02846F9
:109AF000FFF7B8FF0028DED1019D002DE8D02846F1
:109B000001F02CFB68710199064819F0A6FDDFE70A
:109B1000054A0348012115F076F8CAE7744B0500A1
:109B200068430500C0310020604B050010B5046992
:109B3000FFF758FB40B90548F6F78CF80448F6F7EC
:109B400089F80020206010BD00DEF4E7181C00201A
:109B5000F01C00202DE9F0433F4FD0F8108083B077
:109B600006464FF000094FF0FF324FF0FF33384602
:109B70000FF010FB0028F6D043790190042B15D884
:109B8000002B43D100DE019B01A8C3F80090FFF732
:109B9000F9FB4FF0FF324FF0FF3338460FF0FAFA7F
:109BA0000028E0D043790190042BE9D9052BE9D1B5
:109BB0004FF0FF334FF0FF320820F7F737FC044631
:109BC0002146019800F04CFF019B01A8C3F80090CA
:109BD000FFF7D8FB002CC6D0204615F0B5F9054696
:109BE0002146002015F0D6F92B8A012B0446294680
:109BF000304607D9D8F8003098470FF0FDFF002C09
:109C0000EAD1B0E72846F6F773FCF6E7022B13D04B
:109C10004FF0FF324FF0FF330220F7F707FC044606
:109C200001989CB1214600F043FF019B01A8C3F8B5
:109C30000090FFF7A7FBCFE70022002301210020BF
:109C4000F7F70CFC04460198002CEBD1046001A846
:109C5000FFF798FB87E700BFC03100202DE9F043F4
:109C6000344F354E83B0054614E04FF0FF324FF0CD
:109C7000FF3300211320F7F7F1FBBDF80210224655
:109C8000044601F053FA21462846FFF7EBFE68BB75
:109C90000FF0B2FF0DF1020101A8FFF7AFFA044681
:109CA0000028E2D1019BCBB1FFF70EFBDDF8049059
:109CB000484601F053FADDF8048089F8050098F869
:109CC0000530032B03D198F80430182B10D04146EF
:109CD000304619F0C2FC019B002BDBD14FF0FF3264
:109CE0004FF0FF3338460FF0C1FAD3E700DECFE77D
:109CF00021464FF0FF324FF0FF330520B8F80690B1
:109D0000F7F7ACFB49460446024608F11C0000F098
:109D10007FFE484600F09CFE3CB121462846FFF7F6
:109D2000A1FE28B92046F6F7E3FBDDF80480CEE774
:109D300000DEF7E7D8310020C0310020F0B505463D
:109D4000076989B00E46234819F048FC4FF0FF32EE
:109D50000021214819F09AFC1F48FFF783F90446B7
:109D600078BB3E60EFF76CF9002600276FF009031F
:109D7000CDE90334CDE90667CDE90144174B184915
:109D800000954FF4007217480FF016FD164915485C
:109D900019F071FD6FF00702CDE90324CDE90667E4
:109DA000CDE90144114B124900954FF460721148FE
:109DB0000FF002FD10490F4819F05DFD204609B073
:109DC000F0BD0E4A0E482346012114F025FF20461F
:109DD00009B0F0BDC0310020D83100205D9C0300E7
:109DE00080530020181C0020A84B0500559B030041
:109DF00000560020F01C0020B84B0500884B0500E1
:109E00006843050010B50FF0A7FE054C204619F079
:109E1000F1FB204619F0E2FBBDE810400FF0B0BEA8
:109E2000C03100202DE9F047DFF8A4A0DAF8009057
:109E3000B9F1000F32DB80460F46164610D0214C98
:109E4000002521460622304610F002FE18B914F80B
:109E5000013CBB4225D00135A94504F10804F0D1ED
:109E6000194C1A4923683568DA00501CB9F10F0FF4
:109E70000D500844B588858001F83370D4BF09F1CE
:109E8000010301330A44D8BFCAF800300121102B66
:109E900001FA08F108BF0023D17123600020BDE85A
:109EA000F0870A4B03EBC503DA7922FA08F1C907F8
:109EB00002D50120BDE8F087012101FA08F10A432B
:109EC000DA71EBE7FD310020F4310020FC31002095
:109ED000F83100202DE9F0411A4C6468A40004D543
:109EE0001646194A1268120701D4BDE8F08103F141
:109EF0000C0405460F462046022115F068F840F68E
:109F00003E4303800121204615F061F803460422F8
:109F100020461A700B2115F05AF80570A0F8016060
:109F20003DB97B68BA68C0F80720C0F80330BDE8C7
:109F3000F0814FF00008C0F80380C0F80780BDE84A
:109F4000F08100BF8002002078020020F0B50138C7
:109F500087B0144611280AD8DFE800F0233F5509DE
:109F60000967097998AB090909090909090D6FF011
:109F7000150007B0F0BDCB68DA789978188806F03C
:109F8000F3FB554B06460121188816F081FC012190
:109F900005460C3015F01BF806702560002007B050
:109FA000F0BD4D4B0D21188816F072FC0D2120607C
:109FB0000C3015F00CF84FF0021400234FF48061C0
:109FC00003220370C0F80140A0F80510C2710372AB
:109FD00043728372C3720373E0E73F4B41211888D9
:109FE00016F056FC412120600C3014F0F0FF0021E7
:109FF00004463E2200F8031B10F0DAFD40F2A733BE
:10A00000A4F80130CAE7344B0921188816F040FC47
:10A01000092120600C3014F0DAFF0346002203F817
:10A02000012BC0F801205A60B8E7C9680020FEF78C
:10A0300051FD294B0121188816F02AFC0121054603
:10A040000C3014F0C4FF002303702560A6E7234EF4
:10A05000214F0FCE01AD0FC5336838882B70122108
:10A0600016F016FC122120600C3014F0B0FF0446EC
:10A07000002301AE04F8013B84460FCE2D78CCF8C6
:10A0800001006160A260E360257487E7124B18212C
:10A09000188816F0FDFB182120600C3014F097FF93
:10A0A00000230446012100F8023B08F0B5FB607074
:10A0B00074E7094B2121188816F0EAFB2121206062
:10A0C0000C3014F084FF0146002301F8113B0130ED
:10A0D00008F0F2FB62E700BF8C440020EC4B050067
:10A0E0002DE9F041038A8CB00022022B079240F246
:10A0F0001581054603210C3014F0AAFF2A8A8378C3
:10A100009A42C0F040810288CE4EC2F38523082BCC
:10A11000328090B2C2F3090409D89BB1013B072BEE
:10A1200010D8DFE803F0150FBDE10F0F0F213F2B13
:10A1300008D107AA29462046FFF708FF163040F04D
:10A14000CE83308801210CB0BDE8F04116F0B2BBDF
:10A15000062C00F07A831D2CF4D1EB68188801F0EE
:10A1600053FF01463088EEE7621E4A2AEAD801A36F
:10A1700053F822F00FA50300EDA40300A5A40300EB
:10A1800045A1030085A40300BFA50300A7A5030004
:10A190009BA503008FA5030085A503006DA5030003
:10A1A0003DA5030045A1030045A1030045A103000F
:10A1B00045A1030045A1030045A103001BA5030021
:10A1C00045A1030025A8030003A80300C9A70300B5
:10A1D000ABA7030045A10300A1A7030091A70300BB
:10A1E00073A7030045A1030045A1030045A1030097
:10A1F00053A7030039A7030029A70300F7A603000C
:10A20000EBA6030045A1030045A1030045A10300FF
:10A2100045A1030045A1030045A1030045A103009A
:10A2200045A1030045A1030045A10300A3A6030027
:10A230004FA603002FA60300DBA5030045A10300E2
:10A2400045A1030045A1030045A1030045A103006A
:10A2500045A1030045A1030045A1030045A103005A
:10A2600045A1030045A1030045A1030045A103004A
:10A2700045A1030045A1030045A1030045A103003A
:10A2800045A1030045A1030045A1030045A103002A
:10A2900045A1030045A1030045A1030065A40300F7
:10A2A000632C00F0198354D8032C00F0D6822D2C97
:10A2B0003BD1EB6804211E8893F8028016F0E8FA7F
:10A2C000042105460C3014F082FEB7B20446C31CCC
:10A2D000424639460220FEF7E9FBA4F801602070EF
:10A2E00028460CB0BDE8F081621E082A3FF62AAF6E
:10A2F00001A353F822F000BF1DA40300D5A303005F
:10A30000B1A3030045A1030045A1030045A103003B
:10A3100045A1030045A1030093A303004A4A4B480B
:10A32000012114F070FC0025DAE7012C7FF40AAF5C
:10A33000EA68474B1168526819605A60012116F0AB
:10A34000A7FA012105460C3014F041FE00230370EA
:10A35000C6E77B2C00F0A8827C2C7FF4F3AEEB6880
:10A360001F885988B8B201F057FF0446032130888E
:10A3700016F08EFA032105460C3014F028FE047006
:10A38000A0F80170ACE7334A3048012114F03BFCDF
:10A39000C9E7072116F07CFA072105460C3014F0B6
:10A3A00016FE0146002001F8010BFEF7C5FB97E7FA
:10A3B000092116F06DFA092105460C3014F007FE4C
:10A3C0000346002203F8012B6021C0F801205A60E7
:10A3D000417185E7412116F05BFA412105460C30B9
:10A3E00014F0F5FD002104463F2200F8021B10F096
:10A3F000DFFB0423184AE372E37520231749C4F8EE
:10A400001A20C020802263704FF40A73A071C4F830
:10A41000211084F82720A4F80F3061E7092116F0F5
:10A4200037FA092105460C3014F0D1FD4FF4506184
:10A4300000230B4A01800D218370C3700171C0F8A5
:10A4400005204DE78C440020004C050060430500CA
:10A4500080020020184C0500F70FF40E30F0017850
:10A46000F105FFFF032116F013FA032105460C3016
:10A4700014F0ADFD0146002301F8023B0130FEF768
:10A4800025FB2DE7E9680120FEF724FB0446308810
:10A49000012116F0FDF9012105460C3014F097FD5D
:10A4A00004701DE7092116F0F3F9092105460C3067
:10A4B00014F08DFD0346002403F8014BC0F8014061
:10A4C0005C600646FEF7ECFA234661F30703C1F32E
:10A4D000072262F30F23090C61F31743090A61F3A2
:10A4E0001F63C6F80100C6F80530F9E6042116F02E
:10A4F000CFF9042105460C3014F069FD00236FF0FC
:10A5000004010322037041708370C270E8E6EA68B8
:10A51000BF4B1168526819600FE7E96800224B8849
:10A52000088803920C890294CC8801948988009150
:10A53000114601F0A7FC0146308804E6EB68187864
:10A54000002800F0CE815B78002B00F0CA81B14A70
:10A5500000231360B04A136001F0ACFA0C280446E3
:10A560004FF00101308808BF002492E7EC6863795E
:10A57000B4F80320B4F801102078A4790094EEF721
:10A5800097FF83E7EB681878EEF78EFD7EE7E968C2
:10A5900011F8010B01F0ECF978E7E96811F8010B0B
:10A5A00001F078F972E7022116F072F902210546EE
:10A5B0000C3014F00CFD00230370437090E6EC683F
:10A5C000A57BA3796279217920880295657B019525
:10A5D0000734009400F0D0FF58E7EA689478D17807
:10A5E0001788B2F80550E30748BF41F0030113791B
:10A5F00048BFD170A40744BF43F00303137143EA7B
:10A600000102032A00F272814C0700F06D815A07A3
:10A6100000F06A8115F003021CBF05F1FF3505F05B
:10A620000102384601F08EFD014630888BE5EB686B
:10A630001A78D10744BF0721597092074CBF0721F0
:10A640009978587848BF997001F072FD1EE7EB6861
:10A6500005211E8816F01CF9052105460C3014F062
:10A66000B6FC0446221DB0B2E11C01F041FDE378C6
:10A6700022792070002B93FAA3F3B3FA83F308BF77
:10A680004FF0FF330133E370002A92FAA2F3B3FADA
:10A6900083F308BF4FF0FF330133A4F80160237147
:10A6A0001EE6092116F0F4F8092105460C3014F0D5
:10A6B0008EFC08AB04460DF11A0206A90DF1160036
:10A6C00001F006FDBDF81630A4F80130BDF81830D1
:10A6D000A4F80330BDF81A30A4F80530BDF82020E6
:10A6E000A4F8072000232370FAE5EB68598818883E
:10A6F00001F0E4FCCAE6052116F0CAF8052105467A
:10A700000C3014F064FC08A904460DF11A0001F0A5
:10A71000C9FCBDF81A30A4F80130BDF82020A4F817
:10A72000032000232370DBE5EB681F889A88598893
:10A73000B8B201F08BFC18E6EA681788927800231B
:10A74000CDE90233CDE900330221B8B201F09AFB22
:10A750000BE6E96800220F884B8803920889029073
:10A76000C888019089880091B8B2022101F08AFB63
:10A77000FBE5092116F08CF8092105460C3014F090
:10A7800026FC2649264A0160002342600372A7E5A1
:10A79000EB681F8800220621B8B205F0D3FFE4E57C
:10A7A000EA68002132F8027BF6E7092116F070F81A
:10A7B000092105460C3014F00AFC002300F8013B87
:10A7C000082106F0B7FB8BE5E868002308AA00F132
:10A7D000100108F033FE3088112116F059F81121CC
:10A7E00005460C3014F0F3FB0646002306F8013B47
:10A7F00008AC07460FCCC7F801007160B260F36087
:10A800006EE5EB68188801F0DDFB014630889AE4BC
:10A8100078020020F4310020F831002000BFFF3022
:10A82000ECC00100EB6808211E8816F031F8082101
:10A8300005460C3014F0CBFB0446E11CB0B201F02D
:10A8400065FBA4F8016020704AE5EB6899781888E8
:10A8500001F080FB0146308875E425482549264AE9
:10A86000264B4FF0FF34046041F6FF754FF0FF3484
:10A87000C1E9004500200021C2E900011F2000219C
:10A88000C3E90001FEF754FC3088012116F000F8FE
:10A89000012105460C3014F09AFB0023184A03707E
:10A8A0001360FFF7AFFA1BE5EB681F8808A9B8B281
:10A8B00001F07CFC05210446308815F0E9FF0521F4
:10A8C00005460C3014F083FB0470A0F80170BDF84D
:10A8D0002030A0F8033003E5EA68074B19E6079D2E
:10A8E000FEE44FF0FF3335E612212CE411212AE477
:10A8F000F831002080020020C81D002078020020CE
:10A90000F03100202DE9F84300230B60038A032B6C
:10A910002ED9054688460C30042114F099FB2B8A69
:10A920004788B0F80090BB4230D3FB2F28D801F005
:10A9300053FA4FEA193633460446002835D09B08AF
:10A940001BD19EB1012E18D12379677166F30103E3
:10A950002371E9683A46E01DECF702FE2146C9F38F
:10A960000B0001F045FAB8B9BDE8F8830226EBE721
:10A97000204A2148012114F046F96FF01500F3E751
:10A980001E4A1D48012114F03EF9F6E71C4A1A48F8
:10A99000012114F038F9F0E71A4A1748012114F0A0
:10A9A00032F9204601F01EFAE7E7174A1248012162
:10A9B00014F029F9154B1B689B0117D54FF0FF3296
:10A9C0004FF0FF330220F6F731FD0221C8F80000F6
:10A9D0000C3014F0FCFA4FF48D730380D8F80000AB
:10A9E00001210C3014F0F3FA012303706FF06800BA
:10A9F000BAE700BF384C0500604305006C4C050009
:10AA00004C4C05009C4C0500884C05008002002041
:10AA1000F8B50E4B1B68DB0600D4F8BD02F10C0440
:10AA200006460D462046022114F0D1FA034640F2B4
:10AA300005421A802046042114F0C9FA0027077045
:10AA4000A0F801503278C270F8BD00BF800200202B
:10AA5000024A1368013B1360704700BFF0310020C9
:10AA600070B5037FC68803F00303013B012B01D9B6
:10AA700000DE70BD044601F10C052846042114F0E7
:10AA8000A6FA237F03F00303022B0CBF46F4005603
:10AA900046F480560680637F4380617F284614F029
:10AAA00096FA627F04F11F01BDE87040ECF758BDD3
:10AAB0002DE9F04F89B090F804C0C688BCF1030FAF
:10AAC00004AF04460D4600F11C081FD0ACF1050C84
:10AAD000BCF1180F33D8DFE81CF037003200320029
:10AAE00032003200320032003200320032003200D6
:10AAF0003200320032003200320032003200A60052
:10AB0000DA00E0000E01250138015801C37F033B44
:10AB1000122B14D8DFE813F0CB01130013001E0230
:10AB200037021300420213001300130049021300FE
:10AB3000F20113001602130013006C016C0100DE19
:10AB40001437BD46BDE8F08FBC4BBD4A93E8030007
:10AB5000237EB9810E0C617E5268B8605B42C807E3
:10AB6000BE7302F000525EB200F17A82002AE7D092
:10AB7000B44B1B689A07E3D5207F04F11E09C0F38C
:10AB800080114A4600F00F00FFF74CF90028D7D19A
:10AB9000237F03F00F03012B00F0AF82627F931D30
:10ABA000A2F1060A05325FFA8AFA5FFA83FBD3B292
:10ABB0007B60D0460C350221284614F008FA3E236B
:10ABC000037080F801B00121284614F000FA034612
:10ABD00002221A707968284614F0F9F901230370EB
:10ABE000237F03F00F0307F108020833134404F135
:10ABF000240113F8083C4370237FC3F38013837050
:10AC0000D4F81E30C0F80330B9F80430A0F807308B
:10AC100000F10A0380F809A042461846ECF7A0FCB0
:10AC200000F808608CE718F0010F40F06482844B54
:10AC300094F81C805B689B004FF0000980D5814B25
:10AC40001B68D8077FF57CAF0C35B8F1000F00F01A
:10AC5000D3810221284614F0BAF941F23E33038031
:10AC60000121284614F0B3F901230370122128466C
:10AC700014F0ADF9C0F80190C0F80590C0F8099043
:10AC8000C0F80D9080F8119080F8008058E70A46CF
:10AC900040463146FFF7BCFE52E7694B5B689900BE
:10ACA0007FF54EAF674B1B685A077FF549AF0C35F0
:10ACB0000221284614F08BF940F63E23038001213F
:10ACC000284614F084F9032303700921284614F060
:10ACD0007EF918F0010F40F01782237F0370A0F86F
:10ACE0000160E38BA0F80330238CA0F80530638C5F
:10ACF000A0F8073024E7524B5B681B044FF00004B8
:10AD00007FF51EAF0C350221284614F060F94FF490
:10AD10004C7303800321284614F059F90470A0F8FD
:10AD200001600DE7484B1B681C027FF509AF0C352D
:10AD30000221284614F04BF940F2572303800221E8
:10AD4000284614F044F90680FAE63D4B5B6898000B
:10AD50007FF5F6AE3B4B1B6819037FF5F1AE0C3562
:10AD60000221284614F033F940F23E4303800121CA
:10AD7000284614F02CF9142303700321284614F0FC
:10AD800026F90680237F8370DAE62D4B5B689A00F4
:10AD900003D52C4B1B681B055CD4627FA37F94F802
:10ADA0001CC0002A92FAA2F2B2FA82F208BF4FF057
:10ADB000FF32002B93FAA3F3B3FA83F36D4608BF77
:10ADC0004FF0FF338AB0511C013304A8024643629E
:10ADD00006241E4B8661C0E907C1436142F8104F4B
:10ADE0001B4800234FF44251F4F706F9AD46A7E69D
:10ADF000134B5B689A007FF5A3AE124B1B685B0692
:10AE00007FF59EAE0C350221284614F0E0F840F69E
:10AE10003E3303800121284614F0D9F8072303703C
:10AE20000A21284614F0D3F80680A38C4380E38CD3
:10AE30008380238CC380638C038181E6C844050032
:10AE40008002002078020020C81D0020B04C0500C0
:10AE5000604305000C350221284614F0B8F840F292
:10AE60003E6303800121284614F0B1F80C230370DF
:10AE70000521284614F0ABF8237F0370A0F8016089
:10AE8000627F002A92FAA2F3B3FA83F308BF4FF06D
:10AE9000FF330133C370A27F92FAA2F3002AB3FA00
:10AEA00083F308BF4FF0FF330133037148E6994B3A
:10AEB0005B6898007FF544AE974B1B68D9067FF519
:10AEC0003FAE0C350221284614F081F840F63E537F
:10AED00003800121284614F07AF8052303700C2121
:10AEE000284614F074F8034623F8026B216A626A5C
:10AEF000C0F802105A60238D438121E6854B5B68C0
:10AF000098006ED5844B1B6899066AD50C350221D2
:10AF1000284614F05CF840F63E33038001212846B1
:10AF200014F055F8062303700A21284614F04FF850
:10AF30000680238C4380638C8380A38CC380E38C46
:10AF40000381FDE590F82030744A7548022113F022
:10AF500063FEF5E56F4B1B681A064FF000047FF5A2
:10AF6000EFAD0C350221284614F031F84FF481631F
:10AF700003800421284614F02AF801230470A0F865
:10AF80000160C370DCE590F820300E2B00F0AC803F
:10AF9000644A6348022113F03FFED1E50B46324676
:10AFA00041460020FEF796FFCAE55A4B90F8204034
:10AFB0001B681B067FF5C4AD0C350221284614F032
:10AFC00006F84FF4816303800421284613F0FFFF45
:10AFD000002C08BF1F2400230470A0F80160C37078
:10AFE000AEE50023CDE90233CDE900331A22022178
:10AFF000304600F047FFA3E54B4A136802210133B6
:10B000002846136013F0E3FF41F23E330380012131
:10B01000284613F0DCFF012303701221284613F0A9
:10B02000D6FF80F80080A0F80160637FC370A37F23
:10B0300003F001030371D4F81F30C0F80530B4F8F1
:10B040002330A0F80930E38CA0F80B30238DA0F852
:10B050000D30638DA0F80F3094F82C3043746FE5F9
:10B06000002A3FF46DAD2C4B1B6859057FF568AD88
:10B07000207F00F00F03012B48D104F11E08C0F31C
:10B080008011424600F00F00FEF7CCFE00287FF44E
:10B0900057AD0C350221284613F099FF41F23E23AB
:10B0A00003800121284613F092FF0B230370112126
:10B0B000284613F08CFF40F201130380237FC3F373
:10B0C00080138370D4F81E30C0F80330638CA0F86E
:10B0D0000730237FC3F3C0134372636AC0F80A309A
:10B0E000238DC38106742BE50B46324600211A20BE
:10B0F000FEF7F0FE24E500DE99E50B2380467B6039
:10B100004FF00C0B824655E500DEE6E500DE207FC1
:10B11000B3E700BF8002002078020020EC4C05005D
:10B1200060430500DC4C0500F031002070B500F1F3
:10B130000C040E4620460221154613F048FF40F24B
:10B14000135303800521204613F041FF01230370B0
:10B15000A0F80160A0F8035070BD00BF0379032B75
:10B1600008D0053BDBB2182B01D900207047054AF7
:10B17000D05C7047037F03F00303032B14BF05204B
:10B1800004207047044D050000B583B00E4B0599AF
:10B190000E4ACB1AA2FB032313F47F5FC3F387127B
:10B1A0000DD1023200910A4BD2B201210020FDF7ED
:10B1B000EBFB10F0FD0F04D103B05DF804FB00DEE3
:10B1C000EFE700DEF8E700BFB0320020ABAAAAAA82
:10B1D00061B2030010B402680446506DC0B1916DB5
:10B1E00000235365D9B10023936517220A714FF6E6
:10B1F000FF72CA8001F11C02CB610B624B628B6251
:10B2000013823C230B778C605DF8044BFEF750B93A
:10B2100000DE916D506D002353650029E3D100DEFF
:10B22000916DE0E738B50C460B49637F0B4A09780E
:10B23000117004EB83031B6A1D7800B938BDFEF75B
:10B24000D3F98442FAD015F00E0F02D16369002BB6
:10B25000F4D000DE38BD00BF42450020414500204B
:10B2600000B17047064B10B502460C460220012182
:10B270009C60FCF70FF900B910BD00DE10BD00BFE7
:10B28000BC0B0020014610F8103B7BB110B50B4BF6
:10B2900098608A6872B90A4C084B0022C1E90240E2
:10B2A00011460120FCF7F6F810B910BDFFF792BF68
:10B2B00000DE10BD00DE9868EDE700BFAC0B00209B
:10B2C000D5B103000E4B1A8B597F22F4437203EB66
:10B2D000810122F00202096A42F00E021A8306205E
:10B2E00000224FF4006CA3F85CC00A70487093F819
:10B2F000291003EB81030422DB6A1A70587070472F
:10B30000B032002038B5134C6569AB6FB3B905F1A5
:10B310006C0105F16800FCF73BF80346C0B1AB6770
:10B32000286800F02DFD0025A06D6561FEF7AEF8E0
:10B33000606DA565FEF79EF8656538BD00DE05F118
:10B340006C0105F16800FCF723F803460028E6D1FC
:10B3500000DEE4E7B032002030B52E4C94F85E30C9
:10B36000D90785B041D5636953B193F82C2042F0D9
:10B37000020283F82C20636993F82C30DA073CD45E
:10B380002448FEF719F9844239D1237EDB0703AD47
:10B390000CD502210391204B0095032101220020AE
:10B3A000FDF7F2FA2946FEF7F5F808BB0222032161
:10B3B000194B009500200392FDF7E6FA2946FEF7A7
:10B3C000E9F8A8B91548FEF733F9E0B91148FEF7D6
:10B3D000FFF8844215D163690BB1FFF793FF94F82E
:10B3E0005E306FF3000384F85E30002005B030BD9E
:10B3F0000848FEF7EDF8844209D10C20F6E700DE9C
:10B40000C3E700DEE7E77830E0D000DEDEE700DE0D
:10B41000F3E700BFB0320020B18B0300C032002040
:10B4200010B4047804F00F0402F1FF3C022C1FFA60
:10B430008CFC20D0012C0AD04B781033DB008CB16F
:10B44000062C0FD040F253204FF4F37203E040F289
:10B45000E33040F2162212FB0CF3184480B25DF880
:10B46000044B704742781032D20002F21B31581858
:10B4700002F5B372EFE741785DF8044B0CEB8C03F7
:10B48000C3EB0310400001F1100300F23B10DB009E
:10B4900003FB020290B2704730B54FF6FF718BB0DC
:10B4A0008B429DF838500F9C19D021780131C9B2D8
:10B4B000217000294CD02849C1E900028A7A0B8109
:10B4C00065F30002254B8A7204F110000022C86067
:10B4D000996001201146FBF7DDFF00283AD1207E5C
:10B4E00010F0010505D11E4A1E4B11781B788B42C6
:10B4F00001D00BB030BD0133042109A8137005F051
:10B5000035FD099B184A0694A2FB0312991A02EB17
:10B510005102120A40F2471101FB1233134A144937
:10B52000A21AA1FB0212920912490232CDE904517A
:10B530000133CDE90255CDE90055D2B201212846AB
:10B540000993FDF709FA10F0FD0FD2D000DED0E725
:10B5500000DEB0E700DEC2E7843200209C0B002052
:10B56000424500204145002021F1D490B032002016
:10B57000ABAAAAAA25B203002DE9F043684C1F46E6
:10B58000684B94F85E6086468C4693E8030083B06F
:10B5900016F001069DF82C809DF8303000908DF853
:10B5A000041040F0A080154608F0070203F00303E2
:10B5B000520042EA03220CF10803BCF1010F0DEB2B
:10B5C000030C08BF4FF0000E1CF8083CA4F85CE028
:10B5D00013F00E0F03F00F01238B23F4437323F0BA
:10B5E000020342EA0302637F228304EB830308BF62
:10B5F0000120D3F8208098F8003023F01F0218BFF4
:10B6000000200A4360F3451288F8002002F00F0280
:10B61000012A03F00F032ED098F80120F2B998F810
:10B62000003005F0010565F386136FF3C71388F842
:10B630000030062388F8013094F82930246104EBA7
:10B640008304AD01E36A5A7845F004051D700AB918
:10B6500006225A70304603B0BDE8F083012B34D087
:10B6600098F8003005F0010565F386136FF3C713F2
:10B6700088F80030E0E7012B0FD098F80120BABB22
:10B6800084F8346098F8003003F00F03012B04D0E5
:10B6900098F80130002BC2D0E2E708F1080998F8C9
:10B6A000003005F0010565F3861367F3C71388F8CA
:10B6B00000300A9B1B68C9F800300A9B9B88A9F8D8
:10B6C00004300C2388F80130B6E794F8342004F1F4
:10B6D000350108F10800EBF743FF94F834300633E6
:10B6E00088F80130BCE70C26304603B0BDE8F08393
:10B6F000052A10D9063A08F10809D2B20A4884F896
:10B7000034204946EBF72CFF98F8003003F00F0384
:10B71000012BBDD1C3E700DE98F80120EAE700BFA6
:10B72000B0320020D0440500E532002010B5064CB0
:10B73000204605F08FFF04F10C0005F08BFFFFF7AA
:10B74000C1FD002010BD00BFCC32002008B5FFF7BE
:10B7500003FE002008BD00BF38B5094C04F10C05FC
:10B76000204605F087FF284605F084FF204605F0B7
:10B7700071FF284605F06EFFFFF7A4FD002038BDDD
:10B78000CC320020034A044B801AA3FB0030C0F3E4
:10B790008F107047B0320020ABAAAAAA044A0068F2
:10B7A000044B801AA3FB0030C0F38F10704700BF1A
:10B7B000B0320020ABAAAAAA28B9044B93F85E00C5
:10B7C00000F0010070470020704700BFB032002039
:10B7D0001F2955D82DE9F041437F00EB830382B048
:10B7E0001F6A3B7803F00F03012B0E460546904677
:10B7F00048D00DF107011C3005F086FF3A78037838
:10B8000002F00F0223F01F03134303703B7802780A
:10B81000C3F3401363F3451202703B78D2B2C3F313
:10B820008013394663F38612027011F8023BD2B2DC
:10B83000DB0963F3C712044600F8022B06220FF05F
:10B8400037F93246414604F108000636EBF788FE28
:10B85000667095F85E30DB0706D49DF807306B778D
:10B86000002002B0BDE8F08195F8293005EB830394
:10B870002146DA6A2846EDF7BBFD0028EDD0F0E757
:10B880001220704780F834100A4635304146EBF7F5
:10B8900067FEE5E703460A4601481946FFF798BFE9
:10B8A000B03200201F295ED82DE9F04190F82930F0
:10B8B00000EB830382B0DE6A0F460446904600F137
:10B8C0002805002E40D028460DF1070105F01CFF89
:10B8D000037823F03F03314643F00403037011F86B
:10B8E000022BDBB2C2F3801203F03F0343EA821360
:10B8F0000370BB1D43700546062202300FF0D8F8D6
:10B900003A46414605F10800EBF72AFE94F85E300E
:10B91000DA0707D49DF8073084F82930002002B0F8
:10B92000BDE8F081627F04EB82024123116A0A784C
:10B9300002F00F02D340DB07ECD52A462046EDF794
:10B9400057FD0028E6D0EAE7284605F083FEC0B29E
:10B9500058B994F8293004EB8303DE6A042333706A
:10B9600006237370AFE7122070470720D7E700BFA8
:10B9700003460A4601481946FFF794BFB03200203B
:10B9800038B5059D9DF810C02C4614F8101B0131E8
:10B99000C9B2297099B10B49C1E90002887A0B81BB
:10B9A000094BCC606CF30000002288729960012082
:10B9B0001146FBF76FFD00B938BD00DE38BD00DE73
:10B9C000E9E700BF18330020CC0B002000207047AF
:10B9D00070B51B4E00241B4A0420A2F11001A4B92B
:10B9E00096F8284014F001040FD0FDF74BFE0546F1
:10B9F00068B996F82830134A60F3000386F82830B7
:10BA00000420A2F11001002CEAD0002070BD10F13A
:10BA1000780FFAD040F291230B490C480C4A12F0EF
:10BA2000D5F90C482A46002112F0D0F9002383F3FF
:10BA30001188BFF36F8F0323184602DFCBE700BFE7
:10BA4000D01D0020E01D00206C4D0500844D050038
:10BA50002C4D0500A44D050038B50546043001F114
:10BA60001002C0B2FDF70EFE044600B938BD10F159
:10BA7000780F01D10C2038BD40F29123094A0A49C0
:10BA80000A4812F0A3F90A482246294612F09EF904
:10BA9000002383F31188BFF36F8F0323184602DF5F
:10BAA0000C20E8E72C4D05006C4D0500844D050089
:10BAB000A44D050010B5124C94F8283003F0010293
:10BAC00070B1DAB99B0706D50120FDF725F80621EC
:10BAD000FBF74EFC80B1BDE810400948EDF720BDF2
:10BAE00062B12146FFF7B8FF28B994F8283060F317
:10BAF000000384F8283010BD122010BD0C2010BDAA
:10BB0000D01D0020044A0068044B801AA3FB0030BB
:10BB1000C0F34710704700BFD01D0020A38B2EBA82
:10BB200068B9084A92F8283013F0010008D0107D57
:10BB300003F00103C0F3401003FA00F07047002047
:10BB4000704700BFD01D002008B5054B002298604B
:10BB500011460120FBF79EFC00B908BD00DE08BDC0
:10BB6000DC0B002083685A6892F82730DB09014615
:10BB700001D100DE70470831EEF7DEB82DE9F04163
:10BB80000768244982B005464FF4D4723846FBF763
:10BB9000DBFB05F16806294606F09AFAE86E01AA71
:10BBA0003146FBF711FC00B31B4C4FF6FF7894F8BD
:10BBB000412094F84010531CDBB2082B08BF00232F
:10BBC000994223D004EBC20124F83280019A4A60E2
:10BBD00012680260019A1060E86E84F8413001AA90
:10BBE0003146FBF7F1FB0028E1D1D7F8680107F5F2
:10BBF000B47138B10023C7F86831FDF7D9FD02B040
:10BC0000BDE8F08100DED7F86801F3E700DE00232D
:10BC10001B80FFDE001E0020A436002010B50C465D
:10BC200030B92046FDF7F2FC844200D000DE10BDA2
:10BC300000DEF6E710B50C4630B92046FDF7DAFC19
:10BC4000844200D000DE10BD00DEF6E710B50C46E1
:10BC500040B9074B0246012102209C60FBF71AFC09
:10BC600020B910BDFDF7C0FC8442FAD000DE10BD43
:10BC7000FC0B002000B9704710B50C46FDF7D2FC54
:10BC8000844200D110BDFDF7AFFC8442FAD000DE43
:10BC900010BD00BF10B5194C194B204601224FF4BE
:10BCA000D471FBF7FDFA00224FF4D4712046FBF764
:10BCB00047FB144B01464FF6FF74181D8C8403227A
:10BCC0004FF48271FBF7ECFA0F4B104C181D072252
:10BCD0000821FBF7E5FA01F0E3FF0D4A0D4B0E4991
:10BCE000002010601B221A800C4A03234FF4A47C0E
:10BCF000A4F800C00B70137010BD00BF001E002020
:10BD00005433002094330020583300208E44002008
:10BD10000C3700209044002044450020434500207B
:10BD200010B5044614F8103B73B10F4B9C60826849
:10BD3000B2B90E490C4B0022C0E902141146012091
:10BD4000FBF7A8FB50B910BD03F0FF02084B1146EA
:10BD500001209C60FBF79EFB0028F4D000DE10BDA4
:10BD600000DE9C68E5E700BFEC0B002049BB030048
:10BD7000DC0B00200148FBF7B9BA00BF54330020A8
:10BD80000149FBF7C9BA00BF5433002002494FF400
:10BD9000D472FBF7D9BA00BF001E0020024620B9BA
:10BDA00003484FF4D471FBF7CBBA0020704700BFB3
:10BDB000001E002060B908B502464FF4D471054852
:10BDC000FBF7BEFA10B1838C03B908BD002008BD93
:10BDD00000207047001E00200148FBF787BA00BF13
:10BDE000943300200149FBF797BA00BF9433002039
:10BDF00000283DD138B502460D461F484FF4D47196
:10BE0000FBF79EFA0446F0B1828CE2B91B4890F829
:10BE100021C090F820100CF10103DBB2042B08BF05
:10BE20000023994221D020F83C2000EBCC0CCCF828
:10BE3000045080F82130237843B994F93730002B2F
:10BE40000EDB002038BD6FF0150038BD0C4B012112
:10BE500003209C60FBF71EFB94F93730002BF0DACF
:10BE60000021204604F048FCEBE76FF0680038BD85
:10BE70006FF01500704700BF001E0020E83600205C
:10BE80000C0C00202DE9F04782B0BDF82870BDF8F9
:10BE90002C80BDF8309098B90C4615464FF4D471FB
:10BEA000024619481E46FBF74BFA824640B1838C86
:10BEB00033B96CB1022C07D0012002B0BDE8F08785
:10BEC000022002B0BDE8F087ADB902F035F90EE00E
:10BED0000D9B0193CDF8009043463A46314602F05F
:10BEE000B5F80028EDD19AF93730002B07DB002098
:10BEF00002B0BDE8F087294602F02EF9F7E70146C7
:10BF0000504604F0F9FBF2E7001E0020E8B938B50E
:10BF100002460C460E484FF4D471FBF711FA054661
:10BF200050B1838C43B902F023F838B10368236021
:10BF300003792371002038BD022038BDD5F8323096
:10BF4000236095F836302371F4E70220704700BF74
:10BF5000001E002038B510B10224204638BD02462C
:10BF60000C4616484FF4D471FBF7EAF9054608B3BE
:10BF7000838CFBB91A2C04D8042C16D81224204622
:10BF800038BD292C01D03B2CF8D12146284601F0A0
:10BF9000D5FF04460028E0D195F93730002BDCDAD4
:10BFA0000146284604F0A8FBD7E7054BE340DB0732
:10BFB000EBD4E3E70C24204638BD00BF001E002070
:10BFC0002000380438B5A0B902464FF4D4710D48AA
:10BFD000FBF7B6F9054660B1838C53B9012101F036
:10BFE0005BFF044618B995F93730002B04DB204677
:10BFF00038BD0224204638BD0146284604F07CFBAB
:10C00000204638BD001E002038B598B902464FF4CE
:10C01000D4710D48FBF794F9054658B1838C4BB9A0
:10C0200001F052FF044618B995F93730002B04DBB4
:10C03000204638BD0224204638BD0146284604F07B
:10C040005BFB204638BD00BF001E002070B5D8B98C
:10C050000D4616464FF4D47102461148FBF770F9AD
:10C06000044688B1838C7BB9D0F840319B060ED54D
:10C070002946324601F08EFF054618B994F937304B
:10C08000002B07DB284670BD0225284670BD1A2507
:10C09000284670BD0146204604F02EFBF2E700BFA3
:10C0A000001E0020034A044B12881B8802800B806C
:10C0B000704700BF904400208E440020024A034B8A
:10C0C0001080198000207047904400208E4400208A
:10C0D0004FF0FB0CA0F800C04FF01B0CA2F800C002
:10C0E00040F648004FF4A47208801A80704700BFE1
:10C0F000C8B938B50D4614464FF4D47102460B4802
:10C10000FBF71EF9034660B1808C50B993F8762096
:10C11000C2F302022A7093F87730C3F3020323704C
:10C1200038BD022038BD0220704700BF001E00202D
:10C13000024A034B107019700020704744450020DC
:10C1400043450020F0B583B000BB0F4616464FF4C0
:10C15000D471024614481D46FBF7F2F80446A8B114
:10C16000838C9BB9D0F84031DB0513D52B460125D4
:10C1700000953246394601F0B9FE054618B994F9E2
:10C180003730002B0ADB284603B0F0BD02252846D5
:10C1900003B0F0BD1A25284603B0F0BD0146204685
:10C1A00004F0AAFAEFE700BF001E002068BB10B53C
:10C1B00002460C4616484FF4D471FBF7C1F810B391
:10C1C000838C03BBC38CB0F88C21052B0FD80133B3
:10C1D0009BB202FB03F30F494FF4FA7202FB03F325
:10C1E000A1FB0313C3F34F332380002010BD03FBD7
:10C1F00002F2084940F2E24303FB02F2A1FB021201
:10C20000C2F34F33F0E7022010BD0220704700BF99
:10C21000001E00205917B7D160BB10B502460C466E
:10C2200015484FF4D471FBF78BF808B3838CFBB936
:10C23000C38C42F2107202FB04F1052B01F1FF31B5
:10C240000DD801339BB24FF4FA7202FB03F3194489
:10C25000B1FBF3F189B2A0F88C11002010BD40F2BF
:10C26000E24202FB03F31944B1FBF3F189B2F2E7B6
:10C27000022010BD02207047001E0020FFF70ABDFB
:10C2800038B51B4800224FF4D471FBF759F8044627
:10C2900058B304F1100221460520FDF7F3F90546D5
:10C2A00010B110F1780F0BD11249134A0023C4F8D2
:10C2B00088300B84A2F84030BDE83840FFF7EABC74
:10C2C00040F24D730D490E480E4A11F07FFD0E48A5
:10C2D0002A46002111F07AFD002383F31188BFF371
:10C2E0006F8F0323184602DFDEE700DED1E700BFD1
:10C2F000001E0020E8360020A43600206C4D05000A
:10C30000844D0500BC4D0500A44D0500014B187877
:10C31000704700BF44450020014B1878704700BFAC
:10C32000434500200B46896818600A68107828B1D8
:10C33000916851B90849C2E9021370474A6892F8F6
:10C340002710C90903D100DE704700DEF2E703F1D0
:10C3500008011846EDF7F0BC65BB03000B68DA88EE
:10C360009ABB70B50C4606464FF4D4711848FAF7DC
:10C37000E7FF054628B3838C1BBB01F029FF226829
:10C38000137F03F00303032B08D1012313712268E9
:10C3900031462846BDE8704001F02EBF53B995F8EC
:10C3A00062319B0703D53D2385F864312268012360
:10C3B000137170BD95F862319A07FAD53D2385F85F
:10C3C0006431236801221A7170BD01221A7170470D
:10C3D000001E002010B5B0F824C004464FF6FF70D0
:10C3E00084450CD0A4F824312046C4E9471201F05A
:10C3F000E5FC94F8623113F0010002D110BD00DEBB
:10C40000F0E76FF3000384F862316FF08B0010BD2A
:10C41000F8B51C4D1C4F95F8212006461CE04FF442
:10C42000D4713846FAF78CFF00B3838C6168F3B996
:10C43000E03001F095FA95F8212095F820309A42E5
:10C4400006D00133DBB2042B08BF002385F820306F
:10C45000013E16F0FF0613D095F8203093420FD01E
:10C4600035F8332005EBC304002AD8D061680B7976
:10C470006FF301030B714FF6FF70FDF759F8DAE720
:10C48000F8BD00BFE8360020001E00202DE9F04175
:10C49000324A1468A04205460B4604BF00211160D1
:10C4A000808CA5F86E01182282B0012185F86C21DC
:10C4B00085F88431284601F08BFC05F1E00628461A
:10C4C00001F09AFC304601F033FA304601F068FA88
:10C4D000044638B30379DFF88C8003F00303032BA1
:10C4E0000CBF034600230360404605F17C07FAF7C2
:10C4F000FDFEA8B121463A46FAF754FF304601F056
:10C500004FFA044670B1037903F00303032B0CBF09
:10C510000346002303604046FAF7E8FE0028E9D10D
:10C5200000DEE7E7AA8C0E4B00950532D2B201215E
:10C530000020FCF729FA10F0FD0F08D14FF6FF7329
:10C54000FF20AB8402B0BDE8F041FFF761BFFDF70B
:10C550004BF88542F2D000DEF0E700BF0C37002038
:10C560004DBC03005833002038B505460120FFF7C5
:10C570004FFF05F1E00001F013FAA8B1037903F0D1
:10C5800003030446032B0CBF234600230748236004
:10C59000FAF7ACFE30B105F17C022146BDE8384027
:10C5A000FAF700BF00DEF6E738BD00BF58330020C1
:10C5B00041B32DE9F0414D1EDFF84C80EDB200F1A2
:10C5C000E00700F17C0612E0237903F00303032B5C
:10C5D0000CBF234600232360FAF788FE80B1013D9B
:10C5E00032462146EDB2FAF7DDFEFF2D06D0384681
:10C5F00001F0D6F904464046002CE5D1BDE8F081B3
:10C6000000DEECE7704700BF583300200149FAF71D
:10C6100083BE00BF58330020014B93F841007047A0
:10C62000A436002000B50A4B93F840C093F841E0CF
:10C63000F4450BD080F800E033F83C00088003EBB1
:10C64000CC035B68136018685DF804FB0020FBE70F
:10C65000A4360020074B93F840C0844508D003EB74
:10C66000CC0033F83C300B80436813601868704787
:10C6700000207047A4360020094A92F8401092F832
:10C6800041308B4209D04B1CDBB2082B08BF002382
:10C6900052F8310082F8403070470020704700BFE8
:10C6A000A436002000B50D4A92F841C092F840E04F
:10C6B0000CF10103DBB2082B08BF00239E4509D013
:10C6C00022F83C0002EBCC0CCCF8041082F841308C
:10C6D0005DF804FB00DE00231B80FFDEA436002093
:10C6E00070B55379144605460E46002B39D0237990
:10C6F00003F00302032A0CD04FF6FF72954204BFE9
:10C700006FF30103237121462846BDE87040FCF712
:10C710000FBF4FF6FF739D4206D133689C421AD07B
:10C72000002BF0D000DEEEE7EDB917482A464FF4B3
:10C73000D471FAF705FEE0B1214601F02BFD336814
:10C740009C42EDD1104800224FF4D471FAF7F8FD65
:10C7500008B1838C03B100202146BDE8704001F090
:10C76000F1BA00DEC3E700DE0020214601F012FD31
:10C77000D3E700DE214601F00DFD3368A342E1D08E
:10C78000002BC0D0CEE700BF001E002090F866202E
:10C79000B0F85C30C2F30212022A14BFDB089B0817
:10C7A00090F87E20B0F8580014BF0A3B0B3B9BB2B8
:10C7B000D20644BF043B9BB2984228BF184670473C
:10C7C000704700BF90F8623143F0020380F8623195
:10C7D000704700BF90F862316FF3410380F8623117
:10C7E000704700BFB0F86031B0F82421981880B2CB
:10C7F000704700BF0278038E12B1581E80B2704796
:10C80000418DB0F824215818104480B2704700BF01
:10C8100010B50B68C0F83230044632300B79037122
:10C820000521FAF74FFF94F8373060F3050384F8D9
:10C83000373010BDB0F8703040F6480C63454FF407
:10C84000A47028BF6346834238BF03460880138024
:10C85000704700BF00B5B0F86020B0F85A1003462A
:10C860008A4290F87700B3F85EC028BF0A4600F00D
:10C870000700B3F864101B2A38BF1B22042814BF1A
:10C880004FF4A4704FF42960614528BF614681428E
:10C89000B3F86EC038BF01468C45B3F86A0044D087
:10C8A0009042A3F86E1001D0A3F86A2093F8D1202B
:10C8B00042F00202012083F8D120B3F858C0B3F847
:10C8C000622093F87610B3F85CE0624528BF6246B8
:10C8D00001F007011B2A38BF1B220429B3F8661098
:10C8E00014BF4FF4A47C4FF4296C714528BF7146E6
:10C8F0006145B3F86CE038BF61468E45B3F868C057
:10C9000017D06245A3F86C1001D0A3F8682093F803
:10C91000D1206FF3410283F8D12093F8D120012078
:10C92000024383F8D1205DF804FB9042BCD1002083
:10C93000C3E76245E9D193F8D11041EA510202F010
:10C94000010221F003010A4383F8D1200028E4D139
:10C950005DF804FBB0F86020B0F85A1003468A4234
:10C9600090F87700B3F85EC028BF0A4600F00700D1
:10C97000B3F864101B2A38BF1B22042814BF4FF4DD
:10C98000A4704FF42960614528BF61468142B3F825
:10C990006EC038BF01468C45B3F86A000DD0904296
:10C9A000A3F86E1001D0A3F86A2093F8D12042F0CA
:10C9B0000202012083F8D12070479042F3D1002079
:10C9C000704700BFB0F86220B0F8581003468A42A2
:10C9D00090F87600B3F85CC028BF0A4600F0070064
:10C9E000B3F866101B2A38BF1B22042814BF4FF46B
:10C9F000A4704FF42960614528BF61468142B3F8B5
:10CA00006CC038BF01468C45B3F8680014D0824230
:10CA1000A3F86C1001D0A3F868204FF0010C93F834
:10CA2000D1106046C1F3400242EA0C0221F003013A
:10CA30000A4383F8D12070478242ECD193F8D11099
:10CA4000002001F0010CEDE740F648039A4228BFB0
:10CA50001A464FF4A47CFB2928BFFB2162451346EC
:10CA600038BF6346A0F87210A0F87020A0F85EC02E
:10CA7000A0F85C30A0F85810704700BF70B50446AD
:10CA80000022A266E266A4F874202D4A2D4812887E
:10CA90000588FB2A01F0030328BFFB222833C1F3DA
:10CAA0004001DB00A4F87220A4F858201B22CB40E0
:10CAB000A4F85A2040F648014FF01B128D4222661E
:10CAC00094F8772028BF0D46B5F5A47F02F0070241
:10CAD0009EB2A4F8705038BF4FF4A475042AA4F88D
:10CAE0005E60A4F86460A4F86660A4F85C501ED090
:10CAF000B3F5A47F38BF4FF4A47394F8D120A4F801
:10CB00006E301B2142F00202A4F86A1084F8D12092
:10CB10002046FFF757FF94F8D130AE4243F00103AF
:10CB200084F8D13006D0012384F8743070BD4FF4FE
:10CB30002963E2E7A36DB3F11B1FF4D170BD00BF01
:10CB4000904400208E44002008B50022D0E91E0148
:10CB5000FAF732FCB0FA80F0400908BDF8B5064695
:10CB60000C4600F0FBFF054688B32F1D384602F047
:10CB700003FBEB7963732946304601F005F8304634
:10CB800003F0FAFAAB68EA68C4F84720C4F8433007
:10CB90002B69C6F8AC30A5690023A361ADB10323AE
:10CBA0002F792B71B38CEB8005F11C01204602F02C
:10CBB000CBFA2E2F02D00423A372F8BD2868294691
:10CBC000FCF776FC0423A372F8BD00DEE7E700DE85
:10CBD000CBE700BF70B504460D4600F0B7FF10B9B3
:10CBE0000623AB7270BD04F18F063346002205F1B7
:10CBF0003B0105F12B0006F021FCD4F89B10C4F892
:10CC0000BC10D4F88F10C4F8B010D4F8A810D4F821
:10CC10009320D4F89730C4F8C91000200021C4E94B
:10CC20003001C4F8B42094F8C81094F8A720C4F8D0
:10CC3000B830D4F8AC30C4F8CD30002363F3000131
:10CC400084F89F3084F8A03084F8A13084F8A230B2
:10CC500084F8A33084F8A43084F8A53084F8A63092
:10CC600042F0010384F8C81084F8A7302946204612
:10CC700000F074FF0646A8B1301D02F095FAF37972
:10CC80006B733146204600F07FFF204603F074FAB4
:10CC90004FF4C1636B8194F88E3043F0080384F83D
:10CCA0008E3070BD00DEE7E770B50C46897A82B041
:10CCB00005460D2900F22E81DFE801F05F676A9BCF
:10CCC0009F07070C1836393E5053002A00F0A78002
:10CCD00002B070BD002AFBD12146284600F036FF85
:10CCE000002840F0F1800723A372F1E7022AEFD178
:10CCF000A0690023A361002800F0298103230371A8
:10CD0000AB8CC380237A052B00F00981062B00F041
:10CD1000038100DE2146284600F018FF002840F07D
:10CD2000AA800923A372D3E7002AD1D1F2E7002A0F
:10CD3000CED10B23A372CBE7072AC9D12846012104
:10CD400000F026FF2846FFF73DFD2146284600F06B
:10CD5000FDFE002871D10C23A372B9E7002AB7D1D8
:10CD6000F3E7082AB4D140F20233638195F88E309C
:10CD70006FF3041385F88E30AAE7002AA8D1237A2E
:10CD8000062BD6D00223A372A2E7002AFAD09FE78F
:10CD9000012A9DD111462846019300F0F9FE28464C
:10CDA000FFF710FD284601F041FF019B5A68996882
:10CDB000C4F82510C4F821201A7B84F829205A7B56
:10CDC00084F82A20D3F80E20D3F81210C4F83F10AC
:10CDD000C4F83B20D3F81630C5F8A83021462846C1
:10CDE00000F0B4FE10BB204600F0F2FE0323A37255
:10CDF0006EE7002A7FF46CAFF0E7032A0CD0042A18
:10CE00007FF466AF062140F20362072384F8201006
:10CE1000A4F84D20A3725BE70523A37258E72146CF
:10CE2000284602B0BDE87040FFF7D4BE2146284630
:10CE300002B0BDE87040FFF791BE2146284600F0E1
:10CE40008DFE0646002800F08480301D02F0C0F9F7
:10CE5000F37963733146284600F096FE284603F0C6
:10CE60008BF940F60D33638195F88E306FF3C30371
:10CE700085F88E302CE72146284600F06FFE0646E6
:10CE8000002868D0301D02F099F9F37963733146B8
:10CE9000284600F079FE284603F06EF9284603F094
:10CEA000EFFA0023A3720121284600F085FE2846F0
:10CEB000FFF790FC284601F0BDFE95F88E3043F058
:10CEC000100385F88E3003E72146284600F046FE21
:10CED0000646002841D095F8303194F84E10301DA8
:10CEE0001BB1D5F840315B071DD402F07BF9F37913
:10CEF00063733146284600F047FE284603F03CF9AC
:10CF0000284603F0BDFA94F82030062B11D0242BCC
:10CF10003FF4DEAE00DEDBE61A230371FAE61C30D6
:10CF200002F04CF9F6E60A4694F84D1002F066F964
:10CF3000DDE70121A172284600F03EFE2846FFF7FA
:10CF400049FC284602B0BDE8704001F073BE00DE27
:10CF5000D4E600DE79E700DE94E700DEBBE700BF41
:10CF600092F81FC0ACF1030C02F11C03BCF1080FD6
:10CF700006D8DFE80CF01205050F0505050C0900C1
:10CF80003D2380F8643170470822FFF78DBE0722E9
:10CF9000FFF78ABE0222FFF787BE0122FFF784BE99
:10CFA0008B7A042B04D002D9053B082B03D8704799
:10CFB00005238B72704700DEF9E700BF8B7A042BE4
:10CFC00004D002D9053B082B0AD87047062040F24E
:10CFD0000362072381F82000A1F84D208B7270476F
:10CFE00000DEF2E7887AA0F10400B0FA80F0400990
:10CFF000704700BF13460022FFF756BE70B591F888
:10D000002C3091F82D20042B0C4603D8032B01D093
:10D01000042A0DD91343112113F0070384F82810B3
:10D020004FF001050CD184F828300125284670BD49
:10D03000032A0DD0134313F007034FF00005F2D07D
:10D04000668DFFF7D7FB801B0304EFD42823EAE7A4
:10D05000112381F828300125F2E700BFF0B50E4614
:10D0600083B00DF1060201A9B0F86C50B0F86E70F3
:10D070000446FFF7DFFB96F82D20002A5CD196F8D6
:10D080002C30FBB9B4F86C30AB420ED3BDF806209F
:10D090009A420AD3B4F86E30BB4206D3BDF80420DE
:10D0A0009A4202D3002003B0F0BD94F8D130A4F826
:10D0B0006C5043F001030120A4F86E7084F8D13065
:10D0C00003B0F0BD94F9370000281DDB94F876100A
:10D0D00094F8685001F003032B440D33DB00C1F3D7
:10D0E0004001CB409BB2BDF80650B3F5A47F38BFDA
:10D0F0004FF4A4739D4228BF1D4632B3002803DAC3
:10D1000096F82C30002BBDD094F8772094F86A1054
:10D11000BDF8047002F003030B440D33DB00C2F3CF
:10D120004002D3409BB2B3F5A47F38BF4FF4A47341
:10D130009F4228BF1F46A5E794F937000028C5DBAA
:10D1400096F82C30002BDFD0C0E796F82C30002B5F
:10D1500098D0002896DAD7E710B50C4689690023E5
:10D16000A36131B394F82130DB071DD50B792E2B49
:10D170001DD11D230B71838CCB8094F828300B7745
:10D1800090F87730C3F302038B7790F87630C3F3CF
:10D1900002034B770868FCF78BF994F821306FF3A2
:10D1A000000384F8213010BD01230B71F2E700DE8B
:10D1B000DFE700DED6E700BF38B591F821304D6AD1
:10D1C0009B070C4603D4BDB101232B7108E0A5B128
:10D1D00003232B71838CEB8005F11C0102F05EF9B7
:10D1E00028682946FCF764F994F8213000226FF38F
:10D1F000410384F82130626238BD00DEE8E700BFF9
:10D2000070B50C46054600F0BDFC6062C0B1637BA2
:10D21000E66966610022172BE26109D000DE28462C
:10D22000314600F0B1FC2846BDE8704002F0A4BFD2
:10D23000311D284602F01CF841F603036381EEE736
:10D2400000DEE4E770B5CB690C460646002B4CD0F7
:10D25000637B162B2ED196F93730002B2ADBE5693C
:10D2600065610023E36194F8203096F89C21C3F3B4
:10D27000C20363F3C50286F89C2194F8202096F837
:10D280009C3162F3020386F89C3194F8203096F8C2
:10D290007620C3F3801363F3C302291D86F876203A
:10D2A000204601F0C1FF0221304600F071FC02234C
:10D2B000A37211E000F05EFC10B90723A37270BDE9
:10D2C00000F060FC606290B1637BE56965610022FB
:10D2D000162BE261C7D000DE3046294600F054FC30
:10D2E0003046BDE8704001F0A9BC00DEB0E700DECA
:10D2F000EAE700BF38B505460C4601F08FFC10B1D7
:10D300000123A37238BD284602F024FF0028F7D17C
:10D310002146284600F01AFC0028F1D0284602F0E9
:10D3200017FF0728ECD02846012102F00BFF284602
:10D330000D2102F00BFF162321466373284600F0EF
:10D340000DFCE06121462846BDE83840FFF77ABF72
:10D3500038B505460C4602F007FF10B10223A37250
:10D3600038BD2146284600F0F1FB0028F6D02846BB
:10D3700002F0EEFE0728F1D00D21284602F0E6FE6D
:10D38000172363732146284600F0E8FBE06158B19B
:10D3900000F0F0FB10B90723A37238BD21462846E0
:10D3A000BDE83840FFF72CBF00DEF1E770B50C4652
:10D3B000897A82B006461546092906D8DFE801F0C9
:10D3C000080D474A05056F8693C100DE02B070BDA7
:10D3D000002DFBD10123A372F8E71946204601F086
:10D3E00039FF94F8202096F89C31C2F3C200C3F3B1
:10D3F000C2010140C3F30203C2F30200034043EA47
:10D40000C10322F03F02134384F8203096F93730ED
:10D41000002B0BDB94F8203013F0380F40F0A58080
:10D4200094F8203023F03F0384F820300221304666
:10D4300000F0AEFB012DC9D196F83730DB09C4D01E
:10D440002146304602B0BDE87040FFF781BF002D95
:10D45000BCD1F5E7022DB9D190F93730002B80F21D
:10D46000BD80614B96F8762093E8030094F8203055
:10D47000134302AD03F0070305E9030008336B44CF
:10D48000022113F8083C304663F30612062386F89F
:10D490007620A37202B0BDE8704000F08DBB032D72
:10D4A00094D11946204601F0F9FE21463046FFF797
:10D4B000A5FD0546204600F08BFB002D60D094F8BA
:10D4C0002830282B32D186F864312FE0002D7FF4EC
:10D4D0007DAFE369002B75D000F04CFB002848D1EC
:10D4E0000723A37272E7002D7FF470AFFFF77AF97C
:10D4F000638DC01A03043FF569AF84F8285096F98C
:10D50000375096F8760096F8773094F82C2094F8F7
:10D510002D10002D00F0070E03F0070C36DB002263
:10D5200094F8213062F3000384F8213096F87630C5
:10D53000C3F3020262F30613092286F87630A27260
:10D5400044E7042D7FF442AF2146FFF705FE214654
:10D550003046FFF731FE304602F092FF00213046A0
:10D5600002F0F4FD0023A37230E75A077FF45EAFA8
:10D5700056E72146304602B0BDE87040FFF740BE96
:10D58000304602F0FFFD0823A3721FE711F00301EC
:10D590001AD061F3020012F0030286F876001FD061
:10D5A00062F302038E4586F8773014D02146304668
:10D5B000FFF754FD94F8213060F34103012284F811
:10D5C0002130ADE700DE87E712F00302A7D062F357
:10D5D000020386F877306245E8D1A0E700DE40E735
:10D5E0008E45E3D19BE700BFD844050070B5D37FDB
:10D5F000112B05460C4602F11C060BD0182B3AD015
:10D60000072B10D0242380F8643101F0BDFB0023E8
:10D61000A37270BD8B7A062B59D088BF073B022BB3
:10D62000F7D900DE70BD8B7A062BF6D1002102F00F
:10D6300089FDD5F840311A2223F48073C5F84031B2
:10D64000204684F8282000F0C3FA94F8213043F0F3
:10D65000010384F8213095F87630C3F3020262F3B7
:10D660000613092285F87630A27228460221BDE809
:10D67000704000F0A1BA8B7A062BCED190F93730EA
:10D68000002B4EDA0221284602F05CFD314620468E
:10D6900001F004FE21462846FFF7B0FC064620466E
:10D6A00000F096FA0EBB94F82D302BB195F8762049
:10D6B00063F3061285F87620284601F0C9FA08239C
:10D6C000A37228460221BDE8704000F075BA3146C9
:10D6D000204601F0A1FD94F84E3084F82830284609
:10D6E000002102F02FFD2046ADE70021284602F080
:10D6F00029FD94F828300BB185F8643194F8203076
:10D7000094F82120DB0963F3000284F8212095F8C6
:10D710007630C3F3020262F3061385F876300923EC
:10D72000CEE700DEAEE700BF70B58B7A0C4605464B
:10D73000092B06D8DFE803F0070706050505060BE9
:10D740000F0600DE70BDBDE87040FFF7D3BDBDE839
:10D750007040FFF777BDFFF745F8638DC01A0304EB
:10D76000F0D495F937C095F8760095F8773094F8AD
:10D770002C2094F82D10BCF1000F00F0070603F0E8
:10D78000070E1ADB0021284602F0DCFC94F820305A
:10D79000002284F82820DB0994F8212063F300029A
:10D7A00084F8212095F87630C3F3020262F3061361
:10D7B000092285F87630A27270BD11F003011FD0E6
:10D7C00061F3020012F0030285F8760022D062F3C2
:10D7D00002038E4285F8773019D021462846FFF79C
:10D7E0003DFC94F8213060F3410384F8213000219E
:10D7F000284602F0A7FC002384F828300123CBE759
:10D8000012F00302BED062F3020385F8773096452A
:10D81000E3D1B7E78E42E0D1B4E700BF8B7A022BA9
:10D8200004D002D9063B032B06D870470A4690F86D
:10D830003710C909844601D100DE704730B590F831
:10D84000764092F820E00F4944EA0E0E0EF0070EE3
:10D8500083B00EF108000DEB000E03C902AD05E91F
:10D86000030019461EF8083C604663F3061441F6AF
:10D8700006038CF87640538103B0BDE8304000F0D9
:10D880009BB900BFD844050038B58B7A082B04D863
:10D89000033B022B00D800DE38BD092BFBD1054627
:10D8A0000C46FFF759FC21462846FFF785FC284621
:10D8B00001F06AFA0021284602F048FC0023A37216
:10D8C00038BD00BF10B592F81FE0BEF1160F02F18F
:10D8D0001C030BD0BEF1180F0DD024230C4680F88A
:10D8E000643102F0CDFD0023A37210BDBDE81040ED
:10D8F0000122FFF75BBDBDE810400322FFF756BDD4
:10D9000013460022FFF752BD13460222FFF74EBD19
:10D9100000230422FFF74ABD0023037043608360A5
:10D92000C3600361704700BF037801330370704721
:10D9300003785BB9C3687BB102691AB1816861B1D0
:10D940000B6082600023C36003617047013BDBB260
:10D950000370002BEED0704770474360F1E700BFC3
:10D9600003783BB100230C300B60436843B119606E
:10D9700041607047002304300B604368002BF6D1F0
:10D9800001604160704700BF00230B60836813B1E2
:10D9900019608160704741608160704740687047DE
:10D9A0000346406828B1996802685A60884208BFF7
:10D9B0009A6070474078A0F10C00B0FA80F04009FE
:10D9C000704700BF4078A0F10800B0FA80F040092D
:10D9D000704700BF4078A0F10200B0FA80F0400923
:10D9E000704700BF4078A0F11700B0FA80F04009FE
:10D9F000704700BF4078A0F10100B0FA80F0400904
:10DA0000704700BF4078A0F10900B0FA80F04009EB
:10DA1000704700BF4078A0F10600B0FA80F04009DE
:10DA2000704700BF4078A0F11800B0FA80F04009BC
:10DA3000704700BF4078A0F10300B0FA80F04009C1
:10DA4000704700BF4078A0F10500B0FA80F04009AF
:10DA5000704700BFF8B5064608460D46F9F746FC84
:10DA6000044680B1002745600672476187612C2219
:10DA7000394620300DF09CF84FF47F43FF2262724C
:10DA80006381A381A7732046F8BD00BF4078A0F151
:10DA90000200B0FA80F04009704700BF4078A0F162
:10DAA0000200B0FA80F04009704700BF4078A0F152
:10DAB0000100B0FA80F04009704700BF4078A0F143
:10DAC0000200B0FA80F04009704700BF4078A0F132
:10DAD0001800B0FA80F04009704700BF4078A0F10C
:10DAE0000100B0FA80F04009704700BF4078A0F113
:10DAF0000100B0FA80F04009704700BF4078A0F103
:10DB00000900B0FA80F04009704700BF4078A0F1EA
:10DB10000900B0FA80F04009704700BF4078A0F1DA
:10DB20000300B0FA80F04009704700BF4078A0F1D0
:10DB30000300B0FA80F04009704700BF416809B1A6
:10DB4000F9F7EABB00DE4168F9F7E6BB024B18685B
:10DB5000003818BF012070472C0C002010B5044875
:10DB6000F9F7C4FB04460430FEF72AFE204610BD38
:10DB70002C0C002008B50120FBF7AEFC003818BFC4
:10DB8000012008BDFBF7C2BCE030FFF7FDBE00BFBF
:10DB900038B590F8563105460C461BB11C4385F844
:10DBA000564138BDE030FFF7BFFE95F856311C43B3
:10DBB00085F8564138BD00BF90F8563123EA01017F
:10DBC00080F8561101B17047E030FFF7B1BE00BFD9
:10DBD000836943B11A792E2A04D02E221A718369DF
:10DBE00002691A60704700DE8369F3E783694BB10D
:10DBF0001A792E2A00D0704701221A7181690868AB
:10DC0000FBF756BC00DE8369F2E700BF8B6913B1F6
:10DC10001A792E2A0BD00B7A072B15D0CB692BB192
:10DC2000D0F85C211A60CB69C0F85C3170471B6882
:10DC3000D0F858215A608B6901221A718B69C0F89B
:10DC400058310B7A072BE9D14B6A002BE6D01B68C1
:10DC5000D0F858215A604B6A01221A714B6AC0F8F9
:10DC60005831DBE7F8B50D4F05463846F9F73EFB6E
:10DC7000044680B1002647600572466186612C2209
:10DC8000314620300CF094FF4FF47F43FF22627244
:10DC90006381A381A6732046F8BD00BF1C0C002041
:10DCA00010B50A4B062258685021F9F7F9FA084BCB
:10DCB000012258685021F9F7F3FA064BBDE81040ED
:10DCC000586804222C21F9F7EBBA00BF240C00207D
:10DCD0001C0C00202C0C002038B50446002501F057
:10DCE00027F82046C4E93E5584F8045102F0AAFB07
:10DCF000C4F82851C4E9425584F81651A4F81451C7
:10DD0000A4F81851C4F82B51A4F84851C4F8305164
:10DD1000C4F83451C4F83851C4F83C51C4F84051E7
:10DD2000C4F84451FAF7BCFE94F88E3084F856518A
:10DD3000C4E95001C4E9565523F0180384F88E3025
:10DD4000258638BD08460149F9F7E6BA2C0C0020B3
:10DD500010B5B0F8024182B0034624B1A1420FD2FF
:10DD6000641AA0F80241B3F8120120B181420FD227
:10DD7000401AA3F8120100231846137002B010BD18
:10DD8000019200F0FDFE019A58B1037A0A2B03D0EC
:10DD900022236FF07300F0E790F820306FF07300EB
:10DDA000EBE700DEF1E700BF034B0B44B3FBF1F3FD
:10DDB000A0F81831704700BFFF59620210B5044641
:10DDC00002F048FB2046BDE8104000F0B9BF00BF9C
:10DDD00010B5044611B1012907D010BD02F070FB47
:10DDE0002046BDE8104000F0F3BF02F07DFB204666
:10DDF000BDE8104000F0FABF70B5D0F858410646B3
:10DE000034B1206821464468FBF746FB002CF8D16A
:10DE1000D6F85C410023C6F858313CB1054D204688
:10DE200024682946F9F778FA002CF8D10023C6F8BF
:10DE30005C3170BD2C0C002090F93730002B14DAC7
:10DE400070B504460E46032009491546FFF702FE49
:10DE5000014640B180F8206080F82150204600F053
:10DE60005BFE002070BD0C2070BD0C20704700BF11
:10DE7000240C002010B5074904460120FFF7EAFDF5
:10DE800028B10146204600F047FE002010BD0C20BE
:10DE900010BD00BF240C002038B504460D460220FA
:10DEA0000849FFF7D7FD58B190F8203065F300031B
:10DEB000014680F82030204600F02EFE002038BDBC
:10DEC0000C2038BD240C002010B50749044604205E
:10DED000FFF7C0FD28B10146204600F01DFE0020DE
:10DEE00010BD0C2010BD00BF240C00202DE9F04116
:10DEF00005468846072010499DF8186017461C46BD
:10DF0000FFF7A8FDA8B1E30008F0070803F0380305
:10DF1000BF0143EA080307F040073B4343EAC61347
:10DF2000014680F82030284600F0F6FD0020BDE8CC
:10DF3000F0810C20BDE8F081240C002038B50446A7
:10DF40000D4600F097FF204602F062FB07490A20C9
:10DF5000FFF780FD38B1014680F82050204600F0E0
:10DF6000DBFD002038BD0C2038BD00BF240C002094
:10DF700008B590F93730002B08DB00F001FE20B126
:10DF8000037A0B2B0CBF2230002008BD02F0E8F80A
:10DF9000F5E700BFF8B5D0F840319B0601D400206A
:10DFA000F8BD04460D460C2008491646FFF752FD01
:10DFB000074648B1294620463246FEF745FD394618
:10DFC000204600F0A9FDEAE70C20F8BD240C002053
:10DFD00070B506460D4602F0C3F820B1037A053B42
:10DFE000012B044601D90C2070BD01463046FEF7D6
:10DFF000F9FF0028F7D029686A68AB68ED68C4F8B3
:10E0000037503046C4F82B10C4F82F20C4F83330F2
:10E010002146FEF7C5FF002070BD00BF38B505469C
:10E0200002F09EF820B1037A053B012B044601D98A
:10E030000C2038BD01462846FEF7D4FF0028F7D053
:10E0400028462146FEF7BAFF002038BD2DE9F843E7
:10E050000546D0F84001BDF820801E4683070F46D4
:10E06000914617D495F93730002B1FDB2A49082039
:10E07000FFF7F0FC0446002C42D0237A082B0FD087
:10E08000092B16D000DE2846214600F045FD002071
:10E09000BDE8F88320490920FFF7DCFC0446EAE7E5
:10E0A000A4F828906685A4F82C80ECE71A20BDE837
:10E0B000F883099BE784A4F828906685A4F82C804F
:10E0C00003B31B882387099B5B886387099B9B8815
:10E0D000A387099BDB88E387099B1B89A4F8403051
:10E0E000099B5B89A4F8423095F93730002BCADAD6
:10E0F0002846FDF74BFE0146284602F0FDFAC2E72E
:10E100000C20C5E7054A4FF0FF33C4E90E23A4F8FD
:10E1100040304FF6FF73E5E7240C00200000FFFFBE
:10E1200008B502F01DF828B1007AA0F10C00B0FA91
:10E1300080F0400908BD00BF10B5044602F010F899
:10E1400010B1037A092B00D010BD01462046BDE86E
:10E15000104001F0CBBE00BF38B504460D4601F0BB
:10E16000FFFF10B1037A092B00D038BD80F8205092
:10E1700001462046BDE8384001F0BCBE08B501F0BC
:10E18000EFFF28B1007AA0F10900B0FA80F0400951
:10E1900008BD00BF38B505460C4600F0F1FC10B1D3
:10E1A0004369A3420ED0284601F0DAFF10B143695B
:10E1B000A34200D038BD224601462846BDE838407B
:10E1C00002F0DEB801462246284600F07BFDEAE771
:10E1D00010B5044600F0D4FC18B10146204600F00A
:10E1E00095FD204601F0BCFF014620B12046BDE868
:10E1F000104002F0F9B810BD2DE9F041537F1446EC
:10E2000005460E46002B3FD0D37F1E2B29D928462A
:10E2100000F0B6FC0746284601F0A2FF0146002F99
:10E220005ED0FA7AE37F002848D09342C07A51D07A
:10E230003A7B002A5DD098424ED00A7B002A4BD10F
:10E24000072B6DD0112B04D14A7B94F820309A42D1
:10E2500042D02346324639462846BDE8F04100F018
:10E26000FBBC444A52F8232022B104F11C00904721
:10E2700060B1E37F022BCAD10123224631462846F2
:10E28000BDE8F04102F04CB9FF23D377284600F0F7
:10E2900077FC28B1E27FC37A9A420DD0037B5BB949
:10E2A000284601F05DFF002850D0E27FC37A9A42F1
:10E2B00002D0037B002BE0D0BDE8F0819342C8D0B0
:10E2C0003A7B002AC5D1072B4DD0112B4BD00D2BFB
:10E2D000BFD0D1E798421CD11F2385F86431EBE70A
:10E2E0000028C9D0234632462846BDE8F04101F057
:10E2F000E3BF072B2CD0112B18D0B3F10D0218BFA0
:10E30000012298421FD00B7BEBB9002AA1D0242315
:10E31000E3E70A7B002ADFD1072B95D0112B98D198
:10E320004B7B94F820209A42D6D092E77A7B94F8DF
:10E330002030D21A18BF0122112804D0087B10B94E
:10E34000487B9842E1D1002ACCD1C5E7034694E747
:10E350007A7B94F82030D21A18BF01220728EDD119
:10E36000002ABFD1B8E77A7B94F820309A4283D153
:10E370006FE700BF104E0500F8B58D6900270C4609
:10E3800006468F6175B3012703232B71B38CEB8095
:10E39000237A042B05F11C0119D00C2B13D0022B6E
:10E3A00008D000DE07B1F8BD28682946BDE8F8406E
:10E3B000FBF77EB8637A072B10D0092BF1D13046DA
:10E3C00000F0F0FDEEE7304601F068F8EAE7637A26
:10E3D0000C2BE6D1304600F091FEE3E7204600F03A
:10E3E0008DFDDFE7FFF7CEFB05460028CCD100DE30
:10E3F0000071FFDE70B506460C46FFF7AFFB054621
:10E40000002855D0237A013B291D0B2B07D8DFE8C4
:10E4100003F0151B212806060606062E063500DE2B
:10E42000EB79637329463046FFF7AEFB237A0A2B5C
:10E430002AD03046BDE8704000F000BC084600F02D
:10E4400037FD1323E372EBE7304600F065FD092347
:10E45000E372E5E7204600F01DFEFF236561E372ED
:10E46000DEE7084600F038FE0C23E372D8E72046CA
:10E4700000F022FEFF236561E372D1E7304600F031
:10E48000DDFF1523E372CBE7F38CB6F8921140F26F
:10E49000E24202FB03F342F2107202FB0131013946
:10E4A0003046B1FBF3F1BDE8704089B200F0CCBB5F
:10E4B00000DEA7E72DE9F04107460C46164601F0BD
:10E4C00053FE28B10323A37200252846BDE8F0813E
:10E4D00021463846FFF73AFB05460028F2D0214690
:10E4E0003846FFF73BFB804600283CD0237A013BAF
:10E4F00008F104010B2B07D8DFE803F01B210627E6
:10E50000060606060606062D00DE98F80730637339
:10E5100041463846FFF738FB384601F02DFE04230C
:10E52000A372002ED1D0384601F0AAFF0023A372B7
:10E53000CBE7084600F0C6FCFF23E372E5E7384668
:10E5400000F00EFDFF23E372DFE7084600F0C4FD94
:10E55000FF23E372D9E7384600F088FFFF23C4F8B1
:10E560001480E372D1E700DEC0E700BF38B50B7A54
:10E57000013B0C4605460B2B0CD8DFE803F00606E2
:10E580000B1B0B0B0B0B0B0D0B16BDE838400122C0
:10E59000FFF790BF00DE38BD01F072FF94F8203025
:10E5A0000022A27285F8643138BDBDE838400022EF
:10E5B000FFF780BF90F8283143B90122FFF77AFFB7
:10E5C0000028E8D0012385F8283138BD01F058FF34
:10E5D0000023A37238BD00BF38B50B7A013B0C464F
:10E5E00005460B2B15D8DFE803F006160E2414148D
:10E5F00014141433143B4B7A072B04D0132B02D082
:10E60000242385F86431284600F0BEFB0023A37262
:10E6100038BD00DE38BD4B7A072B01D0092BEFD176
:10E6200094F82030DB07EED521462846FFF7A4FEFC
:10E63000E9E74B7A0C2BE3D18B6993B3214628464B
:10E64000FFF79AFE284600F09FFB0023A37238BD17
:10E6500000F09AFB00221623A27285F8643138BDBF
:10E660004B7A152B16D0072BCAD1D0F8403123F0A6
:10E670002003C0F8403100F087FB0023A372284636
:10E68000FFF74EFD0028C3D128460421BDE83840DD
:10E69000FFF792BAFEF7DEF868B9284600F074FB7F
:10E6A000EBE7FFF767FA0028C8D1284600F0C6FA62
:10E6B0000423A37238BD21462846FFF75DFEECE730
:10E6C00070B50E7A731E0C4605460B2B07D8DFE893
:10E6D00003F0080F2337060606060653066100DE20
:10E6E00070BD00F09BFA00287FD00123A37270BD9B
:10E6F00000F094FA0028F8D121462846FFF726FAC0
:10E700000028F2D021462846FFF774FE6369002BEB
:10E7100008BF0326A67270BD00F080FA0028E4D17D
:10E7200021462846FFF712FA0028DED02146284667
:10E73000FFF760FE6369002B18BF0226A67270BD4A
:10E7400090F828319BBB00F069FA0028CDD1214612
:10E750002846FFF7FBF90028C7D021462846FFF7D7
:10E7600049FE6269002A4FF001030CBF0322022216
:10E77000A27285F8283170BDFFF7E8F90028B4D0FF
:10E7800021462846FFF736FE1622022384F8202071
:10E79000A37270BDD0F840319B0602D5FFF7C0FCD4
:10E7A00068B1284600F0F0FA0023A37270BD0C2275
:10E7B00000234A728B61BDE87040FFF70DBF284609
:10E7C00000F02CFA002890D121462846FFF7BEF928
:10E7D00000288AD004212846FFF7DAF92146284686
:10E7E000FFF708FE0323A37270BD21462846FFF7FA
:10E7F000ADF900283FF479AF21462846FFF7FAFD2E
:10E800006369002B0CBF03230223A37270BD00BFFA
:10E810008B7A022B04D002D9033B012B07D8704717
:10E820000B7A032B01D00A2BF9D1FFF7D5BE00DEFE
:10E83000704700BF38B58B7A032B05D001D9042B64
:10E8400000D138BD00DE38BD0546D07F0C46831EA2
:10E8500002F11C016072172B0DD8DFE803F00C0CDD
:10E860000C0C0C1F0C1B0C0C170D0C0C0C130C0DB2
:10E870000C230C0C0C0D00DE21462846BDE8384068
:10E88000FFF7AABE204600F0C7FCF5E7284600F0D7
:10E890004BFCF1E7284600F0D1FBEDE7204600F005
:10E8A00029FBE9E7284600F039FEE5E738B58B7A21
:10E8B000032B05D8012B0AD8BDE83840FFF700BF6D
:10E8C000042B03D10B7A042B0C4601D000DE38BD9B
:10E8D0000546FFF74FF90028F9D021462846FFF7F3
:10E8E0004BFD284600F050FA0023A37238BD00BF4C
:10E8F00038B58B7A012B06D002D9023B022B00D807
:10E9000038BD00DE38BD0546D07F0C46831E02F1BF
:10E910001C016072122B20D8DFE803F0291F1F1F93
:10E920001F1F251F1F1F211F1F1F1F1F191F0A0029
:10E93000284600F0CBFD04212846FFF729F9284698
:10E94000FEF708F884F820002046FFF741F9214639
:10E950002846BDE83840FFF709BE00DEF7E7284645
:10E9600000F0E2FBF3E7284600F03AFBEFE7204631
:10E9700000F0AEFB08212846FFF70AF9E7E700BFE1
:10E98000F8B58D7A032D00D8F8BD042D23D10B7A6C
:10E990000C2B0C46F8D10646FEF714F894F82030FC
:10E9A000294640EA03053046FFF706F9A769002328
:10E9B000EDB2A36107B33B792E2B0ED17DB90123B4
:10E9C0003B7138683946FAF773FD304601F058FD5F
:10E9D0000023A372F8BD00DEF8BD00DEEEE70323DE
:10E9E0003B71B38CFB80237A0C2B07F11C0105D102
:10E9F000304600F053FDE4E700DEDCE700DEF7E739
:10EA000038B58B7A0C460546042B1AD8DFE803F09C
:10EA1000140F03100F000B7A0A2B10D1284601F0B7
:10EA20002FFD94F820300022A27285F8643138BDA1
:10EA3000BDE83840FFF79ABD01238B7238BD00DE78
:10EA4000ECE700DE38BD00BF70B5044604F03AFCC8
:10EA500068B1D4F8F85045B1D4F8FC202B68C4F85C
:10EA6000F830954208BFC4F8FC30284670BD054612
:10EA70000121032004F0ECFB2A4606460121032075
:10EA8000F8F7D2FCD4F8F85045B1D4F8FC202B6844
:10EA9000C4F8F830954208BFC4F8FC30002EE4D02A
:10EAA000012211460320F8F7BFFC284670BD00BFC5
:10EAB000F8B506460C4604F005FC68B1D6F8F850E7
:10EAC000AC421FD1A3690BBB3046FFF7BDFF204608
:10EAD000BDE8F840FFF732B805460121032004F0F5
:10EAE000B7FB2A46074601210320F8F79DFCD6F81C
:10EAF000F850002FE4D0012211460320F8F794FCCF
:10EB0000AC42DFD000DEA369002BDDD01B792E2BB9
:10EB1000DAD100DED8E700BFF8B505460C4604F0B0
:10EB2000D1FB40B100232360D5F8FC30F3B11C6069
:10EB3000C5F8FC40F8BD06460121032004F088FB1F
:10EB40003246074601210320F8F76EFC2660D5F80F
:10EB5000FC3083B11C60C5F8FC40002FEAD00122D4
:10EB6000BDE8F84011460320F8F75EBCC5F8F84050
:10EB7000C5F8FC40F8BDC5F8F840C5F8FC40ECE726
:10EB800070B5054604F09EFB18B1D5F8F840204654
:10EB900070BD04460121032004F05AFB22460646BC
:10EBA00001210320F8F740FCD5F8F840002EEED004
:10EBB000012211460320F8F737FC204670BD00BF44
:10EBC00038B50546FFF7DCFF037A013B04460B2B03
:10EBD0001BD8DFE803F0060606061A1A1C141406F2
:10EBE0001A06014600222846FFF760FEA37B03B900
:10EBF00038BD21462846BDE83840FFF759BF0146D9
:10EC00000022284601F044F9F0E700DEEEE7014675
:10EC100000222846FEF788FDE8E700BF90F80401CF
:10EC2000A0F10100B0FA80F040097047012380F89C
:10EC300004317047002380F804317047B0F8183170
:10EC4000A0F80231704700BFA0F80211704700BF62
:10EC50000023A0F80231704738B50C468969054693
:10EC600010461A46F9B1217A01390B2923D8DFE879
:10EC700001F0060606062222241D1D062206214654
:10EC80002846FFF7D7FDA36923B11B792E2B1CBFA4
:10EC90000023A361A37B03B938BD21462846BDE804
:10ECA0003840FFF705BFA3612061DCE72146284615
:10ECB00001F098F8E7E700DEE5E721462846FEF791
:10ECC00095FCE0E738B50B7A033B0C460546092B6B
:10ECD00009D8DFE803F0050808080D08080508054D
:10ECE0002146FFF795FDA37B0022626143B938BD41
:10ECF0002146FEF793FDA37B00226261002BF6D034
:10ED000021462846BDE83840FFF7D2BE38B50B7A19
:10ED1000072B0C46054608D0A37B03B938BD214616
:10ED20002846BDE83840FFF7C3BEFEF7ADFDF3E768
:10ED30000222002380F80021A0F80231704700BFB2
:10ED400038B590F800310446032B1AD8DFE803F0F9
:10ED500002100F10FFF714FF48B1057A2046FFF7A5
:10ED60002FFF0A2D14BF0123032384F8003138BD7F
:10ED7000FFF706FF0028FAD02046BDE83840FFF72D
:10ED80001FBF00DE38BD00BF10B590F8003104464B
:10ED9000032B1BD8DFE803F00D020C02FFF7F0FE97
:10EDA00090B100230122A4F80231827384F800316B
:10EDB00010BDFFF7E5FE28B100220123A4F80221CF
:10EDC000837310BD00DEF7E700DEEAE700DE10BD6A
:10EDD00090F80031022B03D001D9032B04D17047E6
:10EDE000002380F80031704700DE704738B590F896
:10EDF00000310446032B3AD8DFE803F0092612134A
:10EE000020462946FEF702FF2846FEF797FE2046D9
:10EE1000FFF71AFE05460028F2D1022384F80031DC
:10EE200038BDFFF711FE05460028F6D029462046DA
:10EE3000FEF7ECFE2846FEF781FE2046FFF704FEB3
:10EE400005460028F2D1E8E7FFF7FEFD0546002859
:10EE5000E3D029462046FEF7D9FE2846FEF76EFE8F
:10EE60002046FFF7F1FD05460028F2D1D5E700DE88
:10EE700038BD00BF38B50546FFF7E6FD68B104466A
:10EE800021462846FEF7C2FE2046FEF757FE2846DA
:10EE9000FFF7DAFD04460028F2D10024A5F802416C
:10EEA0002146284601F04EF985F8004138BD00BFE3
:10EEB00003780121122243F0030303704170C270F2
:10EEC000704700BF03780121132243F0030303704E
:10EED0004170C270704700BF0B784FF0020C43F0D6
:10EEE000030307220B7081F801C0CA7090F84C3000
:10EEF0000B7170470B7980F84C3070470B784FF0EE
:10EF0000020C43F0030307220B7081F801C0CA70A2
:10EF100090F84C300B71704710B50B780C460922F5
:10EF2000082143F00303E1706270237090F93730D9
:10EF3000002BACBF0B460E23E370F9F7B1FD0022A6
:10EF400061F30702C1F3072C0B0C6CF30F2263F380
:10EF500017421B0A63F31F626060A26010BD00BF0E
:10EF600038B50C460546F9F79BFD237843F00303BB
:10EF7000237009236370E370D5F84031217263F088
:10EF8000FF031840020C0B0CC0F307252071C1F3DE
:10EF90000721100AA2711A0AE07165716172A372E9
:10EFA000E27238BD0B78092243F003030B704A70FC
:10EFB000CA70D0E94E23100CC2F3072C0A711A0C48
:10EFC00081F805C088714FEA102C0B72C3F307203B
:10EFD000130A81F807C048728A72CB72704700BF6B
:10EFE0002DE9F0414B68144F8E685A0F82EA137274
:10EFF00002F001021F400021931849419B18054669
:10F0000041F1000887EA0374F9F74AFD04EA0003B6
:10F01000C5F8403163F0FF0306F0EF063B4046EAD7
:10F020000878C5E94E3608EA01010122C5F8441105
:10F0300085F83021BDE8F0812FCF87F72DE9F04129
:10F040004A68134F8E68530F83EA127303F001036B
:10F05000D91807EA02074FF000025241C9180546C5
:10F0600042F1000487EA0178F9F71AFD06F0EF068D
:10F0700046EA0474C5E94E7608EA00000C40012314
:10F08000C5F84001C5F8444185F83031BDE8F0814C
:10F090002FCF87F70B784FF0030C43F003031922AF
:10F0A0000B7081F801C0CA7090F820300B7190F895
:10F0B00021304B71704700BF0B78022243F00303ED
:10F0C0000B704A70CA7090F820300B71704700BF07
:10F0D0000B7980F8203070470378074AC0F8052084
:10F0E0004FF0060C43F0030340F60C51037080F818
:10F0F00001C0A0F803107047F105FFFF0B784FF037
:10F10000060C43F003030C220B7081F801C0CA7097
:10F1100090F82A310B71B0F82B31A1F80530B0F816
:10F120002D31A1F807307047012380F829310B7980
:10F1300080F82A31B1F80530A0F82B31B1F807304A
:10F14000A0F82D31704700BF0B78032243F0030372
:10F150004FF0170C0B7081F801C0CA70D0F8213045
:10F16000D0F825208A604B6090F829300B7390F816
:10F170002A304B73704700BF10B503780D2104226D
:10F1800043F0030341700370C270841804F09AF8CE
:10F190000C2120B12046BDE8104001F0D5BE20462C
:10F1A000BDE8104001F0C6BE03780121052243F0FE
:10F1B000030303704170C270704700BF03780121E0
:10F1C000062243F0030303704170C270704700BF12
:10F1D000037801210B2243F0030303704170C270D6
:10F1E000704700BF037801714FF0020C43F0030336
:10F1F0000D22037080F801C0C2707047037801715E
:10F2000043F003034FF0030C0370112380F801C097
:10F21000C3704271704700BF0B7980F84D304B7955
:10F2200080F84E30704700BF0B784FF0030C43F06E
:10F23000030316220B7081F801C0CA7090F82030C9
:10F24000C3F3C2034B7190F82030C3F302030B7178
:10F25000704700BF0A7990F8203062F3C50380F848
:10F2600020304A7962F3020380F82030704700BFF3
:10F270000B784FF0030C43F0030317220B7081F857
:10F2800001C0CA7090F89C31C3F3C2034B7190F86F
:10F290009C31C3F302030B71704700BFCB884385D9
:10F2A0000B7980F82C304B7980F82D30704700BFF7
:10F2B0000B784FF0180C43F003030F220B7081F80A
:10F2C00001C0CA70C38C8B80038DCB80438D0B81B2
:10F2D000838D4B8190F834300B73C38EA1F80D30C1
:10F2E000038FA1F80F30438FA1F81130838FA1F85D
:10F2F0001330C38FA1F81530B0F84030A1F81730A3
:10F30000B0F84230A1F81930704700BF0B784FF0C9
:10F31000180C43F0030310220B7081F801C0CA706F
:10F32000C38C8B80038DCB80438D0B81838D4B8170
:10F3300090F834300B73C38EA1F80D30038FA1F811
:10F340000F30438FA1F81130838FA1F81330C38F92
:10F35000A1F81530B0F84030A1F81730B0F84230BD
:10F36000A1F81930704700BF8B88C384CB88038510
:10F370000B8943854B8983850B7B80F83430B1F84A
:10F380000D30C386B1F80F300387B1F811304387D1
:10F39000B1F813308387B1F81530C387B1F817304F
:10F3A000A0F84030B1F81930A0F84230704700BFE3
:10F3B0000B78002243F003034FF00C0CCA700B7063
:10F3C00081F801C090F823300B71036B094AA2FB4E
:10F3D00003239B0AA1F80530438DA1F80930038D62
:10F3E000A1F80730838DA1F80B30838CA1F80D3084
:10F3F000704700BF5917B7D10B7980F82330B1F8A7
:10F40000053040F2E24202FB03F30363B1F8093036
:10F410004385B1F807300385B1F80B308385B1F827
:10F420000D308384704700BFB1F8093003844B6806
:10F43000C0F822300B7A80F8263070470B784FF0F6
:10F44000090C43F0030314220B7081F801C0CA7049
:10F45000B0F85A308B80B0F858300B81B0F85E307D
:10F46000CB80B0F85C304B81704700BF0B784FF019
:10F47000090C43F0030315220B7081F801C0CA7018
:10F48000B0F85A308B80B0F858300B81B0F85E304D
:10F49000CB80B0F85C304B81704700BF0B784FF0E9
:10F4A000090C43F0030315220B7081F801C0CA70E8
:10F4B000B0F86A308B80B0F868300B81B0F86E30ED
:10F4C000CB80B0F86C304B81704700BF8B88A3F1C4
:10F4D0001B02E02A21D8B1F808C0ACF11B02E02AD7
:10F4E0001BD830B5CD88A5F5A47244F2481E92B25F
:10F4F000724511D84A8900210C4662F30F04A2F527
:10F50000A4726CF30F0192B263F31F4165F31F44C1
:10F51000724598BFC0E9181430BD70478B88A3F1BD
:10F520001B02E02A21D8B1F808C0ACF11B02E02A86
:10F530001BD830B5CD88A5F5A47244F2481E92B20E
:10F54000724511D84A8900210C4662F30F04A2F5D6
:10F55000A4726CF30F0192B263F31F4165F31F4471
:10F56000724598BFC0E9181430BD70478B690022FE
:10F570008A610BB3192293F804C01A71828CDA8065
:10F5800091F820201A774AB90A8DDA834A8D1A84B5
:10F590008A8D5A84BCF12E0F0AD07047C28CDA8350
:10F5A000028D1A84B0F892215A84BCF12E0FF4D146
:10F5B00018681946F9F77CBF00DEDBE730B5C38C6D
:10F5C0000A8D4C8D8D8D934285B002D1038DA3425F
:10F5D00014D0012381F8223002950B6BCDE9002471
:10F5E0000C7A91F82320898C0391A4F10801B1FAD7
:10F5F00081F14909EAF76CFA05B030BDB0F89231F3
:10F600005B1B18BF0123E5E7F8B5CD6900230C4665
:10F6100007461646CB618DB3291D112E0AD8DFE8A7
:10F6200006F0200909090909091C0909090909093C
:10F630000909241400DEEB79637329463846FEF786
:10F64000A3FA237A092B14D0F8BD084694F8202099
:10F6500094F82110FFF7D2FDEDE72046FFF73CFCC0
:10F66000E9E72046FFF7A4FEE5E72046FFF74EFE58
:10F67000E1E73846BDE8F84000F07EBDFEF76EFADF
:10F6800005460028C8D100DEC6E700BF38B58B6943
:10F690000C4605467BBBFEF775FA2E23A06103716D
:10F6A00094F834200121002384F823102363218D52
:10F6B0004AB1B1FBF2F313FB02F3E28C9BB29A4224
:10F6C0009CBF23851946238F994204D340F2E2421E
:10F6D00002FB03F323632846FDF78CF82B8D0633DA
:10F6E0001844A084002221462846FFF78DFF4FF6DC
:10F6F0000B73638138BD00DECDE700BF38B504462B
:10F700000D4600F031FD20B929462046FEF71EFACD
:10F7100030B910212046FEF73BFA0923AB7238BD01
:10F7200004F1E000FEF73AF90028F2D12046FDF797
:10F730000BFA0028EDD029462046FEF70FFAE861C3
:10F74000FEF718FA10B90C23AB7238BD29462046D3
:10F75000FFF79CFF20461021BDE83840FEF72CBA89
:10F7600070B506460C4600F0FFFC10B10623A372EC
:10F7700070BD054621463046FEF7E8F90028F5D071
:10F78000112221463046FFF73FFF304600F078FE59
:10F79000237A092B04D1044B1A68964208BF1D60D6
:10F7A0000023A37270BD00BF0C370020F8B5294AB2
:10F7B000136806460C468BB183420FD002238B722E
:10F7C00000F0D2FC054620B921463046FEF7BEF9CE
:10F7D00068BB2046BDE8F840FEF7FAB9218DF38CEE
:10F7E00016609942628DA08D12D0A5690023A36195
:10F7F00075B303232F792B71B38CEB8005F11C01BA
:10F800002046FFF755FD2E2F1DD00423A372F8BD0F
:10F81000338D9342E9D1B6F892318342E5D1204647
:10F82000FEF7E4F900220523A261A372F8BD4FF4AC
:10F830007263214623843046FFF792FF2046FEF78D
:10F84000D5F9A561F8BD28682946F9F731FEDCE74E
:10F8500000DECEE70C3700202DE9F0412C4E336856
:10F8600004460D462BB1834203D00123AB72BDE8A1
:10F87000F0812046FFF7D2F90028F6D1204600F0AB
:10F8800069FC07460028F0D129462046FEF75EF9BC
:10F890000028EAD02046FCF7ADFF01218046204633
:10F8A00000F050FCA5F83680D5F81C8085F834703F
:10F8B0003460EF61B8F1000F1BD008F10401284655
:10F8C000FFF7F6FC98F807306B7341462046FEF7C9
:10F8D0005BF92B7A092B08D094F83730DB0901D17A
:10F8E00000DEC4E704236B81C1E72046FFF7A6F9D9
:10F8F000F2E729462046FEF731F980460028DCD1A0
:10F9000000DE04212846FFF7D3FC98F80730FFDE1D
:10F910000C370020F0B50C46897A83B005460C29D7
:10F9200000F2FC80DFE811F012001E004E005700CC
:10F9300063006E007C00FA007F00F0008A00C900BE
:10F940000D00002A00F0EF8003B0F0BD002AFBD1CB
:10F95000237A082B00F0F980092B40F0DF80012387
:10F96000A372F1E7012AEFD119462046FFF7FCFC0C
:10F97000E38C228DA08D618D94F83460052B17D90E
:10F98000B2F5486F14D8934212D8B1F5FA7F0FD26E
:10F99000A0F10A039BB240F67647BB4208D84B1C45
:10F9A0009BB202FB03F3B3EB800F01D2B2420BD246
:10F9B00040F61E7323842146284603B0BDE8F0407C
:10F9C000FFF7CEBE012ABFD82146284603B0BDE8C6
:10F9D000F040FFF7EBBE002AB6D10192FEF7CAF85D
:10F9E000019A002840F0CC800323A372ACE7032ADD
:10F9F00000F09680042AA7D10F22062384F8212044
:10FA0000A372A1E7002A9FD195F93730002B80F22D
:10FA10009A8094F8203043B10F2384F82130CAE74C
:10FA2000002A91D1C7E7002A8ED1284600F09CFB1E
:10FA3000002800F08D800823A37285E7022A83D175
:10FA400095F83720C2F3C011D20900F09080194612
:10FA50002046FFF7D1FC218D628DA68D8B1F9BB2B6
:10FA600040F67A40834200F29E80B2F5FA7F80F041
:10FA70009A80A6F10A039BB240F67640834200F2D8
:10FA80009280531C9BB201FB03F3B3EB860F80F013
:10FA90008A802846FCF7AEFEA38C1B1A47F6FE723E
:10FAA0009BB2934240F2A480282385F86431284613
:10FAB00000F0E6FC0023A37246E7002A7FF444AF7F
:10FAC0002846FCF78FFEA38CC01A03043FF53CAF19
:10FAD00021462846FFF772FD237A092B65D094F85A
:10FAE0002260002E6BD12046FEF780F8A6612846E2
:10FAF00000F0C6FC237A092BDCD1454B1A689542ED
:10FB0000D8D100221A60D5E7002A7FF41DAF214624
:10FB1000284603B0BDE8F040FFF7F0BD00DE13E774
:10FB20000523A37210E7FEF725F800283FF40CAF79
:10FB300021462846FFF7AAFD1021284603B0BDE85C
:10FB4000F040FEF739B8A261E1E70A23A372FBE6B1
:10FB500021462846FDF7FAFF00283FF46CAF10223B
:10FB600021462846FFF750FD0A236381ECE684F81E
:10FB70004C10284600F0F8FA48B30D23A372E3E6D0
:10FB8000A669A261002E41D0032337793371AB8C73
:10FB9000F38006F11C012046FFF78AFB2E2F22D0AE
:10FBA0000423A372D0E61E237FE7284600F0EAFA7A
:10FBB000237A092B93D194F82030002B8FD0002387
:10FBC00084F8203021462846FFF7D0FC8FE72146F5
:10FBD0002846FDF7BBFF0028CFD007222146284644
:10FBE000FFF712FD83E730683146F9F761FCD7E78C
:10FBF0002046FDF7EDFF0B23A3722846FCF7FAFD24
:10FC0000A38CC31A1A043FF59FAE61E700DEBBE781
:10FC10000C370020F8B50C46897A064615460629A9
:10FC200009D8DFE801F00430080838670A001DB978
:10FC3000237A092B29D000DEF8BD002DFCD1FCF77A
:10FC4000D1FDA38CC01A0304F6D42946304600F037
:10FC500079FA21463046FFF7B1FC237A092B00F0F0
:10FC6000998094F82250002D40F0A0802046FDF7A6
:10FC7000BDFFA5613046FFF787F8237A092B6BD0CB
:10FC80000023A372F8BD002DD6D121463046BDE831
:10FC9000F840FFF7E1BD032D77D0042D67D0022D8A
:10FCA000CAD119462046FFF7A7FB228D608DB4F814
:10FCB0002CC0931F9BB240F67A418B4222D8B0F5FC
:10FCC000FA7F1FD2ACF10A039BB240F676418B4219
:10FCD00018D8431C9BB202FB03F3B3EB8C0F11D279
:10FCE0002946304600F02EFA2046FDF771FF062324
:10FCF000A372F8BD002D9FD1FEF790FF50B10523F0
:10FD0000A372F8BD0021304600F01CFA1E2386F8CD
:10FD10006431AFE721463046FDF718FF0028EED0EA
:10FD20002946304600F00EFAE769E561002F45D01C
:10FD300094F8202094F82110381DFFF75FFAFB7922
:10FD4000637339463046FDF71FFF237A092B91D1A3
:10FD50003046FEF773FF8DE796F93730002B27DB2F
:10FD60001F4B1A6896428BD100221A6088E7D0F8A0
:10FD700040311A2223F00203C0F84031214684F8B2
:10FD800020203046FFF7F2FB74E75B7984F82030DF
:10FD90002146F6E73046FEF75BFF237A092B7FF416
:10FDA00060AF94F82030002B3FF45BAF0023EDE709
:10FDB0003046FEF7E3F90028D2D061E7214630460D
:10FDC000FDF7CCFE07460028B2D100DE042094F8EF
:10FDD000202094F82110FFF711FAEB79FFDE00BF25
:10FDE0000C37002020B592F81FC082B0054602F102
:10FDF0001C03BCF1110F0AD8DFE80CF02D0909092A
:10FE00000909092609090909090909091E172423ED
:10FE100080F864310191FEF7B7FF01990B7A092B45
:10FE200020D000238B7202B020BD0322284602B0EE
:10FE3000BDE82040FFF7EEBE8B7A012BF3D9043BDF
:10FE4000022BF0D900DEEEE70422284602B0BDE81E
:10FE50002040FFF7DFBE0222284602B0BDE8204066
:10FE6000FFF7D8BE95F93730002B06DB074B1A6831
:10FE70009542D6D100221A60D3E728460191FEF7B9
:10FE80007DF901990028F1D0CBE700BF0C370020A5
:10FE900013460022FFF7BEBE70B5D57F02F11C03EA
:10FEA00035B10F2D09D1BDE870400122FFF732BDF9
:10FEB000BDE870400222FFF72DBD24230E4680F8D6
:10FEC0006431044600F0DCFA337A092B05D1044B87
:10FED0001A68944204BF00221A600023B37270BDF6
:10FEE0000C37002013460022FFF714BD0023032225
:10FEF000FFF710BD00230422FFF70CBDD37F012BB9
:10FF000070B505460C4607D0242380F8643100F014
:10FF1000B7FA0023A37270BD8B7A012B04D013F0C3
:10FF2000FD0FF8D000DE70BD02F11C012046FFF786
:10FF30007BFA2846268CFCF75DFC361AB6B247F6EB
:10FF4000FE739E4202D80223A37270BD282385F857
:10FF50006431284600F094FA0023A37270BD00BFFC
:10FF600038B58B7A012B04D0022B0C4602D09BB102
:10FF700000DE38BD0546FCF735FC238CC01A0304AF
:10FF8000F7D404F122012846FCF742FC284600F091
:10FF900077FA0023A37238BD01238B7238BD00BFEE
:10FFA00070B5D0F8085104461DB394F81431012BF4
:10FFB00003D1022384F8103170BD29462046FDF795
:10FFC000C5FD0028F5D029462046FDF7C7FD0646A9
:10FFD00088B1311D2846FEF77FFFF3796B733146F8
:10FFE0002046FDF7D1FD0123AB73002384F81031C7
:10FFF00070BD00DED9E700DEEBE700BF70B5D0F8DA
:020000024000BC
:1000000008510446A5B394F81431012B03D1012300
:1000100084F8103170BD29462046FDF797FD002871
:10002000F5D029462046FDF799FD064678B32046CF
:10003000FEF7A6FD2A7A037A934206F1040019D04E
:10004000082B19D02A2194F830311BB1D4F8403153
:100050005B0716D4FFF7C6F8F3796B733146204679
:10006000FDF792FD0123AB73002384F8103170BDBE
:1000700000DEC8E72321E6E7092A14BF2A2123214D
:10008000E1E70A4694F81711FFF7B8F8E4E700DE55
:10009000CDE700BF8B7BA3B1D0F80831994211D1D5
:1000A0008A69CAB910B4D0F80C411A68C0F808219E
:1000B0009C4208BFC0F80C215DF8044B0846FDF7D0
:1000C0003DBD704700DE8A6932B9D0F80831002B97
:1000D000E8D10846FDF732BD13792E2BF5D100DEAD
:1000E000F3E700BF38B5D0F808512B7A013B04463E
:1000F0000B2B25D8DFE803F00606060615151A10A7
:1001000010061F0600222946FEF77AFC29462046E3
:10011000BDE83840FFF7BEBF00222946FFF7E2FEE8
:10012000F4E700222946FCF765FFEFE700222946A5
:10013000FDF7E6FBEAE700222946FFF711FFE5E7B6
:1001400000DEE3E780F81611704700BF704700BF7C
:100150000020704790F81501003818BF0120704743
:10016000D0F80801704700BF90F81401A0F1010019
:10017000B0FA80F040097047B0F81831A0F8123199
:10018000704700BF0023A0F81231704738B5D0F88F
:100190000841A4B10546D5F80C212368C5F80831FB
:1001A0009442214608BFC5F80C312846FDF72EFDC4
:1001B0002046FDF7C3FCD5F80841002CEBD138BD33
:1001C000F8B505460C4631B1042903D1FFF7DEFF2F
:1001D00085F81041F8BDD0F80861002EFAD0337AC6
:1001E00090F8167190F837E0112B12D831490120A0
:1001F00000FA03FC0CEA0101E9B10A2B14D05BB14F
:1002000085F815412846FFF76DFF032385F8103167
:10021000F8BD00DE337AF0E7D37F86F84C3028460D
:10022000BDE8F840FFF7BCBE2846FFF75BFF05239B
:1002300085F81031F8BD1CF4386FEAD00A2BF3D0E2
:10024000002BE9D00FB90446DAE71EF0800F10D179
:10025000012F20D0022FBDD12846FEF791FC327A23
:10026000037A934221D0082B1DD02A2385F86431CC
:10027000F8BD012FEED12846FEF782FC08B1FF231E
:10028000C372012385F815312846FFF72BFF03239E
:1002900085F81031F8BDD37F85F817312846BDE8C1
:1002A000F840FFF7ABBE092ADFD1232385F864317C
:1002B000F8BD00BF7FF4030038B50C4689690546D8
:1002C00010461A46237AD9B10C2B55D8DFE803F033
:1002D0000D070707073A3A464040074C07002146FA
:1002E0002846FEF705FBA16921B10B792E2B1CBF17
:1002F0000023A36121462846BDE83840FFF7CABE67
:10030000A26120610C2B37D801A151F823F000BF66
:1003100075030400DF020400DF020400DF020400B2
:10032000DF02040045030400450304005D030400EC
:100330005103040051030400DF02040069030400B8
:10034000DF02040021462846FCF70AFEA169CBE73C
:1003500021462846FFF7A0FDA169C5E721462846AA
:10036000FDF7B0FAA169BFE721462846FFF7C6FDB1
:10037000A169B9E71146B7E700DEA169B4E700BF9C
:1003800038B50B7A072B0C4605461CD00C2B01D137
:10039000FEF7F6FAA37B002262619BB1D5F8083123
:1003A0009C4213D1A269CAB9D5F80C111A68C5F8D4
:1003B00008218B4208BFC5F80C212046BDE8384013
:1003C000FDF7BCBB38BDFDF79FFAE3E700DEA2698D
:1003D00022B9D5F80831002BEFD0E5E713792E2BA1
:1003E000F7D100DEF5E700BF38B50B7A072B0C46D6
:1003F000054616D0A37B9BB1D5F808319C4213D19A
:10040000A269CAB9D5F80C111A68C5F808218B423F
:1004100008BFC5F80C212046BDE83840FDF78EBB6B
:1004200038BDFDF775FAE5E700DEA26922B9D5F817
:100430000831002BEFD0E5E713792E2BF7D100DE42
:10044000F5E700BF0422002380F81021A0F8123144
:10045000704700BF90F81031052B0ED8DFE803F08D
:10046000060907030603D0F8083123B97047FFF7E0
:1004700097BDFFF7C3BDFFF735BE00DEF6E700BF4F
:1004800090F81031052B04D8DFE803F004151305AC
:10049000040500DE7047D0F80821002380F81531EC
:1004A0005AB100230121A0F81231917380F8103164
:1004B0007047FFF775BDFFF7A1BD00DEF1E700BF94
:1004C00090F81031052B04D8DFE803F004090B0481
:1004D000050400DE7047002380F810317047FFF7F5
:1004E0008DBDFFF75DBD00BF90F8103110B504461B
:1004F000052B12D8DFE803F0030D09030803FFF70B
:1005000045FE042384F8103110BDBDE81040FFF70C
:1005100047BDBDE81040FFF771BD00DE10BD00BF54
:10052000F0B5044683B00E4615467BB1D37F1B2B36
:1005300036D8DFF8D8C090F837100CEB4307C9095C
:100540007F781AB201238B403B404AD11846FDF711
:1005500089FB074610B300230360D4F80C310BB3BA
:100560001860C4F80C0194F81031052B4CD8DFE862
:1005700003F01E2C030606062046FFF711FD394640
:100580002046FFF787FDD4F8081139B12B463246D3
:10059000204603B0BDE8F040FFF78EBE03B0F0BDCB
:1005A0000023D3E7C4F80801C4F80C01DBE72A46AE
:1005B00000212046FFF704FE39462046FFF76AFD7A
:1005C000D4F808110029E1D1E8E72046FFF716FD2D
:1005D00039462046FFF75EFDD4F808110029D5D131
:1005E000DCE71CF812300A2BB0D10193FFF7CEFDE7
:1005F0000022A4F8122184F8152184F81021204645
:10060000FEF738FC019BA1E700DEB8E78C4E050041
:1006100010B50446FFF7BAFD0023A4F8123184F8A0
:10062000153184F8103110BD00B9704700DE7047F5
:1006300030B991F8D4306FF3000381F8D4307047AB
:1006400000DE91F8D4306FF3000381F8D4307047A6
:100650002DE9F843099E9DF820800746B08C4FF69F
:10066000FF7188422DD03946304691461C46FBF733
:10067000B1FE30BB33780133DBB233702BB3144D92
:10068000B6F86001AA7A2C8168F30002013406F101
:10069000100104440F4BAA720022E960A6F86041E1
:1006A00011460120C5E900799D60F6F7F3FE50B9C7
:1006B000FF20FBF7ADFE3046FF21BDE8F843FBF716
:1006C00077BFBDE8F88300DEF2E700DED7E700BFC2
:1006D000F8390020340C0020012800D0704700B504
:1006E00083B00191F8F780FF0199814202D103B0F4
:1006F0005DF804FB00DEFAE7C38D23B190F8D42047
:1007000012F0010300D0704710B542F0010288B02A
:100710000B4C80F8D42005310122CDE9023206903D
:10072000CAB2CDE90434CDE9003303211846F8F705
:1007300013F910F0FD0F01D108B010BD00DEFBE78A
:100740003106040038B50C461546FBF733FB48B1BB
:100750001CB1BDE83840FDF761BC2946BDE8384012
:10076000FDF736BC022038BD38B50C461546FBF700
:1007700021FB58B190F93730002B05DA2A46214683
:10078000BDE83840FDF758BB0C2038BD022038BD0D
:10079000064B074A10B41F204FF0FF3425211C6080
:1007A000187111705DF8044B704700BF083A0020C3
:1007B0004545002030B5044600789DF80C5002FBFA
:1007C00001111F4A014482FB01020A44521102EB4B
:1007D000C20002EB80028A1AD0B2C1082070595CB4
:1007E00002F0070241FA02F212F001021FD1B0FB3F
:1007F000F5F405FB1404E4B25D1E1046043300F169
:10080000080E15F8011F5FFA8EFE024611F0010F67
:1008100002F1010C4FEA510102D04CB1013CE4B2AB
:100820005FFA8CF27245F1D110469D42E7D130BD9E
:10083000C11D891AC9B207291046F6D830BD00BFBC
:10084000A7C867DD4288008850407047F0B5344D36
:10085000344C48404FF0030C060A5FFA80FE0EEB62
:100860008E2E06EB862004EA401705EA400605EACC
:100870004E0004EA4E1E3E4340EA0E0000EB002705
:1008800006EB062E06EB0E2600EB0720360CC0F317
:10089000074040EA062000EB00100CF1FF3C084442
:1008A0001CF0FF0C80B2D7D141401F48A0FB014093
:1008B0000C1A00EB5400400900EBC00400EB84006C
:1008C000081AC0F3C40400F00705145D2C41E407C6
:1008D000C0B21CD401FB03F3561EC3F3074304321A
:1008E000604600F1080516F801CFEDB201461CF094
:1008F000010F01F101044FEA5C0C02D043B1013B4E
:10090000DBB2E1B2A942F2D108469642E9D1F0BD8C
:100910000730401AC0B207280846F6D8F0BD00BF1D
:1009200010210200408408004D91CFBA00F002BBB4
:1009300010B584B0079BD3E900209047012812D05E
:1009400004460DF10F010DF10E00F8F70FFE002126
:10095000064B00919DF80F209DF80E000121F8F73D
:1009600013F8034B1C6104B010BD00BF75090400EF
:10097000283A002000B585B00DF10F010DF10E00F1
:10098000F8F7F4FD9DF80F20064B9DF80E000021AE
:1009900001320091D2B20221F7F7F6FF05B05DF8FF
:1009A00004FB00BF350A0400F0B58DB00E460546C5
:1009B0000DF12F010DF12E001C461746F8F7D6FD5C
:1009C0009DF82FC006940CF1010C0024CDE90744DA
:1009D000CDE90344CDE901449DF82E00059700962A
:1009E0002B465FFA8CF20121F7F73AFF10F0FD0F6A
:1009F0000AD006480094064B04619DF82F209DF80C
:100A00002E000121F7F7C0FF0DB0F0BD283A0020FD
:100A10007509040070B5059D0446F8F7ADFD2B4639
:100A20002046034ABDE870400621FFF7BDBF00BF66
:100A300031090400014808F0DFBB00BF103A002074
:100A400070B50446059DF8F725F82146F8F724F817
:100A5000062800D970BD2B462046034ABDE87040E9
:100A60003121FFF7A1BF00BF150A040008B501221C
:100A70000021024812F00AFE002008BD103A0020B2
:100A8000024BA0F2A462C3E900207047283A00207C
:100A90000020F7F7BFBE00BF08B5F7F7FBFF014B1B
:100AA000986008BD283A0020684620F007018D466E
:100AB00001B501F06BFFEEF769FEBDE80140854628
:100AC000704700BF08B50A4BD3F840213AB901205E
:100AD000F6F73EFDBDE808400220F6F739BD0020DC
:100AE000C3F84001D3F84031F7F7A0FEEFE700BFAD
:100AF00000B000400020F6F72BBD00BF90B90E4BB0
:100B00000E4A197810788842CBB20DD10C480D49A5
:100B100090F800C0013313700B78634507D0037859
:100B20000B70704700DEEAE700DE1378EEE700DEC8
:100B300003780B70704700BF4645002047450020F2
:100B40004B4500204A4500200B4A0C4B117893F886
:100B500000C08C450DD012781A70094A094B18B99B
:100B600011781878884202D012781A70704700DE27
:100B7000FAE700DEEFE700BF4945002048450020C6
:100B8000464500204745002002F00AB808B50B484A
:100B90000B4B027819788A420CD00A4B0170002264
:100BA0000399996001201146F6F774FC00B908BD5D
:100BB00000DE08BD00DE1978EFE700BF46450020E3
:100BC00047450020440C00202DE9F041304A314DCA
:100BD00012782B789A428AB00E4605D12E4B2F4AB6
:100BE0001B7812789A424BD03768DFF8C88007F13B
:100BF0002D0424F07F44D8F800102046F7F74CFF6E
:100C000010F4000002D10AB0BDE8F081244A254B5F
:100C100011781A7891421CD03046234BC168C8F82D
:100C200000400022CDE90732204BCDE90322CDE977
:100C30000531CDE901222D2300932C780134E4B253
:100C40003B46114610462C70F7F70AFE0AB0BDE885
:100C5000F081114A1149127809789142DCD01A7852
:100C60000132D2B21A700022114B00921146104686
:100C7000F7F78AFE10F0FD0FCED000DE00DECBE7E6
:100C80000768DFF8308007F12D0424F07F44C4E7C3
:100C90004A4500204B45002046450020474500209E
:100CA0004845002049450020FD0A04008D0B040042
:100CB000490B0400443A00207A4A9368002B00F064
:100CC00096802DE9F04F136889B08146002B46D0FD
:100CD0004FF0FF338DF80A300DF10A00F8F7C8FD28
:100CE000044600283BD0037F9907F5D1857A15F09B
:100CF0000205F1D1C3684B4555D00668A8462F467A
:100D00000DF10A00F8F7B4FD8346F0B1027F9207B7
:100D1000F6D1827A9307F3D4C268B8F1000F21D0DC
:100D20004A4558D0DBF800A031465046F7F7B4FEEC
:100D300000F4000000280DF10A001CBF5F46564673
:100D4000F8F796FD83460028E0D1002F08BF27461C
:100D500039463846FFF738FF30F0020339D109B081
:100D6000BDE8F08F4A458046DCD1237FE16843F03F
:100D7000020323772046A3699847FF238DF80A30A2
:100D80000DF10A00F8F774FD04460028E7D0037F50
:100D90009F07F5D1837A9E07F2D4C3684B4502D0F2
:100DA00000DED4F80C903F4A4846D2E9001303AA6B
:100DB00098470646002843D010F1100F59D0394A01
:100DC000002093681168984716F10B0F10D08C36ED
:100DD000C5D000DEC3E7227FE16842F0020222773D
:100DE0002046A2699047D8457FF472AFC5E77047A7
:100DF0002C4A0023D2F80890D2E90048022613605A
:100E0000FF278DF80B700DF10B00F8F731FD90B155
:100E1000037F9A07F7D40DB9DB07F4D4C368A34264
:100E2000F1D1037F826943F00203037721469047A3
:100E30008DF80B70E7E70125AE420AD02E46E0E7B9
:100E4000237FA269E16843F002032377204690479D
:100E500085E70022CDE904220692039B00964946CD
:100E6000404604AA0794F8F7BBFC00287FF477AF4C
:100E7000AFE7A37A43F00203A3720DF10A00F8F77B
:100E8000F7FC014600283FF46AAF037F9D07F4D1C9
:100E9000837A9C07F1D4FFF797FE30F002033FF40A
:100EA0005EAF96E7483A002010B5174812F012FAE4
:100EB00030B3164B00249C6000F084FA00281EDB3F
:100EC000214601202246EEF767FF22460B20012132
:100ED000EEF762FF214622461820EEF75DFF0C4B2D
:100EE0001022C3F804230120EEF726FF0B20EEF7B3
:100EF00023FF1820EEF720FF01F062FD204610BD11
:100F00006FF0120010BD00BF003F0500483A0020FE
:100F10000010004008B500F065FA002809DB012048
:100F2000EEF718FF0B20EEF715FF1820EEF712FF73
:100F3000002008BD034603488AB2194683681B682F
:100F4000184700BF003F050030B4074DAB685C6830
:100F500034B18AB2A44601460023284630BC60471B
:100F60006FF0850030BC7047003F050030B4074D7E
:100F7000AB685C6834B18AB2A446014600232846B7
:100F800030BC60476FF0850030BC7047003F050003
:100F90000020704730B5044683B078B31D4B1A6803
:100FA000824225D0FF250DF107008DF80750F8F794
:100FB0005FFC38B91AE0A1420AD00DF10700F8F73A
:100FC00057FC98B1037F9B07F7D4C168002CF2D17E
:100FD000037F826943F00203037790470DF1070016
:100FE0008DF80750F8F744FC0028EBD103B030BD72
:100FF0009B686BB1014600209847D3E7054A936888
:10100000002BCFD011680029CCD000209847C9E729
:1010100000DEC7E7483A00200020704710B50446BC
:10102000F8F718FC8CB90D4B9A68AAB11C6800221D
:101030009A601A6004B124680020F8F733FC204657
:10104000F8F7C0FC28B1002010BD0028F3D100DE65
:10105000F1E700DE002010BD00DEE7E7483A00209F
:10106000054A136892681B1A18BF0123B2FA82F06E
:101070000B704009704700BF483A00202D20704790
:1010800010B51446F7F706FD2146F7F705FD0346B0
:1010900010F4000004D10333092B88BF184610BD9B
:1010A000002010BD262810B504461DD0272813D0D7
:1010B000252809D00A281FD9272822D900DE204652
:1010C000BDE8104001F0D0BC022001F0C7FC204672
:1010D000BDE8104001F0C8BC502001F0BFFC204624
:1010E000BDE8104001F0C0BC1A2001F0B7FC20465A
:1010F000BDE8104001F0B8BC0230400001F0AEFC89
:10110000E5E70330400001F0A9FCE0E701F00ABD8B
:1011100001F010BD08B501F043FDBDE8084001F045
:1011200093BE00BF08B501F03BFD01F08DFEBDE8A8
:10113000084001F051BE00BF08B501F031FD01F0DB
:1011400083FE01F067FEBDE8084001F045BE00BF28
:1011500008B50146114801F029FC01F04DFD60B1D0
:1011600001F038FF01F064FC00F080F900280EDB8C
:10117000BDE808400020FFF751BF01F0EFFC01F08F
:1011800029FF01F055FC00F071F90028F0DA00DECB
:101190000020BDE80840FFF741BF00BF890B0400F5
:1011A00010B5044601F0FCFC01F04EFE01F032FEE9
:1011B00001F012FE2046BDE81040FFF7C9BF00BF96
:1011C00010B5044601F0ECFC0D48214601F0EEFBA1
:1011D00001F012FD40B100F049F900280ADBBDE83A
:1011E00010400020FFF71ABF01F0B8FC00F03EF9F4
:1011F0000028F4DA00DE0020BDE81040FFF70EBF43
:10120000890B04002DE9F04F89B01F469DF848B0C6
:10121000FF238046894692468DF81F300DF11F004E
:10122000F8F726FB002866D0037F9D07F6D1837A66
:101230009C07F3D405683E689DF81F30059304466B
:1012400029463046F7F728FCBBF1000F4CD0BC42D2
:1012500008BF002426460DF11F00F8F709FBD0B1A6
:10126000027F9107F7D1827A9207F4D40268049042
:10127000294610460392F7F70FFC039A049B00F4EB
:10128000000000280DF11F001CBF15461E46F8F790
:10129000EFFA0028E4D1059B8DF81F30314B9A6896
:1012A0007ABB76BB24B1BBF1000F48D1BC4244D11C
:1012B000FA681A60C3E901893846D04704460DF13F
:1012C0001F00F8F7D5FA014650B1037F9A07F6D10F
:1012D000837A9B07F3D4FFF777FC30F002033FD10A
:1012E000204609B0BDE8F08F0002B0D5FF23354697
:1012F00005935C46AEE71B4B9A680446002AD7D09C
:1013000026464946CDF800B0534640463A46F8F7DF
:1013100067FA014678B1BBF1000F09D1BB7A980793
:1013200006D4C6B13046FFF74FFC30F0020310D1AF
:101330006FF07604D4E700DEEDE700DEB8E7CDF825
:1013400000B053463A4649464046F8F749FA002865
:10135000EED100DEECE7002C14BF26460E46E1E796
:1013600000DEBDE7483A002001F1100007F044BF5D
:1013700070B505468AB00C460122002104A812F07F
:1013800085F90F4B019300260323694628460396EF
:1013900002930DF00FF8002810DB4FF400433146A4
:1013A00040F2E730E4FB03014FF47A720023E6F7E2
:1013B00005FE02460B4604A807F058FF0AB070BDB0
:1013C0006913040010B5012003F0AAFC04490023AE
:1013D00001244B608C60CB60BDE810400CF0EABF8C
:1013E000583A002010B5012003F09AFC0449044645
:1013F0000DF05BF82046BDE810400DF032B800BF9C
:10140000583A00200C4B1A780AB10020704710B5EA
:101410000120187003F084FC4FF4FA710446FFF7C2
:10142000A7FF38B920460DF01CF802280CBF002099
:101430006FF0040010BD00BF4C45002008B50A4BFA
:10144000BFF35B8F53E8002F511C43E800100028C6
:10145000F8D1BFF35B8F002A01DD002008BD03F047
:1014600067FC002008BD00BF543A002008B50E4BB1
:10147000BFF35B8F1A68BFF35B8F002A11DDBFF3E8
:101480005B8F53E8002F511E43E800100028F8D16D
:10149000BFF35B8F012A01DD002008BD03F05EFC75
:1014A000FAE76FF0770008BD543A00203220704709
:1014B000014B33F810007047D44E050010B50446B8
:1014C000FFF73AFE01F09CFC2046BDE81040FFF714
:1014D0003FBE00BF38B5044601F08CFBFFF71AFE93
:1014E000962001F0C1FC002318461A46194601F067
:1014F000F3FB0120F8F718F9F0B11C3001F006FBFE
:1015000001F064FB00BB2146104801F04FFA01F0E6
:10151000B5FD00210446084601F00EFB00210546FA
:10152000084601F005FB2C44CB34201A01F05EFD87
:10153000BDE8384001F094BD00DE1C3001F0E6FA51
:1015400001F044FB0028DED000DEDCE79119040046
:1015500010B50446FFF7F0FD01F052FC2046FFF7FE
:10156000F7FD054B0021012208469C60F5F792FF2C
:1015700000B910BD00DE10BD540C0020814208B53A
:101580000ED00B7ADB0702D46FF08B0008BD0C4B3A
:101590001360FFF753FF00280FDB6FF00A0008BD50
:1015A0000B7B01EB83010B691B7803F00F03012B0D
:1015B00014BF6FF08B00002008BD00DEEDE700BF18
:1015C000BD18040010B548B10C46FFF74FFF0028C6
:1015D0000BDB2046BDE81040FFF720BD044801F0BA
:1015E000E5F9BDE8104001F0B9BA00DEF1E700BF4F
:1015F000BD140400084B042210B598182821F5F7F3
:101600004FFE064B00249C8102222146044812F022
:101610003DF8204610BD00BF983A0020883A0020CF
:10162000703A0020084B042210B598182821F5F7CD
:1016300037FE064B00249C8102222146044812F00A
:1016400025F8204610BD00BF983A0020883A0020B7
:10165000703A002010B504460548F5F747FE20B162
:10166000034600205870636010BD6FF00B0010BD82
:10167000983A002003460020187058709860704710
:1016800038B51E4D2B7B6A7B9A4202D055F8234019
:1016900034B91B48F5F72AFE044680B1204638BD10
:1016A000184807F009FE2B7B6A7B9A42F6D001337B
:1016B000DBB2032B08BF00232B73204638BD114833
:1016C0004FF42032002307F0D1FDA0B90D4807F0F8
:1016D000F3FD2A7B6B7B93420BD0531CDBB255F896
:1016E0002220032B08BF00232B7312B1144620467F
:1016F00038BD00DED2E700DEE8E700BF883A002010
:10170000983A0020703A002010B5027843789A4247
:1017100014D0D4B244700278944204D05A1C43705E
:10172000D3B2022B0ED01A4600EB82040B70606815
:1017300000B110BDFFF7A4FF606010BD0133DBB244
:10174000022BF0D100221346EEE700BFF8B5027875
:1017500043789342044625D0D5B2154A00EB85075D
:10176000507B92F80CC0431CDBB2032B08BF002354
:101770009C450E46796806D042F8201053730D48F8
:1017800007F03AFD00216B1CDBB2022B0ABF0022DE
:101790001A46134679602370012104EB82043170EC
:1017A0006068F8BD1A4604EB82046068F8BD00BFAB
:1017B000883A0020703A002030B5037AC3F3021350
:1017C0000446002B93FAA3F0B0FA80F008BF4FF064
:1017D000FF3083B000F101003AD0217A5A1E134045
:1017E00063F3061124302172FFF75CFC00230DF136
:1017F000070104F10C008DF80730FFF7A7FF05463D
:1018000020B3284601F088F92B7803F00F03022B50
:1018100013D00DF1070104F11800FFF797FFE0B1B5
:1018200021460F4801F0C2F8962001F01DFB002070
:1018300003B0BDE8304001F007BA0A48214601F084
:10184000B5F803B0BDE8304001F0A6BA00DED8E735
:1018500000DE237AC3F30213BFE700DEE0E700BF38
:10186000D51404006918040010B5044601F0C2F94B
:10187000FFF762FC237A03F07102012A05D1C3F35A
:10188000420262F306132372DBB213F0700F05D02D
:10189000636853B193F82C309B0706D501F0B0FA7A
:1018A0002046BDE81040FFF753BC2046FFF784FFF9
:1018B00001F04EF9BDE8104001F0D2BB70B5C3682D
:1018C00004461E68F7F7E6F805463046FFF7D6FBF4
:1018D00000232D1AC4E9005323812046BDE870403F
:1018E000E8F7CABC10B582B00446FFF7A7FD002890
:1018F00009DB084A0849094800940023F8F790F8E2
:1019000018B902B010BD00DEF3E77730F9D000DE81
:10191000F7E700BF79A20200C51504007D15040099
:10192000F8B5079D9DF818709DF820400E462DB122
:101930000C78B2EBD41F16D00020F8BD417A01F02C
:101940000301012901D9002CF6D03178B2EBD11F67
:10195000F2D1062206F10801184609F079F8B0FA2A
:1019600080F04009F8BD18460622083109F070F8E9
:101970000028E1D1C4F38014BC42DED10622B11CA0
:10198000284609F065F8B0FA80F04009F8BD00BFBC
:10199000F0B587B0044601F023F9C0B250B9FFF7A3
:1019A000CBFB5E48214601F001F807B0BDE8F040EE
:1019B00001F0D4B801F036F9054601F035FAEDB280
:1019C000064601F03BFA01F011FAFFF7B5FB002DD6
:1019D000E7D0FF2301208DF81730F7F7A5FE054665
:1019E000002800F09580237B95F81CE004EB83032E
:1019F00005F11C011869034613F802CB0CF00F0720
:101A0000012F08BF00F10807CCF38012F0B24FEAB3
:101A1000DC160EF00F0C18BF0027BCF1030F4CD0E2
:101A2000BCF1050FBDD16D7F222DBAD16568002DA7
:101A3000B7D095F82C50AD07B3D40DF11705CDE90B
:101A40000170009620460395FFF76AFF0028A8D092
:101A50000420F7F769FE0028A3D03148214600F0A2
:101A6000A5FF01F07BF801F0B1F8002852D16268BF
:101A700092F82C3043F0010382F82C30F7F76EFE19
:101A800017224FF6FF730271C3808460054601F090
:101A90009BFA286101F0ECFA00210446084601F0A7
:101AA0004BF8241A6C61F7F759FEE860286829465C
:101AB00007B0BDE8F040F7F77BBE697F0C297FF4E3
:101AC00070AF002F7FF46DAF617ACE0702D500288A
:101AD0003FF467AFB2EBDE1F7FF463AF062205F180
:101AE0002401184608F0B4FF00287FF45AAF0B48D1
:101AF000214600F05BFF01F04FF9237E04EB8303E6
:101B0000D86901F009F801F061F828B907B0F0BD13
:101B100000DE68E700DEAAE700DEF7E769180400E8
:101B20005115040000B9704700DE70470021E8F746
:101B30003BBC00BF08B5064B0398986000221146D5
:101B40000120F5F7A7FC00B908BD00DE08BD00BF05
:101B5000740C002010B50446FFF7EEFA23796FF3FA
:101B6000000323719B0617D5962001F07DF9002311
:101B700018461A46194601F0AFF80120F7F7D4FDD0
:101B800088B11C3000F0C2FF01F016F92146074869
:101B9000BDE8104000F00ABF01F0FEF80120F7F7A1
:101BA000C3FD0028EDD100DEEBE700BF911D04006E
:101BB00010B50446FFF7C0FA01F022F92046BDE84F
:101BC0001040FFF7C5BA00BF08B5FFF7C3FF00F02C
:101BD000B9FFBDE8084001F043BA00BF70B5054643
:101BE000FFF798FA01F0D8F80120F7F79DFDF0B162
:101BF0001C3000F08BFF00F0E9FF00BB01F03EFA63
:101C000000210446084600F097FF002106460846DA
:101C100000F08EFF3444CB34201A01F0E7F901F0D4
:101C2000CBF829460748BDE8704000F0BFBE00DE93
:101C30001C3000F06BFF00F0C9FF0028DED000DE92
:101C4000DCE700BF911D040010B50446FFF782FFDA
:101C500023792279C3F34103013303F00303032BF8
:101C600008BF002363F3420214BF03F125002520BF
:101C70002271FFF717FA002001F076F9BDE8104055
:101C800001F0EEB970B5C36804461E68F6F702FFAE
:101C900005463046FFF7F2F900232D1AC4E9005338
:101CA000238120460121BDE87040E8F77DBB00BFDD
:101CB000814208B50DD00B6913B16FF08B0008BDE0
:101CC000084B1360FFF7BAFB002809DB6FF00A002E
:101CD00008BD054800F06AFE00F040FF002008BD86
:101CE00000DEF3E7851C0400491C040010B548B170
:101CF0000C46FFF7BBFB00280BDB2046BDE810407D
:101D0000FFF78CB9044800F051FEBDE8104000F028
:101D100025BF00DEF1E700BF1D1D040030B50446FD
:101D200085B0FFF709FA0DF10F012046FFF798F98A
:101D300008B105B030BD054601F062F82279009582
:101D4000C2F34103013303F00303032B08BF002355
:101D500063F3420222712B46032229462846F6F7F6
:101D600013FE94F90430002B04DB2046FFF7F0F952
:101D700005B030BD054B0122294628469C60F5F789
:101D800089FB0028F1D000DEEFE700BF640C0020E3
:101D90002DE9F843044600F023FFC0B248B9FFF72D
:101DA000CBF92146864800F001FEBDE8F84300F07B
:101DB000D5BE00F037FF054601F036F8074601F0C2
:101DC0003DF801F013F8EDB2064600F0F3FFFFF71F
:101DD000B3F9002DE5D00120F7F7A6FC0546002851
:101DE00000F0C18023791A07C3F3C10866D42A7FA3
:101DF00012F00F01F6B266D16A7F052AD1D9252AE1
:101E0000CFD803F02103202B40F0A380962001F0CF
:101E10002BF8002000F018FF0320F7F785FC074699
:101E20000028BED0F7F79AFC4FF6FF73FB8005231E
:101E30003B71002E40F0BE807F227B7E3A766FF3AE
:101E400000037B7639463868F7F7B2FC00F0F8FEFD
:101E50000278032161F3030202702A7F0178C2F342
:101E6000801262F3C7110C22017042702279C9B24C
:101E7000C2F3801262F38611024602F8021BD4F804
:101E80000510C0F80210B4F809109180D5F81E2092
:101E900082606A8C828100F03FFE00F097FE00288D
:101EA00040F08C8001F0DCF82379464843F00103D0
:101EB00023712146BDE8F84300F078BDFFB2002F42
:101EC0003FF46FAF93E7062996D04527CF4017F030
:101ED00001073DD1012948D004297FF462AF6A7F10
:101EE000063A1F2A3FF65DAFDB077FF55AAF00F0D9
:101EF000A7FE2B7F0278C3F38013B3EBD21F7FF4CE
:101F000050AF0830062205F11E0108F0A1FD00289F
:101F10007FF447AF6B7F002B3FF443AF0320F7F70D
:101F200003FC054600283FF43CAFF7F717FC4FF6DB
:101F3000FF73EB8005232B718EB97F206B7E287693
:101F400067F3000328686B762946F7F731FC28E72A
:101F50006A7F063A1F2A3FF624AF0027DEE700F02B
:101F600035FFC0B2EAE700DE3CE7697F0C297FF469
:101F700018AFC3F38013B3EBD21F4FEAD21910D0BE
:101F8000B8F1010F7FF60DAFB9F1000F3FF409AFC3
:101F900095F8293003F0C003402B7FF402AF0127EE
:101FA000BCE7062205F12401601D08F051FD002860
:101FB000B4D0E5E700F00AFFC2B23EE700DE71E709
:101FC000C91B0400DD1B040000207047002070477F
:101FD00010B582B00446FFF731FA002809DB084A41
:101FE0000849094800940023F7F71AFD18B902B010
:101FF00010BD00DEF3E77730F9D000DEF7E700BF71
:102000002D1B0400ED1C0400B11C0400F8B50546AE
:10201000FFF792F8F7F7C8FC044600283FD0214BA1
:10202000214A1B781178A27920485B0001F0010158
:1020300003F002030B4322F0030213431C4A0188FE
:102040001278A18001202070A371227219B195F934
:102050002730002B04DB2846BDE8F840FFF778B8AE
:1020600095F82C30C3F30213022B16D0042B0CBFAF
:102070004FF4BC77282700F0E7FF064600F0EAFFA0
:10208000361AE660EA6BC4E904270023EB636B644D
:102090002846BDE8F840FFF75BB81827EBE700DEFD
:1020A000BDE700BF4F45002050450020924400206E
:1020B0004D45002008B500F0BFFD02780346012120
:1020C00061F301021A70002008BD00BF00207047B4
:1020D000704700BF30B40849084A094D094C0A4806
:1020E00000230B8013700949094A2B802370037069
:1020F0000B70137030BC7047924400205145002093
:1021000094440020504500204F4500204E450020BB
:102110004D450020814207D091F82C305B070BD54C
:102120000B4B188840B97047094A0A4B1288197836
:102130001AB941B100DE03E0064B1B78002BF9D140
:102140006FF08B00704701221A706FF00F0070471C
:10215000944400204E45002038B50D4678B304461F
:10216000FFF784F9002847DBE2682389518B9383CA
:1021700001330B4492F927105383002913DBF7F73F
:1021800013FC002836D0837923F00303002243F0A8
:102190000203012101708280837102722846BDE82A
:1021A0003840FEF73BBF2089136B916B00FB033374
:1021B0000B44516B8B4228BF0B469363DFE791F9C9
:1021C0002730002B0ADB0D48294600F0EFFB00F01A
:1021D000C5FC95F87E301B0708D438BD084B1B881A
:1021E000002BF0D1074B01221A70ECE7BDE8384014
:1021F00001F018B800DEC6E700DEB5E70D200400E8
:10220000944400204F450020F8B506460120F7F71A
:102210008BFA024670B30021517796F86750B6F8F2
:102220005A7005F00705284602F11C0400F002FC74
:1022300096F87E301B074FEA850210D5391D42F013
:102240000102C9B2082000F037FC2246294606F1F7
:102250007F0000F019FFBDE8F84000F057BCF9B26C
:10226000082042F0010200F027FC2046BDE8F840BB
:1022700000F04CBC00DECEE738B50446FEF74AFF5E
:10228000244AA08913880133138000F0EDFD94F8EF
:10229000662094F86700C2F3C00300F0070002F064
:1022A0000702002100F018FD2046FFF7ADFF00F007
:1022B0008DFC60BB00F0E2FE258A034694F86700BF
:1022C0000D35012100F007001D4400F035FC94F8A5
:1022D000673003F00703022B054416D0042B0CBF14
:1022E0004FF4BC73282394F86600C0F3C00100F0DB
:1022F00007001D4400F01CFC281A00F077FE214660
:102300000548BDE8384000F051BB1823EBE700DE7C
:10231000D0E700BF9444002031240400F8B50F46F4
:1023200090F86610B0F8586001F007040546C1F354
:10233000C001204600F07EFB95F87E30A200DB064F
:1023400042F00102F1B20DD50431C9B2082000F00B
:10235000B3FB394605F1A00000F0EEFEBDE8F84001
:1023600000F0DABB082000F0A7FB3846BDE8F840D3
:1023700000F0D2BBF0B5054683B001AA806E0F46CF
:10238000E96EF5F719F895F87E305A07064638D405
:1023900048B3019C95F87D3095F87C2004341C44AA
:1023A00012B9627885F87C2033B12378012262F378
:1023B0000103237095F87D3095F87C20D31A637063
:1023C0002846FAF7E3F9637883422AD9607001213D
:1023D000237803F00F03002243EA01132370A27055
:1023E0003C6003B0F0BD43F0040385F87E3000F09C
:1023F00023FC044623786FF3041323703C6003B07E
:10240000F0BD43F0040385F87E3000F015FC04466F
:10241000002EEFD0037843F0100303703C6003B04C
:10242000F0BD3268EB6E9A42D1D10021D0E700BFF7
:102430002DE9F04182B0044600F0D2FBC0B250B9A1
:10244000FEF770FEAA48214600F0B0FA02B0BDE8DF
:10245000F04100F083BB00F0E5FBC5B200F0C6FC24
:10246000FEF760FEA34A1388012003441380F7F7A8
:102470005BF98046002800F0E9802DBB9E4B1F7859
:10248000002F6AD1012201A920461A70FFF772FFBE
:1024900094F92730002BC0F2958100273D46974BD9
:1024A0001B78002B62D1E08900F0DEFC94F8670015
:1024B00000F0070000F0C8FB9148214600F076FAD2
:1024C00000F0CEFD019E58E094F87E3098F81C2074
:1024D00003F00101C2F38000884200F0938094F978
:1024E000272081F0010161F30003002A84F87E3087
:1024F00005DA94F82C3043F0080384F82C3094F873
:102500007E305D0700F1A780D4E91A0101AAF4F733
:1025100053FF0546002800F0A48094F87D20019B1D
:102520001344597971B194F87E30D8060AD5D4F89D
:10253000B0300133C4F8B030D4F8B43043F1000304
:10254000C4F8B43094F87C300A44D2B29A42C0F055
:10255000948000F0B98000DE83E0013FFFB201A962
:1025600020461F70FFF706FF002F91D1019E6048A3
:10257000214600F01BFA00F00FFC94F87E2033781F
:1025800062F3C303337094F87E303278C3F34003B0
:1025900063F38202327031462046FFF7BFFE00F03F
:1025A00015FB002867D100F04FFD78B1A5B1A08AD6
:1025B0004FF6FF73984200F084802946FAF772F8CC
:1025C00077B902B0BDE8F041F7F7EAB800F030FDA6
:1025D00000F034FD002DEAD117B902B0BDE8F0815A
:1025E000F7F7BCF8032388F80430A38AD8F8000072
:1025F000A8F806304146F7F7C3F802B0BDE8F0414D
:10260000F7F7CEB80025C2F3C002C3F340039A42E5
:1026100036D00027384A3B4B00211170204601225A
:1026200001A91A70FFF7A6FE94F92730002B1EDBD4
:1026300098F81C30DA063FF532AF019E3378DB069E
:102640003FF52DAF7378002B91D028E700DE002DE9
:102650003FF414AF38E76FF3820384F87E3000F064
:10266000EBFA94F87E3098F81C200025CBE7636CD9
:10267000002BDDD07AE700DE95E784F87D20F0E7D7
:102680000320F7F751F80028C3D094F87E3083F088
:10269000020384F87E3098F81D30002BB9D094F8EE
:1026A0007E30190730D40127B4E700F0C1FC00F0F8
:1026B000C5FC002D91D0A08A4FF6FF7398424FD1F0
:1026C000002700DEA08A78E70022A4F87C20E06ED4
:1026D00004F16801F4F778FE019B1B682B60019BF5
:1026E0001D60019D94F87E3098F81C208BE700BF98
:1026F0000D20040092440020514500204E4500204A
:10270000792204005045002000F05AFD002857D0DF
:1027100000F07EFD002840D1D4F88F30D4F893200B
:10272000134305D198F81C3003F00303032B1DD08D
:10273000284B2948022221461A7000F037F900F090
:102740000DFA00F043FA78B900F07EFC0028ACD016
:10275000002D3FF442AFA08A4FF6FF7398422CD071
:102760002946F9F79FFF2CE700DEEDE700F068FA55
:102770004378272B0146DBD80333DAB208F11C007B
:10278000E4F7EEFED4F88F30D4F89320013BC4F880
:102790008F3042F1FF33C4F89330D4F88F300D4AB4
:1027A0000133C4F88F30D4F8933004F18F0143F132
:1027B00000034B600123137075E700DEA08ACFE7AA
:1027C00000DEA5E7676C0FB93D4668E600273D4689
:1027D000CCE600BF4D4500200D20040010B582B0AE
:1027E0000446FEF72BFE002809DB084A0849094881
:1027F00000940023F7F714F918B902B010BD00DEF9
:10280000F3E77730F9D000DEF7E700BF41A502001B
:1028100059210400152104004FF080530246D3F8DB
:10282000A410013107D04FF08051D1F8A00010F072
:10283000010009D17047D3F8A8304FF6FF719BB261
:102840008B42F0D100207047D1F8A4301360D1F84A
:10285000A8301371C3F3072363F03F035371D1F81A
:10286000903001331CD0D1F89430013318D0D1F816
:102870009830013314D0D1F89C30013310D0D1F806
:102880009030C2F80630D1F89430C2F80A30D1F84E
:102890009830C2F80E30D1F89C30C2F8123008E0FF
:1028A0000023C2F80630C2F80A30C2F80E30C2F86F
:1028B00012300120704700BF00234FF080520360A8
:1028C00043608360C360D2F88030013318D0D2F8FF
:1028D0008430013314D0D2F88830013310D0D2F8CC
:1028E0008C3001330CD0D2F880300B60D2F88430B9
:1028F0004B60D2F888308B60D2F88C30CB60704758
:1029000000230B604B608B60CB607047054B4FF42E
:1029100080320021C3F80815C3F84423C3F8042308
:10292000704700BF00B00040054B1878421C1A7079
:1029300018B9044B01221A6070470120704700BF8C
:102940005245002000B00040074B187848B10138CC
:10295000C0B2187018B9054B01225A6070470120A7
:10296000704700DE1878F2E75245002000B00040C2
:10297000014BD3F80405704700B00040024B00F54E
:10298000A87043F82010704700B00040044BD3F803
:10299000103123B1034A044B10681B681847704775
:1029A00000100040603E0020643E0020024A034BBD
:1029B00011601860704700BF603E0020643E002038
:1029C0004FF080434FF0FF320021C3F8002EC3F8D0
:1029D000042EC3F8081EC3F80C2EC3F8101EC3F84B
:1029E000142EC3F8182EC3F81C2EC3F8202EC3F8DB
:1029F000242EC3F8282EC3F82C2EC3F8302EC3F88B
:102A0000342E7047084B094810B44FF490510024FD
:102A10004FF41052C0F81845C3F80018C3F8042842
:102A20005DF8044B704700BF00F00140001000400B
:102A3000704700BF054B02280CBF0421032140F260
:102A40000122C3F81015C3F850267047001000404B
:102A5000014BC3F80C05704700100040014BC3F850
:102A60000805704700100040084B00F07F00C3F8D5
:102A70005405D3F8182522F00072C3F81825D3F8AE
:102A8000182542F00072C3F8182570470010004066
:102A9000084A00210123C2F82C15C2F83035C3784A
:102AA000C2F824358178038843EA01431B02C2F847
:102AB0001C35704700100040C2F38203A3F10203EB
:102AC00002F00302B3FA83F3013A5B091B06022A00
:102AD00098BF43F4801300F00F000A4A184340F4F3
:102AE0008070C2F81405D2F81805074B0340C2F8ED
:102AF0001835D2F81835194341F44031C2F8181589
:102B0000704700BF001000400000F8FE014BC3F802
:102B10000405704700100040014BC3F804057047DE
:102B20000010004002280CBF28202920704700BF59
:102B3000012070472920704702280CBF05200A2079
:102B4000704700BF014B01225A60704700100040DF
:102B5000014B01221A607047001000400C4B0D48D9
:102B60000D4910B44FF41064C3F8084501224FF426
:102B700080245A60DA60C0F84843084CC3F808451E
:102B80000020C1F800020A615DF8044B704700BFE5
:102B900000F0014000B0004000100040C001700E85
:102BA000094B0022C3F80021D3F80011C3F8042117
:102BB000D3F80411C3F80C21D3F80C11C3F8102179
:102BC000D3F81031704700BF00100040034BD3F81A
:102BD0000001003818BF0120704700BF00100040FE
:102BE000034BD3F80C01003818BF0120704700BF19
:102BF0000010004001207047034BD3F85005B0FA95
:102C000080F04009704700BF00100040044B40F2C4
:102C10000312C3F83425C3F83805C3F83C157047D0
:102C200000100040034BD3F80004003818BF012007
:102C3000704700BF0010004000487047603D002012
:102C4000004870475C3C0020F0B41D4B1D4D1E4EEB
:102C50001E4C1F4F0322C3F800222A78C6F868755D
:102C600002F10C03DBB2D000DB00910003F18043E2
:102C700000F1804003F5F83300F5F83001F18041B0
:102C8000C6F86C0501F5104104EB82041148C3F845
:102C90001045C3F81405D1F840352D2B8ABFD1F863
:102CA000403501232D3BC1F840350132064B4FF42E
:102CB000106102F00102C3F804152A70F0BC7047DD
:102CC000001000405345002000F0014040910040BA
:102CD0000C110040041000402DE9F041284E294C11
:102CE000294FDFF8ACE0DFF8AC800323C6F80032F0
:102CF0002178CEF8688501F10C03DBB2DB00CD0052
:102D000003F1804303F5F83305F1804507EB8107B4
:102D100005F5F835CEF86C554FEA810CC3F81075FF
:102D200049F63465C3F814654AF2B813022A18BF8D
:102D30001D460CF1804C42F2B84241F28833022821
:102D400018BF13460CF5104C104A2B44A2FB03236A
:102D5000DCF84025B2EB931F85BF9809DCF84035BD
:102D600001231B1ACCF840350131094B4FF4106296
:102D700001F00101C3F804252170BDE8F08100BF16
:102D8000001000405345002040910040D34D621098
:102D900000F001400C1100400449054B03204FF4A2
:102DA0001062C1F80002C3F8082570470010004007
:102DB00000F0014000207047034AD2F8003243F48B
:102DC0008873C2F80032704700100040014BD3F8FE
:102DD0004805704700100040034B0022C3F81C2137
:102DE000D3F81C31704700BF00100040034BD3F8EC
:102DF0001C01003818BF0120704700BF00100040C0
:102E0000034AD2F8403623F0FF03C2F84036704739
:102E100000100040034B0022C3F81421D3F81431F2
:102E2000704700BF00100040034BD3F81401003876
:102E300018BF0120704700BF00100040014BD3F8BD
:102E400010047047001000400449054B054A4FF438
:102E50008020C1F84803C3F80825704700B000403F
:102E600000F00140C001700E034B044A1B7803F5CB
:102E7000A87342F82300704753450020009000409B
:102E8000F0B4A2F574232F4DA3F51073AB420446A2
:102E900006D902F1E87202F5D432013902F5A572C1
:102EA000294B2A482A4D2B4E0127DF600027C3F803
:102EB0000475A0FB02020427C3F81075900C0227CA
:102EC000C3F80875244AC3F84005C5F848154FF4FF
:102ED0008021C5F844134021C2F84065C2F844354A
:102EE000C2F804154CB34FF48013C2F804351B4AE2
:102EF000012100240423D160C2F80445C2F8103532
:102F0000154BC2F8084511601549C3F850150C322D
:102F1000C3F8542502F5AF32124CC3F8584502F5F8
:102F2000FC7201F50041C3F85C2538310832C3F862
:102F30006015C3F86425F0BC70474FF40013C2F865
:102F40000435D4E7BFBDF07F0080004083DE1B4323
:102F500000B0004048B1004000F001400090004047
:102F60000C1100404091004070B4154B0122DA640E
:102F7000D3F84C25E8B103F5B8334FF48011C3F80A
:102F800004150F4B11460026012502E0D3F84041FD
:102F90006CB9C2EB4102C3F84061501CD3F8401138
:102FA000C3F84005DD64D3F84C158A42EED370BCFB
:102FB0007047044B4FF40011C3F80415E1E700BF5C
:102FC0000080004000F00140014BD3F848057047F5
:102FD00000B000400349044A01234B600B61536079
:102FE0001361704700800040009000400449054B89
:102FF000C1F844054FF08862C3F80425704700BF4C
:103000000080004000F00140054B06480649074A91
:10301000C3F84805C3F84C15C3F80425704700BF32
:1030200000F001400011004040800040800000049A
:10303000014BD3F84405704700800040014B1860F5
:10304000704700BF583C0020014B1868704700BF14
:10305000583C0020014BD3F84005704700800040E9
:10306000024B4FF00062C3F80425704700F00140A6
:10307000014BD3F84805704700800040014BD3F85E
:103080004805704700800040244B30B40024C3F84A
:1030900000450224A142C3F80045054634D003F59B
:1030A00080334FF000711E4CC3F804151B491D4BB3
:1030B000C1F80445D3F81835DBB21F2B03D9FF2B19
:1030C00029D0191F00E01B21144B1748C3F818150D
:1030D00000241649C3F80855C3F80C05C3F8102599
:1030E000C3F81415C3F80042C3F80041D3F8002117
:1030F000C3F80441D3F80421C3F808410122D3F8EE
:1031000008111A6030BC7047094B0A4C4FF000712F
:10311000C3F80415CAE7FB21D6E700BF00F0004062
:1031200001000001001000405C3C00204C3B0020EE
:1031300000F001400100010130B41C4B1C4C1D4A41
:103140000025C3F8005505460220C3F80005C3F862
:103150000445D2F81835DBB21F2B03D9FF2B22D040
:103160001A1F00E01B22114B1348C3F81825002436
:10317000C3F808550122114DC3F80C15C3F810050A
:10318000C3F81455C3F80022C3F80041D3F8001166
:10319000C3F80441D3F80411C3F80841D3F8081167
:1031A0001A6030BC7047FB22DDE700BF00F0004032
:1031B00000000101001000405C3C00204C3B00205E
:1031C00038B5114C0223C4F80433D4F8043163B980
:1031D0002025EFF3118085F31288BFF36F8F0BF07A
:1031E0002BFED4F80431002BF3D0074B074A022002
:1031F0004FF40041C3F80803C2F88011D3F8080166
:10320000B0FA80F0400938BD00F0004000E100E075
:10321000034BD3F80004003818BF0120704700BFEB
:1032200000F00040034B012100229960C3F8002503
:10323000704700BF00F000400139012905D80B207C
:103240000AB1ECF779BDECF785BD00DE704700BF31
:1032500029B10139012905D80B20ECF78FBD1820C1
:10326000ECF78CBD00DE0020704700BF88420FD015
:10327000012807D002280DD1A1F10100B0FA80F099
:1032800040097047A1F10200B0FA80F04009704790
:103290000120704700207047012904D0022902D084
:1032A00039B100DE7047064B4FF40062C3F80021CD
:1032B0007047034B4FF08072C3F80021704700BF86
:1032C00000E100E008B510F0D0FA08BD032803D8EB
:1032D000054B185C28B1704700DE034B185C0028D2
:1032E000F9D100DE704700BF2C500500013810B442
:1032F0001C46042806D8DFE800F009131D27030048
:10330000042935D000DE5DF8044B70470429F9D15B
:103310001B4B9C605DF8044B02210020F4F7BAB807
:103320000329EFD1174B01219C605DF8044B08463F
:10333000F4F7B0B80429E5D1134B9C605DF8044B59
:1033400002210120F4F7A6B8032909D00429D9D114
:103350000E4B02219C605DF8044B0846F4F79AB8C6
:103360000B4B9C605DF8044B01210220F4F792B8EE
:10337000084B9C605DF8044B02210320F4F78AB8E7
:10338000D40C0020C40C0020B40C0020940C0020AD
:10339000A40C0020840C002001460020FFF7EEBAA8
:1033A000124B30B40121044600205960C3F8044593
:1033B000C3F80001C3F80401196005E0D3F8042143
:1033C00032B9D3F804251AB1D3F80021002AF5D078
:1033D0005960D3F80421002AE7D1D3F80455002D11
:1033E000E3D0C3F8042530BC704700BF00E00040C4
:1033F00070B5114C0126D4F8045566600E20ECF728
:10340000A9FCD4F8040140B10021C4F80411D5E9A5
:103410000E323046BDE870401847D4F8003143B151
:10342000C4F80001D5E90E3205F12001BDE8704075
:10343000184700DE70BD00BF00E0004070B58CB0E2
:103440000E4615460146102268461C46F3F782FFD9
:1034500010220DEB02003146F3F77CFF6846FFF7C0
:103460009FFF25B1102208A92846F3F773FF2CB15E
:1034700008AD0FCD20606160A260E3600CB070BD4C
:1034800010B5094C0A44914200D110BD11F8013B1E
:10349000584003090001E35CC0B2434018091B0116
:1034A000205CDBB25840EEE797770500F8B503697A
:1034B000BFF35B8F03F1A005D3F8A030BFF35B8FA0
:1034C000C3F38003994200AF0C4617D1174A184B3B
:1034D0006E4688B0002908BF13466A461549C2E9FE
:1034E00005134FF400739383134B42F8103F1348B6
:1034F00000234FF4E451EBF77FFDB546BFF35B8F3C
:103500005CB155E8003F43F0040345E80032002A6F
:10351000F7D1BFF35B8FBD46F8BD55E8003F23F000
:10352000040345E80032002AF3D0F6E7A777050048
:103530006E790500AE7705000300000150440500D8
:103540002DE9F0470546D0F808A0894690461F4669
:103550000EF0E4FC0446D0B1067FF3070AD590F8DC
:1035600020301848184A01210BF056FB6FF0770005
:10357000BDE8F0873B46424649460EF089FC48B913
:1035800094F82030114A0F4801210BF045FB6FF0F1
:103590001200EDE79DF8203084F8218026F0060621
:1035A000678484F824302677DAF8183021462846D4
:1035B0009847227FB0FA80F35B0963F30002227719
:1035C000D6E700BF50440500C0770500DA77050054
:1035D00070B5054686680EF0A1FC0446D8B1037F9D
:1035E000DB0709D490F820300C480D4A01210BF07C
:1035F00013FB6FF0770070BD0146F36928469847CA
:1036000038B1237F03F00103227F63F300022277A6
:10361000F1E70346F8E76FF01200ECE750440500CD
:10362000FC770500F8B587680546FB6B0C469847A4
:1036300028690EF061FCD8B1214628460EF06EFCD8
:103640000646C0B1037F9B0706D090F820300B4A96
:103650000B4803210BF0E0FA346824B1BB68314613
:1036600028469847044628463B6C98472046F8BDB4
:103670004FF0FF34F7E76FF01204F4E71778050016
:10368000504405002DE9F341D0F808801746D8F8DA
:103690003C3005460E4698470C4800220023394628
:1036A000ECF7A8FE044670B9094A0A4800963B4662
:1036B00001210BF0BBFA2846D8F840309847204645
:1036C00002B0BDE8F0810676F5E700BF5013002098
:1036D00038780500504405002DE9F8430E460C7E6D
:1036E000497E0569C907D5F88020D5F8A43000AF18
:1036F0003ED5002C4BD1F268B2F806800BB32E4AAF
:103700002E4803210BF088FAD5F8A430012B15D1EF
:10371000E94688B0D5F8A8306A462949C2E90513B8
:10372000032342F8103F254823464FF4C651EBF7D8
:1037300063FCCD46D5F8A800ECF7DAFE0023C5F807
:10374000A430C5F8A860B8F1000F2ED0F3681C783B
:10375000E4090134D5F8A4309C4204D1194A174831
:1037600002210BF050FAC5F8A440BD46BDE8F8832D
:103770006CB9012B1BD0042B14D1338A002BE9D058
:10378000114A02210D480BF03EFA0624E2E7052B10
:103790000FD0022B04D182F0040202F00404D9E716
:1037A000032B06D0094A0121ECE70324D2E70524C4
:1037B000D0E70024CEE700BF627805005044050042
:1037C0007C780500C078050093780500A078050096
:1037D0004FF08053D3F83021082A06D1D3F8343182
:1037E000052B04D8034AD05C7047002070470120A5
:1037F000704700BF617A050010F0080F0B4B42B212
:103800000CD100F00F00002A4FF0140202FB00332D
:10381000B4BFD3F80806D3F808077047002AB4BF2E
:10382000D3F8A806D3F8A807704700BF007002407D
:10383000F8B50246EFF31185202383F31288BFF316
:103840006F8F00F008070EF056FE0126864012F03A
:103850007F0F1E4B6FEA060432D057B11A68224020
:103860001A601B4BC3F86C6485F31188BFF36F8F2C
:10387000F8BD184F396821FA00F0C0070AD419685A
:103880002140196014490B68120654BF234033438A
:103890000B60E6E72140396051B2C94322F0800055
:1038A000C90F00F2DA30090101EB40010848C0F805
:1038B0000018D0F8041841F00201C0F80418DEE73F
:1038C000196821401960002FCBD1DBE7F03E0020C2
:1038D00000700240EC3E0020F43E0020EFF3118027
:1038E000202383F31288BFF36F8F0A4BD3F8001C99
:1038F000032261B949F27531C3F8001CC3F8142DD5
:10390000C3F8001C80F31188BFF36F8F7047C3F8B2
:10391000142DF7E700E00640EFF31180202383F336
:103920001288BFF36F8F0A4BD3F8001C61B949F2BC
:103930007532C3F8002CC3F8141DC3F8002C80F3B3
:103940001188BFF36F8F70470022C3F8142DF6E77C
:1039500000E0064070B502460EF0CDFDEFF3118594
:10396000202383F31288BFF36F8F531E0124062B8D
:1039700004FA00F40FD80E4E0E4B31681B680B434F
:10398000C34013F0010306D10B4802F594722143A2
:1039900040F822303160094A136823431360084B12
:1039A0008022C3F8042185F31188BFF36F8F70BDA7
:1039B000EC3E0020F43E002000700240F03E00206B
:1039C00000E100E0F8B50306044623D410F0080730
:1039D00020D100F00F02920002F1804202F51C3269
:1039E000D2F84434B3B1EFF31186202383F3128865
:1039F000BFF36F8F0EF07FFD084DC2F8A074012356
:103A000003FA00F12B6823EA01032B6086F3118887
:103A1000BFF36F8F024BC3F81845F8BDF43E00208A
:103A20000070024008B591F82030012203F00F0029
:103A300013F0800F02FA00F2134B14D0D3F81005E4
:103A400010421AD091F820301A070AD40E4AC2F850
:103A50000C3543F48073C2F80C3591F82000FFF761
:103A6000B1FF002008BDD3F814051042EAD1D3F805
:103A700014050243C3F81425E4E7D3F81005024304
:103A8000C3F81025DEE700BF0070024091F8203037
:103A9000054A13F07F0F0BBF012343F48073536576
:103AA000C2F81835002070470070024038B504464F
:103AB0000D460EF012FDA8B1294620460EF0F8FC86
:103AC00020460EF003FD10B12846ECF711FD294603
:103AD0002046FFF701FE064B1B7813B9054B012268
:103AE0001A6538BD20460EF0FFFC0028E4D1E7E758
:103AF0005A4500200070024008B5054A05480321D8
:103B00000EF02DFD0FF045FB04F0DEF8002008BD9F
:103B1000D77805005844050038B545682C4654F858
:103B2000040B01F0FDF80B4B002218600121272047
:103B3000ECF732F9204604F08DF805F1080004F0A6
:103B4000CFF80FF01FFB044A044803210EF007FDD5
:103B5000002038BDA83E0020E0780500584405004C
:103B60000146014810F01BB9F811002008B5054BBB
:103B70001970054B1B7813B10420FFF7F1FF0020EB
:103B800008BD00BF58450020594500202DE9F04FE1
:103B9000514AD0F81080064689B0504803210EF0F3
:103BA000DEFC4F4B1E6008F184000FF086FC002203
:103BB0000023CDE9062300246FF00703CDE9033489
:103BC000CDE90144474B484900964FF400724748FD
:103BD00005F0F2FD464F47494448DFF838B10FF091
:103BE0004AFEBA69444B134043F4820343F0400356
:103BF000BB61B9464FF0280A87F820403946304665
:103C00000EF09EF93D4A054678B13D4A3348012100
:103C10000EF0A5FC284609B0BDE8F08F8B690BEAD1
:103C2000030313438B612837E6E70134092C10D0D6
:103C30000AFB0491082C8B7E43F040038B76EDD178
:103C4000D9F858312F4919402F4B0B43C9F8583137
:103C5000E9E72E4C2E4BA269DFF8A8A0DFF8A8B048
:103C6000134043F4041343F04003A3610746A14605
:103C700067F07F0384F82030214630460EF060F96B
:103C8000244A05460028C0D10137092F1AD028211F
:103C900001FB0791082F8B7E43F020038B7608D120
:103CA000D9F858310AEA030343EA0B03C9F858313B
:103CB00006E08B69134043F4C02343F040038B615B
:103CC0002834D5E798F8803023F0760343F0760364
:103CD00088F880309EE700BFEC7805005844050066
:103CE000F83E0020B13E0400005A0020A81F00202A
:103CF00064400020F47805000000BEFF400006008C
:103D0000FD7805000000F7FFFF010800FC3E0020E1
:103D10000000DEFF0000F9FF38B50D4628461146C9
:103D200014460EF041F995F82000802809D1238A25
:103D30003BB9637E5B0704D54020FFF711FF0020ED
:103D400038BD0EF0D8FB014602480EF016FC0120EB
:103D5000F3E700BFD041002008B5074A91F82030B2
:103D6000C2F80C3543F48073C2F80C3591F820008A
:103D7000FFF728FE002008BD0070024010B591F842
:103D800020404FF0FF324FF0FF33124805F06EFA3B
:103D90002046FFF74DFD04F00F02012393400E4A29
:103DA00014F0800F14BFD2F81015D2F814156FEA72
:103DB000030315BF0B400B40C2F81035C2F8143591
:103DC000044805F019FA054B8022C3F804210020AD
:103DD00010BD00BFB01100200070024000E100E003
:103DE0000346024A024801210AF016BF197905006C
:103DF00058440500012810B5014602D0022807D01A
:103E0000A0B90C4BBDE81040186800220EF0DEB8D7
:103E1000094B0A4C00221A70094BC4F800332720C2
:103E2000EBF78AFF0123C4F8043510BDBDE810404C
:103E3000FFF7D6BFF83E0020574500200070024033
:103E4000FDFFDF0170B5054691F820600C464FF08C
:103E5000FF324FF0FF33124805F008FA3046FFF703
:103E6000E7FC0F4805F0C8F90E4B8022C3F8042187
:103E700020460EF080F8014650B16FF070022846DF
:103E80000EF0B0F8204600210EF055F8002070BD6D
:103E900094F82030044A054803210AF0BDFEF1E7FA
:103EA000B011002000E100E0307905005844050021
:103EB0002DE9F04FC74FC84D85B004464FF0FF388D
:103EC0004FF0FF390022CDE900894FF0FF3138462D
:103ED0000FF06CFF4FF0FF3138460FF063FF10F02A
:103EE000080F824633D0BD4ABD4803210EF037FB90
:103EF000BC4842464B4605F0B9F9EFF31182202346
:103F000083F31288BFF36F8FB74B1B787BB1D5F863
:103F1000003413F400730AD10121C5F82C15D5F82B
:103F20002C15D5F80014890548BFC5F82C3582F347
:103F30001188BFF36F8FAB4805F05EF90121204671
:103F4000FFF7B4FA0022032120460EF03FF81AF0E2
:103F5000100F0DD0A54AA24803210EF000FB00214E
:103F60002046FFF7A3FA0022022120460EF02EF889
:103F70001AF0200F0DD09E4A994803210EF0EFFA57
:103F800000212046FFF792FA0022022120460EF07F
:103F90001DF81AF0020F52D11AF0010F10D0BFF322
:103FA0005B8F944B002253E8006F43E80021002907
:103FB000F9D1BFF35B8F4FF00108002E40F0B480C1
:103FC0001AF0400F0AD0802120460DF0A7FF0DF017
:103FD000CEFF014610B12046FFF768FD1AF0040F2E
:103FE0003FF46CAF002120460DF098FF8021804601
:103FF00020460DF093FF064640460DF0BCFF08B189
:10400000ECF776FA30460DF0B6FF08B1ECF770FA2F
:10401000002140460DF08FFF304600210DF08BFF50
:104020000822002120460EF003F90646002840F041
:104030009280714A6A4801210EF091FA3EE76F4B77
:10404000BFF35B8F002253E8008F43E80021002973
:10405000F9D1BFF35B8F4FF00109B8F1000F9BD08E
:1040600098FAA8FBBBFA8BFB09FA0BF3BBF10F0F15
:1040700028EA030816DDABF11006F6B231462046F9
:104080000DF04CFF02900DF072FF834698BB5C4A26
:104090005348334601210AF0BFFD314620460EF059
:1040A00048FADAE74BF08006314620460DF036FF3D
:1040B00002900DF05CFF50B9524A49483346012145
:1040C0000AF0AAFD314620460EF01DFAC5E703901E
:1040D000002102980DF02FFF039BBBF1000F04D1CC
:1040E00019462046FFF7E2FCECE70022194620467D
:1040F0000DF078FFE6E7029800210DF01CFF6EB985
:1041000020465946FFF7E8FA20460EF0E6F9002867
:10411000C3D0594620460EF060F9BEE7002259464A
:1041200020460DF05FFFB8E796FAA6F3B3FA83F3E3
:1041300008FA03F20F2B26EA020606DDA3F11001AE
:10414000C9B220460EF0F5F937E743F0800120466A
:104150000EF0D9F931E70DF029FFD5F88014F36896
:10416000C9B21970D5F88424D2B25A70D5F888042F
:10417000D5F88CC440EA0C2058801FFA80FED5F890
:104180009004D5F894C440EA0C209880D5F898049F
:10419000D5F89CC440EA0C201FFA80FCD8801A484D
:1041A00009B9052A0DD0DFF868C000220270D5F8E1
:1041B00070149CF800C08C4534D1144B00221A7046
:1041C00040E001220270BCF1000F23D03046ECF732
:1041D0008FF973E6F811002000700240497905005C
:1041E00058440500B01100205745002060790500B3
:1041F00076790500D0410020AB790500CC41002044
:104200008E790500307905005A4500205945002077
:10421000584500200EF07F025A8083F804C083F8CE
:1042200005C0CAE7DFF8A4C01A7001218CF800109D
:10423000017005215970D5F8701459801A715A719E
:104240009A71DA71082106F10C000AF0C0FE2046CE
:104250003146FFF741FA20460EF031F920B31A4BF0
:104260004FF0000883F80080F36841462046B3F819
:1042700006A00DF053FE41468146524620460DF001
:10428000D7FF014648B148460DF08EFE4146204614
:104290000EF04FF90123EB6410E66FF00B0231468C
:1042A00020460DF09FFE09E620460EF00FF930B1D2
:1042B000054B802220461A700EF0B5F8FEE5204628
:1042C0000EF0D7F8FAE500BF56450020594500200A
:1042D0004FF08053D3F83031082B02BF024B00223D
:1042E000C3F81C2C704700BF007002402DE9F0415C
:1042F00005464FF0FF324FF0FF33414804F0B6FF60
:10430000404B8022C3F884212720EBF737FDA8B16A
:104310003D4F3E4B3C681B68240C24041C434FF06B
:104320000108002C37D13A4E40F2FF133B602720A2
:10433000C6F80445EBF70EFDC6F80043354A13787E
:104340008BB1334B0021C3F808110121C3F80026BB
:10435000C3F804165960D3F808110029FBD00021D6
:10436000C3F8081111702A4B0024C3F80045FFF769
:10437000AFFF234804F040FF21462846FFF728F905
:10438000F0B1254A254801210EF0E9F86FF0040547
:104390002846BDE8F08194FAA4F6B6FA86F60F2E08
:1043A0003346C6BFA6F11003D8B243F0800003071E
:1043B00001D4FFF73DFA08FA06F624EA0604B0E74E
:1043C00028468021FFF704F905460028D9D1144B6F
:1043D00014491E6830460AF068F810F1780F044658
:1043E00003D130460AF03DF80446002CD0DA0E4ADC
:1043F0000A48234601210AF00FFC2546C8E700BF02
:10440000B011002000E100E0F43E0020F03E00206A
:104410000070024054450020C8790500584405004A
:10442000A83E0020983E0020EB7905002DE9F04FD2
:10443000414BDFF83081D3F8542187B0C2B100225C
:10444000C3F85421D3F80423910211D5D3F8C03412
:10445000002BD8F8003014BF4FF001224FF48072C7
:104460001343364AC8F80030136823F00123136061
:10447000314BD3F8604134B10022C3F86021D3F846
:104480006C44C3F86C44D3F828214AB10022C3F825
:1044900028212B4B18780EF02EF8012383401C4363
:1044A000284B1D7893F900102B0732D40029B4BF94
:1044B000254B264B05F00F02920013441A68002A80
:1044C0005BD000221A602846FFF796F9204B1A7835
:1044D00000F0010050401870FFF7FAFE1D4B28460F
:1044E0001A680EF008F8C240D70706463CD40029E7
:1044F00016DA882D06D1014617480EF03EF8022044
:10450000FFF72EFB0D4A01231168B3400B431360E4
:1045100030E0124B124A13EA210338BF1346CDE7AD
:1045200001460D480EF029F80220FFF719FB013D66
:10453000062DE7D91EE000BF00700240EC3E0020CF
:104540005645002055450020087102403071024058
:1045500054450020F03E0020CC4100202C71024048
:1045600050710240F43E0020002D40F0FE80B54B1B
:104570000122DA64B44804F03FFE9CB1D8F8003060
:10458000B24AB34FDFF8E49224F001210B43C8F89C
:104590000030136823EA01031360A4B20126002C43
:1045A00040F0E780A74BD3F800217AB10024C3F88C
:1045B0000041A84BA84AA9481C7003210DF0CFFF69
:1045C000A34B2246186804210DF000FD9D4BD3F843
:1045D00058212AB30022C3F85821D3F80044C3F865
:1045E0000044E00505D59B4B012208201A70FFF717
:1045F000B7FAA10505D5974B002210201A70FFF7D6
:10460000AFFA62050CD5934B1A784AB100221A70A2
:104610008C4B0122C3F8082520209A65FFF7A0FAE9
:10462000884B8F4CD3F85C31F3B1874B9B681BB937
:104630008C4B1B785B0617D0824B0022C3F85C21A1
:104640002368824A23F001132360D8F8003023F452
:10465000803343F00103C8F800301368042023F0CE
:1046600001131360FFF77CFA2568D8F800301D406D
:1046700078D0744BD3F82C45002C73D172480022AB
:10468000002304F0F3FD00286CD115F0012314BFC2
:1046900093FAA3F595FAA5F5B5FA85F50F2D88BF20
:1046A000A5F110096A4B8CBF5FFA89F945F08009C2
:1046B000186849460DF032FC04900DF073FC4FFA77
:1046C00089F3039309F008030593039B002B064627
:1046D00009F00F0A80F28C80049B048A5B8CC76807
:1046E000C3F30A039C4207F0604B73D9BBF1005F30
:1046F0001C4605D039465C485B4F1A46E2F730FF4E
:104700004FF080530121D3F83031082B02BF4D4BBD
:104710008222C3F81C2CD8F80030059A01FA05F55E
:1047200023EA0503C8F800304E4B83F80090454B50
:10473000002A40F0B180039A002A4FF0140202FBD5
:104740000A32A9BF0AF10A0A03EB8A03C2F800770A
:10475000C2F80447AFBF43F82A10C2F80076C2F887
:104760000446596007B0BDE8F08F0029BFF6DFAE00
:10477000C8E694FAA4F5B5FA85F506FA05F345F00E
:1047800080052946386824EA03040DF0C7FB0DF0C4
:1047900009FC82462846FFF72FF801460AF10C0073
:1047A0000AF04EFCBAF81030002B7FF4F8AE5046F9
:1047B0000DF003FC18B150460DF003FCEFE628465F
:1047C0000DF099FE014648460DF0D7FE0220FFF796
:1047D000C7F9E4E60DF0F1FBBBF1005F064605D03A
:1047E00039462148204F2246E2F7BAFE16B387E742
:1047F000038A56F80C7F059A1F44124B002A37D0C3
:10480000D3F8C0B41BF4803F36D030460AF03CFCED
:104810004FF0000B214630460AF0D9FB049B5A8C1E
:10482000C2F30A025A4505D130460AF02DFC002891
:104830007FF466AF0A4901220B68AA4023EA02030B
:104840000B605DE700700240B0110020EC3E0020DC
:10485000F83E002057450020027A05005844050024
:10486000F03E002055450020AC3E0020CC41002009
:104870000AF5947253F822B030460AF005FC584508
:10488000044607D20C4A00905B460C4801210AF00E
:10489000CDF9BFE75C46BDE7039A002AB5BFC3F870
:1048A000A076C3F8A077C3F8A446C3F8A447B4BF62
:1048B0005962996456E700BF087A0500584405001C
:1048C000EFF31183202282F31288BFF36F8F174A10
:1048D00012781AB3164AD2F82C15F9B10021C2F891
:1048E0002C154FF08052D2F83021082A05D083F3DE
:1048F0001188BFF36F8F002070470E4AD2F8000C6A
:10490000C02140B949F27530C2F8000CC2F8141C3D
:10491000C2F8000CEBE7C2F8141CE8E783F3118837
:10492000BFF36F8F6FF00A00704700BF574500203C
:104930000070024000E0064073B50022009211466C
:1049400040230446FEF7FCFD024648B1604A614838
:1049500001210DF004FE6FF00404204602B070BD8A
:104960000090402320468021FEF7EAFD04460028FF
:10497000ECD15949594B4860C860012618688E60CF
:1049800009F018FD051E07DA554A52482B463146F4
:104990000AF042F92C46E0E7EFF31185202383F378
:1049A0001288BFF36F8F4F4B4FF40062C3F800249F
:1049B000FEF70EFF08B1FEF791FF4FF08053D3F8DA
:1049C0003031082B18D1EFF31180202383F31288A4
:1049D000BFF36F8F444BD3F8001CC022002970D165
:1049E00049F27531C3F8001CC3F8142CC3F8001C3D
:1049F00080F31188BFF36F8F3A4B0122C3F8002573
:104A0000D3F800241205FBD54FF40062C3F800244C
:104A10004FF08053D3F83031082B17D1EFF31180CA
:104A2000202383F31288BFF36F8F2F4BD3F8001C22
:104A3000002949D149F27532C3F8002CC3F8141C7F
:104A4000C3F8002C80F31188BFF36F8FFEF7C0FE10
:104A500030B1FEF761FFFEF7BBFE08B1FEF73EFF87
:104A60004FF08053D3F83031082B1E4B0AD140F25F
:104A7000E372C3F800284022C3F80428BFF36F8F05
:104A8000BFF34F8F8022C3F81C250122C3F83025C5
:104A9000164B40F2FF121A60154B00211960154B9E
:104AA0001960154B1970FFF713FC144B1970FEF7C2
:104AB0008FFE08B1FEF730FF85F31188BFF36F8FCB
:104AC0004BE7C3F8142C93E70022C3F8142CB9E782
:104AD000277A050058440500983E0020A83E002093
:104AE000497A05000070024000E00640F43E0020D4
:104AF000F03E0020EC3E00205445002056450020AA
:104B0000084B70B5C31A0D4607499B10044659431C
:104B1000064840220DF04DFD2B4601462046BDE8DB
:104B200070401847E8410020B76DDBB6803E0500B5
:104B300073B50C4C0C4A4023041B00930D460B46E6
:104B40000A49A4106143064609480DF05DFD011EA7
:104B500005DA30462B4602B0BDE87040184702B077
:104B600070BD00BFE841002071260500B76DDBB6BF
:104B7000803E050010B5EFF31184202383F31288E3
:104B8000BFF36F8F074A136823F00201DB07116040
:104B900002D401200EF046FA84F31188BFF36F8F20
:104BA00010BD00BF38420020002270B5012104462C
:104BB0001046EBF7F1F80F4802F07CFB0E4B9842E1
:104BC00015D102F087FB26690C49304609F0DFFB5E
:104BD00000280BDB012535642469084904F11C0019
:104BE00009F0D5FB002801DBE564002070BD6FF003
:104BF0000400FBE7054D04000000AD0B9C500500D0
:104C00007FB500220123CDE9022304ABCDE90433B3
:104C1000094ACDF800D06B46CDF804D00DF021FD47
:104C2000002805DB4FF480420023684604F01EFB99
:104C300007B05DF804FB00BF9126050030B4104BAF
:104C40000C2202FB003301460020D3E90E52986388
:104C5000EFF31180202484F31288BFF36F8F1C6C54
:104C600004F0C00444F002041C6480F31188BFF314
:104C70006F8F1DB12B46034830BC184730BC7047BE
:104C8000E8410020803E050010B4EFF3118220239C
:104C900083F31288BFF36F8F1848016841F0020454
:104CA0000460C80708D482F31188BFF36F8F012016
:104CB0005DF8044B02F026BB4FF08041D1F80C04A4
:104CC000D1F80C14C907EED5EFF3118083F31288E5
:104CD000BFF36F8F0A490B6C03F0C00343F002036C
:104CE0000B6480F31188BFF36F8F82F31188BFF3D9
:104CF0006F8F00205DF8044BFFF7A0BF3842002003
:104D0000E841002010B1012804D07047034B1B6C10
:104D10005B0701D1FFF792BF704700BFE841002059
:104D2000024AC3B21C2003FB00207047E841002068
:104D3000094BBFF35B8F53E8002F42F0010143E8BA
:104D400000100028F7D1BFF35B8F930702D4012036
:104D500002F0D8BA704700BF3842002010B5EFF318
:104D60001184202383F31288BFF36F8F074A1368DF
:104D700023F001019B07116002D401200EF052F9CB
:104D800084F31188BFF36F8F10BD00BF384200203D
:104D90002DE9F0413849BFF35B8F0746012251E806
:104DA000003F41E800200028F9D1BFF35B8F33B901
:104DB000324933484B60CB608A6009F0FBFA7B1EB6
:104DC000012B2BD8012F07D14FF08043D3F81C348F
:104DD00003F00303012B21D00EF047FD0546F8B97F
:104DE000284B1B78E3B14FF080430222C3F808231D
:104DF0000646DFF894804FF08044D4F81824D4F8A5
:104E00001834D20315D503F00303012B01D0012F71
:104E10000FD155B386F31188BFF36F8FBDE8F081D2
:104E2000EFF31186202383F31288BFF36F8F0125E0
:104E3000DFE7ADB1304609F0FFFFD4F81835002B9D
:104E4000DBD1D4F80421002AD7D0C4F80431D4F837
:104E500004310123C4F81835C8F88031A360CCE7C9
:104E6000002121200EF0BFFDE7E74FF08043022232
:104E7000C3F80423D2E700BFE4410020D44100205E
:104E8000044200209045002000E100E008B50748FA
:104E90000EF020FA38B10648EBF712FA0448E9F7A9
:104EA0002BF9002008BD6FF01200FBE7E03E050083
:104EB000B54E04000A2838B5074D044604D1AB6846
:104EC0000D215B6828469847AB6803485B68E1B2F0
:104ED0009847204638BD00BFE03E0500EFF3118241
:104EE000202383F31288BFF36F8F0A4BD3F800118E
:104EF00061B10021D3F80805C3F80011D3F80031DF
:104F0000C0B282F31188BFF36F8F70476FF00A0051
:104F1000F7E700BF00D00040F0B5034610469C788C
:104F200093F803C0EFF31182202585F31288BFF3B5
:104F30006F8F1F7893F801E0E41B04EA0C04A04291
:104F400088BFA0B23E180CEA06063D461E7082F3EA
:104F50001188BFF36F8F0A188A4216D177450CD19A
:104F6000EFF31182202181F31288BFF36F8F19783C
:104F7000597082F31188BFF36F8F1B79241AA342F3
:104F800022BF064B01221A60F0BD5E190135767909
:104F900001F8016B05EA0C05DEE700BF00D0004018
:104FA000DB432DE9F04713F001050E46144604D00B
:104FB0002248FFF7B1FFBDE8F0879AB3EFF31188FD
:104FC000202383F31288BFF36F8F0D20EAF7D6FEFC
:104FD00007460D20EAF7BEFE88F31188BFF36F8FF6
:104FE000DFF85CA0DFF85C80CAF80051DAF8003125
:104FF0004FF400590123CAF800302546C8F88091C3
:10500000DAF8003183B1FFF769FF031EC8F8809119
:10501000F6DB013DADB27355002DF1D117B10D2076
:10502000EAF78AFE2046C6E7EFF31180202383F3D8
:105030001288BFF36F8F09F0FFFEE1E76C4200209A
:1050400000D0004000E100E02DE9F041124F0D4694
:10505000144607F1450814B92046BDE8F0814FF029
:10506000FF334FF0FF32384604F000F9224629465C
:105070004046FFF751FF0646384604F0BDF83EB9FA
:105080004FF0FF324FF0FF33044804F0EFF8E6E74B
:10509000A41BA4B23544DEE73C4200205442002069
:1050A00038B5194C0122114620460EF0EFFA0122C4
:1050B000002104F118000EF0E9FA40F20743A4F8C9
:1050C00048304FF0706323630C2384F8343000259C
:1050D0000E4B84F84550A4F84650D3F8042542F00E
:1050E0000102C3F804250121C3F80051D3F80021BF
:1050F000C3F804132A4619600D20EAF74DFE0D206F
:10510000EAF71AFE284638BD3C42002000D0004095
:1051100010B5FFF7E3FE002820DB174B93F8322091
:1051200093F8314093F83310141B31EA0404C0B2F1
:105130000DD193F8472093F8464093F84810141B7C
:1051400031EA04040BD10D4B01225A600EE09C1889
:105150000132114084F8350083F8321010BD9C18DC
:105160000132114084F84A0083F847100448BDE832
:10517000104004F041B800BF3C42002000D0004085
:105180005442002000F1744000F5A6000A289ABF9E
:10519000024B33F910006FF00F0070470656050000
:1051A000024B0B6001231360704700BF4C51050098
:1051B00000487047C05005000268154BFF2A08BF21
:1051C0004FF0FF32C3F824254268FF2A08BF4FF092
:1051D000FF32C3F828258268FF2A08BF4FF0FF324C
:1051E000C3F83025C268FF2A08BF4FF0FF32C3F86A
:1051F00034250269FF2A08BF4FF0FF32C3F8382573
:105200004269FF2A08BF4FF0FF32C3F83C257047C0
:1052100000900240054B994206D14FF0FF324FF00B
:10522000FF33183004F022B8704700BF0000AD0B08
:1052300030B50D46416885B0B9B1D1E90013846835
:10524000ACB1D4E900249CB193B19C4209D15C1C5F
:10525000092C03780FD9124A12480094022109F050
:10526000E5FC6FF0150005B030BD0B46E7E72246C0
:1052700001331C44ECE78DF8083040F20113ADF81F
:105280000A3002A800238DF809408DF80C308DF803
:105290000D5002F0DBFF05B0BDE83040FFF772BFF4
:1052A000C67A0500204405002DE9F04F91B043680F
:1052B0005D6B00AF804607F12802002128460DF003
:1052C00029FB041E73DBBB6A2A681979186800F091
:1052D00041FE041E6BDB002201212920EAF75CFD60
:1052E000D8F80490D8F810207F49484602F08EFF85
:1052F000FFF748FF041E55DB7C4D0FCD07F1280456
:105300000FC495E8030007F1040A002584E80300B0
:105310007D60AB23CAE901553B71754BD3F8242559
:10532000D2B23A61D3F82825D2B27A61D3F83025C7
:10533000D2B2BA61D3F83425D2B2FA61D3F83825A3
:10534000D2B23A62D3F83C35DBB27B6207F1280077
:10535000FFF732FF012002F0CFFF07F110060146F0
:105360003046FFF729FF634B994225D12946504625
:10537000FFF75EFF041E15DB08200DF08FFF4FF0D6
:10538000030B9F23C7E90A55C7F810A0C7F814B04C
:1053900087F828303E63294607F12800FFF748FFC9
:1053A000041E0CDA02F0C6FF08B102F0B1FF20467D
:1053B0004437BD46BDE8F08F6FF00404F2E75A466B
:1053C000514609F1300005F043FB18B36C468CB030
:1053D00097F804E097F805C0BE7999F8300099F87D
:1053E000311099F832306A46DFF82881D3620823F9
:1053F000C2E9058EC2E907C6C2E9090142F8103FB9
:105400003D482B4644F24001E9F7F6FDA5466FF012
:105410001204C7E7D8F80420537F023B012B11D9AF
:10542000157F023D022D8CBF0025012502200DF0C5
:10543000B9F9041E08DA314A2F482346012109F040
:10544000EBFBAFE70125F1E7E3B2C4F34004A5426B
:1054500001D10024A6E783F002034FF000080120E9
:10546000A7F800807B700DF09DF9041E1FDA244A16
:1054700021482346012109F0CFFB224A224B002D6F
:1054800018BF13466D468AB06A462049D461C2E906
:1054900005134FF4007313841D4B42F8103F164858
:1054A00000234FF41151E9F7A7FDAD467AE7022337
:1054B0000121C7F828803F617B61C7F8308087F8F9
:1054C0002810FE6207F128003C70FFF7B1FE041EB1
:1054D00007D101200DF066F9041ECEDBE307F8D4F6
:1054E000B7E7BFF65FAFC8E713270500E044050044
:1054F000009002400000AD0B20440500217B050018
:10550000317B0500F96F0500E97A05004A7B05004B
:1055100004000001EF7A05002DE9F04F824687B0C4
:105520000E461C46904682B1002B00F08F80002969
:10553000426803DBD26A0B4493420BD9444A454884
:1055400000943346012109F071FB6FF0150007B09C
:10555000BDE8F08F754205F003050DF0FAF8A5429D
:1055600028BF2546D8F1000303F0030308F0030722
:1055700058BF5F427F4207F00307A74228BF274674
:10558000631BE41B24F0030423F00309A145C8BFF7
:10559000A14603F0030BC8BFA3EB040BB9F1000F46
:1055A00019D008EB070372194946184603930DF00A
:1055B00001FE04460146DAF81000FFF72BFE264AEA
:1055C000944238D1BD4206D0039B4A46194608EBA7
:1055D000050005F06DFAADB1C5F10407F21B042119
:1055E00004A80DF0E7FD04460146DAF81000FFF7C5
:1055F00011FE194B9C421ED104AB2A46D9194046D4
:10560000E1F7AEFFBBF1000F1ED072194A4408212A
:1056100004A80DF0CFFD04460146DAF81000FFF7AC
:10562000F9FD0D4B9C4206D109EB05005A4604A931
:105630004044E1F795FF50460DF071F8204607B061
:10564000BDE8F04FFFF79EBD034CF4E718467EE738
:105650005B7B0500204405000000AD0B2DE9FF47F2
:105660000E46074641681D469046A2B19BB1042BE9
:1056700001D9AB070FD116F003040CD1002E03DBC8
:10568000CA6A731993420CD9394A3A48009533468D
:10569000012109F0CBFA6FF01504204604B0BDE8F3
:1056A000F08738460DF055F820460DF066F80446B0
:1056B00030B101200DF061F838460DF030F8ECE71C
:1056C000032D1CD83246042103A80DF073FD0446B7
:1056D00001463869FFF79EFD274B9C4234D12A468C
:1056E000414603A8E1F73CFF3246042103A80DF030
:1056F0005EFD044601463869FFF78CFD24E008F0A2
:105700006043B3F1005F02D118F0030F2BD0DFF834
:1057100068A0042DA94628BF4FF004094A46414617
:1057200003A8E1F71DFF3246494603A80DF03FFDEF
:10573000044601463869FFF76DFD544504D1B5EBC9
:105740000905C8444E44E4D12046FFF71BFD04463A
:1057500001200DF012F8054638460CF0E0FF002C51
:1057600008BF2C4699E7324629464046BFE700BFAE
:10577000A47B0500204405000000AD0B2DE9F34794
:105780000B460E46D0F804C00746C1F30B01154680
:105790002AB96FF01504204602B0BDE8F087C2F3C5
:1057A0000B0252EA0104F4D1002B04DBDCF82C10CC
:1057B0005A198A4206D93D4A3D480095012109F00F
:1057C00035FAE6E70CF0C5FF2046D7F804800CF068
:1057D000D4FF0446002864D1DFF8E890D8F82C30D4
:1057E0009D4222D10DF0E9FCAA46044638692146C3
:1057F000FFF710FD4C453ED15644A5EB0A050021AC
:105800004FF4A4700EF0EFF801200CF0CBFF041E53
:105810003DDB14F00104F2D1002DDFD101200CF0AA
:10582000ACFF002C08BF04463BE0B5F5803F09D330
:10583000B3B253B93146012002F086FD4FF4803AED
:105840000446D3E7B5F5805F09D3C6F30B0030B942
:10585000314602F079FD4FF4805A0446C6E7154AF6
:10586000134800953346012109F0E0F912493869DF
:10587000114CFFF7CFFC0E48104A0095334601212A
:1058800009F0D4F92046FFF77DFC0446C6E7084836
:105890000B4A00953346012109F0C8F901200CF0AC
:1058A0006CFF38460CF03BFF75E700BFEE7B050050
:1058B00020440500387C05000400AD0B737C050016
:1058C000567C05000000AD0B024B0B6001231360FA
:1058D000704700BF904200200048704754510500B7
:1058E00007B50346054A00910548012109F09EF9D4
:1058F0006FF0150003B05DF804FB00BFA47C050049
:10590000C843050010B5012211460748074C0DF0A9
:10591000BDFEFBF7ABF80DF025FC20600DF01EFC82
:105920006060002010BD00BF98420020904200201F
:105930004FF08042D2F81015D2F8103501F01E0158
:1059400023F01F030B4343F00103C2F81035024B51
:1059500000221A70704700BF5B4500204FF0805353
:10596000D3F83031082B20D14FF08042D2F81015F7
:10597000CB071AD5D2F8103501F01E0123F01F0312
:105980000B43C2F81035D2F808315BB1D2F81035AC
:1059900023F01F030B4343F00103C2F810356FF0EF
:1059A0008B007047024B01221A700020704700BF25
:1059B0005B450020F8B504460DF0D0FB237B05467F
:1059C0000BB1FBF769F8134F0026FFF7C7FFE8B9E3
:1059D000606802F011F9A3685B1BA36063682B4445
:1059E00063603B780BB1FFF7A3FF237B01363BB924
:1059F000A368002BE9D1A068003818BF0120F8BDCA
:105A00003046E4F715FC0028F2D0F4E76FF08B0085
:105A1000F5E700BF5B45002070B5037B04460BB182
:105A2000FBF73AF8194E0125A368032B06D8184A4C
:105A3000D2F80034DB07FBD5002070BDFFF78EFFE6
:105A400008BB23686068196802F0F6F833780BB178
:105A5000FFF76EFF636804336360236804332360D9
:105A6000A368043BA360237B0135002BDCD02846D0
:105A7000E4F7DEFB0028D7D0054AD2F80034D90776
:105A8000FBD50120D9E76FF08B00D6E75B450020FE
:105A900000E00140F0B589B00E4615460DF05EFB02
:105AA0002946074630460CF0A4FE60B3B6FBF7F378
:105AB00007FB136323B9B5FBF7F407FB14545CB180
:105AC0001F4A009533461F48012109F0AFF86FF0D7
:105AD0001504204609B0F0BDAF42FAD84FF0FF33AD
:105AE0004FF0FF32184803F0C1FBFAF7D1FF04ABC7
:105AF000014660B91022184605F05AF8CDE905654F
:105B0000FFF758FF16E0114A00953346DBE71022F5
:105B10002146184605F04CF801228DF81C200C4A4D
:105B2000CDE902200B48CDE90565FAF7A9FF02A8E7
:105B3000E4F7E2FA0446044803F05EFBC9E700BF5D
:105B4000C17C0500C843050098420020A47C0500E4
:105B5000B5590400645E010070B50D4688B0194661
:105B6000284616461C460CF044FE58B91D4A0094BF
:105B70002B461D48012109F059F86FF01504204605
:105B800008B070BD45EA04039B0703D0174A009490
:105B90002B46EEE7002CF2D04FF0FF334FF0FF32F0
:105BA000134803F063FBFAF773FF0346CDE904657E
:105BB00004A806948BB101238DF81C300D4BCDE960
:105BC000023041F64C50FAF75BFF02A8E4F794FA72
:105BD0000446074803F010FBD1E78DF81C30FFF7AF
:105BE0001BFFF5E7A47C0500C8430500E07C050029
:105BF00098420020195A0400F0B516464268107BFE
:105C000001F01F0444EA4014106987B0002872D0E4
:105C1000B6F5001F02F1100506D1214628460DF009
:105C200092FA002007B0F0BD01A80027B6F5800F5A
:105C30000197476039D1B3F1007F14BF05230423D6
:105C40008DF804300023CDE904030393936823FA0D
:105C500001F111F001010DF103073ED1B6F1A07F72
:105C60003BD104F01F03620903F5E07328D0012A39
:105C700047D1254A52F82330DB072ED43A46214635
:105C8000284601F029FE214B98421CD0029703AA16
:105C90002146284601F0E0FC1D4B98422ED10122FE
:105CA0002146284601F070FEBBE7B3F1C06F05D076
:105CB000B3F1007F14BF01230223C1E70323BFE731
:105CC0004FF0A042D6E73946284601F055FE104B6A
:105CD0009842DBD06FF00B00A4E73A4621462846F5
:105CE00001F0FAFD0A4B9842D1D19DF803102846E5
:105CF00001F03AFECBE76FF0850093E76FF01500F7
:105D000090E751F82330FFDE000300500400AD0B94
:105D10000000AD0B420970B5034602D0012A17D02E
:105D200070BD0D4E326951680029F9D003F01F0390
:105D300001250C689D400029F2D08A682A4002D0D3
:105D40004B68304698472CB1236821461C46F2E741
:105D5000024EE7E72346F8E7C03E0500A03E0500F7
:105D600038B545682B69B3B11035284601F0F2FD0E
:105D7000044680B90146284601F0C8FD084B984208
:105D80000BD108492246284601F0A0FD22460521F4
:105D90000620EAF701F8002038BD6FF00400FBE7A9
:105DA0000000AD0B155D04002DE9F043466840F29C
:105DB0000635D006337B87B002EA050554BFC2F32F
:105DC0004010032001F01F07B5F5837F144647EA12
:105DD00043178DF8030045D00FD8062D18D007D8EB
:105DE000B5B1022D40D06FF0150007B0BDE8F083CB
:105DF000B5F5807FF7D101250AE040F202229542F5
:105E000034D0B5F5407F33D0B5F5007FEBD1022516
:105E10000123220303FA01F12CD57368C3F8081596
:105E2000326982BB07F01F037F0929D0012F77D188
:105E30003E4A02EB830284F48033D2F80017C3F3A6
:105E40000043C4F3404444EA430421F4E16144EADA
:105E5000800421F0070144EA05230B43C2F8003710
:105E60000020C2E70725D3E70425D1E70525CFE7C2
:105E70000325CDE7630344BF7368C3F80C15CFE770
:105E80004FF0A042D5E710360DF1020239463046F8
:105E900001F022FD14F4403F80460CD139463046D3
:105EA0000DF04FF9224B9845DAD19DF8021030469B
:105EB00001F05AFDD4E701AB4FF0000903AA3946BF
:105EC0003046CDE90439CDE90199CDF80C9001F0C7
:105ED000C3FB174B984286D114F4003315D09DF8BC
:105EE00003308DF80E3084F48034C4F300444B4604
:105EF00003AA394630468DF80C508DF80D4001F05C
:105F000067FC0B4B9842CDD06DE7CDE9043303AA73
:105F10000DF1030339463046039301F09DFBF0E792
:105F200003F5E07352F82330FFDE00BF000300509A
:105F30000000AD0B036803F01F025B09026004D090
:105F4000012B034818BF002070474FF0A040704756
:105F5000000300502DE9F04FDFF8B8B185B01546C9
:105F6000824600EB810840F2FF19D04503D10020A2
:105F700005B0BDE8F08FDAF800305804C3F3C32150
:105F8000C3F3080400F1BD80614A4C45515C4FEAFF
:105F9000136312D0222B1ED94E2B40F0B580C5F8CA
:105FA000144503A80394FFF7C5FF039B012606FAD7
:105FB00003F3C0F80835374654E0222B09D94E2B9D
:105FC00040F0A2804FF0FF33C5F814350AF1040AFF
:105FD000CBE74FF0FF34222B00F29680DFE803F08E
:105FE00012171D2023292094949494396394949437
:105FF000949494949494667174779494947A82852A
:10600000888B8E00C5F80C45631CCAD1DEE7C5F845
:106010001445621CDAD00026CDE7C5F80845F3E741
:10602000C5F81045F5E7631CC5F80845CED0002635
:1060300004E0671CC5F80C45C8D0012603A80394EA
:10604000FFF778FF039B012707FA03F3C0F80C352D
:1060500008E0C5F808450029DBD1661CB6D000264B
:1060600037460621DAF80030019303F40040002897
:1060700003A81CBF002701260394FFF75BFF039CC6
:10608000019B00EB8400C3F3412CD0F800470B02C6
:1060900043EA8C033B4304EA0B04234343EA4603ED
:1060A000C0F8003792E7C5F80C45D4E7C5F860455D
:1060B000601CDAF8003089D0C3F30043002BBCD059
:1060C0006FE7C5F86445F3E7C5F86845F0E7C5F83C
:1060D0006C45EDE7C5F82445621C3FF477AF002717
:1060E0000126BFE7C5F828458EE7C5F83045F3E738
:1060F000C5F83445F0E7C5F83845EDE7C5F83C4547
:1061000082E76FF0150033E76FF0850030E700BFDE
:106110003E7D0500F0F8FCFF38B570B1074C084A29
:106120004FF400450021E0FB054100232046E1F744
:1061300045FFBDE838400DF056BC38BD3F420F006A
:1061400040420F00F0B583B0446800AF05460CF044
:10615000F4FBA06A002854D00DF0BCF80346C0B987
:10616000A26A6C4688B011686A462748C2E90501F0
:106170004FF400719183254942F8101F24484FF4D1
:10618000E251E8F739FF6FF01200A5460C37BD4623
:10619000F0BDE38DA06A94F82C1043F40032D0F8DF
:1061A00010C0D0F808E013F0010F4FF00106DCF842
:1061B000003006FA01F614BF3343B343CCF8003085
:1061C000DEF8003098470028E0DBA06A94F82C4005
:1061D00006698368391D5B689847002807D0D5DBBE
:1061E000011E18BF012128460CF020FCCEE77B6879
:1061F00032685A400123A3401A4214BF01200020F4
:10620000EEE70146EFE700BF467D05000300000111
:10621000304405002DE9F041044647680D460DF075
:1062200024FB88B14FF02008EFF31186314688F344
:106230001288BFF36F8F60680CF054FD50BB86F37B
:106240001188BFF36F8FEFE71F4B1B78002BE9D04E
:106250004FF02008642660680CF044FD70B90120FE
:106260000CF0D2FE013EF6D1002121200DF0BBFB47
:10627000F0E786F31188BFF36F8FF5E7EFF3118630
:10628000314688F31288BFF36F8F60680CF02AFDE7
:106290000028EED0BB691D706368BA691B680020D6
:1062A000C3F844250122C3F84825C3F82001D3F8D8
:1062B0002041C3F85801D3F858019A6081F311883E
:1062C000BFF36F8FBDE8F08190450020F8B5002244
:1062D000054601210220E9F75FFD0220E9F72CFDC8
:1062E0006C680121E0680CF053FD6B681A68236943
:1062F000C2F82435617D237D0B43A17D0B43C2F899
:106300006C356E68D6E9004313F0010344D02F6961
:1063100007F10C000CF084FE2C4B984207D02C485F
:106320002C4A012108F06FFC6FF00400F8BD387BA7
:1063300004F10C0204F590710CF068FE387B012723
:1063400007FA00F000F04EFF0823C4F80035B369E7
:10635000C4F844350023C4F84835A760D4F8583150
:10636000002BFBD00021C4F800156D682C68E8688C
:106370000CF00EFD0823C4F800352A7A52B9EB69F7
:10638000C4F834350123C4F83835C4F81021D4F8E2
:10639000102123600020C9E70822C4F80025B26953
:1063A000C4F84425C4F848350123A360D4F820314B
:1063B000002BFBD00023C4F82031D4F82031012376
:1063C000E3604FF48073C4F80433C7E70000AD0BFB
:1063D00048440500937D05002DE9F0474568D0F855
:1063E0001080012100AF0646686B0CF046FDA96BDA
:1063F000481C1AD005F13C0000F060FB10F1130FAF
:1064000004460AD1334A344801210CF01CFD6FF0D8
:1064100012042046BD46BDE8F087411D05D12F4A34
:106420002D4801210CF00FFDF3E7EB6A9847D8F8EF
:1064300008504FF00109D8E9023203EBC2039D4234
:1064400009D340460CF06EFD73680021586B0CF0C8
:1064500014FD0024DDE728680CF03CFF0346B0B9CA
:106460002A68297910686C468AB06A461C4DD16149
:106470004FF4007111841B49C2E9055042F8101F06
:1064800015484FF41151E8F7B7FDA546BFE7286856
:106490002979EB88D0F810C0D0F808A0DCF80040CB
:1064A000DA0754BF43F4B01383F4D01323F48012FB
:1064B00009FA01FEDB074CBF4EEA040424EA0E048D
:1064C000CCF80040DAF800309847041EA1DB08350C
:1064D000B1E700BFD07D050040440500FB7D05000D
:1064E000187E0500040000012DE9FF410569D0F880
:1064F0000480AA6D2B6E0646002A35D1002B53D09E
:10650000B8F83040686DEF6D9C4228BF1C46EB6DBB
:1065100053B12A6E42B107F06042B2F1005F03D07E
:10652000082C6F6F28BF08246A6DAC661AB1AA6D7B
:10653000002A18BF224601921BB12B6E002B18BFF8
:10654000234600900022694640460393029702F0DA
:10655000A5F9184B984229D06FF00401304604B0D9
:10656000BDE8F0410CF006BD696DEF6DB8F8304044
:106570000846ABB1934228BF13469C4228BF1C4635
:106580000029C4D001F06043B3F1005FBFD0082CF4
:1065900028BF0824286F2246E0F7E2FF286FB6E7FD
:1065A000944228BF1446EBE71946D7E704B0BDE88C
:1065B000F08100BF0000AD0B10B502780346002A41
:1065C0005FD10C69A26E32B9606E6FF07301BDE8E5
:1065D00010400CF0CFBCE06D40B1216E31B1DB68F2
:1065E00023B1834202D0616FE0F7BAFFA36DA26EC0
:1065F00033B19A4213D9234A234801210CF023FCDA
:10660000236EA26E33B19A4222D91E4A1E4801213E
:106610000CF019FC606EBDE81040FFF765BF9B1AD7
:10662000A3657BB9636C08336364A36C013BA3640B
:1066300004F1580204F1480104F144000CF00AFC92
:106640006065DDE7636D002BDAD013446365D7E73F
:106650009B1A23667BB9E36C0833E364236D013B2B
:10666000236504F1600204F1500104F14C000CF0C8
:10667000F1FBE065CEE7E36D002BCBD01344E3657F
:10668000C8E710BD3C7E0500404405002DE9F04FF1
:106690008DB000AFC7E9023243687B608B88046924
:1066A00005469804884634D44FF0FF324FF0FF334C
:1066B00004F1100002F0DAFDC4F80480D5F804A05B
:1066C000D5F81090DAF808303B6099F86D3023B1B6
:1066D000D9F80030984500F0E380B8F804C01CF405
:1066E00000631DD0AF4AB04801210CF0ACFB6FF045
:1066F0008506236813B19B889B0405D4002363603F
:1067000004F1100002F078FD30463437BD46BDE894
:10671000F08FA369002BC7D163689942C4D1CDE73C
:106720001CF0010F15D029686D4688B06A469F4855
:10673000C2E905014FF4007191839D4942F8101F91
:1067400099484FF4E251E8F757FCAD466FF0150653
:10675000CFE71CF0080F05D0964A934801210CF0B2
:1067600072FBF3E7CCF34513082B01D0924AF4E710
:10677000D8F80060914B9E4201D8914AEDE70AF1AA
:106780000C0BBBE80F0007F1100EAEE80F009BE802
:106790000F008EE80F003B68B34228BF33461E4609
:1067A000884B9E4217D2884B9E4214D2874B9E4202
:1067B00011D2874B9E4253D8864B9E4252D8864B6D
:1067C0009E4251D8854B9E4250D88549854B864A7A
:1067D0008E4288BF13461CF0020F7B620CF004034C
:1067E00046D0002B14BF0323022387F82830CCF3B4
:1067F000001387F82930DAF80030D3F80835591C2F
:1068000012D01CF0020F03F01F00CCF340014FEA3E
:1068100053134FF0010232D173B3934240F02681FB
:10682000724B8240C3F80C2599F86D302BB150465D
:1068300001F0FAFF002389F86D306D4A2B4607F10D
:106840001001504601F0BCFF6A4A9042034622D034
:10685000694A5548012108F0DFF96FF0040648E75E
:10686000664BB8E7664BB6E7664BB4E7664BB2E7F4
:10687000003B18BF0123B8E74FF0A043D1E73BB17D
:10688000012B40F0F680594B8240C3F80825CBE736
:106890004FF0A043F8E7012389F86D30C9F8008074
:1068A000012384F86C307B68996B4A1C0AD003F191
:1068B0003C000CF070FB743004D1544A3A48022179
:1068C0000CF0C1FAFB68002B40F0A4806364002345
:1068D000A36404F1580204F1480104F144000CF0EF
:1068E000B9FABB686065002B40F09D80E36400232B
:1068F000236504F1600204F1500104F14C000CF036
:10690000A9FA00263246E0650121204626640CF0F3
:10691000E9FA2846FFF7E8FDA06C32463346834289
:1069200040F08A800023266D1946B14240F08B80EA
:106930009A42A04638BF1A464FF4FA5303FB02F6B8
:1069400058F8283B4FF4004C1B68B6FBF3F640F2B6
:10695000E730C83600214FF47A720023E6FB0C01C1
:10696000E1F72CFB02460B46404602F07FFC024654
:1069700000286FD0264A0C4801210CF064FA00264A
:106980007868A66601F050FF84F86D606FF07301BF
:1069900028460CF0EFFA404602F08EFC6FF07306CA
:1069A000A7E600BF5A7E050040440500747E05003E
:1069B00003000001967E0500B57E050047E8010052
:1069C000E47E05000048E8010024F40000127A008B
:1069D000FF083D007F841E003F420F001FA10700FB
:1069E0008FD0030048E8010090D00300000300505E
:1069F000B96504000000AD0B157F050000093D00DE
:106A000080841E0040420F0020A107003C7F05004B
:106A1000667F0500FB681B686364002B3FF457AF7B
:106A2000FB685B6854E7BB681B68E364002B3FF4BA
:106A30005EAFBB685B685BE7616C01EBC301013370
:106A400049680A446BE7E06C00EBC1000131406823
:106A500003446AE7266C16F1740F90D0002E3FF4C1
:106A600048AE014628690CF03DFA42E6C1F80C1523
:106A7000FFDE0023C3F80835FAE700BF00F01F026D
:106A800040090DD001280ED10A4B03EB82030A4ABC
:106A9000D3F80007024042EA8102C3F8002770479A
:106AA0004FF0A043F1E702F5E072002353F82230E3
:106AB000FFDE00BF00030050F0F8FCFFF0B587B028
:106AC00001238DF8023002238DF804306B440393C8
:106AD0000F4601AB0DF1030100240493054602911A
:106AE000059400F049FF0C4B984206460FD103AACB
:106AF0003946284600F0B0FDB0420BD09DF8031097
:106B0000284600F031FF6FF0040007B0F0BD6FF0D1
:106B10001200FAE72046F8E70000AD0B70B501233C
:106B200083400E4ABFF35B8FDC4352E8001F01EA4B
:106B3000040542E80056002EF7D1BFF35B8F4FF4F7
:106B4000803282400648C0F80823BFF35F8FBFF34E
:106B50006F8F0B4214BF0120002070BDFC4200204B
:106B60000010014070B40E49D1E90034D01AC318A6
:106B700044F1000422F07F46C1E90034A6F5001379
:106B8000B3F5400F09D2074B1B681A0A1B069C1964
:106B9000054B42F10005C3E9004570BC03F0CCBAD7
:106BA00090200020004300209820002011B3BFF364
:106BB0005B8F0123104A834052E800CF4CEA030C5C
:106BC00042E800C10029F7D1BFF35B8F0B4A4FF4B5
:106BD00080338340C2F80433094BBFF35B8F1B68DB
:106BE000BFF35B8FC340DB0742BF064B4FF400325D
:106BF000C3F80021704700BFFC4200200010014094
:106C0000F842002000E100E00D4B1868010A000680
:106C1000BFF35F8F0B4BD3F80435181841F1000117
:106C2000B3F5801F0AD2084BD3E90023904271EBE1
:106C3000030303D210F1807041F10001704700BFDF
:106C40000043002000100140982000202DE9F04F63
:106C500085B016461F469DF840A00446FFF75EFF2C
:106C60000190FFF7D1FFB04271EB070354D23E4BC6
:106C7000301A67EB0101984271F100014FD23B4B92
:106C800003EB0413D3E902239F4208BF96425ED070
:106C900037494FF4803804F1500508FA04F8AD0084
:106CA000C1F848832046ADB20CF09DF926F07F4B29
:106CB00005F1804504F5A87305F58835DC464FF0ED
:106CC00003090293029A2CF07F4341F82230C1F865
:106CD0004483D1F80435274A6FF00200C01A60449B
:106CE00020F07F40904232D9286868B1D1F804354D
:106CF0000393A3EB0B0020F07F40B0F5000F26D9E3
:106D000020460CF070F9039BBAF1000F07D109EB94
:106D1000030C09F10109D5E7BAF1000F09D06FF0B2
:106D2000150520460199FFF741FF284605B0BDE84B
:106D3000F08F0123104ABFF35B8FA34052E8000F8E
:106D4000184342E800010029F8D1BFF35B8F0749DF
:106D50000E98230101EB0412C8500F9B5360C2E947
:106D600002670025DDE700BF0100800080200020D1
:106D700000100140FDFF7F00F84200207FB51C4C51
:106D80001C4BC4F80833C4F848331B4B00254FF0A4
:106D9000FF304FF0FF31C4F80855C3E902014FF44A
:106DA0008033C4F80433154B02264FF4003201211E
:106DB000C4F804631120C3F880212A46E8F7ECFFE9
:106DC0001120E8F7B9FF0E4A0123A3602360136086
:106DD0000C4B0D4A0093CDE9015500232846FFF7DF
:106DE00035FF3046FDF7D4FF284604B070BD00BF24
:106DF0000010014003000F008020002000E100E0AF
:106E0000FC420020656B0400FFFF7F002DE9F74383
:106E10002F4CD4F8043399070BD5D4F8043143B17F
:106E20002C4A0023C4F80431D4F804311368013328
:106E30001360D4F80433DA0329D5BFF35B8F264BF4
:106E400053E8002F22F0010143E800100028F7D199
:106E5000BFF35B8FD30702D4D4F84031BBB1002518
:106E6000C4F84051D4F84031FFF7CEFEEFF3118261
:106E7000202383F31288BFF36F8F184BD3E9026787
:106E8000B042B94106D282F31188BFF36F8F03B0CD
:106E9000BDE8F0834FF0FF384FF0FF39C3E90289B6
:106EA000D3E900101D604FF48033C4F84833C4F8B0
:106EB0004051D4F8403182F31188BFF36F8F00291D
:106EC000E5D0009032463B4628468847DFE700BFC2
:106ED0000010014000430020F842002080200020E4
:106EE00030B5431C124C85B005D08442A8BF04467F
:106EF000012CB8BF0124FFF787FE0E4B0C4DD3E9E0
:106F00000013401AB0F5000F10D22218AA4228BF71
:106F10002A4652184FF0000007490091CDE90100C0
:106F200043F10003FFF792FE05B030BD2A46F0E7BB
:106F3000FFFF7F0090200020656B040008B5FFF77D
:106F400063FE024B1B68C01A08BD00BF90200020E2
:106F50004FF08053D3F83021082A06D1D3F83431CA
:106F6000052B02D8024AD05C70470020704700BF52
:106F7000AD7F0500024AD2F80034002BFBD07047E9
:106F800000E0014010B54FF08053D3F83021082ABB
:106F90004ED14FF080420021C2F80C11C2F81011FE
:106FA000C2F8381502F54042D3F80414C2F820158F
:106FB000D3F80814C2F82415D3F80C14C2F8281515
:106FC000D3F81014C2F82C15D3F81414C2F83015E5
:106FD000D3F81814C2F83415D3F81C14C2F84015AD
:106FE000D3F82014C2F84415D3F82414C2F8481575
:106FF000D3F82814C2F84C15D3F82C14C2F8501545
:10700000D3F83014C2F85415D3F83414C2F860150C
:10701000D3F83814C2F86415D3F83C14C2F86815D4
:10702000D3F84014C2F86C15D3F84434C2F8703564
:10703000FFF78EFF18B1414B414AC3F88C26FFF78A
:1070400087FF18B13F4BFB22C3F81825FFF780FFDD
:1070500070B14FF080414FF08053D1F8E42ED3F857
:10706000583222F00F0203F00F031343C1F8E43E3D
:10707000FFF76EFF20B1344B4FF40072C3F8402687
:107080004FF08053D3F83031082B09D14FF08043B3
:10709000D3F80024D20744BF6FF00102C3F80024E4
:1070A0002A4AD2F8883043F47003C2F88830BFF31C
:1070B0004F8FBFF36F8F4FF08053D3F83021082AE2
:1070C0000ED1D3F83431052B02D8214AD35C3BB121
:1070D0004FF01023D3F808224FF08043C3F858250F
:1070E0004FF01023D3F80022002A03DBD3F8043238
:1070F000002B22DA174901234FF01020C1F8043584
:107100001224FFF737FFC0F80042FFF733FFC0F843
:107110000442FFF72FFF0023C1F80435FFF72AFFD1
:10712000BFF34F8F09490C4BCA6802F4E062134366
:10713000CB60BFF34F8F00BFFDE710BD0050004094
:107140004881030000F000400090024000ED00E0A4
:10715000A77F050000E001400400FA0530B504688F
:10716000CCB1BFF35B8FB4FA84F3C3F11F03DBB27E
:1071700001229A4024EA020250E8005FA54204D1AD
:1071800040E8002CBCF1000FF6D1BFF35B8FE6D1D5
:1071900002480B7030BD0248FCE700BF0000AD0B99
:1071A0000200AD0B10B50368CB40DB0714D40123FC
:1071B0008B400268BFF35B8F43EA020150E8004F47
:1071C000944204D140E8001CBCF1000FF6D1BFF39B
:1071D0005B8FEED1014810BD0148FCE70000AD0B0C
:1071E0000400AD0B014BC3F80405704700F00140EB
:1071F000F7B50546F8B101281BD104224FF480737E
:1072000001464FF0804003440244C0F808130026B2
:10721000012111601E608D421B688DF8071008BFA8
:107220000DF1070642F210744FF0804745B1012D71
:1072300029D003B0F0BD0C224FF482730221E0E7A5
:10724000D7F8183403F4803366B9002BF1D001204D
:107250000BF0DAFE013CF3D1EBE70BF0D5FE013C7D
:10726000E4D1E6E7D7F8182402F003023260002BDD
:10727000DFD09DF807000128EFD0012DD9D10C4BAC
:1072800000225A71D5E7D7F80C3403F480333EB9A5
:10729000002BF4D001200BF0B7FE013CF3D1C8E77E
:1072A000D7F80C2402F001023270002BE1D1E6E79E
:1072B00004430020044B1A7922B9012218609A80F5
:1072C0000248704702487047044300200000AD0B9D
:1072D0000C00AD0B08B5094B1B682BB10020E8F77B
:1072E0004DFD08B9E8F728FD4FF080430022C3F8B0
:1072F0001825034B01221A7008BD00BF044300206B
:107300008E45002010B510B1012843D010BD4FF0BC
:107310008043D3F81814D3F81824C80321D502F0F9
:107320000303012B04D013B10020FFF761FF0023FA
:107330004FF080420220C2F8183508224FF48273C1
:1073400003F180430021196002F180421C6801248E
:107350001460154A12680AB34FF08043C3F804035F
:10736000D4E7D3F81424D107E1D5D3F81C2492072D
:10737000DAD40D4A12681AB10222C3F80423C5E711
:10738000D3F80421002AFBD00022C3F80421D3F84B
:107390000431BBE700224FF48073D1E71A68002A5A
:1073A000FCD019601B68B1E704430020F8B54FF02A
:1073B00080431C4ED3F804430125002704B9F8BDCF
:1073C000B4FA84F0C0F11F00830003F580739BB210
:1073D00003F1804305FA00F2196892B224EA02042C
:1073E0000029EBD01F601B684FF08043012AC3F8CF
:1073F000082305D0022A08D03368C0B29847DDE7D9
:107400007379002BDAD17271F6E7D3F81814D3F838
:1074100018148907F0D1C3F81855C3F804239D60E8
:10742000CCE700BF04430020036803F01F025B09A0
:10743000026004D0012B034818BF002070474FF0B2
:10744000A040704700030050034A430900F01F00AA
:10745000D35C1844C0B27047B37F050070B50546D1
:10746000FFF7F2FF0C4C08300E4634F81030DA0506
:1074700008D5C3F3432304EBC302284654F8333042
:1074800052689847A3682BB1E26831462846BDE8A8
:107490007040184770BD00BF0C43002008B5FFF7CF
:1074A000D3FF034B083033F81000400B08BD00BF7A
:1074B0000C43002008B5FFF7C7FF034B083033F833
:1074C0001000C0F3400008BD0C43002008B5FFF7D2
:1074D000BBFF034B083033F81000C0F3401008BD69
:1074E0000C430020034611F0010010B5CCB20DD1C1
:1074F000A207C4F3400012D5094AD2F8200558600B
:10750000C2F82005003818BF012008E04FF0A04164
:10751000D1F820251A60C1F82025002AE8D010BD36
:107520000003005010B5FFF78FFF124A083032F801
:107530001030D9051CD5C3F3432123F4F85322F8A6
:10754000103002F10E04002034F8023F13F4807F63
:1075500003D0C3F3432399420AD001303028F3D13A
:10756000002342F831300448BDE81040FFF71ABE4E
:1075700010BD00BF0C4300208443002001F1805166
:10758000F0B501F5C2510446114A002089000125D9
:1075900006468A420BD10F4BD3F87C2132B1002230
:1075A000C3F87C21D3F87C3140F00040F0BD02F1FB
:1075B0004043A3F5C2439B0805FA03F31C4204D0E1
:1075C000176817B11660176818430432E1E700BF67
:1075D0000061004000600040F7B506460846FFF72E
:1075E00033FF194F00F108050C4637F81530DB075B
:1075F00027D530460BF081FD2046FFF767FF40B1ED
:107600002046FFF74BFF316800F5A270002341F8D8
:1076100020302046FFF786FF002301A827F8153009
:107620000194FFF701FF019B00EB8300074BD0F8AB
:107630000027134043F00203C0F80037044803B0AA
:10764000F0BD0448FBE700BF0C430020F0F8FCFF4E
:107650000000AD0B0400AD0B2DE9FF41164680463E
:107660000846FFF7F1FE0C463168054609B320468F
:10767000FFF720FF18B12046FFF728FF10BB0023BB
:10768000CDE900338DF80E308DF80F300DF10F027B
:107690000B4620460DF10E010BF0C6FC484A05F1E1
:1076A000080132F8113023F0020343F0010322F8FD
:1076B000113073685BB320461F785968FFF7FAFEF4
:1076C00010B1C9B13F4825E03D4A05F1080C32F838
:1076D0001C3023F02003DB04DB0C22F81C3059B1F2
:1076E000032FEFD87168D8F8000049680978A7B966
:1076F00001F5A27140F82170314A05F1080132F814
:10770000113023F01C0343EA870322F81130B368D9
:107710006BBB2D4804B0BDE8F08100EB810043EA6B
:107720004133D0F810E52EF0030EC0F810E5D8F87C
:10773000000000EB810E43F02003DEF8100522F874
:107740001C3020F44F3020F44070CEF81005200299
:10775000DEF8108500F47C5040EA074040EA08005B
:10776000CEF8100502EB4100A0F87C40C4E7D3E955
:1077700000672046FFF7D6FE002ECAD0104CD4E991
:107780000023964203D19F4201D1002209E00F4815
:107790000DF10F01FFF7E2FC0B4B9842BAD19DF8B7
:1077A0000F2044F8326004EBC20308355F6034F800
:1077B000153043EA422343F4807324F81530A8E7D8
:1077C0000C4300200400AD0B0000AD0B84430020EF
:1077D0002DE9F0430C4685B08046204611461E46F2
:1077E000FFF732FE054629B32046FFF763FE18B9BE
:1077F0002046FFF76BFE18BB314F05F1080937F83B
:10780000193013F01C0F02D04B78012B18D0012334
:107810008DF80F300023CDE900134A1C8B1C204645
:107820000DF10F010BF000FC37F8193043F00303A2
:1078300027F81930002E41D02046FFF73BFE18B93B
:10784000204805B0BDE8F08396F800C0D8F80030B5
:107850001B4F0CF5A272002143F8221005F108021B
:1078600037F8121021F02001C904C90C27F81210B2
:1078700075781DB3D8F80000B67800EB8C002D04A5
:10788000D0F8103523F4991323F4F853C0F81035C9
:10789000230203F47C5305F440353605D0F810E597
:1078A0002B4306F4801641EA4C31334341F020016A
:1078B00043EA0E0327F81210C0F810350248C0E75B
:1078C0000C4300200400AD0B0000AD0B014BC3E9DD
:1078D000021270470C43002010B508461446FFF70B
:1078E000F5FD50B10846FFF7AFFD054B083033F802
:1078F000103004485B0B237010BD0348FCE700BF49
:107900000C4300200000AD0B0400AD0B70B50E4C15
:1079100094F88C500646A5B96022294604F110005F
:1079200003F046F93068C0F87C51D0F87C3140F360
:107930000730E8F701FA0123044884F88C30A36784
:1079400070BD0348FCE700BF0C4300200000AD0BF6
:107950000C00AD0B034B93F88C00003818BF0120CE
:10796000704700BF0C4300200079024B03EB8000FE
:10797000FFF718BC680E00200079024B03EB800073
:10798000FFF7ECBB680E0020F7B505460846164623
:10799000FFF79CFD0C462968F0B12046FFF78AFDF1
:1079A0000746C8B92046FFF779FD04B2A40004F5E4
:1079B00080728F508A5829682144D1F8102542F0EE
:1079C0000102C1F810252EB12968012202FA00F344
:1079D000C1F8043303B0F0BDD1F80433002BA4BFC9
:1079E0004FF00043C1F804332046FFF72DFD0F4B45
:1079F000083033F81030C3F38203042B12D0052B68
:107A000012D001A80194FFF70FFD019AD0F81035AC
:107A1000D34003F00103991C204603B0BDE8F040B9
:107A20000BF04BBB0321F7E70221F5E70C430020E5
:107A30002DE9F04F654BD3F80403C0B287B008219D
:107A400040F00040FFF79AFD051E2BDA00230321CA
:107A500004A8CDE90433FFF745FDDFF880A10DF15F
:107A600010084FF000094FF0010B1AF8013B58497C
:107A7000DA0803F007038A5C22FA03F3DA071CD45E
:107A800008F10408B9F1000F14D000214FF00040B4
:107A9000FFF774FD032104A8FFF724FD0028DCD1C3
:107AA00025F00045494E4B4F0124002D78D107B0F9
:107AB000BDE8F08F4FF00109D7E7474B4B440093E7
:107AC000D8F800100029DBD0009B91FAA1F11C78B6
:107AD000B1FA81F141EA44142046FFF7B5FC3D4B71
:107AE0000394083033F81070C80801F0070118F843
:107AF00000200BFA01F122EA0102BB0808F800207D
:107B000003A80193FFF790FC039A019B02F5E07232
:107B1000C7F3820650F822205B073746C2F30142C2
:107B200023D520463946D6B2FFF798FC03A8039424
:107B3000FFF77AFC039B03F5E07350F82330C3F39F
:107B400001439E4207D1002120460BF0B6FA314690
:107B500020460BF0B2FA03A80394FFF765FC039BE1
:107B60000BFA03F3C0F82035AAE7022A0CD103214F
:107B700020460BF0A2FA06F00503012BEBD13946A3
:107B80002046FFF76BFCE6E70221204601920BF04E
:107B900094FA032EF3D0019A032ADCD1022EEDE7EA
:107BA00095FAA5F3B3FA83F304FA03F225EA020582
:107BB00003F5A27207EB430356F82210B3F87C00DA
:107BC000C1F30141FFF74AFC6FE700BF00600040CE
:107BD000C05205000C430020C37F0500C37F050091
:107BE000044AD2F80034DB07FBD50160BFF35F8F96
:107BF000704700BF00E001404FF080531A69B0FBAE
:107C0000F2F302FB130373B9084B0222C3F80425F5
:107C1000C3F80805D3F80024D207FBD50022044896
:107C2000C3F8042570470348704700BF00E00140D7
:107C30000000AD0B0A00AD0B10B5054C0123C4F8D4
:107C40000435FFF7CDFF0023C4F8043510BD00BF95
:107C500000E0014010B5184C237853BB0278C2F302
:107C60004003920712D54FF08053D3F83021082AF1
:107C70000BD1D3F83431052B07D8104AD35C23B18C
:107C80004FF080430122C3F8382601234FF0804291
:107C9000C2F88035037803F00103C2F8783500207C
:107CA000E8F76CF808B9E8F747F8012304482370AF
:107CB00010BD0448FCE700BF8F450020C57F0500CC
:107CC0000000AD0B0C00AD0B4FF080434FF4607221
:107CD000C3F80823014B00221A6070479C43002020
:107CE00008B5FFF7F1FF03680BB1014A136008BD47
:107CF0009C43002010B54FF08043D3F80443620743
:107D000007D54FF484700BF031FA10B11E4B1B688D
:107D10009847A30608D54FF48A700BF027FA18B1DC
:107D20001A4B00201B689847600608D54FF48C70EA
:107D30000BF01CFA18B1154B01201B68984721065F
:107D400008D54FF48E700BF011FA18B1104B0020CB
:107D50001B689847E20508D54FF490700BF006FABF
:107D600018B10B4B01201B689847A3050AD54FF4A7
:107D700092700BF0FBF928B1054BBDE810401B6871
:107D80000220184710BD00BFA4430020A0430020DC
:107D90009C43002001460148FFF7E0B96C0E00202B
:107DA00070B5104D6C6B9CB14FF47A735C430A2331
:107DB000B4FBF3F40C4ED6F8003163B995F83930C2
:107DC0004BB90A200BF020F9013CF4D1074870BDF3
:107DD0004CF25034EEE795F83930002BF6D10448D8
:107DE000F5E700BFA8430020009002400700AD0B5C
:107DF0000000AD0B094B10B500220124C3F800456B
:107E0000C3F800211C6038B1FFF7CAFF044B984249
:107E100003D1044B83F83840014810BD0090024064
:107E20000000AD0BA843002070B500F06044B4F131
:107E3000005F5DD184075BD12F4C94F83050012D49
:107E400005D09D4256D194F83850002D52D02B4D7C
:107E5000022B0BBFC5F81025C5F80425C5F814057D
:107E6000C5F808050CBFC5F81815C5F80C154FF076
:107E7000000684F8396026680CBF08250425BEB9C1
:107E800094F838306BB11D4B05F1804505F524356C
:107E90000022C3F8002101232B60BDE87040FFF7EA
:107EA0007FBF0120FFF7A6FF154B9842EBD170BDB5
:107EB000A66826B1E0606161E2611248F7E7A2615D
:107EC0000E4A84F830300123A0602161C2F80061BD
:107ED000C2F8043394F8382002F0FF0012B9FFF71B
:107EE00089FFEAE705F1804505F524352B60E4E7D5
:107EF0000548DCE70548DAE7A84300200090024087
:107F00000700AD0B0000AD0B0A00AD0B0B00AD0B75
:107F1000084B9A685A621A699A629A69DA62DA6850
:107F20009A6032B15A691A61DA699A610022DA609C
:107F300070477047A843002000F01F0340090FD08E
:107F4000012810D10B4A02EB83020B4BD2F8000739
:107F5000034043EA012343F00203C2F800377047AD
:107F60004FF0A042EFE7002203F5E07352F8233010
:107F7000FFDE00BF00030050F0F8FCFF10B50E4B11
:107F80000238D3F83C26D3F83836072813D8DFE870
:107F900000F0110F0D0B0A080604100EC871100C2A
:107FA0008871100A48710A711A0ECA701A0C8A7008
:107FB0001A0A4A700B7010BD009002400238072860
:107FC0001FD8DFE800F02927251123211F04CB79D2
:107FD0001B068A7943EA02434A7943EA02230A7973
:107FE00013430E4AC2F83C36CB781B068A7843EA24
:107FF00002434A7843EA02230A781343074AC2F845
:10800000383670470023E4E70023E5E70023E6E77E
:108010000023EBE70023ECE70023EDE700900240AC
:108020000268154BFF2A08BF4FF0FF32C3F8242522
:108030004268FF2A08BF4FF0FF32C3F82825826844
:10804000FF2A08BF4FF0FF32C3F83025C268FF2A6D
:1080500008BF4FF0FF32C3F834250269FF2A08BF7A
:108060004FF0FF32C3F838254269FF2A08BF4FF0AE
:10807000FF32C3F83C257047009002400A4B0022B3
:1080800083F83820094B01214FF08050C3F80813C2
:108090001961D0F83001082808BF5965C3F80025D8
:1080A000C3F80021704700BFA843002000900240A1
:1080B00030B5194D0FCD8DB006AC0FC495E8030057
:1080C00084E803001549D1F82435DBB20093D1F8D8
:1080D0002835DBB20193D1F83035DBB20293D1F809
:1080E0003435DBB20393D1F83835DBB20493D1F8E1
:1080F0003C3506A8DBB20593FFF792FF0023C1F8D9
:10810000003101230B60D1F80031002BFBD0684611
:10811000FFF786FF0DB030BDF84405000090024027
:1081200070B590F82930044613B190F82A204ABB64
:108130006068FF2860D0A268FF2A5DD0E268FF2A4D
:108140005AD02269FF2A57D0B3B90321FFF7F4FEB2
:10815000A068FFF7F1FEE068FFF7EEFE2069FFF789
:10816000EBFE6069FF2801D0FFF7E6FEA069FF285B
:1081700002D00321FFF7E0FE94F82A3013B9201D46
:10818000FFF74EFF1D4E636A73631D4D94F829304F
:1081900086F83A300123C5F80833FFF789FF2368D2
:1081A000C5F84035A37F617F227F9B0143EAC1036D
:1081B0001343E27F43EAC213C5F84435D5F80026DD
:1081C00094F8203022F07F4222F0FF02134394F80B
:1081D000212043EA026394F8222043EA426394F8A0
:1081E000232043EA0273C5F80036336813B129200F
:1081F000E7F7A2FD034870BD0348FCE7A843002051
:10820000009002400000AD0B0400AD0B38B50C4CE3
:1082100094F8305095B9C4E9001248B90023C4E974
:1082200002330122074884F8302084F8383038BD02
:10823000FFF776FF034B9842F9D1EFE70248F6E7E4
:10824000A84300200000AD0B0C00AD0B2DE9F84356
:10825000DFF8A090074699F83000012888461446B8
:108260003DD199F838301F4E6BB31F4D0123C5F82F
:108270000833FFF71DFFB8F1000F2BD14FF00008B6
:1082800089F83980C5F80081BB787A781B0343EA06
:1082900002233A781343FA7843EA42333A7943EABD
:1082A00082337A7943EAC233C5F83436FFF778FD72
:1082B000B0420CD0C5F800811CB178782146FFF798
:1082C0005DFE0A4804E0FFF795FDB042CDD10548B8
:1082D000BDE8F88378784146FFF770FECEE70448A2
:1082E000F6E700BF0700AD0B009002400000AD0BA9
:1082F0000B00AD0BA8430020034B93F838300BB9AB
:10830000FFF778BD01487047A84300200C00AD0B73
:1083100008B5054B93F83030012B03D1FFF7AEFEC3
:10832000024808BD0248FCE7A84300200000AD0B4E
:108330000B00AD0B034B93F83000003818BF012041
:10834000704700BFA843002038B511F0030539D1AC
:108350001E4B1A68D2B193F83040012C34D11C4A1C
:10836000C2F81C150421C2F8200583F8395083F89F
:108370003010C2F80051C2F8044393F8383003F0CB
:10838000FF00EBB9FFF736FD124818E0104CC4F8B7
:108390001C15C4F8200583F8392093F8383043B110
:1083A0000023C4F800310123E360BDE83840FFF743
:1083B000F7BC0120FFF71EFD074B9842F0D138BDF6
:1083C000D460E1E70548FAE70548F8E7A84300204C
:1083D000009002400000AD0B0700AD0B0A00AD0B92
:1083E0000B00AD0B10B5224BD3F8002192B1214CFC
:1083F0000022C3F8002194F8381094F8302071B9A5
:108400000121032A84F8381005D0042A05D0022A55
:1084100000D1996010BD5960FCE7D960FAE7032AE2
:1084200019D0042A19D0022A04D1012384F820305B
:10843000FFF76EFDA36813B9012384F8303094F878
:10844000393003F0FF0013B9D4E900319847002315
:1084500084F82030DEE70223E8E7032284F82020B6
:10846000D3F81C256262D3F8203584F82830E1E780
:1084700000900240A8430020036803F01F025B093C
:10848000026004D0012B034818BF002070474FF052
:10849000A04070470003005070B54B7F04460D4666
:1084A0007BB10123436164260022022120460AF0A9
:1084B0009DFE20B901200AF0A7FD013EF4D1002362
:1084C0006B774FF08052D2E94C23082A1BD1052B41
:1084D00019D80F4AD35CB3B14FF0FF320023D4F860
:1084E0000805D4F80C15C4F80035C4F80825C4F8FC
:1084F0000C250922C4F80025C4F80035C4F8080585
:10850000C4F80C1570BD0023C4F80035FAE700BFAD
:10851000CB7F05000F4B984219D00DD80E4B9842D7
:1085200015D007D80D4B984211D00D4BC31A5842A5
:10853000584170470B4BF9E70B4B984207D004D8D2
:108540000A4B984203D00A4BF0E70A4BEEE70120B2
:10855000704700BF80841E0020A1070048E801008A
:1085600090D0030040420F000024F40000093D00B9
:1085700000127A000048E80173B51646421C1C46FA
:108580000546069B18D0012902D1BBB10AF06CFE4A
:1085900001A80195FFF770FF019B00EB8300240207
:1085A000D0F80027074B44EA86040C4313401C43D1
:1085B00044EA4101C0F8001702B070BD0AF061FE44
:1085C000E6E700BFF0F8FCFF2DE9F347674B4D6984
:1085D00090F804909D4206460C4600F0AE8000F2F2
:1085E0009E80634B9D4200F0AB8000F29080614B17
:1085F0009D4200F0A880604B9D420CBF4FF080650B
:108600004FF08045DFF88481E07E242202FB09835D
:10861000997F60F3000199773379217C02FB038312
:108620009A7F61F341029A77E77E5FBB6269534BA1
:108630009A420CBF4FF0030A4FF0000A237E012B31
:1086400094BF002301230093206853463A4601213A
:10865000FFF792FF0097606853463A460121FFF703
:108660008BFF0097A27EA06853463946FFF784FF30
:10867000237C83F001030093E06853463A460121CE
:10868000FFF77AFF242303FB0983E2681A62217C47
:108690009A7F61F341029A77207FA77C217E627ED8
:1086A000336890B9D4E900ECA468C3F808E5C3F8CE
:1086B0000CC5C3F810454FF0FF34C3F86C45C3F840
:1086C0001445C3F86805C3F86405003A18BF0122D1
:1086D0000229C3F8C075C3F824553DD003293ED004
:1086E000012901D142F00202C3F854250222C3F845
:1086F000602533792422534358F8033093B330680C
:1087000040F3073002B0BDE8F047E7F715BB1C4B5C
:108710009D420CBF4FF080554FF0804572E7194BDA
:108720009D4213D0154B9D4213D0174B9D420CBF59
:108730004FF000454FF0804564E74FF0005561E78A
:108740004FF000655EE74FF000755BE74FF0206586
:1087500058E74FF0A05555E742F00402C4E742F055
:108760000602C1E702B0BDE8F08700BF80841E00AA
:1087700020A1070048E8010090D003000048E8016C
:1087800040420F000024F40000127A00E44300206D
:10879000431C07B50ED0019001A8FFF76DFE019BA9
:1087A00000EB8300054BD0F80027134043F0020391
:1087B000C0F8003703B05DF804FB00BFF0F8FCFF21
:1087C0002DE9F8430746144C97F80480242505FB4F
:1087D00008F504EB05091E4699F81C30C3B999B198
:1087E0004869FFF797FEA8B138466251C9F804609E
:1087F000FFF7EAFE242303FB0844002363770748BE
:1088000001232377BDE8F8836251C9F80460F1E7DA
:108810000348F7E70348F5E7E44300200000AD0B09
:108820000C00AD0B0400AD0BF8B5044606790068EA
:10883000184D40F30730E7F78DFA24237343EB58C4
:1088400053B12368144AC3F8082306EBC601206815
:1088500005EB8101FFF720FE2421236801FB06516F
:10886000D3F80805D3F80C45D3F810758B7FDB07D8
:108870000AD4FFF78DFF3846FFF78AFF2046FFF73F
:1088800087FF086AFFF784FF242303FB06550023B4
:108890002B77F8BDE4430020520108002DE9F04396
:1088A0000779554D24237B439046EA180E46517FA5
:1088B00085B08146002940F09C80EB5823B118F028
:1088C000140F04BF0123537796E80F00242404FB00
:1088D000075404F10C0C8CE80F00206A421C04D0F1
:1088E000A37F9B071AD50AF0BFFC3368D9F8004074
:1088F00023B103F06043B3F1005F06D1B36883B1E5
:1089000003F06043B3F1005F0BD0242303FB075354
:1089100000223A485A7705B0BDE8F0830AF0B1FC6E
:10892000E3E718F0010318BF0123C4F8503518F02D
:10893000020318BF0123C4F8403596E80F00EC4647
:108940008CE80F00039BC4F84405C4F84815C4F82C
:108950003425C4F838350023C4F81831D4F8183158
:108960000723C4F8003524237B4318F0080F05EBD8
:1089700003021DD1E8580121216158B9D4F81831FA
:10898000002BFBD06246402120460AF02FFC242316
:108990007B43EA18EB5813BB106A461C13D107EB54
:1089A000C70705EB87012046FFF776FD1448B2E7BD
:1089B000EB58A3B9106A411CF8D0937F9A070BD5E6
:1089C0000AF05FFCF2E7937F9B0702D50AF059FC9F
:1089D000E5E70AF049FCE2E70AF046FCE6E718F0B2
:1089E000040F4FF0400314BFC4F80833C4F8043335
:1089F000DCE704488FE700BFE44300200A00AD0B2A
:108A00000000AD0B0B00AD0B10B5104A1048402113
:108A10000AF0ECFBC8B10F4C206A421C04D0A37FC3
:108A20009B070FD50AF02DFC637F1BB1094908484D
:108A3000FFF732FD002323720748D4E90031BDE877
:108A4000104018470AF010FCEEE710BDF04300207C
:108A500000300240E4430020EC430020014B9868C2
:108A6000743070470844002010B50446E6F7F8F962
:108A70000348044A012106F0C6F820460AF035FCF6
:108A800018440500D17F05002DE9F843044600AFE6
:108A90000D46EFF31188202383F31288BFF36F8F05
:108AA0000428294A98BF294B9668117C94BF53F833
:108AB0002030274BE9468AB06A462648C2E907318A
:108AC00040F201339384244BC2E9050442F8103F7D
:108AD000224800234FF43151E6F78EFACD4645B1D6
:108AE000EB69C3F3080323B11D4A1C48012106F0BA
:108AF0008AF82EB130460AF0C1FE08B1037803B9F6
:108B00001848E9468AB06A46174BD061C2E9053673
:108B100040F201331384154B42F8103F00230F48F5
:108B20004FF41151E6F768FA2946CD462046FFF783
:108B30009BFF88F31188BFF36F8F3046E7F78AF801
:108B4000BD46BDE8F88300BF08440020C4520500BC
:108B5000E07F0500EE7F05000500000118440500D8
:108B600016800500AE67050037800500040000018F
:108B700038B50A4B53F82040013053F82050A54235
:108B800000D838BD606830B1037FDB0701D40AF03C
:108B900089FB0834F3E723689847FAE7D8520500C1
:108BA00070B52A4B2A4C2B4D012286B003201A7037
:108BB000FFF7DEFF01F07AFC0420FFF7D9FF26461D
:108BC000AE4204F1300410D300F0C6FF204C224E18
:108BD000AC4226D300F0D4FFE4F752FD1F4A137BCA
:108BE00023F00103137306B070BD54F80C3C0593D9
:108BF00054F8103C049354F8143C039354F8183C74
:108C0000029354F81C3C019354F8203C009354E91F
:108C10000A2354E90C0100F08DFD54F8303C5E65E8
:108C2000CDE7D4E90A23B3F1FF3F08BFB2F1FF3F1C
:108C300005D052EA0301206803D101F05DF8303419
:108C4000C6E73146183001F0E7F9F8E79045002013
:108C5000A0410500A04105007B39050078210020D6
:108C600070B5154E154D1649D82386B003FB006626
:108C700001220023CDE904230F22CDE90232019322
:108C8000182303FB0055044601EB40210D4B0095D2
:108C90004FF4C072304600F04DFD737B0A4AEE601F
:108CA00023F0040373734FF4086304FB033313448A
:108CB0002C746B6006B070BDA0200020084400201A
:108CC000006500206D340500805C0020BFB50020E9
:108CD000FFF74EFF294B83F30888294C294F63691E
:108CE00043F4007363610025E02384F82230E577C4
:108CF00025766576A57684F82050636A43F4E023F0
:108D0000636284F82350E6F773FFE7F73BF94FF00F
:108D1000FF33A362E362E7F715FAE7F757F9E5F7E0
:108D2000FBFF1948194C00F073FD0120FFF720FFED
:108D30000220FFF71DFF00F057FF154B15499C61FE
:108D4000154B05930123CDE903534FF400623B46D5
:108D5000CDE901550095204600F0ECFC627B06460B
:108D600022F00402204662730AF0C4FD2846FFF791
:108D700077FF3A4631462046E7F7DEF800650020E7
:108D800000ED00E0A18B04004823002078210020A2
:108D900008440020006700209980050038B5064C83
:108DA000064DAC4201D3002038BDD4E90112204663
:108DB0000AF0E5FA1434F4E74411002058110020B9
:108DC00030B585B0DDE90845034B0293CDE9004598
:108DD0000AF093FA05B030BDC9DA040038B5064C84
:108DE000064D0020AC4200D338BD20460AF0ECFA14
:108DF0000028F9DB1C34F5E7D410002044110020D2
:108E000073B50C46EFF31181202585F31288BFF36B
:108E10006F8FC5685DB125602B68C36083690133BE
:108E20008361002081F31188BFF36F8F11E052EA54
:108E3000030603D125606FF00B00F3E7CDE90023B3
:108E40000246083000F0CEFD18B9034B9B681B6941
:108E5000236002B070BD00BF084400202DE9F3413B
:108E600004460E469DF8200004F10808EFF3118730
:108E7000202181F31288BFF36F8F256AE1688D424C
:108E800046D22568AC4218D0BDB128460AF0F9FA9E
:108E900005F118000AF024FEA26828693146DEF7C1
:108EA0005FFB0023C5F88C3028460AF023FD4046BE
:108EB000394600F02BFE002037E0A268D8B1E06907
:108EC0003146DEF74DFBE369A26813446269E36152
:108ED000934201D12369E361236A013323621021A4
:108EE00004F124000AF0DBFE0028E0D187F31188AA
:108EF000BFF36F8F19E0A1692369994204BF6369C9
:108F0000A361A069801AA0613146DEF729FBE3E77F
:108F100052EA03010CD00849896840460E61CDE948
:108F200000233946224600F05DFD02B0BDE8F08125
:108F30006FF02200DAE700BF08440020F7B50446CE
:108F400004F108070846EFF31186202181F3128807
:108F5000BFF36F8F216A00293AD0A268A169DEF7BA
:108F6000FFFAA369A268256813446269A36193426A
:108F700004BF2369A361236AAC4203F1FF33236278
:108F800034D02846002D32D00AF07BFA05F11800C3
:108F90000AF0A6FDA2682969E069DEF7E1FAE36953
:108FA000A26813446269E361934204BF2369E361E9
:108FB000236A0133236200242846C5F88C400AF056
:108FC00099FC3846314600F0A1FD204603B0F0BDC3
:108FD00052EA030110D00A4989680861CDE90023EB
:108FE00031462246384600F0FDFCEFE7002086F3CC
:108FF0001188BFF36F8FE9E76FF02200F7E700BF3A
:10900000084400202DE9F341044617461E46EFF3BD
:109010001188202383F31288BFF36F8FC368334A0C
:109020007BB180689168884219D057EA060318D14D
:1090300088F31188BFF36F8F6FF00F0002B0BDE8A7
:10904000F081916891F90E1021610133E36093681A
:10905000A36088F31188BFF36F8F0020EEE72169CA
:10906000F2E791F90E1090F90E309942A8BF194617
:109070006FF07E029142B8BF11468B422DDD0AF09F
:1090800014FA0546CDE9007619482246414600F01B
:10909000A9FC0028E1D0EFF31186202383F3128886
:1090A000BFF36F8FA068D0B1236821699C420AD0BA
:1090B0004BB193F90E309942A8BF19466FF07E0369
:1090C0009942B8BF19460AF0F0F940B10848314654
:1090D00000F01CFD6FF00A00B0E70025D2E7002D7C
:1090E000F4D186F31188BFF36F8FF3E708440020B3
:1090F00091450020F8B583680546002B40D0234AEF
:10910000926893423FD1C368012B03D9013BC360EE
:109110000020F8BDEFF31187202383F31288BFF3FB
:109120006F8F016980680AF0C0F92C68AC4207D1E2
:109130000023C5E9023387F31188BFF36F8FE7E798
:10914000002CF5D0D4E9003213605A60637B00260E
:1091500023F002036373C4E90066A66004F11800FB
:109160000AF0BEFCAC6094F90E302B612046C4F8C6
:109170008C600AF0BFFB0648394600F0C7FCC7E721
:109180006FF01500C5E74FF0FF30C2E7084400203C
:109190009145002037B51146EFF31185202282F367
:1091A0001288BFF36F8F04689CB12368426823F074
:1091B00003039442036008BF4360012120460AF084
:1091C00001FA044685F31188BFF36F8F204603B080
:1091D00030BD51EA0302F5D000F10802CDE90013D9
:1091E0001046294600F0FEFB0028EFD1014B9B689A
:1091F0001C69EBE70844002070B5EFF311862023CB
:1092000083F31288BFF36F8F0468A0421BD0D4B1E0
:10921000D4E9003213605A60637B002523F0020317
:10922000C4E900556373A56004F118000AF058FC06
:10923000C4F88C5020460AF05DFB31460A48BDE870
:10924000704000F063BCD0E902329A4218BF01338B
:109250008360022110300AF022FD0028EDD186F350
:109260001188BFF36F8F70BD9145002013B5EFF3E8
:109270001181202484F31288BFF36F8F846844B176
:10928000013C846081F31188BFF36F8F002002B02E
:1092900010BD52EA030406D181F31188BFF36F8F2A
:1092A0006FF00F00F3E7CDE900230246014800F01C
:1092B00099FBECE7914500202DE9F8430546EFF3D3
:1092C0001188202383F31288BFF36F8F002637465F
:1092D0006FF00A092C68A54216D0ACB1D4E900326F
:1092E00013605A60637BA76023F002036373C4E9D1
:1092F000007704F118000AF0F3FBC4F88C902046C4
:109300000AF0F8FA0126E5E70023AB60022105F137
:1093100010000AF0C4FC30B92EB988F31188BFF3ED
:109320006F8FBDE8F88341460248BDE8F84300F07E
:10933000EDBB00BF9145002007B5074B00930749DF
:1093400007484FF0FF334FF4806200F04FF90020E0
:1093500003B05DF804FB00BFF0520500806F0020F1
:10936000502200202DE9FF414F4E04462027EFF305
:10937000118887F31288BFF36F8FD4F8DC50F5B9EA
:10938000022104F1F4000AF091F9002868D004F1F8
:10939000EC050022012128460AF046FB0028F8D1FE
:1093A000002302934FF0FF324FF0FF33CDE900234B
:1093B000414604F1E4023D4800F068FDD7E7D4F8E7
:1093C000E0202B68C4F8DC30954208BFC4F8E030D8
:1093D000D4F8F43043F00203C4F8F430EB6823F01F
:1093E000040343F00103EB606B6888F31188BFF35B
:1093F0006F8F28469847EFF3118887F31288BFF3E1
:109400006F8FEB68D80623F0010236D4EA60EB6870
:109410009A0716D5306823F00203EB6088B1036821
:10942000002170B14268954235D1036869BB72680A
:109430003360824200D17360002340F8083BFFF79D
:10944000DBFED4F8F43023F00203C4F8F43088F3E0
:109450001188BFF36F8FDB0589D400F0CDFB86E761
:10946000D4F8F430D9069BD5C4F8F40088F31188F9
:10947000BFF36F8F04B0BDE8F08123F01103EB6000
:1094800005F11000FFF7B8FEC1E70B607368834277
:1094900008BF7160D0E723B11A6801461846134629
:1094A000BFE71A46F9E700BF2C4400209145002091
:1094B000F8B5C3689A0704460F46C3F340062ED496
:1094C0005B071CD40B680BB983680B60E368DD078E
:1094D00044BFA3683B603D684CBF02260126002DB7
:1094E0003CD0204B9A68D5F8D8309A420AD0D5F8AB
:1094F000F430D807C3F3800214D46FF012060023AF
:109500003B6025E00AF0B1F9D5F8F4300028F0D13D
:10951000D907C3F3C002F0D552B15B0708D46FF08E
:109520000F06ECE7002AFAD1C3F3C003002BF6D1F3
:1095300000232360D5F8E03063B9C5E937442846F5
:109540000AF0CFF8E36843F00403E3603B68A360EC
:109550003046F8BD1C60C5F8E040F0E76FF0150636
:10956000CDE700BF08440020F8B5C36803F0050349
:10957000002B06460C4614BF012700271CD0856827
:109580000122002104F110000AF080F8134920465E
:109590000AF0FFF8E36843F01003E360F3685B0749
:1095A00012D5336823606BB9D5F8E03033B9C5E91B
:1095B000374428460AF095F83846F8BD1C60C5F8CF
:1095C000E040F6E73460F4E7D5F8DC302360D5F806
:1095D000E030C5F8DC40002BEBD1F0E7C3360500E6
:1095E000014601480AF0F1B850220020F0B589B0D8
:1095F00004460020C4E937000E9D04F1E400C4E9EC
:10960000390004F1EC00C4E93B0055B32879002887
:1096100040F2011008BF0120C4F8F40000204FF010
:10962000FF364FF0FF37CDE90330CDE90100CDE93A
:1096300006670D4B0094204600F0BEF855B129682E
:1096400011B120460AF017F96B791BB1237B43F067
:1096500001032373204600F04FFBC4F8D84009B043
:10966000F0BD0120D8E700BF6593040037B5019035
:109670000846EFF31184202181F31288BFF36F8F26
:10968000C16811F01E0F16D153EA020508D101A9D5
:10969000FFF70EFF84F31188BFF36F8F03B030BD67
:1096A00041F00801C160019981620449103000F065
:1096B000B3FC0120EEE70020ECE700BF57370500C0
:1096C00001460148FFF7D2BF50220020F7B50C46F3
:1096D000019016461D46EFF31187202383F312886D
:1096E000BFF36F8F084609F0EDFF55EA060309D175
:1096F00001A92046FFF7DCFE87F31188BFF36F8FC7
:1097000003B0F0BDE368074943F00803E360019B41
:10971000A36232462B4604F1100000F07DFC0120CC
:10972000EAE700BF5737050001460148FFF7CEBF03
:1097300050220020F0B5073285B022F0070204461F
:10974000FF320E9D0D9E2573583022F07F02C4E932
:109750001600042500207F2AA673C4E90600A06035
:109760006573E07301F18007A2F1800605D880F3EC
:109770001188BFF36F8F284602DFC4E91E768D186B
:1097800000260C9AC4F8806002920B9A01920A9A01
:10979000009220462A46E6F74BFB064B66659B681F
:1097A00084F870600BB1D3F88430C4F88430284654
:1097B00005B0F0BD08440020F0B587B00025059540
:1097C000109D04950F9D03950E9D0295DDE912767F
:1097D0000D9D01950C9D00950446FFF7ABFFB6F17A
:1097E000FF3F08BFB7F1FF3F05D056EA070305D199
:1097F000204600F081FA204607B0F0BD3A463346D5
:1098000004F11800014900F007FCF4E77B3905007A
:1098100040F2011383810023C0E91E33C0F8843075
:10982000014B9860704700BF084400200A4A9368C3
:109830006FF00A01C3F88C100849C3F888004B6820
:1098400043F080534B60002383F31188BFF36F8F85
:109850009368D3F88C0070470844002000ED00E0C6
:1098600070B590F90D20437B002A36DBD90634D140
:109870001B4C63F07F032246437352F81C3F216A5E
:10988000934207D1C0E900210860206211E09942AB
:10989000F8D01B68002BF5D090F90E5093F90E60AC
:1098A000B542F4D0AE42F2DD5968C0E9003108603B
:1098B0005860E569954200D005B9E568A3685A7B10
:1098C000D20604D1DA897F2A01D9AA6932B1AB4222
:1098D00002D0284600F01AFBA56170BDA361FCE729
:1098E0000844002038B590F90D20437B002A01463A
:1098F00004DA03F07F03437309F0C2FF0D4D2A46DB
:10990000AB6852F81C4F944200D004B9EC688B420B
:1099100007D05A7BD20604D1DA897F2A01D9A269FD
:109920002AB1A34202D0204600F0F0FA2346AB61F0
:1099300038BD00BF08440020B3F1FF3F08BFB2F1BB
:10994000FF3F03D00249183000F066BB704700BFEC
:109950007B39050070B590F90D20437B002A014644
:1099600004DA03F07F03437309F08AFF4B7B1C4C3E
:1099700063F07F0322464B7352F81C3F206A9342E8
:1099800007D1C1E900200160216211E09842F8D0BE
:109990001B68002BF5D091F90E5093F90E60B5427B
:1099A000F4D0AE42F2DD5868C1E900300160596080
:1099B000E569A368954200D005B9E5688B4207D0F8
:1099C0005A7BD20604D1DA897F2A01D9AA692AB141
:1099D000AB4202D0284600F099FA2B46A36170BD35
:1099E00008440020F8B50E4B0C4611460D4A986805
:1099F0001060DDE90667EFF31182202282F31288FE
:109A0000BFF36F8F9D68284609F04CFF2846324609
:109A10003B46FFF791FF2046BDE8F840FFF706BF41
:109A20000844002034440020F8B50446EFF31187C1
:109A3000202383F31288BFF36F8F437B03F01F0251
:109A4000002A0CBF0126002649B239D103F07F035A
:109A5000437309F015FF2C4D437B817363F07F0343
:109A60002A46437352F81C3F934227D1286AC4E91F
:109A7000002004602C620FE09842F8D01B68002B95
:109A8000F5D093F90EC06145F6D08C45F4DD5968E8
:109A9000C4E900310C605C60EC69944200D004B908
:109AA000EC68AB689C4202D0204600F02FFAAC6113
:109AB00087F31188BFF36F8F3046F8BD286ADEE761
:109AC0009B071ED5856809F0DBFE81732B689D42DC
:109AD00009D16B68C4E900531C606C60E8E76A68F0
:109AE0009342F6D01B68002BF3D093F90E209142DD
:109AF000F5D08A42F3DD5A68C4E9003214605C6034
:109B0000D6E78173D4E700BF0844002049B9EFF3DA
:109B1000058030B9054B9A699B689A4201D0FFF7DE
:109B200085BE81F31188BFF36F8F70470844002012
:109B3000034648B9EFF3058232B9064A9169926843
:109B4000914201D0FFF772BE83F31188BFF36F8F8C
:109B5000704700BF08440020EFF31181202383F3F6
:109B60001288BFF36F8F054B9A68D37B013BD37389
:109B700081F31188BFF36F8F704700BF0844002046
:109B800070B5EFF31186202383F31288BFF36F8F34
:109B9000144DAB68DA7B0132DA732A4652F81C4F57
:109BA000944200D004B9EC685A7BD20604D1DA8919
:109BB0007F2A01D9A2692AB1A34202D0204600F02F
:109BC000A5F92346AB6186F31188BFF36F8FEFF3DE
:109BD0001180202383F31288BFF36F8FBDE870409C
:109BE000FFF7A6BF08440020024B03F11C02C3E9A3
:109BF000072270470844002070B5EFF31186202338
:109C000083F31288BFF36F8F1B4CA168206A0B6827
:109C1000814214BF1A46002249680B605960A3684C
:109C2000216A2AB9154AC3E900210B6023620CE0BE
:109C300093F90E0092F90E50A84218D0854216DD15
:109C40005168C3E900210B605360E5690B4B9D42ED
:109C500000D005B9E568A3689D4202D0284600F00F
:109C600055F9A5613046BDE87040FFF7DFBD8A4277
:109C7000D8D01268D5E700BF084400202444002053
:109C8000F8B550EA010306460C4603D1FFF7B4FFCE
:109C90000020F8BDEFF31187202383F31288BFF370
:109CA0006F8F124D124BA8681860FFF71BFEA86853
:109CB000104923463246183000F0AEF9AA68537BAB
:109CC00043F00403537304463846FFF7AFFDAB6817
:109CD000D3E90A23B3F1004F08BF002AD8D109F015
:109CE00027FF201A20EAE070D3E700BF08440020D5
:109CF000344400207B39050038B50446EFF3118564
:109D0000202383F31288BFF36F8F437B5B070FD54C
:109D1000183009F0E5FE637B23F0040320466373EB
:109D2000FFF79EFD29460548BDE83840FFF7EEBE27
:109D300085F31188BFF36F8F38BD00BF91450020B8
:109D4000014B9868704700BF084400202DE9F84394
:109D50000446077BEFF31185202383F31288BFF3BA
:109D60006F8F437B190705D585F31188BFF36F8F7C
:109D7000BDE8F883D90943F008025DD14273A368B6
:109D800013B1204609F084FD04F1180009F0A8FE83
:109D9000A66D04F15808B04511D04FF0000976B116
:109DA000304609F075FD06F1180009F099FEC6F875
:109DB0008C903046FFF754FDA66DB045EFD1DFF82B
:109DC000C880D8F808309C423ED1EFF30589B9F13C
:109DD000000918BF4FF00109D8F81C60284A9642C4
:109DE00000D00EB9D8F80C60B34202D0304600F073
:109DF0008DF82046C8F8186005F008F8B9F1000F92
:109E000002D02048FFF704FDD8F808309C4231D139
:109E1000EFF3058373BB227BD20718D42846FFF7E4
:109E200005FDFB07A4D5002383F31188BFF36F8FD3
:109E30000423184602DF9BE703F07F0343F0080387
:109E4000437309F01DFD9AE74FF00009C4E785F35D
:109E50001188BFF36F8F83F31188BFF36F8F0423D3
:109E6000184602DFEFF31180202383F31288BFF33B
:109E70006F8FD4E785F31188BFF36F8FD1E700BFF1
:109E8000244400204823002008440020D3B5DDE905
:109E90000667089CCDE90067FFF7A4FD1CB1034BE2
:109EA0009B681B69236002B0D0BD00BF084400203E
:109EB000044BC01A044BC0105843044B01221A54DF
:109EC000704700BF20240020ABAAAAAA9145002019
:109ED000C3897F2B12D80A4B1B6863B1094B90F9D9
:109EE0000E201B689A4209DB437BDB0606D1064B3A
:109EF000C31A18BF012303F0010070470023FAE7DB
:109F0000700E002038440020A020002070B50E4BB9
:109F10000E4C1E7C06EB460304EBC30405462046AC
:109F200009F0DEFD0A4B002228469A55FFF7D0FFC4
:109F300048B1084B08491A68013A2046D317BDE8D2
:109F4000704000F069B870BD084400202024002053
:109F500091450020700E0020B19E040038B5EFF34B
:109F60001185202383F31288BFF36F8F104B114AA2
:109F70009C681068A04206D1FFF7C8FF85F31188DE
:109F8000BFF36F8F38BD00211B7C11600A4AD35C80
:109F9000002BF3D02046FFF79BFF0028EED0637B19
:109FA000DB0602D12046FFF7D5FC2046E4E700BFE0
:109FB000084400203444002091450020024B1868DA
:109FC000984208BF00207047740E0020034B1B68A6
:109FD0000BB9FCF7B3BF0020704700BF3C44002022
:109FE00030B570B10B4B5B6898420AD0036843B13F
:109FF000D3E90421D0E90445121941EB0501C3E975
:10A000000421D0E9003213605A600023C0E9003314
:10A0100030BD00BF740E0020B3F1FF3F08BFB2F1A6
:10A02000FF3F2DE9F84F0446994615461F467AD062
:10A030008160EFF31188202383F31288BFF36F8FC1
:10A04000B9F1000FDFF8E8A020DBFFF7BFFFDAE986
:10A050000027013549F100092D1849EBE073C4E9E7
:10A060000453AD18064643EB07074FF00109FFF70D
:10A07000A5FFDFF8C0E0DEF804A00346EBB9C4E9B1
:10A0800000EACAF80040CEF8044028E0DAE90012FD
:10A090006FF001035B1A4FF0FF3161EB02025B1BB3
:10A0A00062EB0902012B72F10001BCBF0123002207
:10A0B000C0E904324FF00009D9E7D3E9041CD4E920
:10A0C00004208A4270EB0C0B24DA891A5A686CEB74
:10A0D0000000C3E90410C4E9003214605C60FFF7BB
:10A0E0006DFF84420ED1114B1B685BB9B9F1000FB3
:10A0F00002D1FFF76BFF0646304609F0DAFC00217B
:10A10000FCF7EEFE88F31188BFF36F8F28463946BF
:10A11000BDE8F88F521A60EB0C009A45C4E90420A0
:10A12000ADD01B68AAE700252F46EFE73C4400208E
:10A1300038240020740E00202DE9F047EFF311853C
:10A14000202383F31288BFF36F8F264F264E38608B
:10A15000FFF734FF4FF000084FF000093B68D6E9E5
:10A16000001E4FEAE37C50B1D0E90442A3427CEBED
:10A17000020A1ADAE41A62EB0C02C0E904425B1824
:10A180004FF000044EEB0C022046C6E900323C6062
:10A1900009F08FFC2146FCF7A3FE85F31188BFF37D
:10A1A0006F8FBDE8F047FFF7D9BE61184EEBE4733F
:10A1B000C0E90489C6E90013FFF712FF85F311888F
:10A1C000BFF36F8F83689847EFF31185202383F3E4
:10A1D0001288BFF36F8F3B681B1B3B60FFF7EEFEDF
:10A1E000BCE700BF3C4400203824002010B5EFF34A
:10A1F0001184202383F31288BFF36F8FFFF7E6FEED
:10A20000054A0346D2E90001181841EBE37184F3D3
:10A210001188BFF36F8F10BD38240020F8B50646B3
:10A22000EFF31187202383F31288BFF36F8F026847
:10A2300022B187F31188BFF36F8FF8BDD0E90A54BC
:10A24000691C44F10003022973F1000334D3013D7A
:10A2500044F1FF34002CBCBF15462C4609F06CFCC1
:10A26000013041F10001401944EB0101012871F175
:10A2700000014ADB09F060FC013041F100016FF0A0
:10A280000203401944EB010183426FF000438B410C
:10A2900040DB09F051FC013041F100016FF0010297
:10A2A000401944EB01044FF0FF33121A63EB04032F
:10A2B0001A493046FFF7B0FE336B01333363336A1C
:10A2C0006BB187F31188BFF36F8F336A30469847BD
:10A2D000EFF31187202383F31288BFF36F8F334688
:10A2E00053F8184F9C42A4D0002CA2D0204609F06D
:10A2F00010FB0023C4F88C3087F31188BFF36F8FF5
:10A300002046BDE8F84009F0F5BA6FF001024FF0C1
:10A31000FF33CDE700224FF00043C9E71DA2040040
:10A320002DE9F04105461C4690461F46EFF3118685
:10A33000202383F31288BFF36F8FB4F1FF3F08BF70
:10A34000B2F1FF3F05D186F31188BFF36F8FBDE8EF
:10A35000F081002C09DB012A74F10003BCBF01224B
:10A36000002412F1FF3844F1FF37284609F0B8FB0A
:10A37000DDE90623C5E90A2300232B6342463B4659
:10A3800028460249FFF748FEDDE700BF1DA2040092
:10A3900038B50346EFF31185202282F31288BFF30C
:10A3A0006F8FC160012181600068834206D185F30F
:10A3B0001188BFF36F8F0024204638BDD0E90032EA
:10A3C00013605A600023C0E9003309F025FC2946D8
:10A3D00004460248FFF79AFBEEE700BF92450020D3
:10A3E0002DE9F04385B04FF000090546CDF8049003
:10A3F00000F10C07EFF31188202383F31288BFF3D9
:10A400006F8F8368594003EA02060A4053400E49A1
:10A4100001AACDE9023909F02AFB019C3CB1C4F83C
:10A420008C9020460021646E09F084FAF6E7DDE99D
:10A43000023223EA02033846AB604146FFF766FB6F
:10A44000304605B0BDE8F083633D0500F8B507462A
:10A450000C46164609F009FA08B10020F8BD0E4B6B
:10A460009B68D3F88450002DF7D0221DF5D2EFF36E
:10A470001184202383F31288BFF36F8F47F0040108
:10A480002846B04784F31188BFF36F8F0028E4D0CB
:10A4900040F8045BE2E700BF084400200146024A9E
:10A4A0000020FFF7D3BF00BFC3DA0400014803F068
:10A4B00023BC00BFAA800500024B0146186800F0CB
:10A4C0000BB800BF840E0020024B0146186800F054
:10A4D000B9BD00BF840E00202DE9F04F01F10B053E
:10A4E000162D83B0064624D8102900F2B08000F063
:10A4F000B1FB102518224FF0020CBC4F3A44A2F1D8
:10A50000080354689C4200F00B816368E268A1680C
:10A5100023F003032344CA6091605A6842F00102A9
:10A5200030465A60083400F09BFB204603B0BDE87B
:10A53000F08F35F0070500F18A80A94200F287808C
:10A5400000F088FBB5F5FC7FC0F058816B0A00F085
:10A550008280042B00F20B81AB0903F1390C03F16B
:10A5600038044FEACC03A14F3B44A3F108005B68D9
:10A57000984206D10CE0002980F2C080DB68984246
:10A5800006D05A6822F00302511B0F29F3DDA446BE
:10A59000DFF864823C69444500F09D80636823F0E5
:10A5A0000309A9EB05030F2B00F32D81002BC7E94D
:10A5B000048880F20E81B9F5007FD7F804E080F0BE
:10A5C000B6804FEAD90101314FEA5919012303FA44
:10A5D00009F357F83120A2604EEA030E07EBC103DE
:10A5E000083BE360C7F804E047F83140D4604FEA25
:10A5F000AC0301209840704533D810EA0E0F07D104
:10A600002CF0030C400010EA0E0F0CF1040CF9D0F2
:10A6100007EBCC0A5346E146D9680EE04A6822F0BF
:10A620000302A2EB050EBEF10F0F0C46C96800F342
:10A63000AC80BEF1000F80F2BF808B42EED109F1F9
:10A64000010919F0030F03F10803E5D123E10C23FD
:10A650003360002469E74FF400734FF0400C3F244F
:10A6600081E7BC68636823F00308A84503D3A8EB1F
:10A6700005030F2B32DC5E4B1A685E4B1968013103
:10A680002A4404EB080A00F06B8102F580520F3275
:10A6900022F47F6222F00F0211463046009200F051
:10A6A000E5FAB0F1FF3F009A524B814605D0824552
:10A6B00040F2C480BC4200F00481BC68626822F0B1
:10A6C0000302AA42A2EB050301D30F2B06DC30469E
:10A6D00000F0C6FABDE7D7F804E088E7621943F056
:10A6E000010345F0010565603046BA60536000F033
:10A6F000B7FA0834204603B0BDE8F08FD3E9024131
:10A700001A44E1608C60516841F0010130465160AB
:10A7100003F1080400F0A4FA204603B0BDE8F08F6E
:10A72000D468A2427FF4F1AE0CF1020C30E7B9F527
:10A73000206F4FEA59227AD3142A00F22D8102F1B8
:10A740005C03DB005B32F918FB580839994203D1EE
:10A7500008E19B68994204D05A6822F003024A45F6
:10A76000F7D8D968C4E902318C60DC603FE7142B6C
:10A7700040F28580542B00F218812B0B03F16F0CF3
:10A7800003F16E044FEACC03EDE63046A668631988
:10A7900045F001056560F1608E604EF00101C7E98A
:10A7A0000433C3F80880C3F80C80596044F802E011
:10A7B00000F056FA0834B8E622443046536843F0B5
:10A7C0000103536054F8083FD9608B6000F048FAE9
:10A7D000ABE6A1443046D9F8043043F00103C9F890
:10A7E0000430083400F03CFA9FE600BF88020020E5
:10A7F000704400207C0E0020900200204FEAD50C0F
:10A8000005F1080279E6621943F0010145F00105FE
:10A8100065603046C7E90422C2F80880C2F80C809F
:10A82000516044F8093000F01BFA08347DE64FEA25
:10A83000991202F13903DB00383284E7DFF80CB2F9
:10A84000DBF800101144CBF80010084640D1C9F3E2
:10A850000B0CBCF1000F3BD1D7F80890424442F0FA
:10A860000102C9F80420774B1868884238BF196084
:10A87000754B1868884238BF19604C461FE703F1D2
:10A880005C0C03F15B044FEACC036CE65AF8083920
:10A89000534540F0D5801CF0030F0CF1FF3CF5D17F
:10A8A0007B6823EA00037B60400098423FF6D9AE04
:10A8B00018B9D6E6400009F104091842FAD0CC468E
:10A8C000A6E6DFF888B1DBF800001044CBF8000002
:10A8D000196801311BBFA9EB0A031B18C3F80090CC
:10A8E000CBF8003019F0070345D0C3F108018944C3
:10A8F000C3F580514A440831891AC1F30B0A514605
:10A9000030460193009200F0B1F9421CDDE90023CA
:10A910007AD0A0EB090000EB0A02DBF80030C7F8A0
:10A92000089042F001020AEB0301BC42C9F804207E
:10A93000CBF8001097D0B8F10F0F41D96268A8F199
:10A940000C0323F0070302F001021A436260E218CD
:10A9500005200F2B506090604CD8D9F8042082E776
:10A96000103299E69210012000FA02F24EEA020E2D
:10A97000C7F804E0F6E609EB02014942C1F30B0A0D
:10A98000514630460193009200F070F9431CDDE916
:10A990000023BED19A46C0E7542A15D84FEA19328F
:10A9A00002F16F03DB006E32CDE6B3F5AA7F15D856
:10A9B000EB0B03F1780C03F177044FEACC03D2E5FB
:10A9C0000123C9F8043082E6B2F5AA7F23D84FEA02
:10A9D000D93202F17803DB007732B4E640F2545208
:10A9E000934223D8AB0C03F17D0C03F17C044FEAB6
:10A9F000CC03B8E504F10801304600F023FBD7F89A
:10AA00000890DBF80010A8E7083B1A44A2EB090203
:10AA10004FF0000A81E740F254539A420CD84FEAB3
:10AA2000994202F17D03DB007C328CE64FF47E73A9
:10AA30004FF07F0C7E2496E54FF47E737E2282E6F3
:10AA40007B6831E76C4400206844002040440020CB
:10AA5000032A70B511D940EA01039B071FD10446B0
:10AA60000B4602E0043A032A1DD91946204653F842
:10AA7000045B54F8046BAE42F4D0541EB2B1421ED3
:10AA8000013901E0C3180CD012F801EF11F801CF21
:10AA9000E645A4EB0203F5D0AEEB0C0070BD541EEE
:10AAA000EDE7184670BD20461946E6E7104670BD32
:10AAB00088420ED98B1883420BD900EB020C002A76
:10AAC0006ED0624613F801CD02F801CD9942F9D15A
:10AAD00070470F2A0FD8034602F1FF3C002A5FD0CF
:10AAE0000CF1010C013B8C4411F8012B03F8012FF0
:10AAF0006145F9D1704740EA01039B0751D1A2F1AA
:10AB0000100370B501F1200C23F00F0501F1100EB8
:10AB100000F11004AC441B095EF8105C44F8105CB2
:10AB20005EF80C5C44F80C5C5EF8085C44F8085C69
:10AB30005EF8045C44F8045C0EF1100EE64504F186
:10AB40001004E9D1013312F00C0F01EB031102F0F4
:10AB50000F0400EB031328D0043C24F003064FEA53
:10AB6000940C1E441C1F8E465EF8045B44F8045F80
:10AB7000B442F9D10CF1010402F0030203EB8403A7
:10AB800001EB840102F1FF3C4AB10CF1010C013BE5
:10AB90008C4411F8012B03F8012F6145F9D170BDE8
:10ABA000704702F1FF3C03469AE72246EAE700BFFE
:10ABB000830730B547D0541E002A3ED0CAB20346A0
:10ABC00001E0013C39D303F8012B9D07F9D1032C97
:10ABD0002CD9CDB205EB05250F2C05EB054535D954
:10ABE000A4F1100222F00F0C03F1100EE6444FEA1C
:10ABF000121C1A46156055609560D560103272457A
:10AC0000F8D10CF1010214F00C0F03EB021204F066
:10AC10000F0C13D0ACF1040323F0030304331344EB
:10AC200042F8045B9A42FBD10CF003042CB1C9B288
:10AC30001C4403F8011B9C42FBD130BD6446134603
:10AC4000002CF4D1F9E703461446C0E71A46A4469F
:10AC5000E0E700BF014804F038B900BF58110020F8
:10AC6000014804F038B900BF5811002038B5074D2D
:10AC70000022044608462A60E5F754FB431C00D036
:10AC800038BD2B68002BFBD0236038BD74440020F6
:10AC90000CB410B51F4B00291C689CB035DB4FF479
:10ACA0000273ADF81430029006901FAB18D0013932
:10ACB0004FF6FF7204910791ADF8162002A91E9A73
:10ACC00001932046DFF768FD421C01DA8B232360E5
:10ACD000029B00221A701CB0BDE8104002B0704701
:10ACE0004FF6FF7204910791ADF8162002A91E9A43
:10ACF00001932046DFF750FD431C01DA8B232360CC
:10AD00001CB0BDE8104002B070478B2323604FF0A9
:10AD1000FF30F5E7840E002080EA0102844612F03D
:10AD2000030F4FD111F0030F32D14DF8044D11F044
:10AD3000040F51F8043B0BD0A3F101329A4312F0F7
:10AD4000803F04BF4CF8043B51F8043B16D100BFD0
:10AD500051F8044BA3F101329A4312F0803FA4F161
:10AD600001320BD14CF8043BA24312F0803F04BFE8
:10AD700051F8043B4CF8044BEAD023460CF8013B55
:10AD800013F0FF0F4FEA3323F8D15DF8044B7047FF
:10AD900011F0010F06D011F8012B0CF8012B002A3D
:10ADA00008BF704711F0020FBFD031F8022B12F02C
:10ADB000FF0F16BF2CF8022B8CF8002012F47F4FE7
:10ADC000B3D1704711F8012B0CF8012B002AF9D1EF
:10ADD000704700BFB2B340EA01039B0730B5844619
:10ADE00018D1032A16D904460B4606E0043A2BD0A4
:10ADF0001EF0803F28D1032A2AD92068194653F82B
:10AE0000045BA0F1013EA842A4462EEA000E04F124
:10AE10000404EBD09CF800000C78844216D1012A7F
:10AE200012D0E64668B11EF8010F11F8014FA2EBEF
:10AE30000E03A04203F1FF3308D11CEB0303F1D151
:10AE4000184630BD10467047002030BD001B30BD95
:10AE5000A4461946DEE700BF71B1034600EB010CC2
:10AE600001E0634506D01A46013311780029F8D174
:10AE7000101A7047181A7047084670472DE9F04FAE
:10AE800003690C69A34283B0C0F28A80013C01F1DE
:10AE9000140500F1140855F8243058F82420013323
:10AEA0009A428E4681464FEA840105EB840708EBFF
:10AEB000840AB2FBF3F63AD3CDE900150022AC4682
:10AEC000404613465CF8041B05681FFA81FB06FB2D
:10AED0000B22090C4FEA124B06FB01BB92B2A9B23E
:10AEE000891A19441FFA8BF3C3EB214303EB154373
:10AEF00089B241EA0341674540F8041B4FEA1B420F
:10AF00004FEA2343DED2DDE9001558F8013073B96A
:10AF1000AAF1040AD04504D307E0D04504F1FF3478
:10AF200003D25AF80439002BF7D0C9F81040714603
:10AF3000484600F011FC00282EDB4146002255F85F
:10AF4000040BD1F800C01FFA80FE1FFA8CF3A3EBAC
:10AF50000E031344020CC2EB234202EB1C429BB2D1
:10AF600043EA0243AF4241F8043B4FEA2242E6D2B1
:10AF700058F8242008EB84036AB9043B984504D3AD
:10AF800007E0984504F1FF3403D253F80429002A5E
:10AF9000F7D0C9F810400136304603B0BDE8F08F55
:10AFA000002003B0BDE8F08FF8B5234F0C460646ED
:10AFB000FFF750FEBB685D6825F0030505F6EF73EB
:10AFC000191B21F47F6121F00F01A1F58054B4F524
:10AFD000805F07DB00213046FFF748FEBB682B444B
:10AFE000984204D03046FFF73BFE0020F8BD614296
:10AFF0003046FFF73BFE01300DD0104ABB682D1BD9
:10B0000045F001055D60136830461B1B1360FFF7B8
:10B0100027FE0120F8BD00213046FFF727FEBA6861
:10B02000831A0F2BDEDD43F001035360044B034909
:10B030001B68C01A0860D5E7880200204044002041
:10B040007C0E002000297CD02DE9F0410C46804682
:10B05000FFF700FE54F8043C764FA4F1080523F0F6
:10B0600001016818BE684268864222F0030200F0BF
:10B070008380DE07426000EB020C33D454F8084CA6
:10B08000DCF804302D1B2144AC6807F1080C644542
:10B0900003F0010364D0D5F80CE0C4F80CE0CEF85E
:10B0A0000840002B00F0818041F001036B600160DB
:10B0B000B1F5007F22D27868CB080122490901331B
:10B0C0008A40024357F833107A6007EBC302083A0C
:10B0D000C5E9021247F83350CD604046BDE8F04163
:10B0E000FFF7BEBDDCF80430DB072BD541F00103D0
:10B0F000B1F5007F44F8043C0160DCD3B1F5206F6A
:10B100004FEA512353D28B0903F1390003F138027E
:10B11000C300F818FB580838984203D163E09B68D5
:10B12000984204D05A6822F003028A42F7D8D868BD
:10B13000C5E902308560DD604046BDE8F041FFF7BB
:10B140008FBD7047114407F1080C836863453FD0F9
:10B15000C268DA60936041F001036B606950A7E751
:10B16000002B61D10A44D0E90213CB60996042F010
:10B1700001036B60AA50B0E7DB070A4407D454F818
:10B18000083CED1A1A44D5E90213CB60996042F0ED
:10B1900001036B60284BBD601B6893429DD8274B11
:10B1A00040461968FFF700FF97E71144CDE7142BDD
:10B1B00008D9542B1FD80B0B03F16F0003F16E025B
:10B1C000C300A6E703F15C0003F15B02C300A0E744
:10B1D00041F001033D617D61C5F808C0C5F80CC0B0
:10B1E0006B60695079E779689210012404FA02F2E1
:10B1F0000A437A609CE7B3F5AA7F06D8CB0B03F12C
:10B20000780003F17702C30083E740F2545293427F
:10B2100006D88B0C03F17D0003F17C02C30078E7B4
:10B220004FF47E737E2274E741F001036B6001608E
:10B2300053E700BF88020020800E002070440020E9
:10B2400000487047780F0020C36C70B505460C4667
:10B250004BB153F8240080B1026843F82420002346
:10B26000C360036170BD2122042100F0B5FC0346D8
:10B27000E8640028EDD1002070BD012101FA04F638
:10B28000721D9200284600F0A7FC0028F3D0C0E908
:10B290000146E4E731B1C36C4A6853F82200086004
:10B2A00043F82210704700BF2DE9F0410D690746B1
:10B2B0000E461C4601F1140E0020DEF800108BB281
:10B2C00002FB03434FEA134C090C02FB01CC013093
:10B2D0009BB203EB0C4385424EF8043B4FEA1C44FF
:10B2E000EBDC3CB1B368AB4207DD06EB850301350F
:10B2F0005C6135613046BDE8F081716838460131E6
:10B30000FFF7A2FF8046A8B13269023206F10C01B4
:10B3100092000C30DCF724F9FB6C726853F82210B1
:10B32000316043F82260464606EB850301355C61D7
:10B330003561DFE7024B03484246B52100F02CFCA3
:10B3400070540500DC540500B0F5803F034636BF5D
:10B35000030400201020B3F1807F3CBF1B020830A3
:10B36000B3F1805F3CBF1B010430B3F1804F03D3C6
:10B37000002B06DB013070479B0003D45B0003D435
:10B38000202070470230704703307047036813F085
:10B390000702014607D0DA071FD4980721D55B08BA
:10B3A0000B600120704798B2A0B11046DAB20AB91A
:10B3B00008301B0A1A0704BF1B0904309A0704BF90
:10B3C0009B080230DA0703D45B0800F1010006D0C5
:10B3D0000B6070471B0C1020E8E70020704720200E
:10B3E00070479B080B600220704700BF38B5C36CE4
:10B3F00004460D464BB15868B0B102685A6000224D
:10B4000001234561C260036138BD2122042100F09F
:10B41000E3FB0346E0640028EDD1094B0948002214
:10B420004FF4A07100F0B8FB1C220121204600F06F
:10B43000D3FB0028F1D00122022342608360DEE7C3
:10B4400070540500DC5405002DE9F04FD1F8108050
:10B450001569A84585B00E46924605DB2A46534637
:10B4600045468A4690461E46DAF80830DAF8041057
:10B4700005EB0804A342B8BF0131FFF7E5FE84469F
:10B48000002800F08B8000F1140707EB840E77454D
:10B4900005D23B46002243F8042B9E45FBD81436C8
:10B4A00006EB88080AF11409464509EB850566D2C2
:10B4B000A5EB0A03153B23F003030AF1150A043335
:10B4C00055452CBF9B464FF0040BCDF808E0039484
:10B4D000AE46E24605E0090C2AD1B04507F1040763
:10B4E0004AD956F8041B8DB2002DF4D0CC463C4608
:10B4F000002301965CF8040B216886B28AB2000C26
:10B5000005FB0622090C1A4405FB001101EB124150
:10B5100092B242EA0142E64544F8042B4FEA114355
:10B52000E8D8019E47F80B3056F8041C090CD4D01B
:10B530003B68002248461D463C469446028801FB73
:10B5400002C202EB15429BB243EA024344F8043BB9
:10B5500050F8043B25684FEA134CABB201FB0C33A7
:10B5600003EB124386454FEA134CE7D8B04547F842
:10B570000B3007F10407B4D8DDE902E4D446002C0F
:10B5800002DC05E0013C03D05EF8043D002BF9D05D
:10B590006046CCF8104005B0BDE8F08F034B04487E
:10B5A000624640F25D1100F0F7FA00BF70540500EA
:10B5B000DC54050012F003032DE9F0411446074660
:10B5C0002CD10D46A4101CD0BE6C86B3E3074FF0FF
:10B5D000000806D4641014D03068A8B10646E3070A
:10B5E000F8D5324629463846FFF72EFF35B1FB6CB9
:10B5F000696853F821202A6043F8215064100546F9
:10B60000EAD12846BDE8F081324631463846FFF798
:10B610001BFF3060C0F800800646E0E7013B0F4AA0
:10B6200052F823200023FFF73FFE0546CAE7012119
:10B630003846FFF709FE064640B1012340F2712269
:10B64000C0E904320023B8640360BFE7044B054837
:10B6500032464FF4A07100F09FFA00BF3455050048
:10B6600070540500DC5405002DE9F0470C46904667
:10B670002769A368496807EB62177D1C9D4206464F
:10B680004FEA621904DD5B009D4201F10101FADC21
:10B690003046FFF7D9FD8446002851D0B9F1000F9C
:10B6A00000F114000EDD09F105024FEA820E034697
:10B6B0000CEB8202002143F8041B9342FBD1AEF154
:10B6C00014031844216904F1140318F01F0803EB54
:10B6D00081012DD0C8F1200986464FF0000A1A6872
:10B6E00002FA08F242EA0A024EF8042B53F8042B3D
:10B6F000994222FA09FAF2D80B1B153B23F00303F7
:10B70000043304F11502914238BF042340F803A02A
:10B71000BAF1000F00D13D46F36C6268CCF81050CE
:10B7200053F822102160604643F82240BDE8F087BC
:10B73000043853F8042B40F8042F9942F9D8EAE76B
:10B74000034B0448624640F2D91100F025FA00BFCD
:10B7500070540500DC5405000B6984460069C01A6A
:10B7600016D10CF1140C14310CEB830210B401EB64
:10B77000830301E0944508D252F8044D53F8041DA8
:10B780008C42F7D005D24FF0FF305DF8044B704784
:10B79000704701205DF8044B704700BF2DE9F04F62
:10B7A00013690F69FF1A002F83B00D46904615D11B
:10B7B00001F11406143202EB830206EB830301E06D
:10B7C0009E4276D253F8044D52F8041D8C42F7D0B5
:10B7D00006D22B4601274546984601E0F9DB0027B3
:10B7E0006968FFF731FD8146002876D02E69C76071
:10B7F000D8F8100005F1140B08F1140E09F1140A21
:10B8000005F110010EEB80000BEB860257464FF05E
:10B81000000CCDF804B05EF8044B51F8045F1FFA39
:10B8200084FBABB2A3EB0B03240C6344C4EB1544C1
:10B8300004EB23449BB243EA0443704547F8043BBE
:10B840004FEA244CE7D8A0EB0801153989084C1CB5
:10B85000DDF804B008F11508A400404538BF042401
:10B860000BEB0405AA42544430D92746284650F829
:10B87000043B1CFA83FE190C634401EB2E419BB27E
:10B8800043EA0143824247F8043B4FEA214CEED899
:10B89000013A521B22F00302144423B954F8043D28
:10B8A000013E002BFAD04846C9F8106003B0BDE84D
:10B8B000F08F0021FFF7C8FC8146A8B101220023C8
:10B8C000C0E90423484603B0BDE8F08F8900404535
:10B8D00038BF00210AEB0104DFE7074B07484A465F
:10B8E0004FF4107100F058F9034B04484A4640F2F7
:10B8F000322100F051F900BF70540500DC540500FE
:10B900002DE9F0430E4683B0012159EC108B15460A
:10B91000FFF79AFC0446002846D0C9F30A57C9F33A
:10B9200013030FB143F480130193B8F1000313D153
:10B9300001A8FFF72BFD019B6361012220302261EA
:10B940000FB3A7F233470744C0F1350037602860D2
:10B95000204603B0BDE8F08368460093FFF716FD6C
:10B96000019BF8B10099C0F1200203FA02F2C34032
:10B970000A430193002B62610CBF01220222A361E2
:10B980002261002FDDD104EB8203A0F2324030604F
:10B990001869FFF7D9FCC0EB42102860204603B0BD
:10B9A000BDE8F083009AE5E7034B0448224640F2E5
:10B9B0000A3100F0F1F800BF70540500DC540500B6
:10B9C00053EC102B70B5154E23F000410025B14209
:10B9D000044605601FD816460E431CD0104E1E406C
:10B9E00018465EB91046194600220E4BDCF70EF8D9
:10B9F0006FF035050246084621F0004120F0FF4077
:10BA0000091520F4E000A1F2FE3140F07F532944F3
:10BA100043F40013216043EC102B70BDFFFFEF7F58
:10BA20000000F07F0000504340EA01039B0710B57F
:10BA300001D1032A17D8844601F1FF3E07E01EF822
:10BA4000011F03F8011B541E29B19C462246634680
:10BA5000002AF4D110BD9444002CFBD003F8011B44
:10BA60006345FBD110BD8E468446DEF80040A4F14C
:10BA7000013323EA040313F0803F71460EF1040EF4
:10BA8000DAD1043A032A4CF8044BEED87146D3E7D6
:10BA90002DE9F04F9368176883B09246002B74D05D
:10BAA0004FF0000B8B680A6881460C465D4645E006
:10BAB000B4F90C3013F4906F2CD0D4E90401161AA9
:10BAC00001EB410202EBD272711C521029449142E7
:10BAD00092BF904688460A465B0539D511464846CE
:10BAE000FEF7FAFC019000283DD032462169DBF7D1
:10BAF00037FDA289019B22F4906242F08002A2816C
:10BB00009819A8EB0606A660C4F81480236120608B
:10BB1000A8462E4632465946FEF7CAFFDAF8081004
:10BB2000A3682268A3EB08033244491BA360226088
:10BB3000CAF8081049B3D7E900B508379846104647
:10BB4000002DF8D09D421E46B2D2A8462E46E1E70F
:10BB50000146484600F09AF803460028D0D12169F2
:10BB60004846FFF76FFAA3890C2243F04003C9F857
:10BB700000204FF0FF30A38100220023CAF80820E4
:10BB8000CAF8043003B0BDE8F08F00200023CAF8E3
:10BB9000043003B0BDE8F08F00B50B4C25681446A7
:10BBA000EE681A4685B003460D464CB1074900952C
:10BBB000CDE901143046064900F03EF8E4F7C6FB33
:10BBC00004490C46F3E700BF840E002040550500F1
:10BBD00050550500A04D050010B502FB01F1FEF720
:10BBE0007BFC044668B150F8042C22F00302043AAE
:10BBF000242A18D8132A06D802460023136053605B
:10BC00009360204610BD00231B2A036043600FD9B8
:10BC1000242A8360C36011BF00F1100200F11802F2
:10BC200003614361E9E70021FEF7C2FF204610BD32
:10BC300000F10802E1E700BF0EB410B583B005AB18
:10BC4000064C53F8042B01930146206800F0C0F91C
:10BC500003B0BDE8104003B0704700BF840E002061
:10BC600082B049B15AB16BB113780B601278101ED3
:10BC700018BF012002B0704701A9002AF3D1104675
:10BC800002B070476FF00100F4E700BF2DE9F84FF4
:10BC90001646002900F096800C46804606F10B05FA
:10BCA000FEF7D8FF54F8041C162DA4F1080921F062
:10BCB000030758D81025AE4258D8AF4260DABE4BC1
:10BCC0009A6809EB070C6245DCF8040000F09080EC
:10BCD00020F0010363445B68DA0768D420F00300B6
:10BCE0003B189D4247DDCB0712D454F8083CA9EB22
:10BCF000030BDBF8043023F00302104400EB070AC7
:10BD0000554540F3F68007EB020A554540F3CC80D9
:10BD100031464046FEF7E0FB0646002800F0208151
:10BD200054F8043C23F001034B44A0F10802934271
:10BD300000F0B4803A1F242A00F2D780132A00F2C0
:10BD4000A2800346224611681960516859609268C2
:10BD50009A6021464046FFF775F94046FEF780FF9E
:10BD60003046BDE8F88F35F00705A4D50C23C8F898
:10BD70000030002618E01F46DCE90223D3609A60F9
:10BD8000D9F804307A1B0F2A03F0010309EB0700EE
:10BD90001DD83B43C9F80430436843F001034360B6
:10BDA0004046FEF75DFF26463046BDE8F88FC907DE
:10BDB000AED454F8083CA9EB030BDBF8043023F0B5
:10BDC0000302A0E7BDE8F84F1146FEF785BB09EB7B
:10BDD00005012B4342F00102C9F804304A60436870
:10BDE00043F00103436008314046FFF72BF9D7E7E2
:10BDF00020F00300C21905F1100C624580F2918019
:10BE0000CA0785D454F8082CA9EB020BDBF80420F0
:10BE100022F00302104400EB070AD4453FF773AF4A
:10BE20005E46DBF80C1056F8080F3A1F242AC16052
:10BE3000886000F2AE80132A40F2A9802168CBF816
:10BE400008106168CBF80C101B2A00F2A880083497
:10BE50000BF110022168116061685160A168916066
:10BE60000BEB0501AAEB050242F0010299604A6062
:10BE7000DBF8043003F001032B434046CBF80430D9
:10BE8000FEF7EEFE90E723680360636843601B2AB9
:10BE90003CD804F1080200F1080354E750F8043CD0
:10BEA00023F003031F446BE73A1F5E46DBF80C30B8
:10BEB00056F8081F242ACB60996022D8132A1ED96D
:10BEC0002368CBF808306368CBF80C301B2A3BD8CA
:10BED00008340BF1100322681A6062685A60A26885
:10BEE0009A6034465746D9464AE72146FEF7E0FDB8
:10BEF0002FE7DCE902133A1FCB609960D5E73346A0
:10BF0000E9E721463046FEF7D3FDEAE7A368836000
:10BF1000E368C360242A27D004F1100200F1100363
:10BF200011E709EB05019960531B43F001034B60D6
:10BF300054F8043C03F001032B43404644F8043C0E
:10BF4000FEF78EFE26462FE7A368CBF81030E36895
:10BF5000CBF81430242A10D010340BF11803BAE7B0
:10BF60004046FEF77DFE04E7236903616169416194
:10BF700004F1180200F11803E5E62369CBF8183044
:10BF80006369CBF81C3018340BF12003A3E7324669
:10BF900060E721463046FEF78BFD074B60E7A1685E
:10BFA000CBF81010E168CBF81410242A06D0103416
:10BFB0000BF118024EE700BF880200202269CBF87F
:10BFC00018206269CBF81C2018340BF1200241E7DD
:10BFD0002DE9F04FBDB0CDE906031C460491914612
:10BFE00018B1836B002B00F03482049A536EB2F9BF
:10BFF0000C20D80702D4910540F1AE85130740F11B
:10C00000ED80049B1B69002B00F0E88002F01A030E
:10C010000A2B00F0F28013AB10930023CDE911330B
:10C02000CDE90B3309930DF14C0A0A93039399F868
:10C030000030002B00F0C2814C4604E014F8013FB0
:10C04000002B00F0F880252BF8D1B4EB090540F067
:10C05000F6802378002B00F0B1814FF000038DF8BB
:10C060003B3062780023029304F101094FF0FF385E
:10C070009B4609F10109A2F120035A2B00F20C8121
:10C08000DFE813F0EF020A010A01EA020A010A01DD
:10C090000A016A000A010A01DF02D9020A01D4007A
:10C0A000C0020A01BB025B005B005B005B005B003F
:10C0B0005B005B005B005B000A010A010A010A01E8
:10C0C0000A010A010A010A010A01D90185000A01CF
:10C0D0000A010A010A010A010A010A010A010A0108
:10C0E0000A0147020A010A010A01BC010A01110200
:10C0F0000A010A0172050A010A010A010A010A017C
:10C100000A010A010A010A010A01D90187000A018C
:10C110000A010A01AE02870080000A01A1020A0199
:10C1200093026805FA0280000A01BC017D006605E1
:10C130000A010A0190050A017D00A2F130030021E5
:10C1400019F8012B01EB810103EB4101A2F130034E
:10C15000092BF5D902918EE7069D2846FFF770F866
:10C1600043680B931846DAF7CBFF0C900446284639
:10C17000FFF766F883680A93002C40F0CA8499F8A8
:10C18000002076E799F800204BF0200B71E74BF088
:10C19000100B1BF0200F00F02281079B073323F0C8
:10C1A000070319465A6851F8083B07911146002ABF
:10C1B000C0F25B81B8F1FF3F00F0628153EA0102F7
:10C1C0002BF0800B40F05C81B8F1000F40F07B85D4
:10C1D000CDF80480CDF814803CAC91E1049D069824
:10C1E000294600F00DFE002840F09285B5F90C209C
:10C1F00002F01A030A2B7FF40EAF0499B1F90E3046
:10C20000002BFFF608AF4B6EDD0702D4900540F11E
:10C210005D850499069823464A463DB0BDE8F04F37
:10C2200000F0A0BD029A07935242029299F80020B2
:10C230004BF0040B1DE7B4EB090500F0BF80119B28
:10C24000129A01332A44072BCAE9009512921193DE
:10C2500005DC0AF1080A039B2B440393F9E61AB99B
:10C2600011920DF14C0AF6E70499069810AA00F015
:10C2700073FF0023CDE911330028F2D0049B5A6EDE
:10C28000B3F90C30D10740F1A0805B0600F14C857A
:10C2900003983DB0BDE8F08F002A00F08F800023A6
:10C2A0008DF83B3001238DF88C200193059323AC4E
:10C2B0004FF000081BF0020602D0019B02330193ED
:10C2C000DDE911201BF0840302F1010C61460893A3
:10C2D00005D1DDE901535D1B002D00F336839DF888
:10C2E0003B50002D00F0FB810DF13B020130CAF8FC
:10C2F000002007294FF00102CDE91110CAF80420EF
:10C3000040F3E98148B110AA0499069800F024FF8F
:10C310000022CDE911220028B0D1002E00F0F281D8
:10C3200002200FAB1490139301210DF14C0A0A4621
:10C330000AF1080A0131089B802B00F0ED81059B72
:10C34000A8EB0307002F00F33082059BCAF80040DA
:10C3500018440729CDE91110CAF8043040F374825B
:10C36000002840F0CF8211901BF0040F00F0AC8247
:10C37000DDE901239C1A002C12980DF14C0A00F300
:10C380006F82DDE9022301998A42ACBF9B185B18DA
:10C39000039350B10499069810AA00F0DDFE002323
:10C3A000CDE9113300287FF469AF0023119399F888
:10C3B00000300DF14C0A002B7FF43EAE129B002B97
:10C3C00040F093840023119358E79A053FF55DAF41
:10C3D000049CA06D02F07FFDB4F90C3055E7079A7C
:10C3E0001BF0100F52F8043B079239D11BF0400F9D
:10C3F00032D043F3C0310A461BB2D8E6079D55F848
:10C40000044B00268DF83B60002C00F03484B8F11A
:10C41000FF3F00F0FC83424631462046DBF750F8F0
:10C42000002800F05884031B059323EAE373079563
:10C43000B046019364E0079B00228DF83B2053F83F
:10C44000042B079301238DF88C200193059323ACD3
:10C450002EE700F0FBFDC8E51BF4007F40F02884C8
:10C46000D9170A46002ABFF6A5AE5B4261EB41012F
:10C470002D22B8F1FF3F8DF83B2001D02BF0800B2F
:10C480000A2B71F1000280F0E2823033DBB28DF8CA
:10C49000EF304346012BB8BF0123019301230593DD
:10C4A0000DF1EF042CE04BF0100212F0200100F02F
:10C4B000BF82079B073323F007031846596850F8DB
:10C4C000083B07900020B8F1FF3F8DF83B0000F0DB
:10C4D000CB8353EA010022F0800BD1D10120B8F1C7
:10C4E000000F38D100287FF473AE12F001020592DC
:10C4F00000F0FC8230238DF8EF3001920DF1EF0453
:10C500009DF83B30002B3FF4D5AE019B01330193E6
:10C51000D0E64BF0100212F0200100F07A82079B67
:10C52000073323F007031846596850F8083B079073
:10C530000020B8F1FF3F8DF83B0022F4806B12D051
:10C5400022F4906453EA010240F08C835A46A346D9
:10C55000B8F1000FC6D0012800F0B58300230228EF
:10C56000194600F0DC813CAC03F00702DB0843EA2B
:10C570004173C908303253EA0105204604F8012D01
:10C58000F2D11BF0010F00F0D881302A00F0D581E4
:10C590003023023804F8013C3CAB1B1A4345059399
:10C5A000B8BF434604460193AAE71BF0200F00F0F2
:10C5B000BE82079B039A1B681A60D2175A60079BBA
:10C5C0000433079333E599F800206C2A03BF99F8E8
:10C5D00001204BF0200B09F101094BF0100B48E54D
:10C5E00099F80020682A03BF99F801204BF4007BDA
:10C5F00009F101094BF0400B3BE599F800204BF0A5
:10C60000800B36E5494611F8012B2A2A00F09E835B
:10C61000A2F13003092B89464FF000083FF62BADFD
:10C6200019F8012B08EB880803EB4808A2F1300346
:10C63000092BF5D91FE52B2399F800208DF83B3005
:10C6400017E5079B53F8042B0292002AFFF6EAAD88
:10C6500099F8002007930CE599F800204BF0010BA6
:10C6600007E59DF83B3099F80020002B7FF401ADE1
:10C6700020238DF83B30FCE4079A52F8043B0792E4
:10C6800047F63002ADF83C20B64A09924BF0020B57
:10C6900000214FF00002B8F1FF3F8DF83B2000F081
:10C6A0003E8153EA01022BF0800040F037815A4668
:10C6B0008346022013E7002840F08A829DF83B2041
:10C6C0000121002A00F080820DF13B0214911392A7
:10C6D0000DF14C0A08460A460AF1080A0131002EFB
:10C6E0003FF429AE0FAB0230CAF8003007294FF0F3
:10C6F0000203CDE91110CAF804307FF718AE002804
:10C7000040F07B81089B0022802B4FF001011046F6
:10C710000DF14C0A7FF413AEDDE901535F1B002FCE
:10C720007FF70DAE102F40F3F082D6468E4DCA46ED
:10C730000026C146A046069C07E0103F102F02F1DC
:10C74000020C0EF1080E0A4617DD511C10301023A2
:10C750000729CDE91110CEF80050CEF80430ECDDF9
:10C7600010AA002840F0B980103F0022102F4FF08F
:10C77000010C10460DF14C0EE7DC4446C846D1468C
:10C78000F2463844BCF1070FCAE90057CDE911C0A1
:10C7900000F3B081059BA8EB0307002F0AF1080AFC
:10C7A0000CF1010162467FF7D0AD6F4D102F2ADDED
:10C7B0002B46D4462546069EDDF810A04FF0100803
:10C7C0001C4607E0103F102F02F102010CF1080C8B
:10C7D0001A4614DD531C1030072BCCE90048CDE974
:10C7E0001130EFDD10AA002840F08180103F0022B8
:10C7F000102F4FF0010110460DF14C0CEADC2346DE
:10C80000E2462C461D4638440729CDE91110CAF8E6
:10C810000050CAF8047003DC0AF1080A013194E5FB
:10C8200050B10499069810AA00F096FC0023CDE9B7
:10C83000113300287FF422AD05981394012314903E
:10C84000129011930DF14C0A1BF0040F3FF499ADB7
:10C85000DDE901239C1A002C0AF1080A7FF791AD4B
:10C86000102C119A40F34E82404F069EDDF810B016
:10C8700010254FF0000807E0103C102C02F10201D7
:10C880000AF1080A1A4614DD531C1030072BCAE9B6
:10C890000075CDE91130EFDD10AA002840F0A3802B
:10C8A000103C0022102C4FF0010110460DF14C0AF3
:10C8B000EADC20440729CAE90074CDE911107FF7AA
:10C8C00060AD002840F09681DDE9022301998A429B
:10C8D000ACBF9B185B18039367E50499204600F0F2
:10C8E0003BFCCDE9116600283FF43EAFC6E451465B
:10C8F000304600F031FC0023CDE9113300283FF42D
:10C9000075AFBBE40499069810AA00F025FC00233B
:10C91000CDE9113300283FF427ADAFE483460998F1
:10C920003CAC03F00F021B09825C04F8012D43EAC2
:10C930000173090953EA0102F3D13CAB1B1B4345C8
:10C940000593B8BF43460193DAE5102D40F3CA8141
:10C950000D96D446054F049ECA461023C146A046F4
:10C96000089C0EE01054050090550500A0550500E8
:10C97000103D102D02F1020E0CF1080C0A4613DDD9
:10C98000511C10300729CCE90073CDE91110EFDDFF
:10C9900010AA3146F0B9103D0022102D4FF0010EC3
:10C9A00010460DF14C0CEBDC0D9E4446C846D146BA
:10C9B000E2462844BEF1070FCDE911E0CAF8007045
:10C9C000CAF804503FF777AE0AF1080A0EF10101E8
:10C9D000724684E4069800F0BFFBCDE911441023B1
:10C9E0000028D8D04AE45946304600F0B5FBCDE9DE
:10C9F000118800283FF454AF40E40499069810AA27
:10CA000000F0AAFB0023CDE9113300283FF47AAEF1
:10CA100034E4079850F8043B079012F010007FF4BC
:10CA200087AD12F0400400F036819BB201467FE5ED
:10CA3000079850F8043B079012F010007FF442ADC5
:10CA400012F0400400F02D819BB201463AE5CDF88A
:10CA50001480B84FDDF82880CDF804B00BF4806660
:10CA60004FF0000C3CAC05E00A2B71F1000136D30D
:10CA70005B4629465A1842F10002A7FB020525F041
:10CA8000030000EB9500121A981A4FF0CC3561F1B3
:10CA9000000E05FB00F507FB0E55A0FB07B0054493
:10CAA0000BF0010E0520AEFB000E80184FEA5B0B69
:10CAB000303004F8010C4BEAC57B0CF1010C013C51
:10CAC0006D08002ED0D098F800206245CCD1BCF182
:10CAD000FF0FC9D00A2B71F1000180F0B480CDF8AE
:10CAE0002880DDF804B0DDF8148026E7CDF8048056
:10CAF0003CAC05E5002840F09480059BA8EB0307BB
:10CB0000002F7FF799AE0020024601210DF14C0A5B
:10CB10004CE60A9B99F80020002B3FF4AAAA1B7848
:10CB2000002B3FF4A6AA4BF4806BFFF7A2BA1BF0D0
:10CB3000100F40F09B801BF0400F40F0BF801BF4B3
:10CB4000007F00F09380079B039A1B681A7036E5FC
:10CB50005A46AAE45A46DEE4049DA86D02F0B5F9EF
:10CB6000B5F90C20FFF74ABA734B09931BF020016B
:10CB70001DD0079B073323F007031846596850F868
:10CB8000083B07901BF0010F09D053EA010006D0C3
:10CB90008DF83D2030224BF0020B8DF83C202BF419
:10CBA000806B76E5654B09931BF02001E1D1079876
:10CBB00050F8043B07901BF01000E3D11BF0400439
:10CBC00063D09BB20146DDE710460DF14C0A86E5C5
:10CBD00010AA0499069800F0BFFA0022CDE91122AC
:10CBE00000287FF44BAB9DF83B200121002A7FF405
:10CBF0006BADE9E70499069810AA00F0ADFA00239E
:10CC0000CDE9113300283FF45FAEFFF737BB204674
:10CC10000795DAF775FA20EAE073B04605900193BC
:10CC20006EE40499069810AA00F096FA0023CDE964
:10CC3000113300287FF422AB059BA8EB0307002FDC
:10CC40007FF7FAAD5FE70C9B0B99E41A1A46204672
:10CC5000FEF7EAFE98F801300BB108F101084FF039
:10CC6000000C05E7A3467EE4934609E4079B039A7C
:10CC70001B681A60A3E44346062B28BF0623304CEA
:10CC8000059307950193FFF713BB1BF400711CBFBD
:10CC9000DBB2214676E712F400711CBFDBB22146FD
:10CCA00046E412F400713FF40DACDBB2214609E416
:10CCB00043F3C0110A465BB2FFF779BA079B039AA8
:10CCC0001B681A807BE43023FFF7E1BB886D02F01C
:10CCD00002F9FFF79EBACDF80480CDF814800795CD
:10CCE00080460DE4174FE64663E60499069810AABD
:10CCF00000F032FA0023CDE9113300283FF462AB93
:10CD0000FFF7BCBA0F4F511CD3E50F4D8C4638E5E9
:10CD1000049B5B6EDF0707D4049B9B899E0503D4AD
:10CD2000049B986D02F0D7F84FF0FF330393FFF7A1
:10CD3000AFBA00BFCDCCCCCC2454050010540500B4
:10CD400038540500A055050090550500079B99F83B
:10CD50000120894653F8041B079341EAE178FFF765
:10CD600088B900BFF0B51F468B89ADF26C4D23F03A
:10CD70000203ADF80C304B6E1993CB89ADF80E3031
:10CD8000CB6907934B6A09931AAB009304934FF452
:10CD90008063154606460293059316A800230C46A9
:10CDA000069302F086F82A463B4669463046FFF76E
:10CDB0000FF9051E07DB6946304600F013F900281D
:10CDC00018BF4FF0FF35BDF80C305B0603D5A389C3
:10CDD00043F04003A381169802F075F828460DF23F
:10CDE0006C4DF0BD49B1FF2A02D80A70012070478E
:10CDF0008A2303604FF0FF3070470846704700BF3A
:10CE000038B52F4B1B6805460C460BB19A6B02B325
:10CE1000B4F90C30180723D522695AB313F0010175
:10CE200007D0616900204942A060A1613AB10020A9
:10CE300038BD980758BF6169A160002AF7D119066B
:10CE400058BF1046F4D543F04003A3814FF0FF30A4
:10CE500038BD184600F0FAF8B4F90C301807DBD4E6
:10CE6000D90628D55A0712D4226943F00803A381B2
:10CE7000002AD3D103F42071B1F5007FCED0214632
:10CE8000284600F00DFBB4F90C302269C6E7216B8F
:10CE900051B104F14002914204D02846FEF7D2F885
:10CEA000B4F90C300022226322690021C4E9002178
:10CEB00023F02403D9E709222A6043F04003C4E7A2
:10CEC000840E0020B1F90C301A072DE9F0410C4610
:10CED00080463DD44A68002A56DDA56A002D34D02C
:10CEE0000022D8F80060C8F8002013F48052E169ED
:10CEF00057D101234046A847431C024661D0B4F9EC
:10CF00000C30A56AE1695F0705D56368D21A236B07
:10CF10000BB1E36BD21A00234046A847451C42D010
:10CF20000023636023692360A389D90400D52065A9
:10CF3000216BC8F8006041B104F14003994202D06E
:10CF40004046FEF77FF8002323630020BDE8F08110
:10CF50000E69002EF9D09B070D6808BF4B690E6063
:10CF600018BF0023AD1B8B600BE02B463246E169F6
:10CF7000676A4046B847B0F1000CA5EB0C05664463
:10CF800006DD002DF1DCE0E7CA6B002AA5DCDCE75A
:10CF9000B4F90C3043F04003A3814FF0FF30BDE8FB
:10CFA000F081226DAFE7D8F80020B4F90C309AB1C7
:10CFB0001D2A01D0162AEDD123690022C4E90032CE
:10CFC000B6E7D8F80030002B99D01D2B01D0162BD6
:10CFD000DED1C8F80060B8E7626022692260DA0436
:10CFE000A5D4A5E738B50C46054608B1836BA3B1B7
:10CFF000B4F90C00B8B1636EDB0701D4810515D517
:10D0000028462146FFF75EFF636EDA07054602D425
:10D01000A3899B050ED5284638BD00F017F8B4F952
:10D020000C000028E7D10546284638BDA06D01F068
:10D030004CFFE5E7A06D01F04EFF284638BD00BF6C
:10D04000014900F009BA00BFE5CF04002DE9F0471F
:10D050008246394801F039FFDAF83840002C66D1B1
:10D06000DAF80450354ACAF83C200323CAE953438E
:10D07000DFF8DC90DFF8DC80314F324E04230AF514
:10D08000AC72CAF854212146EB60C5E90044C5E9F9
:10D090000444AC606C660822AC6105F15C00FDF7ED
:10D0A00087FDC5E90759C5E90987EE6205F1580012
:10D0B00001F0FFFEDAF80850234BEB602146C5E98A
:10D0C0000044C5E90444AC606C66AC61082205F11B
:10D0D0005C00FDF76DFDC5E90759C5E90987EE62FA
:10D0E00005F1580001F0E5FEDAF80C50174BEB6043
:10D0F0002146C5E90044C5E90444AC606C66AC61F6
:10D10000082205F15C00FDF753FD05F15800C5E963
:10D110000759C5E90A76C5F8248001F0CAFE012343
:10D12000CAF838300448BDE8F04701F0D4BEBDE885
:10D13000F047014801F0CFBE6C11002041D004003F
:10D14000C9D50400EDD50400090001001200020059
:10D1500065D5040089D504009368002B00F0F880A1
:10D160002DE9F04FB1F90CC01CF0080F83B09046C8
:10D1700081460C4631D00B697BB31CF00207D8F80E
:10D18000006038D00027D4F824B0E169DFF8C4A2E9
:10D190003D4655452B463A4628BF53464846C5B1FD
:10D1A000D847002840F3CA80D8F808301B1A074433
:10D1B0002D1AC8F80830002B00F0B68055452B46D4
:10D1C000D4F824B0E16928BF53463A464846002DBA
:10D1D000E6D1D6E900750836DBE721464846FFF779
:10D1E0000FFE002840F0AF80B4F90CC0D8F8006002
:10D1F0001CF00207C6D11CF0010A63D12368A168A4
:10D20000574618468B46002F58D01CF4007F00F07C
:10D21000B580B9420A4600F2E1801CF4906F2FD02D
:10D22000216962695D1A02EB420202EBD2726B1C49
:10D2300052103B44934292BF93469B461A461CF4BD
:10D24000806F00F0EA8011464846FDF745F9002856
:10D2500000F0F9802A4621690090DAF781F9A28965
:10D26000009B22F4906242F08002A2815819ABEB3D
:10D270000505C4F814B02361A5602060BB463A469A
:10D2800051460092FDF714FCA1682368009AA1EBB7
:10D290000B011A443D46A16022600027D8F80830EF
:10D2A0005B1BAA44C8F80830002B3DD02368A16856
:10D2B000B4F90CC018468B46002FA6D1D6E900A7BA
:10D2C00008369EE73846BB463D460097002D41D0C4
:10D2D000002846D0009A2068A168D4E90473AA42C5
:10D2E00028BF2A46B84204D901EB030A524500F38D
:10D2F0008580934275DCE169676A5A464846B847BB
:10D30000B0F1000A1ADD009BB3EB0A0300930FD0C3
:10D310000120D8F80830A3EB0A03D344A5EB0A0593
:10D32000C8F80830002BD1D1002003B0BDE8F08F41
:10D3300021464846FFF756FE0028EAD0B4F90C30E3
:10D3400043F04003A3814FF0FF3003B0BDE8F08FFE
:10D3500000207047756833460836002DFAD0D3F8A0
:10D3600000B02A460A215846DAF7AAF8002867D002
:10D370000130A0EB0B0300931A46ACE722699A42F6
:10D3800014D36269BA4211D86FF00043BB4228BF80
:10D390003B46656A93FBF2F3E16902FB03F34846FF
:10D3A0005246A847051EC9DD7F1B77E7B94228BF53
:10D3B00039460D4618460A465146FDF779FBA168E5
:10D3C0002368491B2B44A16023600029ECD121462E
:10D3D0004846FFF707FE0028E6D0AFE7BB463A46CF
:10D3E0004EE759460192FDF763FB019AA3689B1A29
:10D3F000A360236813442360924684E7594652464B
:10D40000FDF756FB23685344236021464846FFF747
:10D41000E9FD00283FF477AF90E74846FEF736FC79
:10D42000034600287FF422AF21694846FDF70AFE33
:10D43000B4F90C300C2223F08003C9F800207FE7F8
:10D440006A1C009247E70C22B4F90C30C9F800209E
:10D4500076E700BF00FCFF7F2DE9F84307468846CA
:10D4600000F5A6764FF00009D6E90154013D11D42C
:10D47000A389012B05F1FF3508D9B4F90E3001332A
:10D48000214603D03846C04749EA00096B1C04F125
:10D490006804EDD13668002EE6D14846BDE8F88331
:10D4A000F0B5B1F90C300C46990797B007D504F1E7
:10D4B00043030122C4E90432236017B0F0BDB4F97C
:10D4C0000E10002905462EDB6A4600F0BBF8002846
:10D4D00027DB019E06F470464FF48067A6F50056E0
:10D4E000B6FA86F6394628467609FCF7F5FF38B3D2
:10D4F000A3891B4AEA6343F08003C4E90407A381BC
:10D500002060002ED9D0B4F90E10284600F0B0F8F3
:10D510000028D2D0A38923F0030343F00103A381A1
:10D52000CBE7B4F90C3013F0800F0CBF4FF48067D9
:10D530004027394628460026FCF7CEFF0028D7D1E1
:10D54000B4F90C309A05B8D423F0030304F1430274
:10D5500043F002030121C4E90421A3812260ACE766
:10D5600041D0040010B50C46B1F90E1000F0A8F837
:10D57000002803DB236D0344236510BDA38923F436
:10D580008053A38110BD00BF2DE9F0410C46B1F9D5
:10D590000C101F46CB05054616460BD421F48051CE
:10D5A000A1813B46B4F90E1032462846BDE8F04151
:10D5B00000F020B8B4F90E100223002200F06AF83F
:10D5C000B4F90C10EAE700BF10B50C46B1F90E1023
:10D5D00000F060F8B4F90C30421C0EBF23F4805305
:10D5E00043F480532065A38110BD00BFB1F90E1034
:10D5F00000F016B838B50C46084D84461146204652
:10D600001A4600232B60644601F040FC431C00D006
:10D6100038BD2B68002BFBD0236038BD744400203C
:10D6200038B5074D0022044608462A6001F032FC56
:10D63000431C00D038BD2B68002BFBD0236038BDC5
:10D640007444002070B50C46084D03460026204661
:10D6500011461C462E6001F027FC431C00D070BD13
:10D660002B68002BFBD0236070BD00BF74440020EA
:10D6700038B5074D0022044608462A6001F00FFC29
:10D68000431C00D038BD2B68002BFBD0236038BD75
:10D690007444002038B50C46084D84461146204697
:10D6A0001A4600232B60644601F0F7FB431C00D0B0
:10D6B00038BD2B68002BFBD0236038BD744400209C
:10D6C00038B50C46084D8446114620461A460023BC
:10D6D0002B60644601F0D6FB431C00D038BD2B689C
:10D6E000002BFBD0236038BD744400207047F0B499
:10D6F00003460A461979DB88006813430669876880
:10D700003468DA0748BF83F4402301258D4023F4B1
:10D710008012DB074CBF2C43AC4334603B68F0BC49
:10D72000184701F070BA014640F2E73008B54FF4EF
:10D730007A72002300EBC1304914DAF73FFCBDE8F0
:10D74000084006F050B937B50D460DF10701044603
:10D75000DFF7DEFC40B99DF807102046294303B0EF
:10D76000BDE83040DFF7B2BD03B030BD37B50D4680
:10D770000DF107010446DFF7CBFC48B99DF807100F
:10D78000204621EA050103B0BDE83040DFF79EBD29
:10D7900003B030BD37B5044607210D20DFF796FDF5
:10D7A00026232370224601AB01212046DFF74CFEE1
:10D7B00000284CD0BDF80430102B48D100210D209A
:10D7C000DFF784FD9323237020236370224601AB8F
:10D7D00002212046DFF738FE0546D0BB5024042145
:10D7E0000520ADF80440FFF7C1FF80210A20FFF7B4
:10D7F000AAFF21460920DFF769FD00210920DFF794
:10D8000065FD03210120DFF761FDFF240DF1020119
:10D810000520013CDFF77CFC14F0FF0403D09DF8E9
:10D8200002305B07F2D50DF106012220DFF770FC14
:10D830000DF107012120DFF76BFC01AA0DF10203B6
:10D8400004211046DFF700FE284603B030BD002556
:10D85000C4E7621EE11C002312F8010F8A4283EA2A
:10D860000003F9D12579EA1A55425541B6E700EB94
:10D87000C100408840087047F8B50346FFF7F7FF3E
:10D88000B0FA80F0C0F11F0003EB800CCA00DCF896
:10D890001060171D0C4606328DB256B9012101FAEF
:10D8A00000F0D9680143D960CCF81040DD539D5297
:10D8B000F8BDF1000431585AD85303EBC0009E5212
:10D8C000C5805D52F4E710B500EBC104E3889942CE
:10D8D00002F104010AD1012303FA02F2C36823EA28
:10D8E0000203C360002340F8213010BDA28840F835
:10D8F000213000EBC20100EBC300CB808280F4E753
:10D9000008B50346FFF7B3FFB0FA80F2C2F11F0279
:10D910001846BDE80840FFF7D6BF2DE9F843B1FA35
:10D9200081F5C5F11F0900EB89080346D8F81020DE
:10D930000E46C2B10327D8F8104018462146FFF71B
:10D9400096FFB04206D34A461846FFF7BCFF204672
:10D95000BDE8F88303EBC404013FE088C8F8100079
:10D9600001D08242E7D1C5F120024FF0FF3494404C
:10D97000DA681440EBD094FAA4F2B2FA82F2111DE4
:10D9800053F821402146DFE738B50346FFF76FFF24
:10D990000D46044611461846FFF769FF03EBC5051F
:10D9A0000444600068801846FFF761FF014423F8D3
:10D9B000314038BD38B50346FFF759FF0C46A51A6C
:10D9C000511A03EBC40405444800608003EBC20015
:10D9D0006C00448023F8321018461146FFF747FFC9
:10D9E000014423F8315038BD38B50546FFF73FFFF5
:10D9F0000C46014405EBC1035B88DA070AD42846CC
:10DA0000FFF77EFF21462846FFF731FF2218284600
:10DA1000FFF7BAFF35F83410611A05EBC1035B88D4
:10DA2000DB070CD42846FFF76BFF35F8341022468D
:10DA3000611A2846FFF7A8FF35F83430E41A21466A
:10DA40002846BDE83840FFF717BF61B100680439C8
:10DA5000091A21F007030344C9085A8822F0010279
:10DA60005A80FFF7C1BF704770B5056809B900203B
:10DA700070BD01F007030B33CC0804EBD304AB6893
:10DA80009C4228BF1C4621462846FFF746FF064613
:10DA90000028ECD001462846FFF7E9FEA04207D94E
:10DAA00032192846FFF786FF11462846FFF7E4FEA5
:10DAB00005EBC6021046538843F00103538004303F
:10DAC000D6E71146FFF7D0BF2DE9F84301F1FF3942
:10DAD00019EA010906680F4614460CD04B420B4068
:10DAE000042B1A464F4628BF0422994664B90025E4
:10DAF0002846BDE8F883042904D8BDE8F843114658
:10DB0000FFF7B2BF0422F1E7BA1A04F0070302F0EC
:10DB100007010B330B44E10801EBD20101EBD30108
:10DB2000B368994228BF19463046FFF7F6FE804693
:10DB30000028DCD009F1040505EBC0057B1E354447
:10DB40001D44B5FBF7F57D43A5EB09052C442B1FC0
:10DB500007349B1B24F00704A41BB0EBD30F4FEA40
:10DB6000D3074FEAE40408D201463A463046FFF7AD
:10DB700021FF41463046FFF77FFE39463046FFF72A
:10DB800076FE3844844207D230462246FFF712FF21
:10DB900021463046FFF770FE06EBC706738843F058
:10DBA00001037380A4E7043A2DE9F041CC1D114430
:10DBB00024F0070421F007010E1BF708B7FA87F2DB
:10DBC000C2F12405AD004FF000080735C2F1200274
:10DBD000ED0804604146A760C4F80C80920004F18F
:10DBE0001000FCF7E5FF6B0043F00103638004EBDA
:10DBF000C5027B1B5900A4F800805180A21924F8AB
:10DC00003550A2F80280A35304EBC70329465A8873
:10DC100042F001025A802046BDE8F041FFF72CBED9
:10DC20002DE9F04706460D46174698462BB398F85F
:10DC3000004093F80190DB78A40004EB430498F8CB
:10DC400002301C4444444FF0000ACA4509D3D8F8B6
:10DC5000042008F1080339463046AC46BDE8F047D9
:10DC6000604714F8013B48F823402046D9F748FAAA
:10DC7000013004440AF1010AE7E76FF01500BDE83E
:10DC8000F08770B5002502462846144614F8013B7B
:10DC90000BB9184609E098B18D4207D1702B04D01A
:10DCA000A3F140023A2A0BD8002070BDA3F1400630
:10DCB0003A2E05D853780135941C002BE9D000206A
:10DCC000252B08BF80F001002246DEE700207047C8
:10DCD00030B50C688B6814B14A689A4202DC013393
:10DCE0008B6030BD013A9A4214BF05460025E554C9
:10DCF0008B68F4E700F004BF0FB407B504A951F82E
:10DD0000040B019100F0FCFE03B05DF804EB04B0DD
:10DD100070470CB407B504AB53F8042B0193E0F73C
:10DD2000F1F903B05DF804EB02B07047044608B5A2
:10DD3000084611461A46A047FCF702F8E1F78AFFA9
:10DD4000D0E9002130B54FF03333A2FB0324D518BE
:10DD500043EB0405A1FB0313521844EB03045219CF
:10DD600044F10002891843F10003C0E9001330BDFB
:10DD700010B50A68002A03460FDD013A0A601A68E6
:10DD800044680A20A2FB001200FB0422100F22F0BC
:10DD90007042C3E90012303010BD3020FCE72DE99D
:10DDA000F0410746884615461E461446B44205D340
:10DDB0000EB1601B08E02378002BFAD014F8010B99
:10DDC0004146B8470028F1DABDE8F0810FB407B545
:10DDD00004A951F8040B0191FFF78CFF03B05DF823
:10DDE00004EB04B0704710B50369024613F0080055
:10DDF00009D11368D4689C4297BF126AE31AD31AF8
:10DE000001200B6010BD00231846FAE713B501A9E5
:10DE10000446FFF7E8FF20B1019BE268013B134491
:10DE20000193206A019BC01A013802B010BD10B5E1
:10DE3000044650182269236AD20702D5013B1840D4
:10DE400010BD984228BFC01AFAE710B504460A462A
:10DE5000C168FFF7ECFF2369E06023F0080323614A
:10DE600010BD38B50D46C2698B00016843F002034E
:10DE700042F82130044601682A46FFF7D8FFE368DC
:10DE800061682060984202BF236943F00803236160
:10DE90002A462046FFF7CBFF606038BD2DE9F74FDB
:10DEA000C768C6699B4606EB8703009316F82730C0
:10DEB00003F00303022B0446884691464FF000030B
:10DEC0000BD01360CBF8003023699B0713D44FF0BD
:10DED000000A504603B0BDE8F08F56F827101360D3
:10DEE0008908CBF80030EFD0FFF7AFFFE368A360FD
:10DEF0004FF0010AEDE7A3690098984716F827202C
:10DF000012F0010A0546E2D012F002021FD0B8F169
:10DF1000000F03D041462046FFF7A3FF61682A4661
:10DF20002046FFF784FFD4E902219142606006D1C8
:10DF30002A462046FFF77BFF4FF0000AA060A26848
:10DF40002260E260226942F008022261C1E70146D4
:10DF500020460192FFF779FFE368A360B8F1000F54
:10DF600004D02168E369019A43F8212005EB0802F7
:10DF7000CBF8002021682046FFF759FF2369206075
:10DF800043F00803236116F827306FF3000306F807
:10DF90002730009BC9F80030AAE770B50446154643
:10DFA000FFF745FF2368834205D12369216023F0F1
:10DFB0000803236170BDE269AB0043F0020342F83D
:10DFC0002130204661682A46FFF731FF6060F1E7A3
:10DFD00038B503695B07044606D5456AFFF716FFA7
:10DFE00085422CBF6562606238BD38B50D46044677
:10DFF0001C220021FCF7DCFDEB68A361AB686361C8
:10E000002B68E3616B682362002262622A6923B194
:10E01000591E194208BF42F001022261012204F197
:10E0200028000021BDE8384005F030BB2DE9F04F55
:10E0300087B000250093036A03958B4204460E4681
:10E0400092460595A94639D3EFF3118B202383F32C
:10E050001288BFF36F8F059AD8462AB12946204609
:10E06000FFF79BFF0023059304A92046FFF7BBFEA3
:10E070000499B14207462AD32268E36913F82210B3
:10E0800021F0030103F8221003EB820921683246D4
:10E090002046FFF7CCFEE3682060984212D00027AC
:10E0A00088F31188BFF36F8F039929B162690AB1B0
:10E0B0002046904700230393002FC5D1484607B060
:10E0C000BDE8F08F236943F008032361E7E718B147
:10E0D0002046FFF7C6FEE3E7009B5AEA03021CD086
:10E0E000019105F0C2FB0199B8B9BBF1000F14D141
:10E0F00087F31188BFF36F8F009B524604F128000D
:10E10000FBF7B4F8EFF31188202383F31288BFF3F1
:10E110006F8FB0FA80F77F09C2E705AB03AA2046EC
:10E120002568FFF7BBFE0746BAE770B5044683696A
:10E1300008460D4698470246EFF31186202383F3E5
:10E140001288BFF36F8F2B7843F001032B70616847
:10E150002046FFF76CFE60602046FFF739FF86F32C
:10E160001188BFF36F8F70BD2DE9F0410446202761
:10E17000EFF3118687F31288BFF36F8F236913F0D3
:10E18000080FA36802D16268934200D9226AE1694C
:10E19000D21A32B986F31188BFF36F8F4FF000089F
:10E1A00033E011F8232012F0030001EB8308F1D0D3
:10E1B000022803D151F82350AD0805D1D00712D45D
:10E1C000A369404698470546A1682A462046FFF7BE
:10E1D0002EFE2946A0602046FFF737FE86F3118801
:10E1E000BFF36F8FC4E742F0020201F823204046DC
:10E1F000A369A5689847294602462046FFF717FEFF
:10E20000A06086F31188BFF36F8F4046BDE8F081B0
:10E21000F8B50446836908460D4698470646EFF36D
:10E220001187202383F31288BFF36F8F2B786FF34E
:10E2300000032B7023699B0705D5E268E36903EBB4
:10E2400082039D421AD12B786FF341032B70D4E9DE
:10E250000231994204D132462046FFF7E8FDA06022
:10E2600031462046FFF7F1FD87F31188BFF36F8F2A
:10E2700004F12800BDE8F840FAF7BEBF2B6860F350
:10E280009F032B60F0E7EFF31181202383F31288C3
:10E29000BFF36F8F036913F0080F836802D14268E0
:10E2A000934200D9026AD31A81F31188BFF36F8FAA
:10E2B000181E18BF01207047036800220BB91846CA
:10E2C00070478B4210D10B6842B94268036091429B
:10E2D00000D1436000230B60012070471360436846
:10E2E000994208BF4260F5E71A461B68E6E7038BD0
:10E2F00013F0070305D10368002B0CBF0020032097
:10E300007047022B05D1408BB0FA80F040098000A5
:10E310007047012B05D10368002B0CBF002005209E
:10E3200070470020704710B50C4600B111B96FF06E
:10E33000150010BD081D00F0D3F80028F9D1A3681E
:10E34000032BF6D9F3E72DE9F0410D4607461946B0
:10E35000281D90461E4600F0D7F8044638B13346D3
:10E36000424629463846A446BDE8F0416047BDE82C
:10E37000F08110B4EFF31182202484F31288BFF3EC
:10E380006F8F41615DF8044B0121DFF735BF38B570
:10E390000C46054658B151B10B6843B14B6833B1D7
:10E3A0001C220021FCF704FC2C61002038BD6FF01A
:10E3B0001500FBE770B505460E46FFF7B4FF041ED7
:10E3C00014DBEFF31182202383F31288BFF36F8FE6
:10E3D0006B8B2C8B4FF6FF718B4204F0070407D137
:10E3E00082F31188BFF36F8F6FF00A04204670BD6F
:10E3F000022C0CD101336B8382F31188BFF36F8F32
:10E400000023224631462846FFF79DFFEEE7062C03
:10E4100014D8DFE804F004131313041A04000023D3
:10E4200033606B683BB9C5E90066ACB90221284688
:10E43000DFF7E2FEDAE71E606E60F6E782F311882E
:10E44000BFF36F8F6FF00404D0E782F31188BFF33E
:10E450006F8F6FF08504C9E782F31188BFF36F8F68
:10E46000C4E710B5EFF31182202383F31288BFF3C2
:10E470006F8F048B04F00704022C0AD0012C0CBF10
:10E480006FF004006FF0850082F31188BFF36F8F87
:10E4900008E0438B013B9BB2438323B92146DFF75E
:10E4A000ABFE204610BD2046EEE738B5A8B1A1B1BD
:10E4B000EFF31185202282F31288BFF36F8F048B54
:10E4C000FFF7FAFE30B104F0070085F31188BFF3BF
:10E4D0006F8F38BD6FF07700F7E76FF01500F8E742
:10E4E000034640B1426802F00302022A06D0032A22
:10E4F00004D0012A05D06FF0150070471A68002A71
:10E50000F9D000209860704710B54268816002F031
:10E510000302022A03464FF0000407D0032A02D068
:10E520005C60002001E018685C6010BD18685C60E9
:10E530000028F6D0FBF72CFFF3E770B50C880646F1
:10E540008888241A3069A4B2844285B224BF641B2F
:10E55000A4B22D1BA8B2984228BF184633682344A2
:10E5600013600B8803440B8070BD70B48389858869
:10E570000669ED1AADB2731B934228BF134670BCF7
:10E580000A46011DFFF7D9BF70B40E460146C58883
:10E5900031F80A3FEC1AA3B2934228BF1346324621
:10E5A00070BCFFF7CABF10B54B880C88E41AA4B240
:10E5B00094420ED31A4492B28B884A800A80006932
:10E5C000D21A92B2824201D2002010BD03448B8045
:10E5D000FAE76FF01500F8E72DE9F34106460F461C
:10E5E00015464FF000082A4601A93046FFF7BDFF47
:10E5F000044640B1024639460198D8F7B1FF2D1BB9
:10E60000A0442744EFD14246311D3046FFF7CBFFEF
:10E61000404602B0BDE8F0812DE9F34107460E46C1
:10E6200015464FF000082A4601A93846FFF7ACFF0F
:10E63000044648B12EB1024601993046D8F790FF02
:10E6400026442D1BA044EED1424607F10A0138466C
:10E65000FFF7A9FF404602B0BDE8F081704770B4F3
:10E66000C6680468806A0D0C06FB054414FA81F143
:10E6700084682468A44670BC60472DE9F0431C46BA
:10E68000C36A1D686D4289B006468846174605F084
:10E6900020051CB9204609B0BDE8F083AC42A14674
:10E6A00028BFA9464B466A4641463046FFF7D7FF8A
:10E6B0000028F0D16B46484502D1241A8044E8E78F
:10E6C00013F8012BBA4201D10130F4E70120E2E74F
:10E6D0000B6803F580330B60008A1A0CB0EB134F04
:10E6E00004BFA3EB02430B60704700F08CBA38B54F
:10E6F000C26803680D0C090C04462D04806A02FBF5
:10E70000013100F058FB50B9E26AE36852792946BA
:10E710002046FFF7B2FF002818BF6FF0050038BD94
:10E7200010B5014604460722FF20F4F7A9FEE07168
:10E7300010BD0368012B81BFC91801F1FF315B4295
:10E740001940084670472DE9F0410C46054608215E
:10E75000C06AFFF7EEFF072207462146FF206688C2
:10E76000B4F80480F4F78CFEE379834208D1E868BA
:10E770004644C01BB04294BF00200120BDE8F08198
:10E780000020FBE738B505460C46FFF7DCFFA0B1DB
:10E79000A08898B922884FF6FF739A420DD1E86A93
:10E7A0000821FFF7C6FF6288EB689B1AB3FBF0F203
:10E7B00002FB1030B0FA80F0400938BD0020FCE7C1
:10E7C000F7B504460D46C06A0821FFF7B2FF296875
:10E7D000074608232046FFF742FF0646002836D1A9
:10E7E0002B683B442B60E26899B2D21B91422ED138
:10E7F0001A0C03BF228A02F1FF3203EB0241A3F598
:10E800008031296008236A462046FFF728FFE8B9CF
:10E81000E36A5A796B4613F8011B8A420CD1013026
:10E820000828F8D1636805E02B68BDF802201B0CAE
:10E830001B0413442B600AE069462046FFF7A2FF41
:10E840000028F1D129462046DFF7E4FD0646304690
:10E8500003B0F0BD2DE9F043074689B090461C4651
:10E860001BB9002009B0BDE8F083FD683B68080CC7
:10E8700005FB003313FA81F6FB6A1D686D422540E3
:10E880000CD0B86A83683146D3F804902B46C84749
:10E890000028E7D1641BE4D02E44A8442246414618
:10E8A0006846D8F75DFEFD6A2A686979121B0DEB90
:10E8B0000400FCF77DF9B86A2B6882683146546819
:10E8C0006A46A047CEE710B50A46082341680446C9
:10E8D000FFF7C0FF08210246E06AFFF72AFF6368DE
:10E8E0001B1A6360104610BD13B54FF6FF7300226C
:10E8F0000446ADF800308DF806308368ADF804208A
:10E900006846ADF80230FFF70BFF69462046FFF777
:10E91000DAFF02B010BD2DE9F04F044695B0C06A91
:10E920000821FFF706FF63681B0C1B04054603A9BB
:10E9300020460393FFF7CCFEDDF80CB0E6685E449A
:10E94000761B06AA0823314620460496FFF787FE69
:10E95000021EC0F2A980E36A06AA5979002312F8C0
:10E96000010B814240F08F800133082BF7D1A3685F
:10E9700062682B449A427ED259462046FFF7B7FE82
:10E98000024691E0BDF81A30360C36041E44049657
:10E9900008AA04A92046DDF810A0FFF711FF0246DF
:10E9A000002840F0818008A92046FFF7CCFE18B966
:10E9B000019B9A45ECD1DAE7636805930AAA05A999
:10E9C0002046059EFFF7FCFE024600286CD1BDF8EC
:10E9D0002820BDF820309A4227D06268059B9A42D1
:10E9E000ECD15645E4D1BDF82430002BE0D0BDF881
:10E9F00022704FEA1A431B041F4408A8A368ADF80D
:10EA00002230FFF78DFEE36ABDF824901E6876423F
:10EA100006F02006B9F1000F0ED108A92046FFF735
:10EA200052FF02460028C3D03EE00AA92046FFF765
:10EA30008AFE0028D1D0D4E74E45B04628BFC8464C
:10EA40000CAA434639462046FFF709FE024658BB4A
:10EA50004346A1680CAA2046FFF7FCFE4146024649
:10EA6000E06AFFF766FEA3680344A360E2B9A9EB7E
:10EA700008094744CEE72046FFF736FF0246002844
:10EA80003FF47AAF10E0731B06A920460193FFF70D
:10EA900079FE00287FF476AF04A92046DFF7BAFCA0
:10EAA000024600283FF474AF104615B0BDE8F08F61
:10EAB00013B500240094DFF797FF02B010BD037870
:10EAC0005B075FBF03684288C3F34A2303EB12105E
:10EAD0005DBF173020F0070080080020704700203D
:10EAE000704704F08CBA0346BFF35B8F53E8000F06
:10EAF000421C43E800210029F8D1BFF35B8F704727
:10EB00001FB50023CDE90201CDE900331A461946AD
:10EB10001846E0F7F5FA05B05DF804FB0120E0F7D0
:10EB2000A1B8002070474368DA71436819604368F0
:10EB300001225A71E0F788B870B515460C4669B1E4
:10EB4000D2E901369B1B99420AD813680A4601464E
:10EB50009819D8F705FDAB682344AB60204670BD1B
:10EB60006FF01B00FBE770B50E46154619460446CC
:10EB700018B9BDE87040E0F775B833B1C2F34A2365
:10EB80001030120D1844D8F7EBFCC4E900562046AB
:10EB9000BDE87040E0F710BA2DE9F3415F1C4FEA81
:10EBA0008708064608F1170020F0070080080C4689
:10EBB0001546E0F7D9F80023ADF805308DF8073099
:10EBC0008DF8047068B10346019A43F8102FA8F13C
:10EBD00004012A46294452F8045B43F8045F8A4240
:10EBE000F9D1A20102F4E07242EA482222F07F4207
:10EBF00022F47002002322F03F02314602B0BDE849
:10EC0000F041FFF7B0BF07B50123019201AAFFF75A
:10EC1000C3FF03B05DF804FB07B5CDE90023022371
:10EC20006A46FFF7B9FF03B05DF804FB1FB5CDE9F5
:10EC30000123069B039301AA0323FFF7ADFF05B051
:10EC40005DF804FBF8B506460D4614461F4604B9A8
:10EC5000F8BD214628463A46B047241A0544F6E74F
:10EC600010B5426881680446D2E900230068FFF7C6
:10EC7000E9FF636800221A6010BD13B500240094F8
:10EC8000D9F706FB02B010BD38B54B681A68CB68DF
:10EC90009A4205460C4602D10846FFF7E1FF636839
:10ECA000BFF35B8F53E8002F511C43E8001000288E
:10ECB000F8D1BFF35B8FA3689D54002038BD0A28AC
:10ECC00038B504460D4602D10D20FFF7DDFF294679
:10ECD0002046FFF7D9FF002038BD2DE9F043054657
:10ECE00087B008460E8891F80090D1F808800C464D
:10ECF0001746E0F755FA011EC6F38216C9F3C2099A
:10ED00001EDB4846E0F76AF903462146608851F861
:10ED1000102B0196C2F34A22002A01EB0204C0F331
:10ED20000B1008BF00210022CDE90407CDE9021431
:10ED3000009241462846E0F75FFA07B0BDE8F0834D
:10ED40000023E2E743681B685B6800209961704715
:10ED500043681B681A685268536070472DE9F04198
:10ED600043681B685A68012111771D68D5E901368F
:10ED7000D3E900482F681CB96B681C60BDE8F081BE
:10ED8000214630464246B847241A0644F3E7436812
:10ED90001B681868E0F79EBB70B543681D686B6818
:10EDA00098690C46DFF73AFF214603460F22286890
:10EDB000BDE8704018472DE9F0418768FB680446BC
:10EDC0000D4616469847BB682BB132462946204669
:10EDD000BDE8F04118476FF05700BDE8F081FBF740
:10EDE000E7BED8F7BDBB01460068E0F73BBC08B5FD
:10EDF000E0F7C8FCBDE80840E0F7C8BC0A460121BE
:10EE0000FFF701BF00210120E0F72CBCE1F770B84B
:10EE100061B662B680F31188BFF36F8F704772B628
:10EE2000002383F31188BFF36F8FBFF34F8F30BF81
:10EE300062B6BFF36F8F704772B6002383F31188F9
:10EE4000BFF36F8FBFF34F8F20BF80F31188BFF3E5
:10EE50006F8F62B67047202809D9B0F1004F08D8EB
:10EE60000138B0FA80F0C0F11F0040007047082060
:10EE700070473E207047002070474FF0FF307047CA
:10EE80000020704708461146E1F720BA08461146AF
:10EE9000E1F730BA4FF0FF3070470020704702288A
:10EEA000CCBF0020012070474FF400534B6000207E
:10EEB000704710B504461420FBF7FEFA2060BDE849
:10EEC000104004F0FABAFBF7FFBA4FF0FF324FF0F0
:10EED000FF33FAF797B8FAF70DB9F9F7BFBD7047E6
:10EEE000002303824369C3607047416A8968E1F780
:10EEF00081BAEFF31182202383F31288BFF36F8F5F
:10EF000000230B60436833B9C0E9001182F3118814
:10EF1000BFF36F8F704719604160F7E710B5034684
:10EF2000EFF31181202282F31288BFF36F8F006804
:10EF300028B15C6802681A60A04208BF5A6081F379
:10EF40001188BFF36F8F10BD027A013202727047D1
:10EF5000034618465B68002BFBD17047426810B52A
:10EF60002AB10B461C465B68002BFBD162604160F6
:10EF700010BD10B5044620B90B7A01330B72084658
:10EF800010BD034618465B68002BFBD1FFF7E6FF78
:10EF90002046F5E710B508B14B6843604C68002384
:10EFA00008464B60E1F7A4FA204610BD92B281609A
:10EFB0000160C2808280704783680B4403607047A1
:10EFC00003680B6043684B6083688B60704783887D
:10EFD000026819448180D018704730B4848805686D
:10EFE000A3188380281930BCD8F7BABA10B5838823
:10EFF00002685C1C8480D154D01810BD83880268DC
:10F0000030B5D4189D1C8580D154090A617030BD7B
:10F0100083885B1A9BB2838000681844704703465C
:10F0200000689A88401A11441860998070470268F5
:10F03000531E036083880133838002F8011C7047EC
:10F040008288521A0346828000680844186070471C
:10F05000034600689A88521A01449A8019607047E2
:10F0600010B503681C780121FFF7EAFF204610BDA8
:10F0700010B503681C880221FFF7E2FF204610BD8F
:10F0800002688068101A70478388C2888168D21A23
:10F0900003685B1AD01A70474FF0FF324FF0FF330E
:10F0A0000430F9F7AFBFFAF725B890F86800C0F35D
:10F0B00041107047F8B504461E460D461746FFF747
:10F0C000EBFF94F868309B0715D425B1012D10D0C3
:10F0D0006FF0150508E0E16E0029F9D09DF81830B1
:10F0E0000F714E718B710025201DFFF7DCFF284644
:10F0F000F8BD216FF0E76FF07705F5E790F868004D
:10F10000C0F38000704738B50446FAF725FD204665
:10F11000FFF7C2FFA06940B96FF01205201DFFF78D
:10F12000C2FFFAF72DFD284638BD94F86830DB079A
:10F1300016D404F0CFF80028EED02046E1F7BCFF4B
:10F1400005460028EAD10146282204F12000FBF7F9
:10F150002FFD94F8683043F0010384F86830DDE750
:10F160006FF07705DAE738B50546FAF7F5FC28467B
:10F17000FFF792FF95F86830DA071CD59B071DD47E
:10F18000A86903F07BF8044638B9284600F0A2F9D4
:10F19000044648B1A86903F09EF8281DFFF783FFD5
:10F1A000FAF7EEFC204638BD95F8683043F00203CC
:10F1B00085F86830F1E74FF0FF34EEE76FF0770441
:10F1C000EBE70246034652F8600F904201D100205F
:10F1D00070470028FCD0027A8A42F9D05A6E8242E7
:10F1E000F5D000680028F6D1704738B504460D46C2
:10F1F000FFF752FF94F86830DB0718D42B690BB97E
:10F20000EB68BBB1236E1BB904F16003C4E918338A
:10F210002B6893B9626E04F16001C5E900121560B4
:10F2200065661D46201DFFF73EFF284638BD4FF09E
:10F23000FF35F7E76FF01505F4E76FF07705F1E7B5
:10F2400010B50446034654F8480FA0420DD10020E3
:10F250000DE0447D8C4204D1032909D1047A944203
:10F2600005D0DC6CA042F2D000680028F1D110BDBE
:10F270000F29F5E72DE9F04105460C46061D4FF034
:10F28000FF324FF0FF333046F9F7BCFEEF6E002F30
:10F290006DD095F86830DB0769D4AB6C1BB905F10C
:10F2A0004803C5E912332368002B63D1637D0F2B1C
:10F2B00009D1237A012B0CD0EB6C05F14802C4E98B
:10F2C00000231C60EC64637D032B0FD04FF000081B
:10F2D00006E0E1682846FFF788FF80460028EBD06B
:10F2E0003046F9F707FF4046BDE8F081AA6C05F10A
:10F2F000480090421ED1002329E091F815C0BCF1CE
:10F30000030F10D0013323724B68C4E900131C6053
:10F310004C60637A022B24D0032B25D0012BD5D14E
:10F32000237ABB73D2E791F808C00CF1FF3C634528
:10F33000E8D11268002ADED0537DE96C032B0DD191
:10F340008A42137A02D011680029D6D10133237280
:10F35000EB6CC4E900031C60EC64DAE78A42E8D194
:10F36000C9E7237AFB73B1E7237A3B74AEE74FF02A
:10F37000FF38B5E76FF07708B2E70346006800B1E1
:10F38000187A70470346C08808B11878C0097047DA
:10F3900070B50C46154600F02BFB40B14068836801
:10F3A0001B6823B12A462146BDE87040184770BD4E
:10F3B000F8B503698668BFF35B8FD3F8A030BFF35D
:10F3C0005B8F9B0704460D4617460ED5B36A7BB18B
:10F3D000F36B9847B36A29463A4620469847336C00
:10F3E0000546204698472846F8BD4FF0FF35FAE716
:10F3F0006FF08505F7E770B503698668BFF35B8F2B
:10F40000D3F8A030BFF35B8F9B0704460D460BD5A6
:10F41000F36B9847736A294620469847336C054634
:10F4200020469847284670BD4FF0FF35FAE72DE992
:10F43000F04190F8203003F01F03012B04460F46E3
:10F4400000F120061BD0022B05D0FBB990F821104B
:10F4500000F0F1FA03E0818CC9B200F0C9FA054668
:10F46000A0B13046FFF78EFF0246686883685AB93C
:10F470009B6893B13A463146BDE8F0411847818C0C
:10F48000C9B200F09CFAEAE7DB68F2E794F82110D1
:10F490002046FFF796FE024628B9FFF71EFD6FF0E3
:10F4A0008503036010E03046FFF76CFF78B9D2F8AF
:10F4B0001080B8F1000FF0D0FFF70FFD3A46054677
:10F4C00031462046C04728600020BDE8F081D2F8D0
:10F4D0000C80EEE70346002083F82C00986270470A
:10F4E00038B590F82C30022B0D4604D100F07AF993
:10F4F00008B1C46804B938BD2B78032B07D0052B9D
:10F500000CD0022B08D1606883689B6902E06068B8
:10F5100083685B6903B198472468EBE76068836898
:10F52000DB69F7E70B0644BF21F080011031C840CA
:10F5300000F0010070472DE9F8434FF0010805463F
:10F540000C4646462068002839D068F07F02D2B2C7
:10F5500011465FFA88F7FFF7E5FFB0B1D5F80090E4
:10F5600011464846FFF7DEFF18B96FF01500BDE8F9
:10F57000F88322F08002103206FA02F229EA02032E
:10F580002B60236823EA0203236020683946FFF7D3
:10F59000C9FF78B12A6839461046FFF7C3FF002833
:10F5A000E3D006FA08F122EA01022A60236823EA7E
:10F5B0000103236008F10108B8F1100FC2D1002047
:10F5C000D5E72DE9F04F8369C26E1B6993F880304F
:10F5D000C3F34113022B8DB081460ED0032B0ED006
:10F5E000012B0CBF10230823D371D9F850800026BB
:10F5F000B8F1000F05D14246ACE02023F4E74023E8
:10F60000F2E7D8F80430D8F80C4003930A96049631
:10F610007CB9049B039A09339BB293701B0AD37085
:10F620001671D8F80C40002C40F0B080D8F800805B
:10F63000DDE7606800230B9383681B6B002B00F0F1
:10F64000A38000219847002800F09E800023C4E991
:10F650000333031F02933546029A52F8043F029285
:10F660000BB11A7822B9B54278D86FF0150271E063
:10F670005A780B2A08BF9D70029B1B685A78042A8F
:10F6800010D1E2680B990A43E260DA78002A55D17A
:10F690009D7023690122AA40134301352361EDB215
:10F6A00000230B93029B1F687B78052BD4D1D9F8DC
:10F6B000183007936FF012024FF0010B79793B7904
:10F6C00043EA0123ADF8263097F902305FFA8BFA4E
:10F6D000002B0A9B0593B8BF4AF0800A5146184692
:10F6E000FFF720FF88BB0B9B069351461846FFF798
:10F6F00019FF50BBBB79FA780798009351460DF17A
:10F70000260302F087FC0246F8B91AF0800F18BFF2
:10F710002AF080014FF001031CBF10318B40059887
:10F720000699BDF8262087F802A008BF03FA0AF35D
:10F7300019431843CDE90A01BA808DE76A1E9A7011
:10F740000BA90AA8FFF7F7FEAAE70BF1010BBBF123
:10F75000100FB3D110460DB0BDE8F08FE3680B9ADF
:10F760001343E360606883689B6ADBB19847024695
:10F770000028EFD10146606800F001F9049B24687D
:10F78000034404932E4643E73546EBE7E368A36062
:10F7900004F10C010AA8FFF7CEFE02460028D9D1D9
:10F7A000246840E76FF08502D4E74FF0FF324FF056
:10F7B000FF330430F9F726BCF9F79CBC21B10129CD
:10F7C0000DD000231B68FFDE5030006848B143684D
:10F7D0005B79934205D000680028F8D17047583013
:10F7E000F3E7704710B590F82C30022B044609D18E
:10F7F000FFF75BFC94F8342001462046BDE810403A
:10F80000FFF7DCBF002010BD08B5FFF7D7FF0038B9
:10F8100018BF012008BD2DE9F04104460E46FFF750
:10F8200044FC94F834308046CBB9002E3BD03246AD
:10F8300041462046FFF7C2FF0746A8B102462046D0
:10F8400000F0D3F9054688B984F83460FC6864B3E5
:10F85000606883681B6A03B198472468F7E720460D
:10F86000FFF7C0FF074620B96FF03C052846BDE80A
:10F87000F0810146204600F08EF910220546002155
:10F8800004F13600FBF794F9002384F83430FF6864
:10F8900017B9002DC9D0E9E7786883685B6A03B1BE
:10F8A00098473F68F4E784F834600025DEE7F8B550
:10F8B00004460E4657681546FFF777FF94F8683000
:10F8C000D9074FD4012E08D0FB799A060CD5A3692D
:10F8D0001B69D3F880309B0706D46FF08506201D86
:10F8E000FFF76AFF3046F8BD002EF6D1A36D53B97D
:10F8F000226D62B9E36E6A685B7C0133DBB25371DF
:10F90000E26E53740EE09D422FD01B68EFE79542E4
:10F9100022D12A68D3B9636D22659D4200D1626508
:10F9200000232B60A96849B12046FFF7A3FC0646D7
:10F930000028D4D1A868FFF720FDB87100232B6000
:10F94000636D63B9C4E914550026C8E71A60626D97
:10F95000954208BF6365E3E713461268C9E71D6077
:10F960006565F1E76FF00F06B9E76FF01506B6E7CA
:10F970004FF0FF324FF0FF330430F9F743BB08B5C7
:10F9800083681B6B0BB198470346002023B153F8E3
:10F99000042B0AB1127802B908BD1044F6E710B57D
:10F9A0001C46FFF70BFF48B10122C06802FA04F3BE
:10F9B00020B10269134201D10068F9E710BD10B50A
:10F9C0000C46FFF70FFF48B10123C06803FA04F1AA
:10F9D00020B10369194201D10068F9E710BDD1F8DF
:10F9E0001A0083681B6903B118476FF085007047E0
:10F9F00070B501F07F0311F0800F18BF103301259F
:10FA00009D4090F82C30022B044601D0002070BDA0
:10FA100090F83460FFF749FB324601462046FFF775
:10FA2000CDFE0028F2D0C0680028EFD083681D42C8
:10FA3000EDD10068F8E738B50C46FFF7D3FE80B18A
:10FA4000C06870B14368DA681AB11179002399422D
:10FA500001DC0068F5E71568ED5CA54201D00133D3
:10FA6000F5E738BD2DE9F04105461E460846002A57
:10FA700042D1E1F739FB044600283DD02846FFF784
:10FA800077FF95F86830DA0707D56FF00F04281D67
:10FA9000F9F730FB2046BDE8F0816768BFF35B8F64
:10FAA0006369BFF35B8FDB0704F11408EDD47B6857
:10FAB0000BB1AB42E9D1324600212846FFF77EFE6A
:10FAC000B8B100232360036983B9C0E90344BFF3DD
:10FAD0005B8F58E8003F43F0010348E80032002AFA
:10FAE000F7D1BFF35B8F00247D60D0E71C60046119
:10FAF000EDE76FF03C04CAE76FF01204CAE72DE9A6
:10FB0000F8434C689DF820900D46984606461746E7
:10FB1000FFF7CBFAA3681B6B01461BB96FF015000A
:10FB2000BDE8F883204698470028F7D0041F0C351D
:10FB3000002054F8043F0BB11A782AB900280CBFF2
:10FB40006FF03C000020EBE75A78042A0BD100BB91
:10FB50009A784245EDD1DA784A45EAD11B79002BF3
:10FB6000DED00120E5E7052AE3D10028E1D0012F0E
:10FB7000997806D0022FF4D1B0692A4600F0C4F873
:10FB800004E0B0692A46194600F0A2F80028E8D03F
:10FB9000C6E70020C4E7F8B5CC6806460CB9204695
:10FBA00022E004F10C070125E268AAB165F07F03A9
:10FBB000D9B203F07F031033DA40D2070ED4E368E2
:10FBC000EB40DB0705D5B0693A46E9B200F09CF896
:10FBD00050B90135102DE7D12468DFE7B0693A4606
:10FBE00000F092F80028EAD0F8BD2DE9F3475768F5
:10FBF000002497F8058005460E46A1463B79A342AE
:10FC000003DC002002B0BDE8F0875FFA84FA3146D9
:10FC1000534642462846FFF7C2FE014650B1CDF892
:10FC20000090534601222846FFF769FF0028E9D1DA
:10FC30000134E3E76FF03C00E4E72DE9F743804649
:10FC40000D461746FFF7BBFE064628B96FF00104C4
:10FC5000204603B0BDE8F0830F2DF7D808EB050967
:10FC6000014699F8364000972B4600224046FFF7A0
:10FC700046FF0028EAD100942B4602223146404636
:10FC8000FFF73DFF04460028E2D100972B460122F2
:10FC900031464046FFF733FF04460028D8D170684C
:10FCA00083685B6813B13A462946984789F83670ED
:10FCB000CEE711F0800F18BF21F0800102684FF0ED
:10FCC000010318BF10318B4022EA03030360704721
:10FCD00037B58B7900938B880C461546CA7889789E
:10FCE00002F0DDF970B994F90230A1782A68002B8E
:10FCF000B8BF21F080014FF00103B8BF10318B4035
:10FD000013432B6003B030BDF8B506460D461746C9
:10FD100002F0EEF9044658B929463846FFF7C9FF04
:10FD200029463046F3F77EFC044608B9F9F764FF2C
:10FD30002046F8BD2DE9F0410B7E5E0605460C46D7
:10FD40002FD1190624D5FFF7D9F970BB2846D5F86D
:10FD50006C80268AEF8CFFF7A8F9F8B1421E534257
:10FD600053419B01228A9AB1BE42E98C324628BF98
:10FD70003A4691420CD9B2FBF3F103FB11223AB996
:10FD800094F91830002BBEBF637E43F008036376FE
:10FD9000A8692146BDE8F04102F022BA98F8073080
:10FDA000E0E76FF01500BDE8F0814FF0FF30FAE7B3
:10FDB00043689869F3F766BC70B591F918304668E6
:10FDC000002B05460C4607DBC4F81A50B0692146E3
:10FDD000BDE8704002F004BA3046FFF78FF9002802
:10FDE000F2D04FF0FF3070BD806902F023BA806915
:10FDF000F3F718BC38B5054680690C4602F094F953
:10FE000060B914F0800F18BF24F080042A6B4FF003
:10FE1000010318BF1034A34013432B6338BD70B5E2
:10FE2000054680690E4602F0AAF9044620B931461B
:10FE300005F13000FFF73DFF204670BD0B0648BFBF
:10FE400021F08001006B48BF1031C84000F0010074
:10FE5000704782B0C3698DF8001001922BB102ABDC
:10FE600013E9060002B0E1F79DB902B0704782B015
:10FE7000C3698DF8001001922BB102AB13E90600A3
:10FE800002B0E1F78FB902B07047704703695B6851
:10FE9000D868704743680361037A63B1012B0CBFD4
:10FEA000022303234375437A5A1E032A05D8DFE849
:10FEB00002F0050505050123F4E700230375837AA5
:10FEC000062B09D0072B09D0052B0CBF00230323D9
:10FED0008375837EC37570470123F9E70223F7E733
:10FEE000036993F8400030B1DA6B93889189106907
:10FEF0005B1A9BB2C01A7047036993F838007047C9
:10FF0000036993F8402012B993F838007047012034
:10FF100070470369C3E907127047BFF35B8F00683E
:10FF2000BFF35B8F084100F00100704738B50469EA
:10FF3000BFF35B8F04F1880555E8003F43F00403ED
:10FF400045E80032002AF7D1BFF35B8F636B5A8913
:10FF5000DB889A4203D004F12400F9F741FB042125
:10FF60002846FFF7DAFF28B904F17800BDE83840E9
:10FF7000F9F736BB38BD10B50469606BFEF74CFB72
:10FF800010B1012384F8393010BD10B50469606BDD
:10FF90004289C3889A4202D14FF0FF3010BD01223E
:10FFA000FEF73AFB0028F7D004F17800F9F718FBC8
:10FFB0000020F3E738B50469EFF31185202383F3BC
:10FFC0001288BFF36F8FE06BFEF706FB85F3118895
:10FFD000BFF36F8F10B1012384F8413038BD38B5BD
:10FFE000034640681B695D68AC68A37A84F82230D8
:10FFF00094F82D3084F82330696841B1237C33B9FB
:020000025000AC
:10000000FFF738F918B96868FFF7B7F920740020CE
:1000100038BD38B54B78046945682069202B07D076
:10002000222B18D0FEF759FF6FF08503036010E014
:10003000CB88072BF6D1D3681A6842609A88028170
:100040009B798372FFF726FF224608212846FFF797
:100050000EFF002038BD4B888381C3F3400203F0BC
:1000600001030276437622460921EFE708B51346DD
:10007000026910694A78212A12D12BB9FEF72DFFA7
:100080006FF00B03036009E0CA88072A00F104013E
:1000900028BF072203F10C00FEF79FFF002008BDD8
:1000A000FEF71BFF6FF08503ECE701238B40DB437A
:1000B000BFF35B8F50E8002F1A4040E80021002971
:1000C000F8D1BFF35B8F7047006902218830FFF7DA
:1000D000ECBF006903218830FFF7E7BF08B503696B
:1000E000186900218830FFF7E0FFBDE808400121D2
:1000F000FFF7DBBF0369186901218830FFF7D5BF1F
:100100002DE9F04750F8483C00F140055B68074690
:1001100000212846D3F80080FFF7FFFE00284DD0CD
:1001200001212846FFF7F9FE002847D1BFF35B8F76
:1001300055E8003F43F0200245E800210029F7D1AF
:10014000BFF35B8F9B0639D4D8F810305B689B688F
:10015000402293F836104046FFF72AFE064650B973
:1001600028460521FFF7A1FF38462122BDE8F047C8
:100170000023F9F7A5BA8146428A59F80C1F57F8AF
:100180000C0CFEF749FA044601464846FEF71FFFED
:1001900024B114F03F0F0CBF0124002407F82D4CAC
:1001A00031464046FFF708FE40B13046E0F7A0F97F
:1001B00028460521BDE8F047FFF777BFBDE8F08787
:1001C000F8B5036947681C695B689B680D4693F83E
:1001D0003D30097E06462AB3994204D1042104F138
:1001E0008800FFF762FF33692A7E5B689B6893F89B
:1001F00036309A4204D1052104F18800FFF755FFFB
:1002000033692A7E5B689B6893F826309A4203D153
:1002100004F18C00F9F750F829463846BDE8F8405B
:10022000FFF7E2BD994214D12A8AE968606BFEF7B4
:10023000D3F928B1E3691BB104F12400F9F7D0F92F
:1002400004F188000421FFF730FF04F17800F9F78A
:10025000C7F933692A7E5B689B6893F836309A4207
:1002600015D1E3691BB104F12400F9F7B9F90521AF
:1002700004F18800FFF719FFE36B5A89DB889A4283
:1002800005D00022002304F14800F9F719FA336978
:100290002A7E5B689B6893F826309A42BCD104F1B1
:1002A0008C00F8F7A9FFB7E738B550F8783C5B68E1
:1002B0001D6800F11003024600211846FFF72DFECD
:1002C000002836D001211846FFF727FE88BB52F8D8
:1002D000441C8A8888890969121A92B28A1A3F2AAC
:1002E00027D9BFF35B8F53E8002F42F0100143E89A
:1002F00000100028F7D1BFF35B8FD30619D42B6908
:100300005B689B68402293F83D102846FFF750FD3C
:10031000044670B1438A402B28BF402343820146E4
:100320002846FFF749FD20B12046BDE83840E0F7F8
:10033000DFB838BD38B550F8243C5B681A6850F80F
:10034000083C0446002B4BD0002300F16405838257
:10035000838302212846FFF7E0FDB8B154E902315A
:1003600010699847637D1BB104F15400F9F738F91F
:1003700005212846FFF7D1FD98B9637F6BB10022B4
:10038000002304F12400F9F79BF90AE00321284631
:10039000FFF7C3FD0028E1D1E4E714F8093C002B86
:1003A000EDD102212846FFF7B8FD38B123695A89FB
:1003B000DB889A4202D02046F9F712F90321284639
:1003C000FFF7ABFD60B1A2699388918912695B1A4E
:1003D0009BB29A4204D02046BDE83840F9F700B9F4
:1003E00038BD08B5036903F1880202211046FFF702
:1003F00094FD28B1596B4889C988401A18BF01205B
:1004000083F8380003211046FFF787FD40B1DA6B0F
:10041000908891891269401A80B2801A18BF012011
:1004200083F84000012008BD03691B69BFF35B8F9F
:10043000883353E8001F41F0020143E80012002A0C
:10044000F7D1BFF35B8F704770B503691C69BFF3C9
:100450005B8F04F1880555E8002F42F0010245E862
:1004600000210029F7D1BFF35B8F02212846FFF757
:1004700054FD10B11846FFF759FD03212846FFF738
:100480004CFDA8B1E26B9388918912695B1A9BB20B
:100490009A4205D004F12400BDE87040F9F7A0B8F5
:1004A00004F148000022BDE870400023F9F708B9C4
:1004B00070BD0069BFF35B8F00F1880353E8001F34
:1004C00041F0080143E80012002AF7D1BFF35B8F27
:1004D000C26B9388918912695B1A9BB29A4202D0CF
:1004E0002430F9F77DB8704710B50C4601782278B2
:1004F0008A428AB00FD06946E0F74CFF05A9204632
:10050000E0F748FF10220DF115010DF10100FAF797
:100510009FFA0AB010BD012A06D0022A07D072B98C
:1005200040886388C01AF4E740686368FAE71022DD
:10053000611C01300AB0BDE81040FAF789BA6FF0CB
:100540001500E6E7042A0AD0102A0DD0022A4FF03F
:10055000000315D103700B884380012070470123ED
:1005600003700B684360F8E7022300F8013B01F1D8
:10057000100351F8042B40F8042B9942F9D1ECE711
:1005800018467047012310B50621044600F8013BC8
:10059000F0F7CCF918B9A37963F03F03A37110BD4C
:1005A0000B6803608B8883808B798371037823F0D9
:1005B0000203037070470078C0F34000704738B5FD
:1005C0000446807ADFF7ECFE6169054649B1637A3B
:1005D000DB0704D4436A1B6820469B6898470023C6
:1005E000636121462846BDE8384003F041B82DE953
:1005F000F04101F10C080C46054600F10C014046A3
:1006000017461E46FEF7DCFC4046FEF739FD012387
:1006100010FA87F068826B722F8239464046FEF7E7
:100620000FFDE3687360628A0023E3607281638276
:1006300034602846BDE8F08138B5D1E90032DA608F
:100640000B684A895A820C4605460868DFF750FF56
:10065000204610220021FAF7ABFA2846BDE83840C0
:10066000FFF7ADBF438A23B9C068B0FA80F04009F4
:100670007047002070470F2807D80D280BD8052891
:1006800008BF032018BF02207047132803D01A2880
:1006900008BF0120F6E701207047FEF7B4BAFEF765
:1006A000BBBA10B50346BFF35B8F53E8000F40EAB7
:1006B000010243E80024002CF7D1BFF35B8F10BD8B
:1006C0000023DEF799BCBFF35B8F50E8003F0B407F
:1006D00040E80032002AF8D1BFF35B8F704738B58D
:1006E00004460D46E1F7D8F85F3005D1294620468B
:1006F000BDE83840E0F7A6BF38BD10B5E2F7CCFE44
:100700006FF4807104461030FFF7DDFF2046BDE82E
:10071000104000F08AB9C368DB78012B01D1FFF7E4
:10072000ECBF7047C368DB78012B01D1FFF7E5BF51
:1007300070470120704710B503884288934219D84A
:10074000052B17D9B2F5486F14D88388B3F5FA7F13
:1007500010D2C088A0F10A0189B240F67644A142C5
:1007600008D801339BB25343B3EB800F34BF012051
:10077000002010BD0020FCE70020704700207047DB
:1007800070B506460D464FF0FF304FF0FF31E1F7F0
:1007900067FB044618B9BDE87040E0F749BF032184
:1007A0000C30FEF714FC06808570214642F22100D1
:1007B000BDE87040E1F75ABC70B506460D464FF0F3
:1007C000FF304FF0FF31E1F74BFB044668B10321E6
:1007D0000C30FEF7FCFB0680857021460022BDE848
:1007E000704040F20640E1F75DBD6FF0680070BDFB
:1007F000C368187808B1E0F773BF1846E2F738B954
:1008000038B54FF0FF3105464FF0FF30E1F728FBD8
:10081000044668B102210C30FEF7D9FB2B88038017
:1008200021460022BDE8384042F21600E1F73ABD09
:100830006FF0680038BDF8B507460E464FF0FF3040
:100840004FF0FF311546E1F70BFB044678B1062166
:100850000C30FEF7BCFB3B88038046808580214638
:100860000022BDE8F84042F22200E1F71BBD6FF024
:100870006800F8BD08B500200021E1F7A7FC18B119
:10088000BDE80840E1F7ECBBBDE80840E3F7ACBDCC
:10089000033138B5C9B205460E20E2F73DFA03210F
:1008A00004460C30FEF793FB01230370A0F80150BF
:1008B000204638BD70B505460E460F200421E2F7EC
:1008C0002BFA042104460C30FEF781FB012206704E
:1008D00042704580204670BD08B50722FAF7B8F887
:1008E000B0FA80F0400908BDFEF78DB9BFF35B8F09
:1008F0000068BFF35B8F704700280CBF08460020DC
:10090000704718B111B10846E2F746BA6FF015000A
:10091000704707B580B906216846F0F707F840B977
:100920009DF80530684603F03F038DF80530E2F787
:1009300033FA03B05DF804FB6FF01500F9E713B567
:10094000044680B106216846EFF7F0FF48B99DF8EC
:100950000530694603F03F0320468DF80530FFF768
:10096000D0FF02B010BD6FF01500FAE708B5E2F74E
:1009700093FD10B11030FFF7B9FF012008BD034609
:1009800010F4004F0CBF07200620DA0348BF00F028
:1009900005009B0348BF00F0FB007047BFF35B8F6F
:1009A0000068BFF35B8F7047012303FA01F15AB16E
:1009B000BFF35B8F50E8003F0B4340E80032002A52
:1009C000F8D1BFF35B8F7047C943BFF35B8F50E82B
:1009D000003F0B4040E80032002AF2D0F7E770B544
:1009E000064686B00D464FF0FF304FF0FF31E1F77D
:1009F00037FA0446B0B10C3095B10121FEF7F6FA92
:100A000006F1100203A9204600950823E1F716FA23
:100A10000022214642F20A00E1F744FC06B070BD14
:100A20002946EBE76FF06800F8E7183002F00ABFDC
:100A3000BFF35B8F0068BFF35B8F7047D0F8B000E7
:100A4000003818BF01207047084689691160C269E3
:100A50001A60C27A00211830FAF7AAB8FEF7DCB89B
:100A6000837A072B01D1E3F793B970472438E3F772
:100A700011BA036800220BB9184670478B4210D197
:100A80000B6842B942680360914200D14360002381
:100A90000B600120704713604368994208BF4260B1
:100AA000F5E71A461B68E6E710B50446006918B179
:100AB000DFF71EFD0023236110BD10B5BFF35B8F70
:100AC000D0F8C430BFF35B8F00F1C4027BB1BFF339
:100AD0005B8F591C52E8004F9C4204D142E8001C35
:100AE000BCF1000FF6D1BFF35B8FE7D110BD184604
:100AF000FCE710B5837A023B0446062B16D8DFE8E4
:100B000003F009041515150B090041720021204658
:100B1000E3F70EFB002010BD0088FFF74DFE002814
:100B2000F9D1A37A072BF5D10821F0E76FF07F0008
:100B3000F1E738B5037A8B420446154615D100F12A
:100B4000700107222846F9F783FF80B1E378072276
:100B500043B904F17E012846F9F77AFFB0FA80F034
:100B6000400938BD04F17701F5E70020F9E70120DD
:100B7000F7E78378012B0CBF703000207047F8B581
:100B800007460D464FF0FF304FF0FF31E1F768F9AF
:100B90000646D0B10E210C30FEF719FA0E2204469B
:100BA0000021FAF705F83B8823802B8863806B8847
:100BB000A380AB88E380EB88238131460022BDE827
:100BC000F84042F21300E1F76DBB6FF06800F8BD2A
:100BD000704710B50446F8F7BFFF234653F8482B7B
:100BE000D2F8B01061B9A164D2F8B41061B9C2E909
:100BF0002C33F8F7C5FF2068BDE81040E3F76EBA64
:100C00008B42F6D00968EDE70B60C2F8B430F0E72C
:100C100003682BB141681A6802608B4208BF4260CA
:100C2000704770472DE9F843446B002C55D054F8B9
:100C3000085905B1083D002701E02C461D46D4E9BE
:100C400000682EB3F8F788FFD6F8B03004F14801F9
:100C5000002263B1994232D1A36C42BBD6F8B420D2
:100C6000C6F8B030914201D1C6F8B430A764F8F7A5
:100C700087FF04F13009002200234846F8F78AFA7A
:100C80000646F8B9D8F804300BB1204698472760DB
:100C9000E3680BB120469847D8F820300BB12046C6
:100CA0009847D5B1AB68002BC7D0083BC5E71360A8
:100CB000D6F8B430994208BFC6F8B420D6E71A4631
:100CC0001B68C6E7B36923B1F16920686FF06D0254
:100CD00098473046DFF70CFCCDE7BDE8F883F8B560
:100CE0000F4600210546164600234FF48032084681
:100CF000E3F754FF044620B92846BDE8F840E3F77F
:100D000019BF04210C30FEF762F905704770468068
:100D10002046F8BD406B30B1838B8B42A0F10800B8
:100D200001D08068F7E7704710B54AB989B2FFF77C
:100D3000F1FF28B143689B6913B1BDE81040184723
:100D400010BD38B50D460521FFF7E4FF00231A4614
:100D50002946E3F741FF044610B12846DFF7C8FBF8
:100D6000204638BD406B30B183898B42A0F108002A
:100D700001D08068F7E7704770470346006828B1E4
:100D8000596802681A60884208BF5A607047034673
:100D9000002003B970471A8A5B681044F9E710B560
:100DA000D4682378023113B92170012010BD8B4221
:100DB000FBD0038A023B038200201061F6E7FDF7B7
:100DC00022BF2DE9F04104468868FFF7E0FF638DFC
:100DD000628B934228BF134683420D461DD3A16503
:100DE000D1F8088000278F60F8F7B6FE414620460C
:100DF000E4F7E8F8064638B1C5F80880A765F8F7C3
:100E0000BFFE3046BDE8F081618D638B994228BFFB
:100E100019462846E6F7F4F9F1E76FF07906F0E7AE
:100E200008B503680A8A1868C968E6F73DF9002022
:100E300008BD38B5054601F10C000C46FEF718F95F
:100E40002D68238AE2680146286800F03FFF0020F1
:100E500038BD38B504460D46E4F7B4F830B129463C
:100E600004F15C00BDE8384002F0F7BB38BD70B457
:100E700005686A6A52B3136803B1A83BA2F1A804DB
:100E80000022114600E0A83B844207D0668D648BA7
:100E9000B14238BF3146A24238BF22461C462BB170
:100EA000D3F8A830002BEED18442EFD1438D408B94
:100EB0008B4201D890420BD9824238BF02469942F8
:100EC000286838BF194670BCE6F732B91146EDE71D
:100ED00070BC704773B51446014605464FF49572D1
:100EE000206800F081FE207530B92068294600F0A6
:100EF00002FF20B908232375002002B070BD237AB9
:100F0000B3B1A3F11802534253419B000193638A8A
:100F10000093AE68238AE26820682946B04700281B
:100F200008DB238A98420CD1002323750120E4E7D3
:100F30000223EBE710F1FF0F03D34042C0B220754C
:100F4000DAE70E20FBE71FB5CDE90123002300936C
:100F50001A46E5F73FFB05B05DF804FBF8B593686A
:100F6000166805460F46144663B9506801210C30D7
:100F7000FEF72DF8A0602B681B78002B14BF02230E
:100F800001230370A3681B78012B03D0022B1FD011
:100F900000201CE02B681B78002BF9D1606804212D
:100FA0000C30FEF714F8E06007802A68E368528886
:100FB0005A806168728D738B088A9A4294BFC0EB25
:100FC0000200C0EB0300042894BF00200120F8BDFC
:100FD0002B681B78022BDBD1606812210C30FDF7E7
:100FE000F6FFE06007802B68E268591C023211337B
:100FF00051F8040B42F8040B9942F9D16168728DE3
:10100000738B088A9A4294BFC0EB0200C0EB0300C6
:101010001228D9E7D0680378043113B90170012090
:1010200070478B42FBD091680B8A0020043B0B82F7
:101030001061704770B504460E4600220023084632
:10104000F8F7A8F8054658B101462046E3F7BAFF7D
:10105000044618B12946304602F00AFB204670BD0E
:101060006FF00104FAE72DE9F04F044685B0104611
:1010700090469946FFF78BFE638B628D934228BFA3
:10108000134683428B4640F2938063680393404645
:10109000FDF75EFF4FF0000A06464046FFF777FE79
:1010A000628B638D06F10C079A4294BFC0EB020578
:1010B000C0EB03053846FDF7E7FF854217D24046EF
:1010C000FFF765FE628B638D9A4294BFC0EB020509
:1010D000C0EB03058DBB98F80A00DFF761F9002229
:1010E0000023FDF702FF064630B9574636E0384682
:1010F000FDF7CAFF0546EDE701464046FDF739FF1B
:101100004046FFF744FE628D638B06F10C079A425E
:1011100094BFC0EB0205C0EB03053846FDF7B4FFF2
:1011200085421FD24046FFF732FE628D638B9A42A2
:1011300094BFC0EB0205C0EB0305F168328ACDF81D
:101140000090DBF8047003980A44ABB25946B847E4
:10115000071E0CDABAF1000F18BF5746384605B023
:10116000BDE8F08F3846FDF78FFF0546E5E70E9B9B
:10117000B3B9394606F10C00FDF729FF4046FFF7E9
:1011800006FE638D628B934228BF1346B9448342A7
:10119000BA441FFA89F9A8D9AF423FF47EAFA4E759
:1011A0000F9A0E9B3946304698470028E1D19CE7BC
:1011B0000027D3E70368002203B970478B420FD1A1
:1011C0000B683AB942680360914200D14360002342
:1011D0000B60704713604368994208BF4260F6E7AE
:1011E0001A461B68E8E7BFF35B8F50E8003F43F007
:1011F000080240E800210029F7D1BFF35B8FC3F359
:10120000C00070472DE9F041064690461F460D4646
:10121000B9B104220121E4F70DF8044618B9BDE87C
:10122000F041E3F745BF04210C30FDF7D0FE057017
:10123000A0F80180C77021463046BDE8F041FFF7B5
:1012400008BEBDE8F08137B50C46054601F10C003B
:10125000FDF70EFF228A0192E268009203461322F4
:1012600012212846E4F75CF803B030BD37B50C46D0
:10127000054601F10C00FDF7FBFE228A0192E268AF
:1012800000920022034611462846E4F749F803B0CD
:1012900030BD2DE9F3411768D7F8048000231446C8
:1012A0001373014606469522404600F09DFC054614
:1012B000207330B93146404600F01BFD28B90823A1
:1012C0002373002002B0BDE8F081CDE9005531461E
:1012D000A388A2683846FFF7C6FE002807DA10F197
:1012E000FF0F26BF4042C0B20E202073E9E7012065
:1012F000E8E72DE9F3411768D7F804800023144686
:101300001373014606469522404600F06DFC0546E3
:10131000207330B93146404600F0EBFC28B9082371
:101320002373002002B0BDE8F081A068798D7A8B2C
:10133000038A914294BFC3EB0103C3EB0203012B69
:10134000EFDD02210C30FDF742FECDE9005580466D
:10135000A388A26831463846FFF785FE031E06DAE9
:1013600013F1FF0F26BF5B42DBB20E23D8E7A8F8CC
:1013700000300120D6E707B5CA681388528800926A
:101380000C210D22E4F7EAFA03B05DF804FB07B57F
:10139000CB6800221B8800920A210B22E4F7DEFAB8
:1013A00003B05DF804FB70B5CB681E88B3B2162B92
:1013B000044629D90321E4F78DF9054630B302210B
:1013C0000C30FDF704FE6FF004030370012343703B
:1013D00029462046FFF73DFD40F2FB136383236857
:1013E00066851B68BFF35B8F043353E8001F41F42D
:1013F000803143E80012002AF7D1BFF35B8F20460B
:10140000FFF735FD002070BD0420FCE70E20FAE751
:10141000F8B50546071F00F1500350F8044CBFF320
:101420005B8F53E8001F21F0040143E80012002AFB
:10143000F7D1BFF35B8FFCB16B6D83B9636873B198
:10144000201DFFF79AFC064601463846FFF7B9FC17
:1014500090B163683360A368666003B9A66005F164
:1014600058013846FFF7E6FD30B104F10C0138466B
:10147000BDE8F840FFF7DEBDF8BD2DE9F041446A54
:10148000074634B354F8A86906B1A83E00231D46A8
:1014900007F1040801E034461646A26D92B905B979
:1014A00083B94046FFF769FC054650B10146204626
:1014B000FFF787FC68B17B682B60BB687D6003B970
:1014C000BD6023462EB1D6F8A820002AE3D0A83A62
:1014D000E1E7BDE8F08138B5BFF35B8F0B68BFF380
:1014E0005B8FDB07054616D550F8040C98B16B6D81
:1014F0008BB90430FFF741FC044660B10146281F58
:10150000FFF75FFC38B155F8043C5A6822609A68CE
:101510005C6002B99C6038BDE4F7FEBF08B5E4F733
:1015200015FC08B3426A02B3136803B1A83B32F852
:101530008E0C32F87E2C904228BF104643B913E03F
:10154000934228BF1346984238BF1846A1F1A8031A
:10155000D3F8A8105A8B5B8D0029F1D19A4228BF8D
:101560001A46904238BF104608BD1046FCE70A8A6A
:10157000C9680023E4F706BDFFF7F9BFFFF7F7BF1F
:10158000FFF7F5BFFFF7F3BFFFF7F1BFFFF7EFBFBF
:10159000FFF7EDBFFFF7EBBFFFF7E9BFFFF7E7BFCF
:1015A000FFF7E5BF70B5CE6833889AB2162A0446B5
:1015B0000D4606D8002204231146BDE87040E4F72A
:1015C000E1BC40F2FB1242834385FFF750FC2A8ABC
:1015D000002331462046F0E770B50E46E4F7B6FB2F
:1015E000044628B93046DEF783FF6FF07F0070BDF8
:1015F00000F10C052846314602F02FF8606A38B138
:1016000050F8A84904B1A83C2946FFF713FD20B9BA
:101610000020ECE71C466FF00100002CF8D0D4F855
:10162000A83023B90230F5D020461C46ECE7A83B91
:10163000F8E738B505460C46F8F78EFA2846E4F781
:1016400085FB20B9F8F79CFA6FF07F0038BD0023C6
:10165000236083683BB9C0E90144FFF70EFFF8F748
:101660008FFA0020F2E71C608460F6E710B50C46A4
:10167000E4F76CFB98B1436A4BB153F8502CD16836
:10168000A142A3F1A80309D0D3F8A830F4E7406839
:1016900028B1C368A34202D00068F9E7104610BD24
:1016A00010600020704710B5029CA36833B1B1F5FB
:1016B000807F28BF0E21CAB221469847A37DE268E9
:1016C000013BDBB2A37522B11BB92046BDE8104037
:1016D000104710BD1060918000207047B1F5807FE9
:1016E000009A28BF0E211368C9B2184708B507220F
:1016F000F9F7AEF9B0FA80F0400908BDFDF783BAFA
:101700000B6803608B8883808B7983717047FDF74A
:1017100083BA10B50346BFF35B8F53E8000F40EA6E
:10172000010243E80024002CF7D1BFF35B8F10BD0A
:1017300070B50D46064611F8010BE3F7A1F8044613
:1017400010B12C89E2F7AEFC6B89A34207D0EB689D
:101750006C8123B121463046BDE87040184770BD0A
:1017600008B502210C30FDF732FC6FF00403037062
:1017700001234370002008BD10B502210C3014462F
:10178000FDF725FC23890380002010BD10B504213E
:101790000C301446FDF71BFC2389038063894380CA
:1017A000002010BD70B51446002500F10C066268DB
:1017B000EBB29A4205F1010501D8002070BDA26884
:1017C000304632F81310FDF719FCF0E7FFF7EABFD7
:1017D000F7B5089D06462F680C4651B973B900232A
:1017E00008932A46E1B23046BC4603B0BDE8F0405B
:1017F0006047B1F5807F28BF0E24F0E700931346C1
:101800002A46B84708942F6823462A462146EAE725
:1018100010B5144632B900F17001007AE4F7F4FC17
:1018200000B1846010BDF0B587B00D460C9C114628
:1018300006461A465DB983B9276800232246E9B2F5
:101840003046BC460C9307B0BDE8F0406047B5F5A4
:10185000807F276828BF0E25EFE703A8FDF7A6FBCA
:10186000BDF81030012B08D80023009325682246CC
:1018700019463046A84707B0F0BD022103A8FDF77E
:10188000E7FB0346BDF8102033F8027B974228BFE0
:10189000174600972568224600213046A84739465A
:1018A00003A8FDF7D5FBDBE738B5BDF81040A24231
:1018B00015460CD84CB16BB1A21A8A42A8BF0A4691
:1018C00094B222465919D5F74BFE204638BD6FF029
:1018D0000600FBE76FF00D00F8E730B585B0C9688A
:1018E00014461D46E4F7C6FC00B10089ADF80E00B1
:1018F00002230093BDF820200DF10E032946204657
:10190000FFF7D2FF05B030BD1FB50C461946E3689E
:101910001C781046BDF818203CB110240133069401
:1019200004B0BDE81040FFF7BFBF5B88ADF80E30D4
:10193000022300930DF10E03FFF7B6FF04B010BDB4
:101940002DE9F04114461D46BDF81870E0F784FB00
:101950000646D5F7D5FB80B2069033463A4629466F
:101960002046BDE8F041FFF79FBF30B585B0144673
:101970001D46FEF701FF0223ADF80E000093BDF8EF
:1019800020200DF10E0329462046FFF78DFF05B0FC
:1019900030BD38B500F10C05022128461446FDF78C
:1019A00016FB63890380A1892846FDF727FB0421E4
:1019B00004F11000FFF7ADFE002038BD2DE9F04125
:1019C000069DBFF35B8F07460C4605F1100353E8F5
:1019D000001F21F0040143E80012002AF7D1BFF3F1
:1019E0005B8FECB1E4F75AFC014640B3836853B116
:1019F0001E68002205F1140C2BB1634508D12B465B
:101A00003846E4F713FCB4F5807F28BF0E240EE0BF
:101A100026B130681A4633460646EDE73046F9E708
:101A2000AB8923B92E68234622462946B0476B6806
:101A30002BB12A46E1B23846BDE8F0411847BDE86F
:101A4000F08138B500F10C04042120461546FDF75D
:101A5000BEFA2B8903806B894380E9680B782BB928
:101A600049882046FDF7CAFA002038BD102201310E
:101A70002046FDF7B2FAF7E770B500F170060546AB
:101A80003146007AFEF77AFE04463146287A3CB1A8
:101A9000E4F7BAFB18B1002303604360836070BDB4
:101AA000E4F7B2FB0028FAD0046044608460F6E7F3
:101AB000022A10B508D1002300F170011A46007AFD
:101AC000E4F776FC022010BDFFF7D6FFFAE72DE918
:101AD000F84306460D464FF470200021DDF82490AF
:101AE00017469846E4F712FA044660B14560C760AD
:101AF0009DF820104A463046E4F7D6F9054638B935
:101B00002046E4F72FFA6FF00B052846BDE8F8836E
:101B1000002211460123E4F765FBA56028463A46FA
:101B20004946C047054618B12046E4F71BFAECE7E2
:101B300021463046FFF77DFD05460028E5D0F3E756
:101B400013B5044610B9002002B010BD00238DF873
:101B50000430006842F6030301A9ADF80630FEF731
:101B6000C3FC0028EFD1E36898880028ECD1204618
:101B7000E4F700FD013080B2E6E770B5CC6888B0CC
:101B800008461E46A3798DF80C301546FFF7D8FF9E
:101B9000ADF80D00246823786BB96388ADF80F3079
:101BA00005230093BDF8302003AB31462846FFF7EC
:101BB0007BFE08B070BD631C0DF10F02113453F8A9
:101BC000041B42F8041BA342F9D11323E9E71FB514
:101BD000CDE90123002300931A46E4F7FBFC05B08E
:101BE0005DF804FBFFF79ABC4B8A12F0010FC3F3B8
:101BF0000E0304D013F0950F10D0486870B112F0A6
:101C0000020F04D013F4957F0AD0896841B11340C4
:101C100013F4DE7F14BF05200020704702207047B8
:101C200003207047F8B50F4651684B8A03F09403C0
:101C30000646144613BB0122E4F738FD08B3A28917
:101C40001B2102323046E4F72FF90546E0B1A189A5
:101C50000C300231FDF7BBF920F8027BA289A168A4
:101C6000D5F77EFCD4E9041228460123E4F7BAFA3A
:101C700029463046BDE8F840FFF7AEBC4FF0FF30D4
:101C8000F8BD6FF01500FBE76FF00B00F8E773B5D8
:101C900004460D46F7F760FF29462046FFF7E6FCAD
:101CA000014620B902B0BDE87040F7F769BF466849
:101CB0002046E4F76BFAF7F763FF2EB10023009597
:101CC0001A460E212046B04702B070BDF7B50D464A
:101CD000044616461F46E4F7E1FA014628B100978C
:101CE00033462A462046E5F7A7F903B0F0BD0120A8
:101CF000704701207047012070470021F8B54FF070
:101D0000FF324FF0FF3305460846E2F747FF00F188
:101D10000C07044601213846FDF759F905260670DF
:101D200001213846FDF753F9002306701A46214673
:101D30002846E2F751FF10B12046DEF7D9FB00201C
:101D4000F8BD6FF085007047002070472DE9F04125
:101D5000064608461D461746E5F786FA43681C689E
:101D600064B154F8088C0C3CB8F1000F04D0A3689F
:101D70002A4639463046C047E468F1E72846BDE8C0
:101D8000F08138B50D46E5F76FFA43681C6854B129
:101D900054F80C3C0C3C23B16A1E5042A1685041DF
:101DA0009847E468F3E738BD38B515460C4689B165
:101DB00008B9E5F755FAA56043680021E160596864
:101DC00004F10C0219B9C3E90022002038BD0A60F1
:101DD0005A60FAE76FF01500F8E7F0B5064687B0ED
:101DE0001C461546B2B1ABB111B9E5F739FA014657
:101DF0000B681F68002118226846F8F7D9FE1437CF
:101E000069463046CDE90175ADF80C40E4F784FE33
:101E100007B0F0BD6FF01500FAE710B5807A0C46F8
:101E2000DEF7BEFA436A21465868BDE8104001F06B
:101E3000AFBAF7B50D46807A17461E46DEF7B0FA00
:101E40002C68436A033424F0030258682A60042192
:101E5000CDE90076F6F7B4FF00B9286003B0F0BD15
:101E600038B50446807ADEF79BFA6169054649B1C8
:101E7000637ADB0704D4436A1B6820469B68984753
:101E80000023636121462846BDE8384001F0F0BBDD
:101E900030B50906847E054618D414F040001AD0E7
:101EA000298BC3F30A00C1F30A01884222D802F049
:101EB000030002280DD003280ED0012815D114F0FC
:101EC000080217D013F4C05F05D00BE014F0200017
:101ED000E5E7C4F3800030BD14F00200FBD013F43A
:101EE000C05F05D0C4F30010F5E704F00100F2E78D
:101EF0000120F0E70020EEE7BFF35B8FD0F8A000F1
:101F0000BFF35B8F00F001007047BFF35B8FD0F829
:101F1000A000BFF35B8FC0F34000704701F00F03D8
:101F20000906026948BF103352F823007047007F4A
:101F3000C0F300107047037F61F304130377704709
:101F400008B502691046FFF7D7FF68B991F820007D
:101F500000F00F03000648BF103342F82310084674
:101F600001F03CFB002008BD6FF00C00FBE70022F5
:101F70000023F7F70FB970B5054600220023F7F7E5
:101F800009F9044610B106462B680BB9204670BD0E
:101F9000002200232846F7F7FDF870600028F5D0EE
:101FA0000646F1E701F06EBB01F057BB437E23F01C
:101FB000070343F0010343767047407EC0F3C0003F
:101FC0007047437E6FF3C303437670471FB50469C0
:101FD0008DF80410CDE90220D4F8983001A9984773
:101FE00004B010BD1FB50469034606208DF8040037
:101FF0002046CDE90213FFF77FFF40B1C1F81E2054
:10200000D4F8982001A91846904704B010BD4FF0AD
:10201000FF30FAE72DE9F8430446866889461546FD
:102020001F46FFF77BFF8046002835D0F36B204624
:1020300098473B882A4649464046FFF729FF28B380
:102040008BB92369D3F88030DB0758BF402305F0F4
:10205000030546BF4FF480634FF400711946022D0B
:1020600007D0032D0CD02046336C98470020BDE8E4
:10207000F883B8F818208A4228BF0A463A80F2E767
:10208000B8F818209A4228BF1A46F7E72046336C62
:1020900098476FF08500EAE76FF01200E7E72DE957
:1020A000F3411F464B06D0F8088004460D461646FD
:1020B0001BD0D8F83C3098472069FFF726FF88B13D
:1020C0009DF82030009329463B4632462046F1F7E2
:1020D00037FA0546D8F8403020469847284602B0DF
:1020E000BDE8F0814FF0FF35F4E76FF01505F5E737
:1020F00070B54B06866804460D4612D0F36B9847C0
:102100002069FFF7F9FE48B129462046F1F760FA49
:102110000546336C20469847284670BD4FF0FF3582
:10212000F7E76FF01505F7E770B586680546F36BBE
:102130000C4698472869FFF7E8FEB8B121462846C3
:10214000FFF7ECFE0146A0B1037FDB0711D590F845
:10215000213003F00303012B0ED0F3682846984783
:1021600004462846336C9847204670BD4FF0FF3434
:10217000F7E76FF01204F4E76FF08504F1E7F8B5C4
:1021800087680646FB6B0C4698473069FFF7BDFE33
:10219000E8B121463046FFF7C1FE0546D0B1037FC6
:1021A000DB0717D590F8213003F00303012B14D07F
:1021B00001463B6930469847044618B92B7F60F3C7
:1021C00041032B7730463B6C98472046F8BD4FF0D3
:1021D000FF34F7E76FF01204F4E76FF08504F1E7DE
:1021E00070B586680546F36B0C4698472869FFF77B
:1021F0008CFEB8B1217EA9B12846FFF78FFE0146BB
:1022000098B1037FDB0710D5637E6FF3000363761D
:10221000224673682846984704462846336C9847F8
:10222000204670BD4FF0FF34F7E76FF01204F4E77B
:10223000F1F728BA70B586680D46F36B04469847E7
:102240002846DEF755F92046336C9847002070BDCC
:1022500070B586680546F36B98472869FFF755FE09
:10226000044620B133683BB12846984704462846C7
:10227000336C9847204670BD0124F8E7F8B58768AD
:102280000669FB6B044698472069FFF735FEE0B10D
:102290002069FFF73AFED8B9C6F8A400FB6A2046C9
:1022A0009847054660B9BFF35B8FA03656E8003FFC
:1022B00043F0020346E80032002AF7D1BFF35B8FF8
:1022C00020463B6C98472846F8BD4FF0FF35F7E7AE
:1022D0006FF07705F4E7F8B587680669FB6B04468D
:1022E00098472069FFF711FEB0B13B6B2046984735
:1022F000BFF35B8F054606F1A00353E8001F21F0F2
:10230000020143E80012002AF7D1BFF35B8F204699
:102310003B6C98472846F8BD6FF07705F7E72DE945
:10232000F0410546D0F80880066914460F4631B3DF
:102330002AB3D8F83C3098472869FFF7DDFDD8B9B3
:10234000C6E926742846D8F834309847044660B960
:10235000BFF35B8FA03656E8003F43F0010346E829
:102360000032002AF7D1BFF35B8FD8F840302846FF
:1023700098472046BDE8F0816FF07704F5E76FF0ED
:102380001504F6E7F8B587680669FB6B04469847BD
:102390002069FFF7BAFDD0B92069FFF7ADFDC8B1DC
:1023A000BB6B20469847BFF35B8F054606F1A00341
:1023B00053E8001F21F0010143E80012002AF7D181
:1023C000BFF35B8F20463B6C98472846F8BD6FF003
:1023D0000F05F7E76FF07705F4E7F8B54B7E07696F
:1023E00043F002034B760546D7F8A8000E46FCF7EB
:1023F000C0FD002280212846F1F744F9044678B157
:1024000001463046FCF7B5FD637E43F00403637676
:102410000022D7F8A8102846BDE8F840FFF7E2BD33
:102420006FF00B02F5E7F8B50669D6F8A430022B79
:1024300005461BD1D6F8A870FB688021DA88F1F731
:1024400021F9044678B101463846FCF792FD637ED7
:1024500043F0020363760022D6F8A8102846BDE8B0
:10246000F840FFF7BFBD6FF00B02F5E76FF0850096
:10247000F8BDF8B5066900228021D6F8A870054697
:10248000F1F700F9044680B11FB101463846FCF768
:1024900070FD637E43F0040363760022D6F8A81033
:1024A0002846BDE8F840FFF79DBD6FF00B02F5E749
:1024B0004A7E42F004024A760022FFF793BD036988
:1024C000D3F8A400431E5842584170470369D3F81B
:1024D000A400831E5842584170470369D3F8A400F2
:1024E000431F5842584170470369D3F8A400C31EE4
:1024F000584258417047C343C3F3C01300F00F0064
:1025000000EB0310704738B50D46FFF707FD044692
:10251000FFF70DFD60B92046FFF744FD40B12846A6
:10252000F1F718FA20460121BDE83840FFF703BD56
:1025300038BD38B50D46FFF7F1FC0446FFF7F7FC50
:1025400060B92046FFF72EFD40B12846F1F702FAA8
:1025500020460121BDE83840FFF7EDBC38BDFCF74F
:1025600052BB006984304FF0FF324FF0FF33F6F773
:1025700049BD00698430F6F7BDBD4A09012301F069
:102580001F018B4000EB8200BFF35B8F50E8002FF0
:102590001A4340E800210029F8D1BFF35B8F704750
:1025A0000369C9B20C2201FB0233186C00F007006A
:1025B000704770B5C9B20369EFF31185202484F325
:1025C0001288BFF36F8F0C2606FB0134246C14F0C5
:1025D000C00408D0A24206D085F31188BFF36F8FE4
:1025E0004FF0FF3070BD71430B4401221A6485F334
:1025F0001188BFF36F8F43680B445B6898470020D6
:10260000F0E78022FFF7D5BFF8B5069F0469C9B28D
:10261000EFF31186202585F31288BFF36F8F0C2509
:1026200069430C44256C05F0070CBCF1010F0BD17C
:10263000276486F31188BFF36F8FC4E90E234368C4
:102640005B5898470020F8BD05F0C005AF4286F3FF
:102650001188BFF36F8F0CBF6FF077004FF0FF3022
:10266000F1E713B580240094FFF7CEFF02B010BD50
:1026700010B40069CBB21C2403FB040000215DF8F8
:10268000044B10470020F4F73DBE002000F0CABC08
:102690001046F6F7B1BD2DE9F3411C4690460023E4
:1026A00082682360A36053690D4601AA6946984772
:1026B000019B5A1E019223B96FF0150002B0BDE8CC
:1026C000F0810098A26847682168676085B9A8EB27
:1026D00002030668B34228BF33461A4403FB0711BE
:1026E0002160A26002689A4206D808300090DFE7B5
:1026F0006B1AB3FBF7F3ECE70020DFE71346002289
:10270000FFF7C9BF4FF400120023C1E900230020E6
:10271000704718B901F11800F6F76EBD704710B593
:102720000169BFF35B8F044601F1300353E8002FCA
:10273000013A43E800200028F8D1BFF35B8F4B6BD0
:102740001A4301D1F5F7E4FD2069BDE81040F6F722
:1027500053BD0369BFF35B8F303353E8001F013172
:1027600043E80012002AF8D1BFF35B8F00694FF0F5
:10277000FF324FF0FF33F6F779BD1FB500218842D5
:102780000CBF0623042301A8CDE9011103918DF8A4
:102790000430F2F74DFD002818BF6FF0040005B0BB
:1027A0005DF804FB7FB5FF2202288DF803200DF1B0
:1027B00003020CBF35230523002101920122CDE93C
:1027C000022103A88DF80C3001AB04910593F2F7B8
:1027D0002FFD0028A8BF9DF8030007B05DF804FB9B
:1027E00010B50C4600F0B4FC0023C4E90003184601
:1027F00010BD38B505460C4600F0AAFC002D07DBDD
:10280000A84205D9401B84428CBF0020012038BD5E
:102810000020FCE770B50D462846194616461C46B2
:10282000FFF7E7FF28B921462846BDE87040F3F7D7
:1028300057B824B1224629463046D4F791FE0020ED
:1028400070BD43685B68D3F810350B60002070479B
:1028500043685B6802EA010021EA0201C3F8080547
:10286000C3F80C150020704743685B680020C3F86C
:102870000815704743685B680020C3F80C15704763
:1028800043685A68D2F8043521EA03000B40C2F8C5
:102890000805C2F80C350020704710B50369586868
:1028A000F8B1884219D19C6808685860A14200D1EB
:1028B0009860002008602AB15A680A609A685960D6
:1028C00002B99960002010E0814206D108682060BA
:1028D00098688142EDD19C60EBE7044600680028CF
:1028E000F2D1002AE8D16FF0150010BD13B54FF0FA
:1028F00080520829136E526E28BF082112BA009226
:102900001BBA0C460A4669460193D4F729FE2046B5
:1029100002B010BD30B543681360057A446804EB1B
:10292000C504A34202D36FF0010030BD5C798C4234
:1029300001D00833F0E70020F7E710B5046920461E
:1029400000F0BBFD0023636110BDF8B587687C68AB
:1029500006469CB1436893F82630DB071DD4056911
:102960004FF0FF334FF0FF322846F6F74BFB6B6911
:10297000002B05DC00242846F6F7BCFB2046F8BDFA
:10298000013B6B61002BF5D17B6830469847041EF4
:10299000BEBF6B6901336B61EDE70024EEE7F0B475
:1029A000D0E901631B693BB177688F4208DB35686A
:1029B000954205DCF0BC18476FF05700F0BC70473B
:1029C0006FF01500FAE7F0B4D0E901631B6A3BB180
:1029D00037698F4208DBF568954205DCF0BC184783
:1029E0006FF05700F0BC70476FF01500FAE770B455
:1029F000D0E90162956A03460C46A5B196F82420F9
:102A000012B92B4670BC1847306A024410F8011BFB
:102A1000A14202D121461846F3E79042F6D16FF069
:102A2000850070BC70476FF05700FAE72DE9F3415D
:102A3000D0E901470E4694F825100569FF29804624
:102A40000FD194F82610C1F38101022914D0D8F8CF
:102A500008301B6B003918BF01214BB96FF05700CC
:102A600003E0FFF7C4FF0028EBDA02B0BDE8F08115
:102A7000404698470028F8DBA268B2F1004F05D025
:102A800011464046FFF78BFF0028EEDB6269B2F18A
:102A9000004F05D011464046FFF795FF0028E4DBC4
:102AA0002368B3F1004F14D0D8F808305B69002BCD
:102AB000D4D001A9404698470028D6DB2268019B64
:102AC0009A421CDD11464046FFF769FF002805DAEF
:102AD000CBE762686FF000439A42E5D19EB994F863
:102AE00026309B0716D03B68404698470028BCDB41
:102AF000A069F3F711FB6B6901336B610AE062684F
:102B00009342EBDDDEE76B6901336B6194F82630AD
:102B1000DA0601D40020A8E74046FFF716FFA4E735
:102B2000012303FA01F103691B68194218BF82F0FF
:102B3000010212B18368DB68184783681B69FBE7F1
:102B400008B54368986A38B193F82C100122FFF752
:102B5000E7FF00EAE07008BD6FF08500FBE743681F
:102B60001868B0F1004018BF0120704703460846BE
:102B700031B95B681B68B3F1004F01D01360704737
:102B80006FF0150070474368986A20B193F82C10D5
:102B90000022FFF7C5BF6FF08500704743681B68D0
:102BA000D3F88004C3F88004704742681368D3F8F0
:102BB000100150B1D269002012780A70C3F81001D8
:102BC000D3F8102101221A6070474FF0FF30704790
:102BD000002A0FDD42681368D3F8100158B10020B5
:102BE000C3F81001D269D3F8100112780A700120DD
:102BF000186070470020704710B543681968036972
:102C0000EFF31182202080F31288BFF36F8F1868D2
:102C1000002484731B680120D8734FF48003C1F82B
:102C2000043382F31188BFF36F8F10BD03691A68F4
:102C3000012191731B680022DA73704702691168E1
:102C40000346C87B40B15B681B68D3F8580118B1D4
:102C500000230B6113689889704743681B68D3F899
:102C60001001003818BF0120704743681B6810220C
:102C7000C3F80423704743681B681022C3F8082375
:102C8000704743681B684FF40072C3F80423704711
:102C900043681B684FF40072C3F80823704738B5C7
:102CA00043681D68D5F804335B02044605D4D5F8A3
:102CB000040310F0100006D138BDFFF7BFFF002855
:102CC000F5D00120F8E72046FFF7C7FF003818BF0E
:102CD0000120F1E7012070470369186801601B6853
:102CE0005A60704702680346D2F8580140B95B68E1
:102CF000DB0706D4D2F82001003818BF0120704746
:102D00000120704710B4436802691B68D3F80413AC
:102D1000C90517D5D3F82011A1B1EFF311812024F3
:102D200084F31288BFF36F8FD3F8204134B10024AD
:102D3000C3F82041D3F820410124DC6081F31188DD
:102D4000BFF36F8F1168D3F8584171B184B100247B
:102D50000C611168C97B19B94FF48001C3F80813DD
:102D600011688C7B24B100238B735DF8044B704792
:102D7000D3F8241121B10021C3F82411D3F8243150
:102D800012681368002BF0D051685DF8044B1847A7
:102D900013B501AA0446FFF7BDFD002805DB019B22
:102DA000226819791868F3F7D5F802B010BD6FF0F2
:102DB000850070472DE9F041066933689C89BFF3AF
:102DC0005B8F94420546A8BF14461033012753E891
:102DD000002F002A03D143E800700028F7D1BFF389
:102DE0005B8F0CBF3B4600232BD13368224698688B
:102DF000D4F7B6FBEFF31188202383F31288BFF3D7
:102E00006F8F69680846FFF76DFF326840B910613F
:102E1000044688F31188BFF36F8F2046BDE8F08128
:102E20000B689268C3F844250022C3F84845C3F8EC
:102E30002021D3F82011C3F85821D3F858219F60DE
:102E4000E7E71C46E9E7FBF7DEBE0022012123206D
:102E5000DCF7A2BF10B50B6813B91360184605E084
:102E600003685C681CB114600368186810BD0833FF
:102E700003600B68013B0B60EDE713B501AA044644
:102E8000FFF748FD002805DB019B226819791868C7
:102E9000F3F760F802B010BD03460A4600681979DE
:102EA000012303FA01F103691B68194218BF82F07C
:102EB000010212B18368DB68184783681B69FBE76E
:102EC00038B50569446895F86D302BB12046F5F7A3
:102ED000ABFC002385F86D30606B0121FFF7CDFF5F
:102EE000002038BD10B504460068D0B1037DC3B1E1
:102EF00049B101210830FFF7CFFF23681869BDE809
:102F0000104000F0CBB912B98388DB0409D4006902
:102F100000F0C4F920680021BDE810400830FFF738
:102F2000BBBF10BD10B5012200210446FFF7DAFF38
:102F3000A36933B9636004F11000BDE81040F6F7EF
:102F40005BB910BD10B5006943688B4209D10268B6
:102F5000934209D190F86C404CB9FFF7E3FF20464B
:102F600010BD6FF07700FBE76FF01500F8E76FF02A
:102F70000F00F5E738B505690446296405F1280016
:102F8000F6F73AF9002285F86C2020691146BDE871
:102F90003840FFF7A7BFF8B50C46054600F0D5F856
:102FA0000022214606462846F4F7EEFC032120467F
:102FB000F3F764FD00F023F807462B689B5953B1E3
:102FC00000262146284600F0BEF820460121F3F7EE
:102FD00055FD3046F8BD00F012F8C01B0628ECD9AC
:102FE0006FF07306EDE700F150039B009BB203F115
:102FF000804303F5883300221A601B68704708B5C8
:10300000F3F702FE08BD004700F048B9C00000F128
:10301000804000F5F830C0F81015C0F8142570474E
:10302000F4F7B8BEF4F7E4B8F7B5019001A8DDE90C
:10303000084716461D46F4F7F7F9019BB6F1000C58
:1030400018BF4FF0010C00EB83000B1E18BF0123CB
:10305000002D43EA4C0314BF4FF00C0C4FF0000C52
:10306000002C43EA0C0314BF4FF4E06C4FF0000C4B
:10307000002F43EA0C03D0F8002714BF4FF4403C64
:103080004FF0000C43EA0C0322EA030301B1097874
:103090000EB13678760019430DB12D78AD0031436D
:1030A0000CB12478240229430FB13F783F040C432C
:1030B0003C43C0F8004703B0F0BD1FB50DF10F034E
:1030C000019300238DF80F1000931A461946FFF75D
:1030D000ABFF05B05DF804FB08B50146F4F7F6F95F
:1030E00040B10846F4F7DAF900B2800000F58070CC
:1030F00080B208BD4FF4BE70FBE738B50546084600
:103100000C46F4F7E3F9B0B10846F4F7D3F990B9F7
:103110000846F4F7C3F92A6801238340C2F808334C
:103120002A6803B202EB8303D3F8102522F00302CE
:10313000C3F8102538BD20460021BDE83840FFF710
:10314000BCBFF4F749BAFFF7D8BF0846FFF7C4BFC2
:103150004FF080531A695869504370474FF08053BD
:10316000186970474FF080535869704700F18043E9
:103170001A68002A1FBF00221A601B68012008BFBE
:10318000002070474FF080434FF46072C3F804236F
:1031900070474FF080434FF46072C3F808237047C4
:1031A00008B5F4F7A7FDBDE80840F4F7FFB802231F
:1031B000F4F73ABE0323F4F737BE00210220F5F7F7
:1031C000C3B870B5A2F58074A408012606FA04F409
:1031D000054614EA010008D0A85830B10021A950D2
:1031E000AA581A6822431A60304670BD2DE9F3418F
:1031F000002304460D460193904601AB4FF4A6729E
:10320000FFF7DFFF4FF4827229462046FFF7D9FF10
:103210004FF48C72074629462046FFF7D2FF064638
:1032200030B1B8F1000F1DD017B1D4F83C353E468F
:1032300001AB4FF4887229462046FFF7C2FF30B138
:10324000B8F1000F03D016B90FB1D4F83C3501AB7B
:103250004FF4907229462046FFF7B3FF019802B061
:10326000BDE8F0814646E3E707B5019001A8F5F710
:1032700003F9019A01239340C0F8083503B05DF8C3
:1032800004FB07B5019001A8F5F7F6F8019A0123B0
:103290009340C0F80C3503B05DF804FB08B1DDF7CE
:1032A00067B9704710B5436904463BB90020E2682E
:1032B000537843F001035370404210BD98470028F3
:1032C000F4D00028B8BF4042E368FF28A8BFFF2021
:1032D0001870ECE740B1C368587810F001001EBFC9
:1032E0001878B0FA80F040097047EFF3118320237B
:1032F00083F31288BFF36F8FFEE72DE9F04F89B09B
:10330000DDE91268054605924346324606A80F4697
:1033100000F014FCDDE9063405F1140ACDE90234AD
:10332000EFF311844FF0200989F31288BFF36F8FF8
:1033300005F10C0B059A149B39462846984730B185
:1033400084F31188BFF36F8F09B0BDE8F08F56EAA0
:103350000806F5D0DDE9022306A800F014FCDDE93B
:1033600006685A46CDE9006821465046F6F73AFB12
:10337000EFF3118489F31288BFF36F8FDAE710B48B
:1033800000F10C04C0E903445DF8044BFAF70BBCF0
:1033900038B50446EFF31185202383F31288BFF379
:1033A0006F8FFAF752FB04F10C0000F008FB30B10C
:1033B000294604F11400BDE83840F6F7A7BB85F3B1
:1033C0001188BFF36F8F38BD4169826842EA0103FB
:1033D00013F003030FD1C3600369013B03FB012218
:1033E000002B01DA00207047C16811604169C2609A
:1033F000013B521AF4E76FF0150070472DE9F041D8
:1034000005460F46EFF31188202383F31288BFF39C
:103410006F8FC668FEB90468A0421CD0DCB1D4E945
:10342000003213605A60637BA66023F0020363736B
:10343000C4E9006604F1180000F052FB2046C4F80D
:103440008C60276100F056FA414605F10800BDE89E
:10345000F041F6F75BBB3E60AB69EF60013BAB61EF
:1034600088F31188BFF36F8FBDE8F08108B5202481
:10347000EFF3118384F31288BFF36F8FFBF7CFFC58
:10348000F6E7D0E9003213605A60427B002322F055
:103490000202C0E9003342738360704713B5012410
:1034A0000094F5F7DBFC02B010BD90F90E308B42B2
:1034B00001D0F6F7B9BA0020704703460020C3E9EF
:1034C0000200C3E900337047D0E9003213605A604C
:1034D000427B002322F00202C0E900334273836082
:1034E00070472DE9F843914604469DF820200D468B
:1034F00000F10807EFF31186202181F31288BFF352
:103500006F8F02B14568D4F80880474518D0B8F1EC
:10351000000F15D04046FFF7D7FF08F1180000F064
:10352000DFFA0023C8F88C30C8F81090404600F04D
:10353000E1F938463146F6F7E9FA0020BDE8F883AC
:10354000A3B10820F6F7AAFF002838D00122C0F85E
:1035500004900260016801F003015DB922680A432A
:103560000260626820606AB960600BE0C9F80030F0
:103570004846EFE72A68032A16D80160616869B9EE
:10358000C4E90000042104F1100000F088FB0028C9
:10359000CFD186F31188BFF36F8FCFE70A6802F0AF
:1035A000030202430A60DFE722F003020A430260DB
:1035B0002A6802F0030240EA02032B60E2E76FF0A0
:1035C0000B00E6E710B5044630B10268930703D05C
:1035D000446809B100F0EDFB204610BD0023C0E9AE
:1035E000003300F10803C0E9023300F11003C0E921
:1035F00004337047F8B500F10806EFF31187202374
:1036000083F31288BFF36F8F8568AE4200F1100418
:1036100018D0BDB12846FFF757FF05F1180000F09C
:103620005FFA00232846C5F88C302B6100F062F960
:103630000821204600F033FB39463046BDE8F8400B
:10364000F6F764BA0821204600F029FB0028F3D1E0
:1036500087F31188BFF36F8FF8BD07B5012300937F
:1036600000230A461946FFF73CFF03B05DF804FB50
:1036700007B500230A4600931946FFF732FF03B04F
:103680005DF804FB00680021FFF79CBF5AB18A4235
:1036900009D300F11003C0E90212C0E90000C0E93B
:1036A0000433002070476FF0150070470268012353
:1036B0008B4022EA0303036022FA01F000F00100CC
:1036C0007047704710B5032104460C30FFF7EEFF3A
:1036D00030B104F1100000F003FAB0FA80F04009B4
:1036E00010BD20B100221146E43000F09DB97047B2
:1036F00070B5C368C3F340069B07044616D48568BB
:1037000002210C30FFF7D2FF80B1D5F8DC206AB17E
:1037100094421DD122689EB9D5F8E030C5F8DC206E
:103720009C4201D1C5F8E02000232360E36813F038
:103730001F001EBF43F00203E36040F0020070BDB3
:103740003260D5F8E020944208BFC5F8E060EBE7AE
:1037500016461268DBE773B50446EFF311852023A4
:1037600083F31288BFF36F8F0023A0F110060321AB
:1037700004380193FFF79AFF28B1A369019301A9C7
:103780003046F5F795FE85F31188BFF36F8F02B0D1
:1037900070BD38B504460D4610220021F7F708FA2F
:1037A000656038BD13B501900846EFF311842023FE
:1037B00083F31288BFF36F8F01A9F5F779FE84F3C5
:1037C0001188BFF36F8F02B010BD10B5FFF7EAFF8D
:1037D000041E08DDEFF31180202383F31288BFF36A
:1037E0006F8FF6F7A5F9204610BD70B50D46EFF3C3
:1037F0001186202383F31288BFF36F8FF5F7B4FE91
:10380000044686F31188BFF36F8F38B14FF0FF3253
:103810004FF0FF3305F11000F5F728FD204670BD8D
:1038200008B5F8220021F7F7C3F908BD38B53022F2
:1038300004460D460021F7F7BBF94FF4807365602D
:10384000E36038BD38B50446EFF31185202383F3D8
:103850001288BFF36F8FFFF735FF2046FFF748FF51
:1038600085F31188BFF36F8F38BDEFF30580003803
:1038700018BF012070476FF0570070470020704755
:10388000D0E9003213605A600023C0E9003370476A
:1038900008B5FFF7F5FF437B23F0020343730023D2
:1038A000836008BD38B504460D46F6F71BF8637B08
:1038B00043F002036373E5B1A5602B689D4209D113
:1038C0006B68C4E900531C606C6012E06A689A423D
:1038D000F6D01B68002BF3D094F90E2093F90E104C
:1038E0008A42F3D09142F1DD5A68C4E90032146093
:1038F0005C6038BD10B5EFF31184202383F3128888
:10390000BFF36F8FF5F7ACFF84F31188BFF36F8FB0
:1039100010BD08B5EFF31181202282F31288BFF3A6
:103920006F8F83680BB1FFF7B3FF81F31188BFF38B
:103930006F8F08BD38B5EFF31184202383F312880D
:10394000BFF36F8F90F87050427B002380F8703087
:103950002DB121B184F31188BFF36F8F38BD12F000
:10396000280FF7D183680BB1FFF792FF437B23F059
:1039700004034373F5F774FFECE701211838FFF7F0
:10398000D9BF08B50346EFF31181202282F31288D4
:10399000BFF36F8F0068834207D008B1FFF778FF4D
:1039A00081F31188BFF36F8F08BD0020F8E710B5D1
:1039B000FFF7AFFFBDE81040183000F091B838B500
:1039C00004680546AC424FF0000000D138BD002C21
:1039D000FCD02046FFF7EBFF2046FFF78BFF2C685B
:1039E0000120A542F1E770B505460E46F6F748F905
:1039F000B6F1FF3F08BFB5F1FF3F0446284612D09D
:103A00004FF47A7147F6FF730022C4FB0132D80BE2
:103A100040EA4240B0F1004F4FEAD23272F1000268
:103A200028BF6FF0004070BD38B5EFF3118520233B
:103A300083F31288BFF36F8F0468A04213D0A4B140
:103A4000C4F88C1022612046FFF722FF04F1180011
:103A500000F046F82046F5F703FF012085F31188B2
:103A6000BFF36F8F38BD0020F8E72046F6E72DE959
:103A7000F04105460E461746EFF31188202383F3E5
:103A80001288BFF36F8F0468A0420FD1002088F323
:103A90001188BFF36F8FBDE8F08139462046B047EB
:103AA0000028F4D16B68A342F0D02468002CF4D134
:103AB000ECE708B50246F6F781FA70B1D0E90431B7
:103AC0009B1A61EBE272B3F1004F72F1000104DA6C
:103AD000002AACBF1846002008BD6FF00040FBE78D
:103AE00038B50246EFF31185202383F31288BFF324
:103AF0006F8F0368CBB1F6F761FA04461046F6F70C
:103B00006FFA00224FF000438442C0E9042306D13B
:103B1000F6F75CFAFFF7CDFF0021F3F7E1F900209B
:103B200085F31188BFF36F8F38BD6FF01500F7E78D
:103B300008B5F6F75BFB08BDF6F758BBB3F1FF3FDE
:103B400008BFB2F1FF3F70B506461D46144614D0BB
:103B50001A4316D0002B08DBF6F748FB041941EB9B
:103B60000501C6E90041304670BD6FF001031C1B22
:103B70004FF0FF3363EB0501F3E74FF0FF342146CD
:103B8000EFE70024FBE7B3F1FF3F08BFB2F1FF3FCF
:103B9000F8B5074616461C4610D054EA020311D069
:103BA000F6F724FBB0420A46A14103460AD2F31AB3
:103BB00064EB0204C7E900343846F8BD4FF0FF3328
:103BC0001C46F7E70023FBE70023C0E9081200F1D9
:103BD0001802C0E90622C0E900330363436370475B
:103BE00010B50446FFF77CFFA8B9636A0BB1204605
:103BF000984704F11800FFF7C4FE60B1FFF77AFEA2
:103C0000EFF31180202383F31288BFF36F8FBDE899
:103C10001040F5F78DBF10BD2DE9F04184680546D1
:103C20000E46D4B16378012B22D114F8533C9A0785
:103C300011D5A4F160073846FFF7B9FE082E0CBF76
:103C40006FF003030023E36214F8533CDB0602D158
:103C50003846FFF74FFE00232370EB68C3F386322C
:103C60001643002066F39433A860EB60BDE8F08152
:103C7000022BF0D12378002BEDD054F8048CB8F14E
:103C8000000FE8D004F11400FFF72AFFA4F1140795
:103C90000023E36239464046FFF784FDDBE738B591
:103CA000EFF31185202383F31288BFF36F8F04682D
:103CB000A04211D0D4E9003213605A600023C4E955
:103CC00000332046FFF7A8FF85F31188BFF36F8FFD
:103CD000201E18BF012038BD0024F5E72DE9F34769
:103CE0000446DDE90A9815460E4659B302F0010A6A
:103CF000F6F726F80746EFF31181202383F31288A5
:103D0000BFF36F8FA80744BF0023A360A36803EA33
:103D10000600BAF1000F0CD086420CD16A0744BFEE
:103D20008343A36081F31188BFF36F8F02B0BDE8B6
:103D3000F0870028F2D159EA080305D181F31188F0
:103D4000BFF36F8F0020F1E7C7E91A652246CDE97E
:103D5000009804F10C00F5F745FE0028F2D1B86E8A
:103D6000E4E710B5D0E91A424B6812F0010F03EAFC
:103D7000040301D09C4210D17BB18366520744BF3B
:103D80008A681A430B6848BF8A604366012308604B
:103D900080F870301830FFF7A3FE002010BD0A46EF
:103DA000F6F71EBB0A460021F6F71ABB5200FFF7D2
:103DB00095BF20B1011F50F8040CFFF7E9BA704716
:083DC0003042FD7F010000000C
:103DC8002D0503000000000000000000803E0500F3
:103DD8009D8D040000000000DD8D0400000000003F
:103DE80000000000A03E050000000000C03E0500E5
:103DF80000000000003F050000000000203F050013
:103E080000000000E03E05008D4E040000000000A8
:103E18007D6D0400000000001DEB020000000000A2
:103E280081EE040000000000399304000000000047
:103E380000000000403F050000000000A03F050012
:103E480000000000603F050000000000C03F0500C2
:103E580000000000803F050000000000E03F050072
:103E680000000000004005001510030000000000DD
:083E780089F5020000000000C2
:103E80008D7A0500A8500500104205007A10002028
:103E9000E8410020A94B04000000000000000000E1
:103EA000227D05005C510500D841050082100020EC
:103EB000B0420020615D040000000000000000002E
:103EC000307D050074510500D841050084100020A4
:103ED000BC420020615D0400000000000000000002
:103EE0001B63050040470500684205007410002070
:103EF00060000020891203000000000000000000A4
:103F0000B67A050000000000A04105007C100020EA
:103F10003C420020A150040000000000000000000E
:103F2000B27D0500EC510500AC4205008A1000206E
:103F3000CC0D0020CD620400AF2D05000000000074
:103F4000917C0500C8500500C04105007E1000208E
:103F5000940D0020A95204000000000000000000A1
:103F6000C44B05000000000004420500761000204C
:103F7000BC31002000000000000000000000000034
:103F8000677A0500905005004C500500781000201D
:103F9000E40C00208D3B0400000000000000000045
:103FA000FE7C050000000000A841050080100020F4
:103FB000000000000559040000000000000000009F
:103FC0008C7F050038520500FC4105008C10002054
:103FD000F00D0020D9630400C12E05000000000090
:103FE0005E7D05008C5105002C42050086100020E6
:103FF000C8420020456104000000000000000000ED
:104000006D7D0500BC5105002C4205008810002084
:10401000E0420020456104000000000000000000B4
:10402000A1310500073005000000000005EE040086
:10403000203F0500052D05000000000005EE0400EE
:104040000000000005EE04000000000005EE040082
:10405000317A0400073005000000000005EE04007E
:104060000000000005EE04000000000005EE040062
:104070000000000005EE040000000000C50A040076
:104080000000000005EE04003C4200201151040035
:1040900000000000F13304000000000005EE040001
:1040A0000000000005EE0400000000000D6E04009A
:1040B0000000000005EE04000000000005EE040012
:1040C0000000000005EE04000000000005EE040002
:1040D0000000000005EE04000000000005EE0400F2
:1040E00000000000F50A04000000000005EE0400D6
:1040F0000000000005EE04000000000005EE0400D2
:104100000000000005EE04000000000005EE0400C1
:104110000000000005EE04000000000005EE0400B1
:104120000000000005EE04000000000005EE0400A1
:104130000000000005EE0400098A040007300500B5
:104140000000000005EE04000000000005EE040081
:104150000000000005EE04002D44040007300500B7
:104160000000000005EE0400E583040007300500B0
:104170000000000005EE04000000000005EE040051
:104180000000000005EE04000000000005EE040041
:104190000000000005EE04000000000005EE040031
:0841A00049500400A14F040086
:1041A80015280500595B0400955A0400D9580400E5
:1041B800E1270500C9580400195504005D5604009C
:1041C8007D570400B151040005270500A1510400E2
:1041D800A95D040043280500512805006928050049
:1041E8007528050081280500F95B04009B28050057
:0441F80000000000C3
:0841FC008D660400452F05004B
:0C4204003D9D03002D9B0300899A0300E0
:10421000014C040003260500632605000000000091
:0C422000A12505000000000000000000C7
:10422C00412B0500872B05005F2B05006D2B05002E
:10423C000000000000000000000000000000000072
:10424C000000000000000000000000000000000062
:0C425C0000000000000000000000000056
:104268008BFF04001512030000000000B5FF0400D6
:1042780077FF0400B3040500D3000500E1FE040045
:104288002DFF0400C900050000000000F9FE04002D
:10429800000000000000000001FF0400E303050027
:1042A80013FF0400AB2B0500156204009D2B0500CD
:1042B800B52D0500D12B0500F92B05002D2C050087
:1042C8003D2C05006B2C0500772C05003D2C0500C6
:1042D8005B2C0500832C0500912C05009F2C050004
:0842E800D52C0500D92C0500BE
:1042F00005000000814B030006000000457203002A
:08430000040000002D5C030025
:10430800B5D0020049D00200000000000000000003
:0843180000000000000000009D
:10432000E449050004000000344A050007000000CD
:08433000E84A05000600000048
:104338006A6E0500030000006475050003000000B4
:104348008A6305000300000069710500030000008E
:10435800C44E050003000000204D050003000000C6
:10436800D84B050003000000FC4D050003000000C9
:1043780091630500030000000E77050003000000AC
:104388008B6C050003000000116E0500030000009F
:10439800F3720500030000008F6E050003000000A3
:1043A8003B770500030000004B5B0500030000009D
:1043B800A87A050003000000345E05000300000031
:1043C800187D050003000000A35C05000300000041
:1043D800DD62050003000000B25C05000300000078
:1043E800B65C050003000000DB5D0500030000006B
:1043F8007862050003000000E46205000300000085
:10440800EC620500030000007D7A0500030000004F
:104418009E800500030000009B7C0500030000004F
:10442800A25A050003000000837D05000300000078
:104438000163050003000000997F050003000000E8
:10444800C07D050003000000D378050003000000CC
:08445800757A05000300000065
:10446000EC4605003C090020CA5D05000100000083
:1044700000000000030000003000000060000000A9
:1044800000000000886B05008D6B0500916B050036
:10449000956B0500996B05009D6B0500A16B0500F0
:1044A000A56B0500A96B0500AD6B0500B16B0500A0
:1044B000B56B0500B96B0500BD6B0500C16B050050
:1044C000C56B0500C96B0500000103FF04FF020076
:1044D00000010602010000000001020104040404BE
:1044E000FF000000FF000000FF000000FF000000D0
:1044F000FF000000FF000000FF000000FF000000C0
:10450000FF000000FF000000FF000000FF000000AF
:104510000001000812000000000000000000000080
:104520000338FDD8704700000080E03779C341436D
:10453000176E05B5B5B89346F5F93FE9034F384D09
:10454000321D30F94877825A3CBF737FDD4F1575B5
:10455000000000000000F03F0000000000002440C8
:1045600000000000000059400000000000408F40A3
:10457000000000000088C34000000000006AF8400E
:104580000000000080842E4100000000D012634132
:104590000000000084D797410000000065CDCD41A8
:1045A000000000205FA00242000000E87648374289
:1045B000000000A2941A6D42000040E59C30A24227
:1045C0000000901EC4BCD64200003426F56B0C439C
:1045D0000080E03779C3414300A0D8855734764343
:1045E00000C84E676DC1AB43003D9160E458E143A4
:1045F000408CB5781DAF154450EFE2D6E41A4B4419
:1046000092D54D06CFF08044F64AE1C7022DB5445D
:10461000B49DD9794378EA440710000000100020C7
:10462000010100001010002009110000905A05003F
:104630004D4EC0014A5705004EE5C00151570500D7
:10464000B27CC70157570500C03E050000000000BE
:10465000C03F0500404B4C0000010000C03E05007B
:104660000400010000000000010000000000000044
:10467000C03E05001A000100C03E05000600010012
:10468000C03E05001E000100E814002000010000EB
:104690001DEB0400BFEA040002000000DBEC040094
:1046A000000000000000000000000000000000000A
:1046B000AA5D0500B25D05000000000000000000DA
:1046C00000000000BA5D0500BE5D0500C25D05008A
:1046D000C65D0500DC4605008C24002059F502006B
:1046E000AC2400209D4400200100000099ED04004E
:1046F0008FED04005DED040051ED040000000000AA
:1047000045ED040000000000000000200000000053
:1047100000000B06020000001C470500000000001E
:10472000C56205002600020200000020CD620500DF
:1047300022000B11D103030000000000DFEE040093
:10474000000A00200000000030100020140A0020A1
:104750000000000034470500644705000402000023
:1047600000000000A87500203447050078470500C8
:104770002E00000000000000288F002034470500B4
:104780008C4705000201000000000000FC8F0020A3
:10479000CD6B0500EB6B0500066C0500166C050083
:1047A000236C05002C6C0500336C05003A6C050089
:1047B000416C0500496C0500236C0500516C050037
:1047C000636C0500786C05000E030000A12C03004B
:1047D0000F0400006D2C03001A010000991403005F
:1047E00005040000B114030013010000F11B0300D5
:1047F0003E010000151A0300011200002507050004
:104800000A1E000017070500FF010000891B0300B6
:104810003E010000691B030005040000FD140300B5
:1048200010010000A515030002010000A53A0300D5
:1048300001120000F12B03000A1E0000F107050021
:1048400003090000ED1C0300040B00008D1603009B
:10485000060A000009210300070A0000751503007D
:104860000C05000041150300344705007848050099
:10487000470000000000000018910020E8700500CB
:10488000F57005001571050009710500207105001E
:104890003771050047710500A47405005B710500C0
:1048A00034470500B048050000000000000000008B
:1048B0003892002034470500C44805000902000072
:1048C0000000000060920020D10B0500230C0500C1
:1048D000000000000000000000000000854E030002
:1048E00000000000000000000000000000000000C8
:1048F00002020100A713050004040100C15B0300CC
:1049000006060100015B030008040100ED590300E5
:104910000A0201008F1305000C0401007713050043
:104920000E040100C15803002004010025580300B3
:104930001004010035570300120201004712050060
:104940001E000400A1150500520200006D120500B2
:10495000010402000960030003020200A51505001E
:10496000050102006F150500070402007915050016
:10497000090102007D1505000B00020081150500EC
:104980000D000200851505000F00020089150500C5
:10499000210202008D15050011010200911505008C
:1049A0001300020095150500170402009915050073
:1049B000190002009D1505001B020300330E0500BF
:1049C0001D020500D952030023040300210E050037
:1049D00034470500E0490500060200000000000021
:1049E000F4980020C65505000919050000000000D4
:1049F000C255050000000100BE5505007B1B0500E7
:104A000000000000EC0A002000000100B65505007F
:104A10000000000000000000000000000000000096
:104A2000B2550500DB180500CD620300F40A002032
:104A300000000300F2550500091905000000000000
:104A4000EE55050000000100EA5505007B1B05003E
:104A5000000000001C0B002000000100E2550500D2
:104A600041190500000000000000000000000100E6
:104A7000DE5505007B1B050000000000140B002024
:104A800000000100D65505006B190500000000006C
:104A90000000000000000100D25505007B1B05004E
:104AA000000000000C0B002000000100CA550500AA
:104AB0008963030000000000000000000000010006
:104AC00000000000000000000000000000000000E6
:104AD00000000000FB1C05000000000000000000BA
:104AE0000000000000000000025605000919050042
:104AF000000000008677050000000100FE5505005B
:104B00007B1B050000000000440B0020000001009A
:104B100064770500000000000000000000000000B5
:104B200000000000FA550500DB180500CD62030007
:104B30002C0B002000000300F65505007B1B050030
:104B400000000000240B0020000001004277050057
:104B5000000000004D1D05000000000000000200E4
:104B6000456D70747920484349207061636B6574AA
:104B700000000000556E6B6E6F776E204843492031
:104B800074797065202575004C4C20696E697469D4
:104B9000616C697A6174696F6E206661696C6564C5
:104BA0003A2025640000000042542043544C522017
:104BB000525820707269000042542043544C5220D5
:104BC0005258000062745F6863695F636F6E74724D
:104BD0006F6C6C657200000062745F63746C725F6E
:104BE0006863695F64726976657200005A6570680F
:104BF0007972204F532076342E332E30000000007F
:104C00004E6F2048434920436F6D6D616E6420688C
:104C10006561646572000000496E76616C696420AC
:104C200048434920434D44207061636B6574206C98
:104C3000656E6774680000004E6F2048434920414C
:104C4000434C20686561646572000000496E7661BE
:104C50006C6964204843492041434C207061636B78
:104C60006574206C656E677468000000496E76613B
:104C70006C6964204843492041434C20446174617D
:104C8000206C656E677468005478204275666665AE
:104C900072204F766572666C6F770000496E7661A0
:104CA0006C696420547820456E71756575650000E7
:104CB00068616E646C653A203078253034782C2039
:104CC0007374617475733A2025782C2074783A20B7
:104CD00025782C2072783A2025782E00747970651A
:104CE0003A203078253032780000000072656A651D
:104CF0006374206F70636F64653A203078253032BA
:104D00007800000002000000000000000000000029
:104D10000000000000000103030303030300000080
:104D200062745F63746C725F6863690057455354C3
:104D30005F544F504449522F7A65706879722F73CF
:104D400075627379732F626C7565746F6F74682FF9
:104D5000636F6E74726F6C6C65722F6C6C5F7377BF
:104D60002F756C6C5F7363616E2E630065727220C9
:104D70003D3D2030207C7C20657272203D3D202D01
:104D800031323000415353455254494F4E20464131
:104D9000494C205B25735D20402025733A25640A29
:104DA0000000000009706172616D313A20257520A4
:104DB000706172616D323A2025750A00574553546F
:104DC0005F544F504449522F7A65706879722F733F
:104DD00075627379732F626C7565746F6F74682F69
:104DE000636F6E74726F6C6C65722F6C6C5F73772F
:104DF0002F756C6C5F636F6E6E2E630062745F6301
:104E0000746C725F756C6C5F636F6E6E0000000097
:104E1000B5D90300C5D90300D5D90300E5D90300EE
:104E20000000000000000000F5D903009DDA030037
:104E300005DA030000000000ADDA03000000000006
:104E400015DA0300BDDA03000000000025DA0300D4
:104E5000CDDA030035DA0300DDDA0300EDDA030012
:104E6000FDDA03000DDB03001DDB03002DDB030077
:104E700045DA030000000000000000000000000010
:104E800000000000000000008DDA030008020B02A1
:104E90000A030502000000000000000002020000FA
:104EA00006020000040300000000090300000000E7
:104EB000010300000C0300000703000000000000D5
:104EC0000000000062745F63746C725F63727970DB
:104ED000746F0000F401FA00960064004B00320089
:104EE0001E001400574553545F544F504449522FED
:104EF0007A65706879722F7375627379732F626C3B
:104F00007565746F6F74682F636F6E74726F6C6CFD
:104F100065722F6C6C5F73772F6E6F726469632F8D
:104F20006C6C6C2F6C6C6C5F6164762E630000009F
:104F3000300000000925733A2041637475616C20CC
:104F40004556454E545F4F564552484541445F5380
:104F5000544152545F5553203D2025750A000000EE
:104F6000707265706172655F6362000057455354EB
:104F70005F544F504449522F7A65706879722F738D
:104F800075627379732F626C7565746F6F74682FB7
:104F9000636F6E74726F6C6C65722F6C6C5F73777D
:104FA0002F6E6F726469632F6C6C6C2F6C6C6C5F0E
:104FB0007363616E2E630000636F6D6D6F6E5F7063
:104FC0007265706172655F636200000057455354FB
:104FD0005F544F504449522F7A65706879722F732D
:104FE00075627379732F626C7565746F6F74682F57
:104FF000636F6E74726F6C6C65722F6C6C5F73771D
:105000002F6E6F726469632F6C6C6C2F6C6C6C5FAD
:105010007065726970686572616C2E6300000000D3
:10502000707265706172655F636200000103040560
:105030004050050044110020000000000000000066
:10504000331E0500000000001B1E050000000000CC
:10505000193D0400453E04008D3A0400593D04000A
:1050600000000000253A04007D3D0400C148040012
:105070006D3B04000000000039490400ED420400CB
:10508000193B0400F93A0400632505007325050067
:105090000000000003000000F53D0400314B040057
:1050A000014B040000000000894C0400754B040013
:1050B0009C7A0500852605008B260500A27A05004E
:1050C0000400000000FF00000000000000000000DD
:1050D00000000000000000000000000000000000D0
:1050E000000000000000000000000000F4010000CB
:1050F000000101000000200085601500005105003E
:10510000009002400C5105000200000034510500DF
:10511000060000001C510500060100001580001D5E
:105120001480001F188000201680002117800022A4
:105130001986001E1500001D1400001F1800002015
:1051400016000021170000221900001E2000000098
:10515000000001000400000000FF0000FFFF00004D
:10516000000300500000000001000000006000404B
:1051700000000000FFFFFFFF0000005000000000E3
:1051800000000000006000400000000000000080FF
:10519000FFFFFF7F0000008000000080FFFFFF7F17
:1051A00000000080B80B000000000000937D0500A7
:1051B00000FF0A00A03E0500080000020000008079
:1051C000FFFFFF7F0000008000000080FFFFFF7FE7
:1051D000000000800000000000000000937D05003A
:1051E00000FF0800A03E05000A0000020020004069
:1051F00001000000000000000C5205000000D60174
:10520000000000005D4500205C45002000200040BB
:105210001852050002000000305205000200000094
:1052200028520500020100002B8000002C800001A4
:105230002B0000002C06000100300240000000009E
:1052400000127A00000000000000000000000000D2
:10525000FFFFFFFF0000FF00000000000000000152
:10526000010000004B2E0500FFFF000080520500EA
:10527000FFFFFFFF00000000000000000000000032
:10528000003002408C52050002000000A8520500C8
:10529000030000009C520500030100002D80000463
:1052A0002F8000052E8000062D0000042F00000531
:1052B0002E000006C03E05000400010008000000AA
:1052C000030000004F8005005D800500718005002F
:1052D000808005008C800500C83D0500C83D0500A4
:1052E000183E0500203E0500783E0500803E050082
:1052F000A180050000010000000000000020202027
:105300002020202020202828282828202020202075
:105310002020202020202020202020202088101045
:1053200010101010101010101010101010040404A1
:10533000040404040404041010101010101041415F
:10534000414141410101010101010101010101014D
:105350000101010101010101101010101010424261
:10536000424242420202020202020202020202021D
:1053700002020202020202021010101020000000BD
:10538000000000000000000000000000000000001D
:10539000000000000000000000000000000000000D
:1053A00000000000000000000000000000000000FD
:1053B00000000000000000000000000000000000ED
:1053C00000000000000000000000000000000000DD
:1053D00000000000000000000000000000000000CD
:1053E00000000000000000000000000000000000BD
:1053F00000000000000000000000000000000000AD
:10540000494E4600696E66004E414E006E616E0068
:10541000303132333435363738396162636465662A
:1054200000000000303132333435363738394142EC
:105430004344454600000000286E756C6C2900004E
:10544000303030303030303030303030303030305C
:10545000202020202020202020202020202020204C
:10546000496E66696E697479000000004E614E00F5
:1054700042616C6C6F63207375636365656465641A
:10548000000000002F566F6C756D65732F576F729B
:105490006B73706163652F6275696C642F2E627522
:1054A000696C642F61726D2D7A65706879722D65F3
:1054B0006162692F7372632F6E65776C69622F6EFC
:1054C00065776C69622F6C6962632F7374646C69B1
:1054D000622F64746F612E63000000002F566F6CA2
:1054E000756D65732F576F726B73706163652F6293
:1054F00075696C642F2E6275696C642F61726D2DF5
:105500007A65706879722D656162692F7372632F95
:105510006E65776C69622F6E65776C69622F6C6956
:1055200062632F7374646C69622F6D707265632E91
:105530006300000005000000190000007D0000006D
:105540002C2066756E6374696F6E3A20000000004F
:10555000617373657274696F6E20222573222066F1
:1055600061696C65643A2066696C65202225732246
:105570002C206C696E65202564257325730A000054
:1055800043000000504F5349580000002E00000017
:10559000303030303030303030303030303030300B
:1055A00020202020202020202020202020202020FB
:1055B0000904000002290000052A0000052A000055
:1055C000032800000118000000280000042A000041
:1055D000042A000003280000012A0000012A00001C
:1055E00003280000002A0000002A00000328000011
:1055F0000018000000280000032800000229000015
:105600000328000000280000F0FFF0FFF0FFEAFF91
:1056100074FFF0FFF0FFF0FFF0FFEAFF456E6162FC
:105620006C65640044697361626C6564002573286D
:1056300029202D2025730A00446973636F6E6E65FF
:10564000637465642C20726561736F6E3A20256403
:105650000A004661696C656420746F20726573741A
:10566000617274206164766572746973696E673AF9
:105670002025640A004164766572746973696E67F7
:10568000207265737461727465640A00436F6E6E94
:10569000656374696F6E206661696C65643A202584
:1056A000640A00436F6E6E65637465640A004D544E
:1056B000552065786368616E6765206661696C6511
:1056C0006420746F2073746172743A2025640A0038
:1056D0004D54552065786368616E676520646F6E10
:1056E000652C204D54553A2025640A004D54552010
:1056F00065786368616E6765206661696C65643AA8
:105700002025640A007075626C69630072616E64C2
:105710006F6D007075626C69632D69640072616EF3
:10572000646F6D2D696400253032583A2530325847
:105730003A253032583A253032583A253032583AE4
:1057400025303258202825732900707572706C65D9
:1057500000677265656E0079656C6C6F77007768BD
:10576000697465004661696C656420746F207361BB
:10577000766520646966666963756C74793A20257C
:105780006400446966666963756C74792073617638
:1057900065643A2025730025732829202D204C6547
:1057A0006E3A2025642C204D6573736167653A203D
:1057B000252E2A730A006573790044696666696359
:1057C000756C74792073657420746F2065617379CA
:1057D000006D656400446966666963756C74792060
:1057E00073657420746F206D656469756D006872EF
:1057F0006400446966666963756C747920736574C6
:1058000020746F2068617264004361726420646177
:1058100074613A20253032782025303278202530C6
:105820003278202530327800524335323220746F7E
:1058300043617264206572726F7200535049206434
:105840006576696365206E6F7420726561647900A6
:10585000525354204750494F206E6F742072656137
:1058600064790052433532322076657273696F6E07
:105870003A20307825303278005243353232206970
:105880006E697469616C69736564207375636365BF
:10589000737366756C6C790052464944205363619A
:1058A0006E6E6572205065726970686572616C0A0F
:1058B000004E565320666C61736820646576696398
:1058C00065206E6F74207265616479004E565320B6
:1058D000666C617368207061676520696E666F2011
:1058E0006572726F723A202564004E5653206D6FB8
:1058F000756E74206661696C65643A202564004E9B
:105900005653206D6F756E746564004E6F20736121
:1059100076656420646966666963756C74792C20A9
:1059200064656661756C74696E6720746F20686168
:105930007264004C6F6164656420646966666963C3
:10594000756C74793A202573005374617274696EB2
:1059500067207769746820646966666963756C742A
:10596000793A202573004661696C656420746F2064
:105970007265676973746572204E55532063616C5C
:105980006C6261636B3A2025640A004661696C654C
:105990006420746F20656E61626C6520626C756551
:1059A000746F6F74683A2025640A004661696C65FB
:1059B0006420746F20737461727420616476657200
:1059C000746973696E673A2025640A004661696CE0
:1059D000656420746F207374617274207363616EE8
:1059E0006E696E673A2025640A00496E69746961C0
:1059F0006C697A6174696F6E20636F6D706C657429
:105A0000650A00524335323220696E69742066613E
:105A1000696C65642C2068616C74696E6700524320
:105A20003532322072656164792C2077616974693E
:105A30006E6720666F7220636172642E2E2E0A00DC
:105A40007B2254595045223A2272666964222C22E4
:105A50005343414E4E4544223A222573227D0D0A7E
:105A60000062745F6E75735F73656E642066616952
:105A70006C65643A2025640A006E6F7469665F6520
:105A80006E61626C65640072656365697665640069
:105A90004D414B494E472D57415645532D5246498E
:105AA000440072633532320028756E7369676E6523
:105AB00064292063686172202A20757365642066FA
:105AC0006F722025257020617267756D656E742E6A
:105AD0002049742773207265636F6D6D656E646510
:105AE0006420746F206361737420697420746F2064
:105AF000766F6964202A2062656361757365206929
:105B000074206D6179206361757365206D697362BE
:105B100065686176696F7220696E20636572746171
:105B2000696E20636F6E66696775726174696F6E06
:105B3000732E20537472696E673A22257322206196
:105B40007267756D656E743A256400636270726980
:105B50006E74665F7061636B61676500286E696C67
:105B600029004E5653206E6F7420696E6974696106
:105B70006C697A656400436F756C64206E6F742085
:105B80006F627461696E20666C6173682070617207
:105B9000616D657465727300556E737570706F72A8
:105BA00074656420777269746520626C6F636B2022
:105BB00073697A6500536563746F722073697A65DF
:105BC00020257520746F6F206C617267652C206DC5
:105BD0006178696D756D20697320257A7500556E41
:105BE00061626C6520746F20676574207061676501
:105BF00020696E666F00496E76616C69642073651A
:105C000063746F722073697A6500436F6E666967AB
:105C100075726174696F6E206572726F72202D20CB
:105C2000736563746F7220636F756E7400256420F2
:105C3000536563746F7273206F66202564206279E8
:105C400074657300616C6C6F63207772613A202514
:105C5000642C2025780064617461207772613A2099
:105C600025642C20257800474320446F6E65206D05
:105C700061726B657220666F756E64004E6F2047AF
:105C80004320446F6E65206D61726B657220666F94
:105C9000756E643A2072657374617274696E672000
:105CA00067630066735F6E7673006C6F6767696E1B
:105CB00067006C6F67006C6F675F6D676D74004D98
:105CC0006573736167652028222573222920647219
:105CD0006F707065642062656361757365206974B7
:105CE00020657863656564732073697A65206C69E3
:105CF0006D69746174696F6E2028257529004D6582
:105D000073736167652064726F707065642062658B
:105D10006361757365206974206578636565647374
:105D20002073697A65206C696D69746174696F6E3E
:105D30002028257529001B5B306D00257320005B32
:105D40002530386C755D20005B253032753A253082
:105D500032753A253032752E253033752C25303387
:105D6000755D200025732F003C25733E20002573B0
:105D70003A2000253032782000202020007C0025A9
:105D80006300206D657373616765732064726F7063
:105D9000706564202D2D2D0D0A1B5B306D001B5B83
:105DA000313B33316D2D2D2D20001B5B313B3331C9
:105DB0006D001B5B313B33336D006572720077728F
:105DC0006E00696E6600646267006C6F675F626197
:105DD000636B656E645F75617274006C6F675F758D
:105DE000617274006364635F61636D5F300046538A
:105DF00020436F6E66696775726174696F6E0043E8
:105E000044432041434D2073657269616C20626197
:105E1000636B656E64005A65706879722050726FAA
:105E20006A656374006364635F61636D5F73657269
:105E300069616C00666C6173680072302F61313A81
:105E40002020307825303878202072312F61323A86
:105E50002020307825303878202072322F61333A74
:105E600020203078253038780072332F61343A2082
:105E700020307825303878207231322F69703A20FE
:105E800020307825303878207231342F6C723A20E7
:105E9000203078253038780020787073723A2020CE
:105EA00030782530387800735B2532645D3A2020E5
:105EB0003078253038782020735B2532645D3A20B5
:105EC000203078253038782020735B2532645D3AA5
:105ED00020203078253038782020735B2532645DAF
:105EE0003A20203078253038780066707363723A33
:105EF0002020307825303878004661756C74696EE2
:105F00006720696E737472756374696F6E20616463
:105F1000647265737320287231352F7063293A20BB
:105F200030782530387800556E68616E646C656431
:105F3000204952516E3A202564002A2A2A2A2A2012
:105F4000425553204641554C54202A2A2A2A2A00D9
:105F50002020537461636B696E67206572726F7283
:105F6000002020556E737461636B696E67206572E3
:105F7000726F7200202050726563697365206461DE
:105F8000746120627573206572726F720020204206
:105F900046415220416464726573733A203078251B
:105FA00078002020496D70726563697365206461B3
:105FB000746120627573206572726F7200202049CF
:105FC0006E737472756374696F6E20627573206589
:105FD00072726F72002020466C6F6174696E672D5B
:105FE000706F696E74206C617A7920737461746566
:105FF00020707265736572766174696F6E20657268
:10600000726F72002A2A2A2A2A20555341474520B6
:106010004641554C54202A2A2A2A2A002020446925
:10602000766973696F6E206279207A65726F0020DD
:1060300020556E616C69676E6564206D656D6F7269
:1060400079206163636573730020204E6F20636F56
:1060500070726F636573736F7220696E737472759B
:106060006374696F6E73002020496C6C6567616CA6
:10607000206C6F6164206F66204558435F52455421
:1060800055524E20696E746F205043002020496C99
:106090006C6567616C20757365206F662074686538
:1060A0002045505352002020417474656D70742057
:1060B000746F206578656375746520756E646566B8
:1060C000696E656420696E737472756374696F6E4E
:1060D000002A2A2A2A2A204D5055204641554C5440
:1060E000202A2A2A2A2A002020537461636B696EB1
:1060F00067206572726F722028636F6E74657874A2
:106100002061726561206D69676874206265206E28
:106110006F742076616C6964290020204461746189
:10612000204163636573732056696F6C6174696F96
:106130006E0020204D4D46415220416464726573CB
:10614000733A2030782578002020496E7374727578
:106150006374696F6E204163636573732056696F62
:106160006C6174696F6E0052657365727665642048
:10617000457863657074696F6E202800537075727E
:10618000696F757320696E746572727570742028FA
:106190004952512000535053454C20696E20746879
:1061A00072656164206D6F646520646F6573206E35
:1061B0006F7420696E646963617465205053500088
:1061C0002A2A2A2A2A2048415244204641554C5422
:1061D000202A2A2A2A2A0020204275732066617507
:1061E0006C74206F6E20766563746F7220746162C8
:1061F0006C652072656164002020446562756720CB
:106200006576656E740020204661756C7420657338
:1062100063616C6174696F6E2028736565206265C7
:106220006C6F772900415243485F455843455054AD
:10623000207769746820726561736F6E2025780A13
:10624000002A2A2A2A2A204465627567206D6F6E0B
:1062500069746F7220657863657074696F6E202A47
:106260002A2A2A2A002A2A2A2A2A20257320256453
:1062700029202A2A2A2A2A006D7075004661696C35
:10628000656420746F20616C6C6F63617465206E4F
:106290006577204D505520726567696F6E202575B2
:1062A0000A00506172746974696F6E2025753A2016
:1062B00073616E69747920636865636B20666169D8
:1062C0006C65642E00464C4153485F300053524188
:1062D0004D5F300061626F727428290A006765742F
:1062E0006F7074006E65745F627566006E65745FD2
:1062F0006275665F73696D706C6500000001000077
:1063000000736F63003031323334353637383941FA
:106310004243444546007573626400626F61726473
:106320005F6364635F61636D5F756172740000FF3A
:10633000FFFFFFFFFF00000000000000FFFFFFFF66
:10634000FFFF0000000000003031323334353637B3
:1063500038396162636465660002FB349B5F8000CC
:106360000080001000000000000001040002000096
:106370000002000000000000000500000000000016
:106380000000000000000000000562745F62756696
:106390000062745F646174610044617461206275BD
:1063A00066666572206F766572666C6F7720286C02
:1063B000696E6B20747970652030782530327829C9
:1063C00000556E61626C6520746F206C6F6F6B207E
:1063D000757020636F6E6E20776974682068616ED7
:1063E000646C6520257500556E61626C6520746F64
:1063F000206C6F6F6B757020636F6E6E20666F72AE
:106400002068616E646C6520257500486172647750
:10641000617265206572726F722C20686172647798
:1064200061726520636F64653A20256400436F756F
:106430006C64206E6F74207375626D69742072785D
:106440005F776F726B3A20256400556E61626C65F0
:1064500020746F20616C6C6F636174652062756677
:1064600066657200556E68616E646C656420657661
:10647000656E7420307825303278206C656E20256A
:10648000753A202573004E6F2070656E64696E67E3
:10649000207065726970686572616C20636F6E6EE2
:1064A000656374696F6E00556E65787065637465B9
:1064B00064207374617475732030782530327820CD
:1064C0002573004E6F20636F6D6D616E6420736580
:1064D0006E7420666F7220636D6420636F6D706CE4
:1064E00065746520307825303478004F70436F64D0
:1064F000652030782530347820636F6D706C65745A
:10650000656420696E7374656164206F66206578C8
:106510007065637465642030782530347800546F7A
:106520006F20736D616C6C2028257520627974650D
:106530007329206576656E742030782530327800B6
:10654000496E76616C696420484349206576656EC2
:10655000742073697A65202825752900496E766153
:106560006C6964204C45206D657461206576656EAC
:10657000742073697A65202825752900574553547E
:106580005F544F504449522F7A65706879722F7367
:1065900075627379732F626C7565746F6F74682F91
:1065A000686F73742F6863695F636F72652E630031
:1065B0006576745F666C6167732026202831554CC0
:1065C000203C3C202830292900415353455254494E
:1065D0004F4E204641494C205B25735D20402025CD
:1065E000733A25640A00496E76616C6964206275AD
:1065F00066207479706520257500496E76616C6936
:1066000064204843492041434C207061636B6574AA
:106610002073697A6520282575290041434C206440
:10662000617461206C656E677468206D69736D615B
:106630007463682028257520213D20257529005583
:106640006E61626C6520746F2066696E6420636F92
:106650006E6E20666F722068616E646C65202575B1
:106660000062745F6863695F6576745F6765745F15
:10667000666C616773286864722D3E6576742920A4
:1066800026202831554C203C3C2028312929005512
:106690006E6B6E6F776E2062756620747970652000
:1066A000257500556E68616E646C65642076656E54
:1066B000646F722D737065636966696320657665C2
:1066C0006E7420307825303278206C656E20257508
:1066D0003A20257300657674206E756D5F68616E73
:1066E000646C657320283D25752920746F6F206CBC
:1066F000617267652028257A75203E20257529005E
:106700004E6F20636F6E6E656374696F6E20666F87
:10671000722068616E646C65202575007061636B22
:1067200065747320636F756E74206D69736D617429
:10673000636800696E74657276616C206578636564
:10674000656473207468652076616C696420726189
:106750006E676520307825303478006C6174656E22
:106760006379206578636565647320746865207655
:10677000616C69642072616E676520307825303401
:106780007800737570765F74696D656F75742065D8
:10679000786365656473207468652076616C6964EC
:1067A0002072616E67652030782530347800756E10
:1067B0006B6E6F776E005B305D00484349207472EA
:1067C000616E73706F72743A20257300436F6E743C
:1067D000726F6C6C6572004964656E7469747925BA
:1067E000733A202573004964656E746974795B257A
:1067F000645D3A202573004843493A2076657273F8
:10680000696F6E2025732028307825303278292052
:106810007265766973696F6E203078253034782C14
:10682000206D616E75666163747572657220307873
:1068300025303478004C4D503A2076657273696F7C
:106840006E20257320283078253032782920737502
:10685000627665722030782530347800556E61623A
:106860006C6520746F2073656E6420746F20647291
:106870006976657220286572722025642900556E3C
:10688000636C65617265642070656E64696E672013
:1068900073656E745F636D640073756363657373B2
:1068A0000009636F6D6D616E64206F70636F646566
:1068B000203078253034782074696D656F75740ADE
:1068C00000657272203D3D20300009436F6E747286
:1068D0006F6C6C657220756E726573706F6E736924
:1068E00076652C20636F6D6D616E64206F70636FD1
:1068F0006465203078253034782074696D656F7553
:10690000742077697468206572722025640A006FAC
:1069100070636F646520307825303478207374613B
:1069200074757320307825303278202573004661E5
:10693000696C656420746F207265616420444C4505
:10694000206D61782064617461206C656E007478DC
:106950005F6F637465747320657863656564732025
:106960007468652076616C69642072616E67652069
:1069700025750074785F74696D6520657863656559
:106980006473207468652076616C69642072616E3E
:106990006765202575004E6F6E2D4C452063617034
:1069A00061626C6520636F6E74726F6C6C657220CF
:1069B000646574656374656421004E756D206F664F
:1069C00020436F6E74726F6C6C6572277320414345
:1069D0004C207061636B65747320213D2041434CF2
:1069E0002062745F636F6E6E5F747820636F6E7485
:1069F000657874732028257520213D202575290090
:106A000041434C2042522F454452206275666665D0
:106A10007273206E6F7420696E697469616C697A33
:106A200065640056656E646F72204843492065783E
:106A300074656E73696F6E73206E6F74206176611A
:106A4000696C61626C6500485720506C6174666FB8
:106A5000726D3A202573202830782530347829004B
:106A600048572056617269616E743A202573202858
:106A700030782530347829004669726D7761726507
:106A80003A20257320283078253032782920566521
:106A90007273696F6E2025752E2575204275696C9D
:106AA00064202575004661696C656420746F2072EE
:106AB00065616420737570706F72746564207665AB
:106AC0006E646F7220636F6D6D616E6473004661FA
:106AD000696C656420746F207265616420737570E1
:106AE000706F727465642076656E646F722066657F
:106AF00061747572657300484349206472697665F4
:106B000072206973206E6F7420726561647900422F
:106B100054205258205751004843492064726976E6
:106B20006572206F70656E206661696C65642028EF
:106B3000256429004E6F2070656E64696E6720635E
:106B40006F6E6E20666F722070656572202573000F
:106B5000556E657870656374656420484F53545F63
:106B60004E554D5F434F4D504C455445445F504149
:106B7000434B4554532C20737461747573203078E3
:106B80002530327820257300312E306200312E31CD
:106B900000312E3200322E3000322E3100332E30B2
:106BA00000342E3000342E3100342E3200352E3099
:106BB00000352E3100352E3200352E3300352E347F
:106BC00000362E3000362E3100362E3200537461DE
:106BD0006E6461726420426C7565746F6F746820B6
:106BE000636F6E74726F6C6C65720056656E646F65
:106BF0007220737065636966696320636F6E747277
:106C00006F6C6C6572004669726D77617265206C9D
:106C10006F616465720052657363756520696D61AB
:106C20006765007265736572766564006E524635FD
:106C30003178006E5246353278006E5246353378E0
:106C4000006E524635344878006E524635344C78E2
:106C500000496E74656C20436F72706F7261746965
:106C60006F6E004E6F726469632053656D69636F68
:106C70006E647563746F72004E58502053656D6971
:106C8000636F6E647563746F72730062745F6863C0
:106C9000695F636F726500574553545F544F5044AA
:106CA00049522F7A65706879722F737562737973A0
:106CB0002F626C7565746F6F74682F686F73742FB3
:106CC0006863695F636F6D6D6F6E2E6300636D64E3
:106CD00020646973616C6C6F776564004F6E6C79CA
:106CE0002072616E646F6D207374617469632069D2
:106CF00064656E746974792061646472657373206D
:106D0000737570706F7274656400496E76616C693A
:106D10006420696E70757420706172616D65746550
:106D20007273004661696C656420746F20726561DE
:106D300064207075626C696320616464726573734A
:106D40000052656164205374617469632041646416
:106D500072657373657320636F6D6D616E64206E11
:106D60006F7420617661696C61626C65004661696F
:106D70006C656420746F2072656164207374617443
:106D8000696320616464726573736573004E6F207C
:106D9000737461746963206164647265737365738D
:106DA0002073746F72656420696E20636F6E7472F5
:106DB0006F6C6C65720043616E277420736574207C
:106DC000626F7468204944454E5449545920262026
:106DD0004E52504100556E61626C6520746F207395
:106DE0006574206964656E74697479206164647285
:106DF00065737300556E61626C6520746F207365F6
:106E0000742072616E646F6D206164647265737367
:106E10000062745F696400546F6F2062696720616B
:106E200064766572746973696E6720646174610069
:106E30004661696C656420746F207374617274209C
:106E400061647665727469736572004661696C6528
:106E50006420746F2073746F70206164766572743F
:106E60006973696E673A2025640062745F616476B5
:106E700000556E657870656374656420656E642086
:106E80006F662062756666657200030502000A621D
:106E9000745F7363616E004661696C65642072653E
:106EA00061642072656D6F746520666561747572CA
:106EB00065732028256429005048592030782530F2
:106EC0003278206E6F7420737570706F72746564A1
:106ED000004661696C656420746F2073657420647A
:106EE000617461206C656E202825642900556E65EB
:106EF00078706563746564206669727374204C32BF
:106F0000434150206672616D6500556E657870650D
:106F100063746564204C3243415020636F6E746922
:106F20006E756174696F6E004E6F7420656E6F755B
:106F3000676820627566666572207370616365209C
:106F4000666F72204C324341502064617461005579
:106F50006E65787065637465642041434C20666C8F
:106F60006167732028307825303278290041434CFE
:106F7000206C656E206D69736D61746368202825CF
:106F800075203E202575290028756E6B6E6F776E13
:106F900029006E6F207472616E736974696F6E2060
:106FA000257300496E76616C696420282575292057
:106FB0006F6C6420737461746500636F6E6E20255E
:106FC00070206661696C656420746F2065737461FC
:106FD000626C6973682E205246206E6F6973653F3C
:106FE000006E6F2076616C696420282575292073F6
:106FF00074617465207761732073657400696E63D2
:107000006F6D70617469626C652068616E646C6537
:107010002025750054696D656F757420646973630C
:1070200061726465642E204E6F20626C6F636B69C1
:107030006E6720696E2073797377712E00466174D4
:10704000616C206572726F7220282564292E20449D
:107050006973636F6E6E656374696E672025700077
:10706000466F756E642076616C696420636F6E6E26
:10707000656374696F6E20282570292077697468AC
:10708000206164647265737320257320696E202506
:1070900073207374617465200053656E64204C45E1
:1070A00020706172616D2075706461746520666125
:1070B000696C656420286572722025642900536517
:1070C0006E64206175746F204C4520706172616D33
:1070D00020757064617465206661696C6564202840
:1070E0006572722025642900646973636F6E6E6532
:1070F0006374656400646973636F6E6E6563742D99
:10710000636F6D706C657465007363616E2D62658D
:10711000666F72652D696E6974696174696E670066
:10712000696E6974696174696E672D66696C7465EE
:10713000722D6C697374006164762D636F6E6E6579
:10714000637461626C65006164762D6469722D639D
:107150006F6E6E65637461626C6500646973636F02
:107160006E6E656374696E670062745F636F6E6EE6
:1071700000556E61626C6520746F20616C6C6F638A
:107180006174652062756666657220666F72206F35
:107190007020307825303278004E6F20617661693A
:1071A0006C61626C65204C3243415020636F6E7499
:1071B00065787420666F7220636F6E6E2025700094
:1071C000457870656374696E672031207265662C3E
:1071D00020676F7420256400616C7265616479209A
:1071E000686176652076696577206F6E202570006E
:1071F0004C32434150206C656E677468206D697332
:107200006D617463682028257520213D202575292E
:1072100000496E76616C6964206964656E742076DD
:10722000616C756520696E204C324341502050449A
:107230005500496E76616C6964204C4520636F6E21
:107240006E20706172616D207273702073697A654F
:107250002028257520213D20257A75290052656A50
:10726000656374696E6720756E6B6E6F776E204C08
:10727000324341502050445520636F64652030787C
:107280002530327800546F6F20736D616C6C204C28
:1072900032434150207369676E616C696E6720509C
:1072A000445500546F6F20736D616C6C204C3243F9
:1072B00041502050445520726563656976656400CD
:1072C00049676E6F72696E67206461746120666FD2
:1072D0007220756E6B6E6F776E206368616E6E657F
:1072E0006C2049442030782530347800636F6E6616
:1072F00069670062745F6C326361700041545420AE
:107300006368616E6E656C206E6F7420636F6E6E65
:107310006563746564004572726F72207369676E8D
:10732000696E6720646174610052616E206F7574CC
:10733000206F662054582062756666657273206FF0
:107340007220636F6E74657874732E00556E61627F
:107350006C6520746F20637265617465206572725C
:10736000207273702050445500415454204D5455A0
:107370002065786365656465642C206D61782025DF
:10738000752C2077616E74656420257A7500556EC2
:1073900061626C6520746F2063726561746520633F
:1073A0006F6E6669726D2050445500556E61626C57
:1073B0006520746F2063726561746520727370203C
:1073C00050445500546F6F20736D616C6C204154B4
:1073D0005420504455207265636569766564005594
:1073E0006E68616E646C65642041545420636F6400
:1073F000652030782530327800496E76616C69649A
:10740000206C656E20257520666F7220636F646541
:107410002030782530327800556E61626C652074BA
:107420006F2063726561746520555549443A207335
:10743000697A6520257500556E61626C6520746FF0
:107440002063726561746520555549443A2073691B
:107450007A65202564004E6F20617661696C6162F7
:107460006C652041545420636F6E74657874206697
:107470006F7220636F6E6E202570004E6F206176F4
:1074800061696C61626C6520415454206368616E6F
:107490006E656C20666F7220636F6E6E20257000C3
:1074A0004E6F7420636F6E6E656374656400556E15
:1074B00061626C6520746F2066696E64204154546B
:1074C000206368616E6E656C00476F742065727230
:1074D0002025642C206E6F742063616C6C696E676C
:1074E00020415454206362004E6F20415454206365
:1074F00068616E6E656C20666F72204D5455202554
:107500007A75004E6F2070656E64696E6720415415
:1075100054207265717565737400446973636F6E8E
:107520006E656374696E67206661696C65642028A6
:1075300065727220256429004154542054696D6598
:107540006F757420666F72206465766963652025A7
:10755000732E20446973636F6E6E656374696E6722
:107560002E2E2E0062745F617474004E6F20737053
:1075700061636520746F2073746F726520434343A9
:107580002063666700756E61626C6520746F20739E
:107590006176652053433A206E6F20636667206CE6
:1075A0006566740052656164206D6574686F64205F
:1075B0006E6F7420736574004661696C6564207435
:1075C0006F2072656164206174747269627574659C
:1075D000202570202865727220257A642900496E62
:1075E00076616C69642072656164206C656E677495
:1075F000683A20257A6400434343202570206E6F4B
:1076000074207772697461626C65005343207265FF
:1076100073746F726520696E6469636174696F6EFB
:10762000206661696C656400426164207065657202
:107630003A2041545420726561642D62792D75752C
:107640006964207273703A20696E76616C69642097
:107650004154545220504455206C656E20257500CD
:10766000496E76616C69642068616E646C65004285
:10767000616420706565723A2041545420726561DE
:10768000642D62792D75756964207273703A204893
:10769000616E646C65203078253034782069732001
:1076A0006F7574736964652072657175657374654F
:1076B000642072616E6765203078253034782D3013
:1076C00078253034782E2041626F7274696E67209D
:1076D000726561642E004661696C656420746F2078
:1076E000756E737562736372696265202865727264
:1076F0002025642900496E76616C69642064617498
:1077000061206C656E202575203E20257500627411
:107710005F67617474004E6F20617661696C6162AD
:107720006C6520534D5020636F6E746578742066CD
:107730006F7220636F6E6E2025700062745F736DD0
:107740007000029ECADC240EE5A9E093F3A3B50203
:1077500000406E029ECADC240EE5A9E093F3A3B5B7
:107760000200406E029ECADC240EE5A9E093F3A35A
:10777000B50300406E029ECADC240EE5A9E093F337
:10778000A3B50300406E029ECADC240EE5A9E09377
:10779000F3A3B50100406E00070E091C1B1215383B
:1077A0003F363124232A2D726573756D6500537041
:1077B0007572696F7573202573206576656E740028
:1077C00065702030782530327820616C7265616494
:1077D0007920656E61626C656400456E64706F69E6
:1077E0006E74203078253032782076616C6964615F
:1077F00074696F6E206661696C6564006570203025
:10780000782530327820616C726561647920646912
:107810007361626C65640065702030782530327861
:10782000206973206E6F742068616C7465647C6479
:10783000697361626C6564004661696C656420749B
:107840006F20616C6C6F63617465206E65745F623C
:10785000756620257A642C206570203078253032BA
:10786000780053657175656E6365202575206E6FB0
:107870007420636F6D706C657465640044726F7022
:10788000207365747570207061636B6574202825A2
:107890007029005A4C5020657870656374656400E7
:1078A00043616E6E6F742064657465726D696E6598
:1078B00020746865206E6578742073746167650054
:1078C0005374617465206E6F74206368616E6765C0
:1078D0006421007564630073687574646F776E006B
:1078E000496E697469616C697A6564005072656992
:1078F0006E6974007564635F6E72667800466169D4
:107900006C656420746F207265676973746572209A
:10791000656E64706F696E7400556E6B6E6F776E16
:1079200020706F776572206576656E74202564001F
:107930006570203078253032782071756575652046
:10794000697320656D7074790053555350454E44EA
:107950002073746174652064657465637465640084
:10796000524553554D494E472066726F6D207375D1
:107970007370656E640052656D6F74652077616B1E
:1079800065757020696E69746961746564006570FD
:1079900020307825303278206F6B2C20717565751A
:1079A0006520697320656D707479004661696C6546
:1079B0006420746F20616C6C6F6361746520666F06
:1079C00072207365747570004661696C656420741B
:1079D0006F2064697361626C6520636F6E74726F8F
:1079E0006C20656E64706F696E74004661696C65C9
:1079F0006420746F2073746F70204846584F2025A0
:107A00006400526573657400627566666572207401
:107A10006F6F20736D616C6C3A20723A2025752C63
:107A2000206C3A202575004661696C656420746F8E
:107A300020656E61626C6520636F6E74726F6C207E
:107A4000656E64706F696E74004661696C65642070
:107A5000746F207374617274204846584F202564F7
:107A6000000001010101017573626440343030325D
:107A700037303030007564635F6E7266006E726618
:107A80005F757362645F636F6D6D6F6E00636C6FC3
:107A9000636B403430303030303030006866636CB7
:107AA0006B006C66636C6B00636C6F636B5F636F22
:107AB0006E74726F6C0072616E646F6D4034303042
:107AC00030643030300063696E7374722025303258
:107AD00078207472616E7366657220746F6F206CAB
:107AE0006F6E673A20257A7500636C656172004A93
:107AF00045444543206964205B2530327820253099
:107B0000327820253032785D206578706563742086
:107B10005B25303278202530327820253032785D70
:107B20000052445352206661696C65643A202564B2
:107B3000005244535220666F7220575253522066AF
:107B400061696C65643A20256400514520257320E5
:107B50006661696C65643A20256400726561642021
:107B60006572726F723A2061646472657373206F1C
:107B7000722073697A652065786365656473206532
:107B8000787065637465642076616C7565732E41E9
:107B90006464723A203078256C782073697A6520A5
:107BA000257A75007772697465206572726F723A12
:107BB0002061646472657373206F722073697A65E3
:107BC00020657863656564732065787065637465A6
:107BD000642076616C7565732E416464723A20305E
:107BE00078256C782073697A6520257A750065722E
:107BF000617365206572726F723A206164647265A8
:107C00007373206F722073697A6520657863656588
:107C100064732065787065637465642076616C7543
:107C200065732E416464723A203078256C78207335
:107C3000697A6520257A7500756E737570706F723C
:107C4000746564206174203078256C782073697ABB
:107C50006520257A750077616974206572726F728C
:107C6000206174203078256C782073697A6520252E
:107C70007A75006572617365206572726F7220613A
:107C800074203078256C782073697A6520257A75A0
:107C90000070323571313668403000717370695F41
:107CA0006E6F7200696E76616C69642061646472E3
:107CB0006573733A2030782530386C783A257A75B8
:107CC00000756E616C69676E6564206164647265DD
:107CD00073733A2030782530386C783A257A7500FD
:107CE0006E6F7420776F72642D616C69676E656466
:107CF0003A2030782530386C783A257A7500666CF1
:107D00006173682D636F6E74726F6C6C6572403452
:107D10003030316530303000666C6173685F6E7290
:107D200066006770696F4035303030303330300076
:107D30006770696F403530303030303030000001CE
:107D40000203040506074750494F20706F72743ACA
:107D5000202573206E6F74207265616479006C73E6
:107D60006D3664733374722D632D656E006D736DA3
:107D70003236316433353236686963706D2D632D68
:107D8000656E00726567756C61746F725F666978A5
:107D90006564004661696C656420746F20616C6C79
:107DA0006F6361746520505049204368616E6E6551
:107DB0006C007561727440343030303230303000D5
:107DC000756172745F6E7266785F7561727465005A
:107DD0004661696C656420746F20616C6C6F6361CF
:107DE0007465204750494F5445206368616E6E6545
:107DF0006C20666F722057414B45004661696C6587
:107E00006420746F20636F6E6669677572652057B2
:107E1000414B452070696E004353204750494F2025
:107E2000706F72742025732070696E20256420693C
:107E300073206E6F7420726561647900557064619F
:107E40007465206578636565647320637572726517
:107E50006E74206275666665720048616C662D649A
:107E600075706C6578206E6F7420737570706F72AA
:107E700074656400536C617665206D6F646520697C
:107E800073206E6F7420737570706F7274656420E8
:107E90006F6E202573004C6F6F706261636B206D95
:107EA0006F6465206973206E6F7420737570706FD6
:107EB0007274656400576F72642073697A65732009
:107EC0006F74686572207468616E2038206269740E
:107ED0007320617265206E6F7420737570706F729D
:107EE000746564004672657175656E6369657320BB
:107EF0006C6F776572207468616E20313235206B4B
:107F0000487A20617265206E6F7420737570706F8F
:107F100072746564004661696C656420746F2069E1
:107F20006E697469616C697A65206E726678206426
:107F300072697665723A2025303878005761697425
:107F4000696E6720666F722057414B452061636BF5
:107F50006E6F776C6564676D656E742074696D65AE
:107F600064206F75740054696D656F757420776156
:107F70006974696E6720666F72207472616E7366D1
:107F8000657220636F6D706C657465007370694015
:107F90003430303233303030007370695F6E726667
:107FA000785F7370696D000000000000010100003F
:107FB0000000000020303030303030303030303091
:107FC000303030000100000100000001000000001E
:107FD0000048616C74696E672073797374656D0015
:107FE000556E6B6E6F776E206572726F72003E3EDB
:107FF0003E205A455048595220464154414C204554
:1080000052524F522025643A202573206F6E204330
:108010005055202564004661756C74206475726942
:108020006E6720696E746572727570742068616E17
:10803000646C696E670A0043757272656E742074B1
:1080400068726561643A20257020282573290043F1
:10805000505520657863657074696F6E00556E6861
:10806000616E646C656420696E746572727570749B
:1080700000537461636B206F766572666C6F770076
:108080004B65726E656C206F6F7073004B65726E1E
:10809000656C2070616E6963006D61696E006F735D
:1080A00000737973776F726B71002A2A2A20426FEE
:1080B0006F74696E67205A6570687972204F53201B
:1080C0006275696C642076342E332E30202A2A2A79
:0480D0000A000000A2
:1080D4000000000069D00200000000000001000060
:1080E400000000000000000000000000000000008C
:1080F400000000000000000000000000000000007C
:108104000000000015110300000000000001000041
:10811400000000000000000000000000000000005B
:10812400000000000000000000000000000000004B
:10813400E03E050000C2010000000800000000004D
:10814400000000000000000000000000000000002B
:10815400000000000000000000000000000000001B
:1081640000000000EC09002000000000D8090020F5
:1081740000000000000000000000000000000000FB
:1081840000000000000000000000000000000000EB
:1081940000000000000000000000000000000000DB
:1081A40000000000000000000000000000000000CB
:1081B400000000000000000000000000EC000020AF
:1081C400EC0000200000000001000000FC00002082
:1081D400FC0000200000000000000000000000007F
:1081E400000000000000000000000000000000008B
:1081F400000000000000000000000000000000007B
:10820400000000000000000000000000000000006A
:10821400000000000000000000000000000000005A
:10822400000000000000000000000000000000004A
:10823400000000000000000000000000000000003A
:10824400000000000000000000000000000000002A
:10825400000000000000000000000000000000001A
:10826400000000000000000000000000000000000A
:1082740000000000000000000000000000000000FA
:1082840000000000000000000000000000000000EA
:1082940000000000000000000000000000000000DA
:1082A4008929030000000000000000000000000015
:1082B40000000000000000000000000000000000BA
:1082C40000000000000000000000000000000000AA
:1082D400000000000000000000000000000000009A
:1082E400000000000000000000000000000000008A
:1082F400000000000000000000000000000000007A
:108304000000000000000000000000000000000069
:108314000000000000000000000000000000000059
:108324000000000000000000000000000000000049
:108334000000000000000000000000000000000039
:1083440000000000603F05001F0000000000000066
:10835400FFFFFFFFFF1F00000000000000000000FF
:108364008802002088020020900200209002002051
:108374009802002098020020A0020020A002002001
:10838400A8020020A8020020B0020020B0020020B1
:10839400B8020020B8020020C0020020C002002061
:1083A400C8020020C8020020D0020020D002002011
:1083B400D8020020D8020020E0020020E0020020C1
:1083C400E8020020E8020020F0020020F002002071
:1083D400F8020020F802002000030020000300201F
:1083E40008030020080300201003002010030020CD
:1083F400180300201803002020030020200300207D
:10840400280300202803002030030020300300202C
:1084140038030020380300204003002040030020DC
:10842400480300204803002050030020500300208C
:10843400580300205803002060030020600300203C
:1084440068030020680300207003002070030020EC
:10845400780300207803002080030020800300209C
:10846400880300208803002090030020900300204C
:108474009803002098030020A0030020A0030020FC
:10848400A8030020A8030020B0030020B0030020AC
:10849400B8030020B8030020C0030020C00300205C
:1084A400C8030020C8030020D0030020D00300200C
:1084B400D8030020D8030020E0030020E0030020BC
:1084C400E8030020E8030020F0030020F00300206C
:1084D400F8030020F803002000040020000400201A
:1084E40008040020080400201004002010040020C8
:1084F4001804002018040020200400202004002078
:108504002804002028040020300400203004002027
:1085140038040020380400204004002040040020D7
:108524004804002048040020500400205004002087
:108534005804002058040020600400206004002037
:1085440068040020680400207004002070040020E7
:108554007804002078040020800400208004002097
:108564008804002088040020900400209004002047
:108574009804002098040020A0040020A0040020F7
:10858400A8040020A8040020B0040020B0040020A7
:10859400B8040020B8040020C0040020C004002057
:1085A400C8040020C8040020D0040020D004002007
:1085B400D8040020D8040020E0040020E0040020B7
:1085C400E8040020E8040020F0040020F004002067
:1085D400F8040020F8040020000500200005002015
:1085E40008050020080500201005002010050020C3
:1085F4001805002018050020200500202005002073
:108604002805002028050020300500203005002022
:1086140038050020380500204005002040050020D2
:108624004805002048050020500500205005002082
:108634005805002058050020600500206005002032
:1086440068050020680500207005002070050020E2
:108654007805002078050020800500208005002092
:108664008805002088050020900500209005002042
:108674009805002098050020A0050020A0050020F2
:10868400A8050020A8050020B0050020B0050020A2
:10869400B8050020B8050020C0050020C005002052
:1086A400C8050020C8050020D0050020D005002002
:1086B400D8050020D8050020E0050020E0050020B2
:1086C400E8050020E8050020F0050020F005002062
:1086D400F8050020F8050020000600200006002010
:1086E40008060020080600201006002010060020BE
:1086F400180600201806002020060020200600206E
:10870400280600202806002030060020300600201D
:1087140038060020380600204006002040060020CD
:10872400480600204806002050060020500600207D
:10873400580600205806002060060020600600202D
:1087440068060020680600207006002070060020DD
:10875400780600207806002080060020800600208D
:1087640000000000E807002050080020B80800209E
:1087740000000000000000000000000000000000F5
:1087840000000000000000000000000000000000E5
:1087940000000000000000000000000000000000D5
:1087A40000000000000000000000000000000000C5
:1087B40000000000000000000000000000000000B5
:1087C40000000000000000000000000000000000A5
:1087D4000000000000000000000000000000000095
:1087E4000000000000000000000000000000000085
:1087F4000000000000000000000000000000000075
:108804000000000000000000010000000000000063
:108814000E33CDAB34126DE6ECDE05000B00000028
:108824000000000000000000000000000000000044
:108834000000000000000000000000000000000034
:108844000000000000000000000000000000000024
:108854000000000000000000000000000000000014
:108864000000000000000000000000000000000004
:1088740000000000000000000000000000000000F4
:1088840000000000000000000000000000000000E4
:1088940000000000000000000000000000000000D4
:1088A40000000000000000000000000000000000C4
:1088B40000000000000000000000000000000000B4
:1088C40000000000000000000000000000000000A4
:1088D4000000000000000000000000000000000094
:1088E4000000000000000000000000000000000084
:1088F4000000000000000000000000000000000074
:108904000000000000000000000000000000000063
:108914000000000000000000000000000000000053
:108924000000000000000000000000000000000043
:108934000000000000000000000000000000000033
:108944000000000000000000000000000000000023
:108954000000000000000000000000000000000013
:108964000000000000000000000000000000000003
:1089740000000000000000000000000000000000F3
:1089840000000000000000000000000000000000E3
:1089940000000000000000000000000000000000D3
:1089A40000000000000000000000000000000000C3
:1089B40000000000000000000000000000000000B3
:1089C40000000000000000000000000000000000A3
:1089D4000000000000000000000000000000000093
:1089E4000000000000000000000000000000000083
:1089F400F1D0020025D0020069D30200000000007B
:108A040000000000CDDC0400DFEA0400D4460500C9
:108A1400000000000000000015100020580900208C
:108A24000000000000000000000000000000000042
:108A34000004010000000000EE5D050022030000B8
:108A4400000000000000000000030300000000001C
:108A5400000000000003000000000000000000000F
:108A64000002010000000000FF5D05002E0300006D
:108A740000000000000000000001010000000000F0
:108A8400165E05001E030000000000000000000048
:108A94000000000000000000B055050004030000C1
:108AA40077EE04007BEE04001CA60020000000000A
:108AB4000000000000000000000400001CAA0020C8
:108AC400000000000000000000000000000400009E
:108AD400E45D050000000000400A002000000000E2
:108AE400E03E050030100020381000204110002026
:108AF400461000204B1000204F100020541000207E
:108B04005B100020641000206B1000207210002005
:108B1400000000008BFE0400130005006D0005003A
:108B2400C101050029040500F5000500000000004E
:108B340049040500DD000500DFFF0400000000001B
:108B44008DFE040000000000750805000000000010
:108B54000000000000000000351A030000000000BF
:108B64000000000000000000F142030000000000CB
:108B74000000000000000000413E0300000000006F
:108B840000000000B40A0020B40A00200000000025
:108B940000000000F55103002D60030000000000F8
:108BA4000000000000000000AD5403001114050093
:108BB400D7140500A550030000000000BA550500B5
:108BC4000000200000000000000000000000000081
:108BD40000000000B11A050000000000CE55050099
:108BE40000000200DA55050000000200E655050009
:108BF400000002005377050000000C000000000094
:108C04000000000000000000831D050000000000BB
:108C1400000000007577050000001000000000004F
:108C240044280020000000003D9A030000000000DA
:108C34004C280020000000005D8E030000000000AE
:108C44005428002000000000950F040000000000DC
:108C54005C28002000000000950F040000000000C4
:108C64006428002000000000618B03000000000065
:108C74007C32002000000000E51804000000000021
:108C84009432002000000000950F04000000000052
:108C94009C3200200000000085B2030000000000A8
:108CA4001033002000000000D11F04000000000069
:108CB40034330020000000007DBB030000000000EE
:108CC4003C33002000000000950F04000000000069
:108CD400443300200000000021BD03000000000018
:108CE4004C3300200000000069C5030000000000B0
:108CF4001037002000000000603700200000000052
:108D04004039002000000000F0390020000000007D
:108D1400DD270400000000003C3A002000000000B1
:108D2400B90C040000000000683A002000000000B4
:108D3400950F0400000000003C3B002000000000F0
:108D4400950F040000000000443B002000000000D8
:108D5400950F040000000000903E00200000000079
:108D6400097E030000000000883E0020000000008F
:108D7400097E030000000000803E00200000000087
:108D8400717A030000000000783E0020000000001B
:108D9400097E030000000000703E00200000000077
:108DA400717A030000000000683E0020000000000B
:108DB400097E030000000000000000000000000025
:108DC400000000000000000000000000000000009F
:108DD400000000000000000000000000000000008F
:108DE400000000000000000000000000000000007F
:108DF400000000000000000000000000000000006F
:108E0400000000000000000000000000000000005E
:108E1400000000000000000000000000000000004E
:108E2400000000000000000000000000000000003E
:108E34000000000000000000680D0020680D002004
:108E440000000000000000000E0000000000000010
:108E5400000000000000000000000000000000000E
:108E640000000000940D0020940D0020010000007B
:108E740001000000A40D0020A40D0020AC0D002072
:108E8400AC0D00200000000001000000BC0D00201B
:108E9400BC0D00200000000000000000DC0D0020DC
:108EA40000000000000000000000000000000000BE
:108EB400000000005E4500202000000000000000CB
:108EC4000000000000000000B45205000100000092
:108ED400000E0020000E0020000000000100000031
:108EE400100E0020100E0020180E0020180E002076
:108EF4000000000001000000280E0020280E0020C1
:108F0400000000000000000000000000000000005D
:108F1400000000000000000000000000000000004D
:108F240000000000C03F0500000000000000000039
:108F3400864500207E450020FF0000003FC00F0052
:108F440090020000740E0020740E0020FFFFFFFF4B
:108F54000000020090060020430000000000000012
:108F640000000000000000000000000000000000FD
:108F740000000000000000004300000000000000AA
:108F840000000000000000000000000000000000DD
:108F9400000000000000000043000000000000008A
:108FA40000000000000000000000000000000000BD
:108FB400000000000000000043000000000000006A
:108FC400000000000000000000000000000000009D
:108FD400000000000000000043000000000000004A
:108FE400000000000000000000000000000000007D
:108FF400000000000000000043000000000000002A
:10900400000000000000000000000000000000005C
:109014000000000000000000430000000000000009
:10902400000000000000000000000000000000003C
:109034000000000000000000E5CD040061BC040055
:1090440000000000FC5205008C550500A04D0500F1
:10905400A04D0500A04D0500A04D0500A04D050044
:10906400A04D0500A04D0500A04D0500A04D050034
:10907400FFFFFFFFFFFFFFFFFFFFFFFFFFFF0000FA
:109084000100415343494900000000000000000072
:1090940000000000000000000000000000000000CC
:1090A4000000415343494900000000000000000053
:1090B40000000000000000000000000000000000AC
:1090C400000000000000600030000000000000000C
:1090D4009ECADC240EE5A9E093F3A3B50100406E1B
:1090E400066872640009020000000100807D12011C
:1090F4000002EF020140E32F04000304000000001B
:10910400080B000202020000090400000102020030
:1091140000052400100105240100010424020205B5
:10912400240600010705810310000A090401000256
:109134000A00000007058202400000070501024002
:049144000000000027
:109148000000000000000000000000000000000017
:0C9158000000000000000000000000000B
:1091640000000000000000000000000000000000FB
:1091740000000000000000000000000000000000EB
:1091840000000000000000000000000000000000DB
:1091940000000000000000000000000000000000CB
:0491A40000000000C7
:1091A800D4100020D4100020809F00200000000070
:1091B800010000002C00000000000000F01000205A
:1091C800F0100020007400200000000001000000E2
:1091D800B0000000000000000C1100200C1100205D
:1091E800AC9F0020000000000300000010000000F9
:1091F80000000000281100202811002028750020F8
:10920800000000000800000010000000000000003E
:1092180000000000DC9F00200004000000000000A7
:049228000000000042
:10922C005811002058110020000000000000000020
:10923C000E0000006C1100206C11002000000000DA
:08924C00000000000E0000000C
:1092540080110020801100200C0000000A00000092
:10926400B074002028750020B0740020B074002071
:1092740000000000A4110020A41100200000000040
:10928400B0110020B0110020010000000100000016
:10929400C0110020C0110020C8110020C8110020F6
:1092A4000000000001000000D8110020D8110020A7
:1092B400E0110020E011002000000000FFFFFFFF8C
:0892C400F0110020F011002060
:0C92CC00F8110020F81100200000000044
:1092D80000000000000000000C1200200C1200200A
:0892E8001412002014120020F2
:1092F00000000000000000002412002024120020C2
:109300002C1200202C12002003000300100000008B
:1093100000000000B44805007C9800200000000018
:1093200000000000501200205012002058120020AF
:10933000581200200300030010000000995D030094
:10934000D0490500089F0020000000000000000038
:109350007C1200207C120020841200208412002045
:109360000300030000000000000000006847050043
:10937000B48F00200000000000000000A8120020B0
:10938000A8120020B0120020B0120020010001003D
:1093900010000000453D0300A04805003892002061
:1093A0000000000000000000D4120020D4120020B1
:1093B000DC120020DC12002003000300000000008B
:1093C0000000000068480500F09100200000000047
:1093D00000000000001300200013002008130020EC
:1093E000081300200C000C00040000000D14030002
:1093F00054470500D88D0020000000000000000048
:109400002C1300202C1300203413002034130020D0
:109410000100010000000000000000007C47050082
:109420000091002000000000000000005813002000
:10943000581300206013002060130020100010005B
:109440000A000000611E050030500500DCA300206A
:0894500030430500BC2600209A
:10945800255E05000000000000000000000000007C
:109468000000000000000000803F05000000000030
:1094780000000000000000000000000000000000E4
:1094880000000000000000000000000000000000D4
:1094980000000000000000000000000000000000C4
:1094A80000000000000000000000000000000000B4
:1094B8000000000000000000000000001E10002056
:0494C80000000000A0
:1094CC0000000000000A0020000000000000000066
:0894DC00000000000000000088
:0494E40015E015E09A
:040000032000FC1DC0
:00000001FF
