:020000022000DC
:107000000051002029950200AD05040015950200ED
:10701000159502001595020015950200000000006C
:10702000000000000000000000000000F1950200D8
:1070300015950200000000008D95020015950200D4
:10704000C1970200C1850300C1970200C1970200E9
:10705000C1970200C1970200C1970200C1970200C8
:10706000C1970200C1970200C1970200C1970200B8
:10707000C1970200C1970200C1970200C1970200A8
:10708000C1970200C1970200C1970200C197020098
:10709000C1970200C1970200C1970200C197020088
:1070A000C1970200C1970200C1970200C197020078
:1070B000C1970200C1970200C1970200C197020068
:1070C000C1970200C1970200C1970200C197020058
:1070D000C1970200C1970200C1970200C197020048
:1070E000C1970200C1970200C1970200C197020038
:1070F000C1970200C1970200C1970200C197020028
:1071000053B94AB9002908BF00281CBF4FF0FF310E
:107110004FF0FF3000F00CB8ADF1080C6DE904CE73
:1071200000F022F8DDF804E0DDE9022304B0704746
:10713000704700BF10F8012B11F8013B012A28BF4E
:107140009A42F7D0D01A7047034611F8012B03F882
:10715000012B002AF9D17047034613F8012B002AAE
:10716000FBD1181A013870472DE9F04786468C4646
:107170000846089E154674461946002B40F0C2800A
:107180008542B2FA82F245D94AB1C2F1200300FA2F
:1071900002FC2EFA03F3954043EA0C0C94404FEAAC
:1071A000154EA8B2BCFBFEF8230C0EFB18CC08FB56
:1071B00000F943EA0C43994528D9EB1808F1FF3749
:1071C00004D2994502D9A8F102072B44A3EB090385
:1071D000A4B2B3FBFEFC0EFB1C330CFB00F044EA34
:1071E0000344A04214D92C190CF1FF3304D2A0425D
:1071F00002D9ACF102032C44241A43EA07401EB121
:10720000D440002334607360BDE8F0874746DDE773
:107210006346F1E792BB431B01214FEA154EAFB223
:10722000B3FBFEFC200C0EFB1C330CFB07F840EA02
:107230000343984562D9EB180CF1FF3004D298450E
:1072400002D9ACF102002B44A3EB0803A4B2B3FBB8
:10725000FEFC0EFB1C330CFB07F744EA0344A74279
:107260004ED92C190CF1FF3304D2A74202D9ACF14C
:1072700002032C44E41B43EA0040C0E7C2F12003B0
:1072800020FA03F1954090402EFA03F303434FEAAE
:10729000154EAFB2B1FBFEFC0EFB1C10190C0CFB23
:1072A00007F841EA0041884504FA02F422D9691836
:1072B0000CF1FF3004D2884502D9ACF10200294418
:1072C000A1EB08019BB2B1FBFEFC0EFB1C110CFBF9
:1072D00007F743EA01439F420ED9EB180CF1FF3147
:1072E00004D29F4202D9ACF102012B44DB1B41EADC
:1072F000004192E76046E3E76146F7E76046A3E7AF
:107300006346B7E7834206D916B9002108467BE7F2
:10731000C6E900E0F9E7B3FA83F78FB9834201D3F6
:10732000724508D8BEEB020460EB030301209C46C3
:107330001EB9002168E73846FAE7C6E9004CF8E7CD
:10734000C7F1200CBB4022FA0CF41C432EFA0CF1BE
:1073500020FA0CF3B84001434FEA14490EFA07F53E
:10736000B3FBF9F81FFA84FE09FB18300B0C08FB7D
:107370000EFA43EA00439A4502FA07F240D9E318AD
:1073800008F1FF3004D29A4502D9A8F10200234443
:10739000A3EB0A0389B2B3FBF9F809FB183308FB26
:1073A0000EFE41EA03418E452CD9611808F1FF33E6
:1073B00004D28E4502D9A8F10203214443EA0040D9
:1073C000A0FB0298A1EB0E014145CE46434602D3F5
:1073D00006D14D4504D2B9EB020E68EB0403013827
:1073E000002EA6D0B5EB0E0261EB030101FA0CFCF6
:1073F00022FA07F34CEA0303F940C6E9003198E7A3
:107400004046C5E74346D9E72DE9F843D0E90738B8
:10741000856903EB08042F34A5420F46164619D898
:10742000DFF86C80A3FB080117A3D3E90023FFF763
:1074300067FE0346601BA0FB080123F07F4412A3F4
:10744000D3E90023FFF75CFE20F07F403C60306012
:10745000BDE8F883DFF838900BA3D3E90023A5FB40
:107460000901FFF74DFE20F07F440A480A2106A3D8
:10747000D3E90023E8FB0901FFF742FE20F07F403B
:107480003C603060BDE8F8838D49FD1A07000000BC
:1074900000CA9A3B00166BF1002800F037812DE9F5
:1074A000F04FC74C94F85E30DA078DB000F1688178
:1074B000627F94F8293004EB820204EB8303166A9E
:1074C000DF6A0EB3354615F8020BC0F3801009F0E1
:1074D00005FA0368C6F802308388AB8033785B0610
:1074E00006D50621284607F03BFE002800F04A8119
:1074F0003D4615F8020BC0F3801009F0EFF9036860
:10750000C7F802308388AB80337813F00E0F40F059
:10751000958063691BB10C200DB0BDE8F08F09F0B8
:1075200081FE8146002800F03B8109F087FE8246FB
:10753000002800F032810CF06DFA0546002800F0BA
:107540003181D0F888004FF6FF73AB8405F1100B42
:10755000002800F01D8105F17C0205F1780107F09B
:107560000BFEB5F8763023F4EF6323F0070343F402
:107570008C7343F00103A5F8763095F8373003F0AB
:107580003F0363F07F0385F8373095F88E3023F0A2
:10759000070385F88E3095F83C3023F00F034FF049
:1075A000000885F83C304FF4C023C5F88E312846DA
:1075B000C5E91288C5F88880A5F88C8085F83980DF
:1075C000A5F82A80C5F82E80C5F85080A5F86081FE
:1075D000A5F89481A5F88A810EF0CEF985F864812A
:1075E000C5F868910CF0E2FC95F89C3160F3020359
:1075F00085F89C310CF0E0FC95F89C3160F3C503F4
:1076000085F89C3195F8623168F3410385F8623161
:10761000012128460DF082F805F1E0000DF0CCFFC5
:10762000C4E9159AC4F814B0C5E9028885F8008049
:107630002D6111F073FC002840F0A680237E01210B
:10764000C3F342030DF12B008DF82B3007F030FF10
:10765000024600285CD0394630460BF033FD5949CC
:10766000594BB4F85C70A0FB0101C0184FF0000545
:1076700051A3D3E9002341F10701C4E90255257064
:10768000FFF73EFD606009F0E7F800F109083FB937
:10769000357805F00F05A5F10105B5FA85F56D09F9
:1076A000207E636865F3000010F00105207636D077
:1076B000464A0992002010600225454A454F04932E
:1076C0000BAE019305920321CDE9020006944346D7
:1076D0000090089607972A460B9508F0BFFF3146A1
:1076E00009F022FEA0B93C4905914AF2D833009333
:1076F000CDE90300CDE901000797089606944346BB
:10770000012203210B9508F08DFF2EE00BF076BCD3
:107710006369002B3FF4FFAE0BF046FCFBE62B4AFF
:107720002E48049303F247130694029591211360A7
:10773000A7FB000301FB0731264B0793244B05935E
:107740004FF6FF730992022703930BAE1AA3D3E9F6
:1077500000230B970896FFF7D3FC4346CDE9005072
:107760003A462846032108F079FF314609F0DCFD4E
:107770000028CDD194F85E3043F0010384F85E30E8
:107780000020C9E61220C7E60BF00EFC0320C3E67A
:1077900005F18000C5F88800DDE6484609F048FD9F
:1077A0000720B9E6504609F04FFD484609F040FD74
:1077B000F6E700BFAFF300808D49FD1A0700000017
:1077C0008020002000CA9A3B8C49FD1A74200020BA
:1077D00039310300750903002D2E0300002AE784C8
:1077E00070B5037E8AB0C3F342030D4604460121FF
:1077F0000DF1230016468DF8233007F059FE31466F
:10780000024628460BF05EFC1F49204AA0FB0131CE
:10781000981841F107011AA3D3E90023FFF770FC80
:1078200063689842054621D21B1A00220192184A29
:107830000293184BA21AA3FB0232022192090023E1
:107840000A4409AE099114490591CDE90333032196
:10785000D2B206960093184608F060FF314609F050
:1078600063FD38B9656000200AB070BDFBD9C21A4B
:107870000023DBE70C200AB070BD00BFAFF300802F
:107880008D49FD1A0700000000CA9A3B8C49FD1A79
:1078900080200020ABAAAAAA7509030000000000FE
:1078A00038B5194C9DF810E094F828C01CF001057B
:1078B00021D163F3420C4001237DA1834FEACE0E18
:1078C0000EF0180E00F0200040EA0E0023F03803FE
:1078D00003430E4823759121A2FB000384F828C0BE
:1078E00001FB023106A3D3E90023FFF709FCC4E939
:1078F0000800284638BD0C25284638BDAFF3008067
:107900008D49FD1A07000000080E0020002AE784B8
:107910002DE9F043044600F1150190F82800237D7D
:107920003F4DC0F3400060F386138DB0237508F01F
:10793000E5FF227DA38B3B48246102F079020027FA
:1079400022759121A3FB0002C4E90277277001FB95
:10795000032131A3D3E90023FFF7D2FB324A636A44
:107960002362651BA2FB05250933C5F34715984221
:1079700005EB450898BF27624FEA88082B4F8EBF5A
:10798000636003466060064647F8083008F064FF0D
:1079900047440DF12C090997CDF820900694A38B4C
:1079A00000F109081F480027A3FB0002039791215B
:1079B00001FB0321636804931D4B07931D4B059343
:1079C00002230B9314A3D3E90023FFF799FB10467E
:1079D00019464FF47A720023FFF792FB0435EDB29B
:1079E000CDE90160032143462A460097384608F056
:1079F00035FE494609F098FC40B994F8283043F028
:107A0000010384F828300DB0BDE8F0830C200DB0E0
:107A1000BDE8F083AFF300808D49FD1A0700000038
:107A2000080E0020002AE784A38B2EBAF82000203D
:107A300075090300213603002DE9F04F05468BB090
:107A40008B46012002219946144613F089F9002241
:107A500002218246012007F0DFFB2F494FF4D47248
:107A6000284607F069FB461D2C4B0093F6B20195A2
:107A70004B4632460121002008F0AAFE10F0FD0F0F
:107A800042D1274BA4FB0348204621A3D3E900237E
:107A90004146FFF735FB089506956B680493214B2B
:107AA00020F07F47A7FB0331E01A1F4B07934FF0ED
:107AB00007021E4B059302FB07114FF6FE7368EB9E
:107AC000010103934FF47A720023FFF719FBCDF8FD
:107AD00000B0CDE901704B4632460121002008F08C
:107AE000A1FD10F0FD0F0DD1BAF1000F02D10BB0C6
:107AF000BDE8F08F0122022110460BB0BDE8F04F27
:107B000007F08ABB00DEEFE700DEBAE7AFF30080E4
:107B10008D49FD1A07000000380E0020D5380300FB
:107B200000CA9A3B8D49FD1ABD380300E582030067
:107B30002DE9F0418468A28C4FF6FF739A428CB015
:107B400000F08E80054620460EF092F92B7D012B29
:107B500000F00D81022B00F00081002B00F0DF808F
:107B600094F86471002F40F0FB802B8AE68D94F925
:107B70003720CDE90A77002B75D0002AC0F2418169
:107B80000023A4F89031AB7CA28D03F00303551CB5
:107B9000012BADB200F0BF80B4F89431002B00F09F
:107BA000EC80AB4240F246815B1B9BB2062BA4F8F3
:107BB00094314FF000028CBF00230123E2851F4661
:107BC00094F83C2063F3820284F83C2029460DF1AE
:107BD000270220460DF00CFF743000F02581B4F828
:107BE0008E312BB1AB4240F2FD805B1BA4F88E318D
:107BF000B4F88A312BB1AB4240F2EB805B1BA4F8A6
:107C00008A31E58D17B9AE4200F0DA800135ADB2A8
:107C100094F8D13013F0010640D1DDE90A130A4689
:107C2000002B40F0DD80002900F0CC801E46184675
:107C3000A28C24690694CDE9035705329C4D02902D
:107C4000CDE90016D2B201210020059508F066FDAD
:107C500010F0FD0F04D009F091FB844240F0FB804E
:107C60000CB0BDE8F081002AB8BF84F8D570AB7CB9
:107C7000A28D03F00303551C012BADB24BD0B4F819
:107C80009031002B88D0AB4240F2D9805B1BA4F826
:107C90009031B4F89431002B83D191E794F93720D7
:107CA0006FF30003002A84F8D130C0F2818094F889
:107CB0007600C0F3C00100F0070010F0B3FFB4F885
:107CC0006E20B4F86C301344E28B03F23F1313447C
:107CD0000344784A78480721E3FB0021104672A349
:107CE000D3E90023FFF70CFADDE90A1320F07F4205
:107CF00060686260904235BF161A801A0020002624
:107D00000A46002B94D156EA010C91D1002859D093
:107D100019461E468CE70023A4F8943150E794F8E6
:107D20008E3003F01803182B7FF41AAF218DB4F8AE
:107D30008C218B1D9A42C4BF931F5B1AB4F8881123
:107D4000CCBF9BB21346994200F09480A4F88831CE
:107D5000A4F88A31A4F88E2102E73D2784F86471E3
:107D6000394620460CB0BDE8F0410CF0DFB90023E5
:107D7000A4F88E31A4F88A31F2E6E28C052A97BF86
:107D8000013240F2E2434FF4FA7392B203FB02F283
:107D9000B4F8923142F2107101FB0323013BB3FBB3
:107DA000F2F39BB2A4F89431002B7FF4FAAE07E70C
:107DB00094F87700012100F0070010F035FF7EE70E
:107DC0003D4625E7002D3FD000261146304633467C
:107DD0002EE70023A4F88A3120460DF09BFE10E721
:107DE000304625E709F070FA014680B30023A4F875
:107DF0008E31A38CC3801B230371006809F036FA0F
:107E0000F6E694F8D53043B3013B84F8D53004F15D
:107E1000E00840460DF012FC90B340460DF00EFC19
:107E200090B30023E385ABE69DF8271020460CF0C5
:107E30007DF915E7082120460CF078F910E73E217E
:107E400020460CF073F90BE7002FBDD108E70123A2
:107E5000A4F88E31CCE600DE02E70AAA0BA9284678
:107E6000FFF7D2FADDE90A231343D0D0237884F850
:107E7000D530CCE7B4F88E1100297FF471AE67E7F6
:107E8000FF200CF015F9C8E70246D4E91E0107F0FF
:107E90008BF90028C5D194F83C301B0744BF238DD3
:107EA000E3856DE6AFF300808D49FD1A0700000001
:107EB000153903008C49FD1A00CA9A3B00000000E6
:107EC0002DE9F04F87B0B0F86071BDF84C9000918B
:107ED000CDE90423B0F82431BDF840A01F44BFB25F
:107EE0000446A7EB090390F87600D4F81C819EB2F3
:107EF000BDF844300193C0F3C001BDF8483003968B
:107F000000F00700029310F08DFEE58C052D40F285
:107F1000A48015FB06F5ADB240F2E24BBAF1050FB5
:107F200040F28F80B4F86E20B4F86C30134403F242
:107F3000D5130344764A77480721E3FB00214FF02D
:107F40009613E3619623104623846FA3D3E900239D
:107F5000FFF7D6F8564620F07F4040F2E2430BFB95
:107F600005F203FB06F6531E3344B3FBF6F31FFA88
:107F700083FB606006FB0BF082425D4653D265498D
:107F8000801AA0FB010160A3D3E90023FFF7B8F832
:107F900020F07F408044B4F82421B4F86031A9EB8C
:107FA00007094D44ADB213442B44A4F86031638DEE
:107FB00013441D4494F837306585DB0955D100DE44
:107FC00000273546019B2385029BA4F89231314658
:107FD0002046A4F826A00DF037FD4F4B218D3344E9
:107FE000881DB3FBF6F39AB29042A4F88C2104D218
:107FF000C1F57F41FA310A4492B2009BA4F888216E
:1080000013B10023A4F8943143462A46394620464A
:10801000FFF712FD94F8623143F0010384F86231F6
:1080200007B0BDE8F08F121A3A48A2FB000136A350
:10803000D3E90023FFF764F820F07F40A8EB0008A5
:10804000A9E74FF096130AF10106E3619623238412
:10805000B6B20A204FF4FA7381E7039B013515FB92
:1080600003F5ADB24FF4FA7B58E7216CA36C294FAE
:1080700001FB0233039A01FB1233A3640023C4F80B
:10808000DC3010F09FFF054694F8D400C0F34200A6
:1080900010F09AFF054406FB05F5204B1C4805F53A
:1080A000742505F23F25A3FB0535AD0CA36C2564B3
:1080B0000BFB05FB72085B44963A934228BF1346BC
:1080C000C4E91123049B40F2E24909FB03F30721B1
:1080D0002365EBFB07010CA3D3E90023FFF710F89E
:1080E0000F4B059AA8EB0008A3FB0230800A09FB9E
:1080F00000F0A0FB070104A3D3E90023FFF700F879
:10810000751B20F07F475DE78D49FD1A07000000D1
:108110008C49FD1A00CA9A3B7FC3C90183DE1B4309
:108120005917B7D1000000002DE9F04F0D4609683E
:10813000B0F82EC0D1F800900146144651F82EAB8D
:1081400052F8086B8F788346D0F81E00BBF82210D7
:108150009BF81C80A4F808C09770DBF82A206260A6
:1081600091B0DBF83A20C4F82220ADF83C109BF81F
:108170003E100E9084F8261010AB13E9030004F1B2
:1081800022020C90ADF834101046052107F090F94A
:1081900094F8272000F03F0060F3050284F82720C0
:1081A0009BF83F20C2F3040184F82810BBF8341078
:1081B000E1820128C8F380180DD902F01F021B329A
:1081C00002F01F020B2A06D889B2063989B240F69E
:1081D0007A42914219D90021C9F8081094F82C204C
:1081E00061F3000284F82C200125DBF80C408BF8A9
:1081F00004505046594609F02DF820682571214653
:1082000011B0BDE8F04F09F031B82A680021516083
:10821000BBF836202283E78ABBF832300A9340F25B
:10822000E242304602FB07F70DF022FC9BF83F10BC
:1082300096F8D400490961F3430086F8D40010F0A1
:10824000C1FE0B9096F8D400C0F3420010F0BCFEC3
:108250000B99084407FB00F0994900F5742000F2DF
:108260003F20A1FB00107908800C963920636163E0
:108270009BF8311040F2E24201FB02F26264BBF86B
:108280003820A6F89221394630460DF0DDFB8D4AA4
:108290008D49C6F898113A44B2FBF7F290B2A6F8AD
:1082A0008C01218B01F1060C604504DDC1F57F4195
:1082B000FA31014488B25946A6F8880111F81C2FFA
:1082C000C907C2F3401200F1EC80BDF83410ABF8DE
:1082D00023100C988BF81E804FF48071CBF81F0090
:1082E000ABF81C10E18AABF82610218BABF82810F4
:1082F000B6F89211ABF82A1096F8D4100B92C1F38D
:1083000042018BF82C1030460BF090FBA082ABF8AA
:108310000600D5F804805046594608F09BFFA38A12
:108320000B9AA8F806301C23D8F800A088F804306F
:10833000002A40F0A28088F81C204146504608F0F0
:1083400095FF94F86700B4F85CA0B4F85E80012152
:1083500000F0070010F068FCD04408F2D51800EBDC
:1083600008038246DFF8648159480721E3FB0801CE
:108370004FF09613C4E903334FA3D3E90023FEF76C
:10838000BFFE20F07F407060EB680A98226B40F2DD
:10839000E24101FB003404F2B3440221A41A01209B
:1083A000BF1A002206F038FF48460BF03BF8A4EB5A
:1083B0000A040246A4FB080114463FA3D3E90023A4
:1083C000FEF79EFECDF80490AB684249009120F084
:1083D0007F4AA21C363BD2B253440121002008F050
:1083E000F7F901285FD099F81830DB0751D43046EF
:1083F0000BF01CFB354BA7FB039804462EA3D3E9D7
:10840000002348464146FEF77BFE334BAD68334AB6
:10841000079220F07F47A7FB0331B9EB0300304BF5
:1084200005934FF4F8730696089373684FF0000BAA
:10843000CDE903B34FF0070303FB071168EB01011C
:108440004FF47A720023FEF75BFE0534363DE4B24A
:10845000CDE90170CDF800A02B46224601215846F7
:1084600008F0E0F810F0FD0F23D1012202211046A0
:1084700011B0BDE8F04F06F0CFBE94F8273043F0BE
:10848000400384F82730201D10F024F801222085B5
:1084900051E70023012200931846114608F056F9CF
:1084A000A5E700DE11E708F069FF81459BD000DEFB
:1084B00099E700DED9E700BF8D49FD1A07000000EB
:1084C00083DE1B437FC3C901404B4C0000CA9A3B6B
:1084D0008C49FD1A6D8303008D49FD1ABD8203008E
:1084E000E582030000000000F0B5C468636883B053
:1084F0000546002B40D112F011F8002012F032F89E
:108500000021084612F020F800222521082012F050
:108510005DF8374B019301A812F044F8354940F259
:108520005B6012F0FBF8237AC3F3420262F3061396
:108530002372204610F0CCFE27682E68384610F0D3
:1085400029FB06446A6806F10901012012F020FAAD
:1085500012F00EFB20460AF071FF811C3246C9B2B0
:10856000384610F019FB054698B9204610F0E0FA9D
:1085700068B9002003B0F0BD93F82C309B07BAD047
:108580001D48214611F09EFF12F072F8F1E700DE5F
:10859000EFE71A4A1A491B4840F2114317F01FFE31
:1085A000194B0721A5FB030301FB05310EA3D3E9FA
:1085B0000023FEF7A5FD15490246154817F00FFEEA
:1085C000002585F31188BFF36F8F0323184602DF60
:1085D0001048214611F076FF12F04AF86FF08B0038
:1085E000C8E700BFAFF3008000CA9A3B000000005C
:1085F000D6BE898E55555500D98C0300D06704002E
:108600001C680400946604008D49FD1A4C6804003F
:1086100020680400D58F03002DE9F041C468237958
:108620006FF300038CB023710F46054611F076FFFF
:10863000002011F097FF0021084611F085FF082067
:108640000022252111F0C2FF012008F037FF002889
:1086500064D01C3011F0E4FF494B0B930BA811F0D0
:10866000A1FF484940F25B6012F058F82079C0F34E
:108670004100253010F0A2FA4348214611F022FFB4
:1086800023799B062DD5962012F076F900231A4601
:108690001946184612F0A8F8D4F800802E68404613
:1086A00010F078FA06446A6806F10901002012F019
:1086B0006FF912F05DFA12F007F920460BF072F82C
:1086C000011DC9B24046324610F066FA054648BB65
:1086D00057B1204610F02CFA10BB00200CB0BDE8BA
:1086E000F08112F0E1F8D7E72369002BF1D0274D94
:1086F0000795274D059540F2F3150093CDE90377D3
:10870000CDE901770694334603223946089507F0F0
:1087100089FF10F0FD0FDCD000DEDAE700DE98E71D
:1087200000DEDAE71B4A1C491C4840F2E51317F04B
:1087300056FD1B4B0721A5FB030301FB05310EA3CF
:10874000D3E90023FEF7DCFC16490246164817F071
:1087500046FD002585F31188BFF36F8F032318466C
:1087600002DF1248214611F0ADFE11F081FF6FF0DB
:108770008B00B3E7AFF3008000CA9A3B0000000013
:10878000D6BE898E55555500A99803003D96030025
:108790004D960300586804001C68040094660400A9
:1087A0008D49FD1AA468040020680400C9960300DE
:1087B0002DE9F043C468A28A4FF6FF739A4283B052
:1087C00000F0FF80064611F011FA3389628B208C8D
:1087D000A3831A4492B2104494F82730E28380B203
:1087E000411C21845D064FF00001618304F12201E8
:1087F00000F1A78003F03F000B4694F8281000908A
:1088000004F129000FF01EFE0546D4E90C31A26BDD
:10881000A08BA36303FB0022E36B8A4294BF9B18E7
:108820005B188B4228BF0B46626C216CE3630A44E1
:1088300094F867306264002294F82C10226494F853
:108840007E20C3F3020363F3061112F0040284F8DE
:108850002C1000F0878011F061FE002011F082FEE4
:10886000201D11F09FFE2389A17A40F25B6043EA4C
:10887000014111F053FF284610F0A0F92146584855
:1088800011F020FEA08912F077F894F8662094F891
:108890006700C2F3C003002102F0070200F00700E6
:1088A00011F0A2FF204611F03BFAD4F8008037689F
:1088B000404610F06FF90744726807F10901002083
:1088C00012F066F8814612F027F9002012F03EF906
:1088D000E36B94F8670003F12F02636C00F007006C
:1088E000012103EB420511F0AFFE4D44054494F81D
:1088F000670000F00700022832D004280CBF4FF4B4
:10890000BC73282301211D4411F0A0FE284412F05D
:10891000F5F8A18A05313A46C9B2404610F03CF953
:108920000546B0B1B37A13F0020629D000252D48D0
:10893000214611F0C7FD11F09BFE284603B0BDE8AB
:10894000F0830A4603F03F03218D0FF0C7FD054673
:108950005BE7204610F0ECF8002839D10025ECE761
:108960001823CFE7D4E91A0106F01EFC00287FF493
:1089700072AF94F87E3043F0040384F87E306AE7E7
:10898000194A1A491A4840F2591317F028FC194895
:108990000721A5FB000301FB05310FA3D3E9002349
:1089A000FEF7AEFB14490246144817F018FC86F394
:1089B0001188BFF36F8F0323184602DF6FF08B051A
:1089C000B5E70F48214611F07DFD11F051FEC5E7D6
:1089D00000DEC3E7AFF3008000CA9A3B000000004E
:1089E000499F0300B98C0300B86804001C680400A8
:1089F000946604008D49FD1A0C6904002068040087
:108A0000D98C030007B5134600910348034917F0BA
:108A1000D9FB03B05DF804FB026B0400586D040041
:108A2000044A054B0549002818BF1A46044817F0A8
:108A3000C9BB00BF296B0400216B04004A6D040010
:108A4000326B0400014817F0BDBB00BF3D6B040052
:108A500010B5044621B10948BDE8104017F0B2BB7B
:108A6000074817F0AFFB0749204606F07DF910F0E4
:108A7000FF0101D00448EFE710BD00BF576B0400B1
:108A80006E6B040058020020796B040008B539B9F8
:108A90001AF05BFF01460348BDE8084017F092BB9F
:108AA0000148F9E79B6B0400B76B04002DE9F04720
:108AB0001C460378ADF50E7D06460F460EAD032B22
:108AC00036D8DFE803F0022F31334D492846FEF750
:108AD0003BFB059573780493B3780393F378029383
:108AE0003379019373790093B379464A1E2106A81E
:108AF00016F006FF204617F07AFEB4F8048006460A
:108B0000A388012B04D9204617F057FE8146A8B947
:108B1000A368A4F8048013FA86F323600DF50E7D94
:108B2000BDE8F0873849D1E73849CFE73849CDE784
:108B3000384A0A21284616F0E3FECAE7A388834292
:108B4000E6D3204617F039FE09F1FF33FF28D9B2EA
:108B500050D118294ED9204617F037FEA9F103034A
:108B60004C28D9B248D1204617F027FE824620462D
:108B700017F023FEA9F10509BAF1020F5FFA89F196
:108B80003AD1152838D11021204617F00EFE204684
:108B900017F023FE8146204617F01FFEA368A4F8B5
:108BA000048013FA86F323601B4ACDF8009006ABCD
:108BB000CDE901074FF40071284616F0A1FE2946C1
:108BC0000446164817F0FEFA631EB3F5FF7FA5D8DA
:108BD00000210846A3B22A461BF02FF9011E9DDA98
:108BE00011F10B0F9AD011F1800F97D00C4817F0AC
:108BF000E9FA93E7002983D0204617F0D6FD7FE7F6
:108C0000D06B0400F96B0400D76B0400DE6B04002A
:108C1000E86B0400F26B04001C6C0400656C04003B
:108C2000686C040030B51F4889B017F0CBFA0022F9
:108C30001D4910461BF0E8F8044630B101461B48B8
:108C400017F0C0FA204609B030BD02F08BFD044693
:108C500010B101461648F3E7164D0FCD03AC0FC413
:108C60002B682360012300931349144B022203A8AD
:108C700003F0F2F9044610B101461148E0E711494A
:108C8000114803F09FFD044610B101460F48D7E795
:108C90000F4817F097FA4FF0FF314FF0FF301CF0FC
:108CA0009BFDF8E7806C04005C020020AD6C0400C2
:108CB000D26C040080610400D0610400C86104002B
:108CC000F26C0400AD8A0200F0060020136D04006F
:108CD000316D0400014B1B68184700BF6C02002077
:108CE000014B1860704700BF6C02002030B585B0A2
:108CF00004460D461022002168461CF058FF02234E
:108D00008DF802302A46044B01932146684616F03E
:108D100021FE05B030BD00BFD58C020080B50546F0
:108D20000E461746984616F0E3FA03461CF0C2FFBB
:108D3000DFF81890044649F800304246304639467C
:108D4000A84754F8090000F00BFC00BF0800000021
:108D50002DE9F047058B04462807904611D40229D7
:108D600005F0070540F0CC80204617F060FA78B196
:108D70000138218B042811D8DFE800F0C2106D857E
:108D8000950001290CBF45F0100545F0200525830D
:108D900088F31188BFF36F8FBDE8F08701F0070AF1
:108DA000AA4500F0A5800027B9463E46A368002BDF
:108DB00000F0BC8041F00801218388F31188BFF3E3
:108DC0006F8FA168002900F0BA800D68002900F0BB
:108DD000B680D1F80480334652462046C047002D65
:108DE00076D02B6829461D46F0E701F007035A1F8D
:108DF000012A1BD8002221F00701062B276889B21F
:108E0000C4E9002209D13B4603E0628B0132628350
:108E10001B68002BF9D141F002012183204617F095
:108E200006FA00287AD041F0200176E0042B0AD11E
:108E300021F0070189B22183204617F0F8F910B11B
:108E400041F020012183218B01F0070AAA454FD070
:108E50000027B946AAE7236921F0070141F006017E
:108E6000062DD3F8009021832DD1B9F1000F3FD00A
:108E700041F00801218388F31188BFF36F8F3A49CD
:108E80002046C84729E021F00701236941F0040189
:108E900089B2042DD3F804902183E6D000273E4602
:108EA0004FF0040A82E721F00701236941F0050130
:108EB00089B2052DD3F808902183D6D000273E46ED
:108EC0004FF0050A72E700273E464FF0060A6DE7AD
:108ED0002B4687E7B9F1000FD1D1EFF3118820239A
:108EE00083F31288BFF36F8F238B23F00803238350
:108EF000258BEA062ED525F01003238305F0070500
:108F00006669218B002EBFF670AF00232768C4E985
:108F1000003321F0070141F001012183218B01F091
:108F2000070AAA454FF000097FF440AF002F9CD0FC
:108F300041F00801218388F31188BFF36F8F002F60
:108F4000C8D03D68394633465246204617F09BF953
:108F50002F46F4E7AB067FF51BAF25F020032383F4
:108F600005F0070500E700BFB3020400014B0360F2
:108F700000207047E061040007B51B491B4817F04B
:108F800030FD70BB1A49194817F02BFD48BB194931
:108F9000164817F026FD20BB1749144817F021FD8D
:108FA000F8B90146154A114817F0E4FFC8B902465E
:108FB00013490E48012318F0B8F890B90123009323
:108FC000014602230948EF2217F02BFC48B9074855
:108FD00017F050FC28B9054803B05DF804EB17F012
:108FE00079BC03B05DF804FBE4020020F009002026
:108FF000CC020020B40200209C020020700200205D
:109000006A6D040008B50348034A0021121A17F0DC
:10901000C5FA08BD800A0020C43100200748084A6C
:10902000084908B5121A17F0BBFA0748074A084959
:10903000BDE80840121A17F0B3BA00BF00000020C4
:109040007C0A0020F87404000000002000000020CA
:10905000F874040038B505460C4699B1D1E90123EE
:109060000F48096817F0AEF8D4E90423E1680D4809
:1090700017F0A8F8E1690C4817F0A4F8A1690B48AB
:1090800017F0A0F8012D05D1EFF30581084810393C
:1090900017F098F821462846BDE8384015F01AB870
:1090A000BA6D0400EA6D04001A6E04002A6E040012
:1090B000596E040030BFFFF7FDBF00BF2DE9F0413E
:1090C0000B4EDFF8308006EB0807CC1B0546324616
:1090D000094920461CF043FDA01942460021083CE6
:1090E0001CF065FDC5F8844007F10800BDE8F0817B
:1090F000000000000800000080610400054B5A6970
:109100009B689A421FBF044A536843F080535360E0
:10911000704700BF2C31002000ED00E02DE9F8433E
:10912000324D804632488946174617F04BF8AB6AF5
:10913000DE0622D52F4817F045F81124AB6A1D072B
:1091400003D52D4817F03EF81224284DAB6A980736
:1091500015D52A4817F036F86E6BAB6A190642D55A
:109160002748314617F02EF8B9F1000F03D0AB6A4B
:1091700023F08003AB62132403E01024DEE76FF0DA
:1091800015061A4DAB6ADA0703D51E4817F01AF810
:109190001424AB6A9B0603D51B4817F013F815245B
:1091A000124B9A6AD50602D49A6A90070AD55B6870
:1091B000190507D54146304600F0BAFA10B180F3E0
:1091C00009880224094B9A6A920642BF5A6A22F41D
:1091D00000525A629A6A42F0FF029A6200233B7080
:1091E0002046BDE8F8836FF01506C4E700ED00E007
:1091F0006D6E0400846E0400B86E0400CC6E040032
:10920000E56E0400FC6E04001C6F040010B51D4CDC
:109210001D4816F0D7FFA36A990130D51B4816F0F8
:10922000D1FF1E20A36ADA0103D5194816F0CAFF40
:109230001F20144CA36A1B0303D5164816F0C2FF67
:109240002120A36A590303D5134816F0BBFF22203F
:109250000C4CA36A9A0303D5104816F0B3FF2320E1
:10926000A36ADB0303D50E4816F0ACFF2420054AA1
:10927000936A6FEA03436FEA1343936210BD1D20A4
:10928000D0E700BF00ED00E04C6F0400656F040004
:10929000796F0400946F0400B36F0400D96F040069
:1092A000F46F040070B5244C064624480D4616F0B1
:1092B00089FFA36AD90435D5214816F083FF17200A
:1092C000A36A1A0503D51F4816F07CFF18201A4C14
:1092D000A36A9B050FD51C4816F074FFA16BA36A07
:1092E000180407D5194816F06DFF1EB1A36A23F4C0
:1092F0000043A3621920104CA36A590503D51448F2
:1093000016F060FF1A20A36ADA050DD5114816F091
:1093100059FF1B20084A936A43F47F43936200235A
:109320002B7070BD1620CBE7A36A9B04F2D50A48C8
:1093300016F048FF1C20EDE700ED00E0207004006F
:1093400037700400B86E04004970040063700400B4
:1093500079700400957004001C6F04002DE9F04141
:109360005B4B5F688AB00446C7F30806002585F3A7
:109370001188BFF36F8F02F07F43B3F17F4F06D1A7
:1093800002F00C03082B13D1524816F01BFF0025E6
:109390002C464FF00008F31E8DF80780092B00F2D1
:1093A0008680DFE803F00A7A7E768484848484826F
:1093B00010074CBF0C460125EBE74748444E16F01A
:1093C00001FF8DF80780F36A9A0704D5434816F029
:1093D000F9FE002330E0F36A002B01DA4048F6E79B
:1093E000F36A5B00F5D53F4816F0ECFE7369A2699D
:1093F00043F480737361BFF34F8FBFF36F8F736953
:1094000032F8022C23F480737361BFF34F8FBFF3E4
:109410006F8F4DF602739A4209D0B36ADBB253B331
:109420000DF1070201212046FFF778FE33E02168A5
:109430002D4816F0C7FE23689DF80720C2B902AE7A
:1094400004F1200720686168324603C20834BC4238
:109450001646F7D1099AB5B3C2F3080121B96FEAEC
:1094600052226FEA4222099202A91846FFF7F2FD42
:109470000AB0BDE8F081B36A13F47F4F05D00DF157
:1094800007010120FFF70EFF05E0B36AB3F5803F47
:109490009FD3FFF7BBFE0346CEE70DF10702002185
:1094A000C1E70DF107010020ECE710488FE7104BF2
:1094B0001049114817F4F87FA6F1100218BF194699
:1094C00016F080FE85E722F4FF7222F00102CAE75F
:1094D00000ED00E0DC70040008710400207104005D
:1094E0004271040051710400717104008E71040016
:1094F000C3700400AE700400B3710400044B5A69D9
:1095000042F010025A615A6922F008025A6170470B
:1095100000ED00E0EFF30880EFF3098101B572463A
:10952000FFF71CFF01BD00BF0B4880F3088813F054
:109530000BFF202080F3118808484FF40461401885
:1095400080F30988EFF314800221084380F3148824
:10955000BFF36F8F00F0B4F80051002040430020AB
:10956000084B9B6883420BD1EFF3058343B1064B55
:109570005A6842F080525A605A6A22F400425A6293
:1095800015F0BCBE2C31002000ED00E015498A68C2
:109590004FF030001044EFF3098C80E8F01F2020DA
:1095A00080F31288BFF36F8F0F4F4FF000664A6948
:1095B0008A603E60D2F884000C4C2060D2F88800AB
:1095C0000023C2F8883080F3118804B5104600F0FB
:1095D00015F9BDE8044002F1300090E8F01F8CF36B
:1095E000098870472C31002004ED00E010130020A2
:1095F0001EF0040F0CBFEFF30880EFF309808169C0
:1096000011F8021C0229FFD001B5724616F0CAFFFC
:1096100001BD00BF40B2002807DB044A4109012315
:1096200000F01F00834042F82130704700E100E065
:1096300040B200280CDB4309064900F01F0020332C
:109640000122824041F82320BFF34F8FBFF36F8F79
:10965000704700BF00E100E0054B420900F01F0029
:1096600053F82220012303FA00F01040704700BF96
:1096700000E100E040B20028A8BF00F1604001F125
:109680000101B8BF064B4FEA4111ACBF00F5614084
:1096900000F00F00C9B2B4BF195480F8001370472E
:1096A00014ED00E0044B054A23F07F039360BFF301
:1096B0004F8FBFF36F8F70470070020000ED00E026
:1096C00008B5FFF7EFFF0B4AD2F8883023F4700398
:1096D000C2F88830EFF3148323F0040383F3148873
:1096E000BFF36F8FFFF78EFCFFF798FC00F05CF87C
:1096F00014F0B8FD00ED00E042F8203C009B42F879
:109700001C3C0A49019B42F8183C029B42F8143C5D
:1097100021F001014FF0807342F8043C42F8081C2C
:109720000023203A0265C0F8883070471D8D020082
:10973000094A0346906870B113F1160F406F05D0C7
:10974000A0F140029A4205D8834203D2814228BF49
:1097500000207047002070472C31002008B51546C6
:109760000C4A0D4B9060D0F884201A600E4600F031
:1097700045F82C4686F309880020044B984720467C
:10978000002100220023024C20470000C9050400EC
:109790001D8D02002C31002010130020014B1022DF
:1097A0001A61704700ED00E0044800232021C21830
:1097B0000133302B82F80013F9D1704700E100E04B
:1097C00008B5EFF30583064A103B02EBC30152F8DC
:1097D000330049688847BDE80840FFF78FBC00BFE9
:1097E000A05E0400024B034A0348012100F076B852
:1097F0000000042000000020E0610400426F054BDF
:10980000403A1A60044A4021C3E901121846012176
:1098100000F06EB81413002000000B15084AC2F8BF
:1098200098000B6823F01F03034343F01003C2F8B2
:109830009C308B6843F00103C2F8A030704700BF32
:1098400000ED00E02DE9F043DFF8608085B00E46C2
:109850001F4604464FF00009B14523DA6068D8B1CD
:109860003FB1411E08421BD11F2819D92368194254
:1098700016D12368019316F0CAFEA368034303932D
:10988000D8F89050C5F30725D0B2013DA84207D8BB
:1098900001A9FFF7C3FF421C09F101090C34DBE702
:1098A0006FF01502104605B0BDE8F08300ED00E052
:1098B000044B0522C3F89420BFF34F8FBFF36F8F83
:1098C000704700BF00ED00E0BFF35F8F024B002246
:1098D000C3F89420704700BF00ED00E010B5034CC2
:1098E00001232278FFF7AEFF207010BD7E310020EB
:1098F00008B50B4A00231278FFF7A4FF10F1160FEA
:1099000007D0084A0021D2F89030C3F307239842C9
:1099100000DB08BDC2F89800C2F8A0100130F2E7E1
:109920007E31002000ED00E02DE9F043534B544C14
:10993000D3F890302568C3F307239D4285B000F229
:109940009A80FFF7C1FF00200C2685421AD14D4CAA
:109950004D4F25706846FFF709FBDFF82081DFF8DF
:109960002C9106460025AE4213D1237843490020AE
:10997000D1F89020C2F30722934276DBFFF798FFDD
:10998000002042E0616806FB0011FFF747FF01304D
:10999000DBE7009800EB05114FEA051CCB683B4064
:1099A000B3F5000F48D00AD8B3F5001F30D0B3F597
:1099B000800F36D0B3F5801F10D00135D3E7B3F157
:1099C000807F42D0B3F1007FF7D150F80C30886827
:1099D0004A6816F01CFE40F4802009E050F80C3074
:1099E00088684A6816F013FE40F0885040F4302032
:1099F000CDE901230390D8F890302078C3F30723F2
:109A0000013B98422AD96FF0150005B0BDE8F083FC
:109A100050F80C3088684A6816F0F9FD40EA0900F1
:109A2000E6E750F80C3088684A6816F0F0FD40F020
:109A3000C06040F40030DBE750F80C3088684A68BA
:109A400016F0E5FD40F08270D2E750F80C308868DF
:109A50004A6816F0DCFD40F08870C9E701A9FFF7FD
:109A6000DDFE237801332370A7E7C1F89830C1F8F1
:109A7000A00001337CE74FF0FF30C6E700ED00E0C7
:109A8000EC6104007E3100200000F0FF00000811AE
:109A900008B5024B1B689847002008BD2013002022
:109AA000034B044A1860937843F0020393707047A5
:109AB00020130020FC02002008B50649064821F0CA
:109AC0000701C1F1005202F5802216F03CFB002094
:109AD00008BD00BFA38F00202413002070B541698A
:109AE000867A0B4D044659B1437ADB0706D42C2302
:109AF00003FB06535B6A1B689B68984700236361FE
:109B00002C20214606FB0050BDE870401BF0C1BC74
:109B100088080020024B2C2202FB0030704700BF57
:109B200088080020827A064B2C2101FB02339A6AB6
:109B30001B7F1B33801A23F00303B0FBF3F0704745
:109B40008808002038B5074B827A2C2404FB0233A6
:109B50005B6AD3E901240C601568FFF7E3FF04FB9F
:109B6000005038BD880800202DE9F04385B0054637
:109B70006846039190461C461BF0D7FEDDE900675E
:109B8000EFF31189202383F31288BFF36F8F6B8B60
:109B9000002B41D02A8B9A4225D900220023284647
:109BA00014F0C2FD0446F0B189F31188BFF36F8F42
:109BB000039B002B41D032463B4668461BF0DAFE41
:109BC000A27A264B2C2101FB023320465B6A1B68DC
:109BD00003A91D68DDE90023A847606170BB20462A
:109BE000FFF77CFF24E0698B4B1E6B8389F31188A0
:109BF000BFF36F8F2B7F2A8BAC6A1B3323F00303D9
:109C0000521A02FB0344154B154AEB1A9B1053439F
:109C1000A3722B7FE372CBE789F31188BFF36F8FB9
:109C200023464246284614F07FFD04460028BFD153
:109C30000024204605B0BDE8F083636101230025C0
:109C40002381039B6382E27A6560294604F1180050
:109C50001BF0ADFF63692582E360EAE78808002016
:109C6000A38B2EBA70B50D4C2C2500B970BD037AAC
:109C70004668002BFAD0013BDBB20372002BF5D112
:109C8000C3604360837A05FB03431B6A13B19847A3
:109C90003046EAE7FFF722FFFAE700BF8808002016
:109CA0000E4A0123C2F840354FF080424FF08051F8
:109CB000C2F87835D1F83001082808D1D1F834112C
:109CC000052904D80648415C09B1C2F838364FF07E
:109CD00080430122C3F880250020704700E0014046
:109CE000D671040020B1034B800143F001031847F3
:109CF000704700BFC06104002DE9F04190F82030AA
:109D000003F01F03012B04460F4600F120061BD071
:109D1000022B05D043BB90F8211017F0EFF903E0B8
:109D2000818CC9B217F0C7F90546E8B1304616F084
:109D3000E0FE024668688368A2B99B684BB13A4668
:109D40003146BDE8F0411847818CC9B217F09AF945
:109D5000EAE76FF085031BF0ADFF0F4A13500020B8
:109D6000BDE8F081DB68E9E794F82110204616F0A1
:109D7000DFFD02460028ECD0304616F0BAFE40B9AE
:109D80001369002BE5D03A463146204698470346F2
:109D9000E1E7D368F5E700BF0C0000002DE9F04FC4
:109DA0000B7E33F0800893B00446174600F120097B
:109DB00040F071844A7E02F0010097B117F10C0F58
:109DC0000FD088B917F1710F03D10846FFF74AFF8A
:109DD00003E00846FFF746FFB846404613B0BDE82B
:109DE000F08F002800F04084002B40F00E840B8A96
:109DF000072B0DD80846FFF735FF484616F079FEC9
:109E00000346A069002B00F03684802100F03CBCA2
:109E1000CA68136823625368C9F804304A68E58C3D
:109E2000002AE7D0484616F064FE08BB537E15B101
:109E300013F0020F01E013F0040FDBD0002016F046
:109E400056FC05460028D8D01BF034FF94F820209B
:109E5000B84E002312F0600F8351C2F341130BD0B0
:109E6000032B40F0B3811BF025FF6FF0850340E02A
:109E7000002DBFD0537EDBE7484616F03AFE94F83B
:109E80002130002840F03981013B0A2BEBD801A199
:109E900051F823F0E19F0200679E020063A00200D8
:109EA000679E0200C19E0200679E0200679E02003C
:109EB000679E0200339F0200679E0200959F02008A
:109EC000A069618C03697F29D3F88030CBD8A28C3C
:109ED000002AC8D1E28C002AC5D194F82020D206ED
:109EE000C1D194F82C20022A05D11BF0E3FE4FF0DB
:109EF000FF33335013E01B0706D5C9B216F032FE0C
:109F0000804620B1284661E7012384F8353094F873
:109F10002C30012B0BD1638C4BB984F82C301BF007
:109F2000C9FE3358002B00F05683284663E701230F
:109F3000F3E7204616F070FC628CFF2A014692D8A7
:109F4000E38C002B8FD194F82030D8068BD194F875
:109F50002C30002BC9D02AB1D2B2204616F0B7FF60
:109F60000028C2D0618C94F834308B42D7D0C9B26B
:109F7000204616F0B3FF80460028C3D1628C002A29
:109F800014BF0223012384F82C300521204617F04A
:109F9000C3FAC4E794F8203003F01F03012B7FF4C9
:109FA00062AFE38C002B7FF45EAF628CFF2A3FF63A
:109FB0005AAFA18CFF293FF656AF94F82C30022BF4
:109FC00093D1D2B2C9B2204617F09AF910F1020F1C
:109FD000804640F000811BF06DFE46F800809EE751
:109FE000E38CA18C002B7FF43EAF94F82C30002B37
:109FF0003FF47BAF012B0FD100297FF476AF12F035
:10A000001F020CD1638C012B89D194F868306FF357
:10A01000C30384F8683082E712F01F0217D0022AC7
:10A020007FF47DAFB4F822A0BAF1000F7FF477AFD0
:10A030005FFA81F84146204617F054FA03461BF0B8
:10A0400039FE3350013306D14FF0FF385AE700296B
:10A050007FF44BAFD6E752464146204616F04FFDFF
:10A060005DE7E38CA18C002B7FF4FDAE638C022BAB
:10A070005FFA81F813D194F8203003F01F0358EAF7
:10A0800003037FF4F0AEA0690122090A16F047FD30
:10A0900000287FF4E8AE012384F835303FE794F8D8
:10A0A0002C0000283FF421AF01280DD100297FF4B6
:10A0B0001CAF12F01F020AD1012B7FF430AF94F8CD
:10A0C000683043F00803A4E712F01F0211D0022AFF
:10A0D0007FF425AF002B7FF422AF4146204617F0D6
:10A0E000ECF903461BF0E6FD33500133ACD00122FE
:10A0F000B2E700297FF4F9AEDEE70A2B3FF6B3AEF4
:10A1000001A151F823F000BF39A10200679E0200AF
:10A11000679E0200679E0200679E0200679E020023
:10A12000B9A10200679E02006FA50200679E0200AF
:10A130009DA502000C000000E38CA18C022B7FF493
:10A1400092AE94F82C30002B3FF4CFAE012B10D1FF
:10A1500000297FF4CAAE12F01F020DD194F86830C6
:10A160004FEA930808F00208C3F3001348EA030813
:10A1700006E012F01F0210D0022A12D04FF00008A1
:10A1800005F10C0A504616F036FBE38C98420ED2CD
:10A190001BF090FD6FF00B03ABE600297FF4A5AE3A
:10A1A000DCE7C9B2204617F0ACF98046E8E7414643
:10A1B000504616F0D0FAB2E694F82020B4F822A067
:10A1C000D2064FEA1A235FFA8AFA09D029462046B6
:10A1D000FFF792FD8046B8F1000F7FF493AE9EE644
:10A1E000013B0E2B3FF63FAE01A252F823F000BF19
:10A1F0002DA2020077A202002FA30200679E020098
:10A20000679E020027A3020027A30200679E0200A8
:10A21000679E0200679E0200679E0200679E020022
:10A22000679E0200679E020077A4020005F10C0AF7
:10A230005046B4F8268016F0DEFA80450AD2B4F80B
:10A240002680204616F0E8FA48B101287FF40BAECC
:10A25000216F05E0504616F0CEFA8046F1E7E16E38
:10A26000002900F013810A78424528BF4246504633
:10A2700016F060FA53E6204616F0CEFA0AF1010213
:10A2800001900146D2B2204616F0FBFD824600281E
:10A290003FF4E9AD05F10C08D0F804B0404616F0E3
:10A2A000AAFA9BF80020904203D2404616F0A3FA87
:10A2B00002465946404616F03DFADAF80CA0BAF1CB
:10A2C000000F09D1298AE38C99427FF628AEC91A7A
:10A2D000404616F04AFA22E6DAF8040083681B6B5F
:10A2E00013B9DAF800A0EAE7019998470028F8D0F6
:10A2F000A0F1040B5BF8043F002BF2D01B78002B7D
:10A30000EFD0404616F077FADBF800301A7890422A
:10A3100003D2404616F06FFA82B2DBF800104046D6
:10A3200016F008FAE6E7204616F076FA9BE5524664
:10A330000321204616F03BFB824600283FF493ADF4
:10A3400016F0D2FBB4F826B0E0B9BAF81430ADF884
:10A350002830DAF8103005F10C081B88ADF82A30E7
:10A36000404616F048FA834508D2E08C9DF8282034
:10A37000824228BF02460AA9404679E7404616F0C5
:10A380003AFAF3E700238DF814309AF81530DAF82A
:10A3900008208DF81530C24B1340C24A934258D161
:10A3A000102106A81AF0D7FA0028FFF65CAD0AAA19
:10A3B0001028DFF8F4E20DF1180C114628BF102028
:10A3C000404502F1020233D8800002308DF81400BB
:10A3D000019105F10C0A504616F00DFA9DF8148013
:10A3E000D84528BFD846404503D2504616F003FA58
:10A3F0008046B8F1020FC34628BF4FF0020B5A4601
:10A4000005A9504616F096F9A8EB0B08DDF804B044
:10A410004FEA58030BEB58025A4522D118F0010FAE
:10A420003FF47DAD019AD15C504616F08CF976E58B
:10A430001CF8013B4FEA131A03F00F031EF80AA0A1
:10A440001EF8033002F802AC02F8013C08F10108E2
:10A45000B6E79AF814308DF81430DAF8103001931A
:10A46000B7E71BF8011B5046CDE9023216F073F92D
:10A47000DDE90232D0E7204616F0CEF920B10128FE
:10A480007FF4F1AC236F00E0E36E13B96FF01508B1
:10A4900038E55B88B3F5007F7FF6E5AC834B0A9324
:10A4A00000238DF82C30A36C04F1480A9A455BD147
:10A4B00005F10C0B584616F09EF9BDF82A80E38C86
:10A4C000984528BF9846404503D2584616F093F960
:10A4D00080469DF82820424528BF42460AA9584692
:10A4E00016F028F9B8F1050F94BFA8EB0808A8F1F9
:10A4F0000508B8F1000F3FF412ADA36C53453FF4CB
:10A500000EAD002B3FF40BAD5A7D0F2A14D11A7DEE
:10A5100019690193424528BF4246584616F00AF988
:10A52000019B1A7D424594BFA8EB0208A8EB0808DE
:10A53000B8F1000F3FF4F3ACE26C9A423FF4EFAC99
:10A540001B68DEE75A7D0F2A0AD11A7DBDF82A1052
:10A550000A44ADF82A209DF82C2001328DF82C20D9
:10A56000E26C9342A4D01B68002BEBD1A0E794F8D7
:10A570002C3094F834A0002B3FF4B7ACE38C012BC3
:10A580007FF471AC05F10C08404616F034F9E38C09
:10A590009842FFF4FDAD5146404646E794F820301E
:10A5A00003F01F03012B7FF4A0AC204616F07DFCC6
:10A5B00000283FF49AACA38C4268FF2B3FF653ACC3
:10A5C00012799A42FFF44FAC0F2B3FF64CAC234468
:10A5D00093F836A0D2E70123A362484616F089FA21
:10A5E00060B9E38C53B12946002016F080F8054687
:10A5F00000283FF402AC6B7E5E07F4D52946204666
:10A6000013B0BDE8F04F16F0F8BE50077FF5F5AB7C
:10A61000802B7FF4F2AB0846FFF724FBA36A012BE3
:10A620007FF4DBAB94F83530002B3FF4D6AB94F8D5
:10A630002130052B05D1618CA069C9B216F092FAC0
:10A64000804694F82130032B09D1638C022B06D16C
:10A65000A18CA0690022090A16F061FA8046002345
:10A6600084F83530FFF7B9BB52077FF5C6AB002B36
:10A670003FF4ABABCCE7E38C002B3FF4C6AB17F158
:10A680000C0118BF0121C90119F0F0FD002380461B
:10A69000A362FFF7A2BB6FF00408FFF79EBB00BFE9
:10A6A00000FF020000030200DC710400050F05003A
:10A6B0000248002200231AF002BE00BF0408002056
:10A6C0002DE9FF41514F4FF0FF334FF0FF3201A909
:10A6D000384613F0FDFE039B1B69D3F89C409DF8A0
:10A6E0000430072BEFD8DFE803F00A041A0D2C27FB
:10A6F0007B8D00220121204616F00EFFE3E70022A9
:10A700001146F8E794F8683043F0040301A984F88F
:10A710006830204616F048FA00220321EBE794F84F
:10A7200068306FF3820301A984F86830204616F080
:10A730003BFA00220221DEE701A9204616F034FA96
:10A74000C1E794F86830A6696FF3820384F8683033
:10A750003369D6F80880BFF35B8FD3F8A030BFF31E
:10A760005B8F9907C3F3400208D40421204616F0FA
:10A77000D3FE4FF0FF352A460721BCE7D8F83C301E
:10A7800030469847D8F82430002130469847D8F80A
:10A790004030054630469847E5B92946204616F030
:10A7A0009DFB0546B0B98021204616F083FEA069C6
:10A7B00019F011FE831E5842584194F8683084F80D
:10A7C0002C5023F0680343EA401384F868302A468B
:10A7D000042190E700220421204616F09DFECAE7DE
:10A7E00002990B7ED1F81E2013F07F0F204606D170
:10A7F000FFF7D4FA054600283FF465AFBBE716F033
:10A8000051FCF7E7029A062175E700BF0408002013
:10A8100030B589B000220023CDE9062300246FF073
:10A820000703CDE90334CDE901441A4B1A490094DA
:10A830004FF48062194814F097FA194917481AF032
:10A840002BFF184B18498B4207D3184B184900208F
:10A850008B4210D3002009B030BD03F11402BFF3C6
:10A860005B8F52E8000F42E80045002DF9D1BFF39D
:10A870005B8F1833E7E703F11402BFF35B8F52E8F5
:10A88000004F42E80005002DF9D1BFF35B8F18336C
:10A89000DEE700BFC1A6020000320020800A0020CF
:10A8A000ED710400640A00207C0A00207C0A00206C
:10A8B0007C0A002038B5024609490546806919F02E
:10A8C000F1FD044648B985F83400284616F0DDF954
:10A8D000044610B1A86919F018FE204638BD00BF23
:10A8E000B1A6020070B5084C084E0546B44202D32A
:10A8F0000024204670BD636828461968FCF71AFCDE
:10A900000028F6D01834F1E7640A00207C0A002001
:10A9100070B50646EFF31181202282F31288BFF34F
:10A920006F8F1D4C236881F31188BFF36F8F5B68B5
:10A9300093F86830DB0705D4BDE87040212200237E
:10A9400014F0BCB9EFF3118382F31288BFF36F8F59
:10A95000256865B983F31188BFF36F8F2368D3B17E
:10A9600030460022BDE87040002314F073B96168DE
:10A970002A6822608D4208BF626083F31188BFF3AA
:10A980006F8F686805F10801C36998470348294635
:10A990001AF045FCE2E770BD30130020D407002018
:10A9A00030B585B06C4684E806000546002215489F
:10A9B000002303A913F0EEFC0246E8B9039B94E8D8
:10A9C00003005D60083383E80300EFF31180202368
:10A9D00083F31288BFF36F8F039B1A600A4A516892
:10A9E00061B9C2E9003380F31188BFF36F8F074864
:10A9F0000022002314F02EF905B030BD0B60536027
:10AA0000F1E700BFD4070020301300200000002031
:10AA100038B54B78046945682069202B08D0222B73
:10AA200019D01BF047F9114B6FF085021A5010E056
:10AA3000CB88072BF5D1D3681A6842609A880281C7
:10AA40009B79837216F089FD22460821284616F06C
:10AA500071FD002038BD4B888381C3F3400203F0B1
:10AA600001030276437622460921EFE70C0000003D
:10AA700008B51346026910694A78212A13D133B9FF
:10AA80001BF018F90B4B6FF00B021A5009E0CA8843
:10AA9000072A00F1040128BF072203F10C0015F07A
:10AAA00049FE002008BD1BF005F9024B6FF085023E
:10AAB000EBE700BF0C00000073B504698DF80710C8
:10AAC0002025EFF3118685F31288BFF36F8F0122E3
:10AAD000E06B0DF1070115F01EFD86F31188BFF341
:10AAE0006F8F012812D01AF0D1FD08B9A37EABB93F
:10AAF0000D4BBFF35B8F012253E8001F002903D1E8
:10AB000043E800200028F7D1BFF35B8F2122002308
:10AB100004F1480014F09EF802B070BD002121201D
:10AB20001AF05AFECDE700BF3813002038B505698A
:10AB30000E49EB6B0024C3E90144DC606B6B05F14B
:10AB40004800C3E90144DC601AF081FD05F178009A
:10AB500007491AF02FFD074905F124001AF02AFDD4
:10AB6000284616F0FAFC204638BD00BF2F17040017
:10AB7000D7180400631904000378012B30B513D0F3
:10AB8000022B27D07BB9194B0A4603F1100453F866
:10AB9000045B42F8045BA342F9D11B78137043882D
:10ABA0004B731B0A8B7330BD104B0A4603F1100424
:10ABB00053F8045B42F8045BA342F9D11B7813708D
:10ABC00043684B73C3F307221B0CCB731B0A8A73B6
:10ABD0000B74E8E700F1100350F8042B41F8042B44
:10ABE0009842F9D103780B70DDE700BF1F720400B3
:10ABF00008B516F0FBFF14F087FA044B1B680BB185
:10AC00000A209847BDE8084014F092BA3C1300208F
:10AC100038B50446084815F015FD054648B1631ED1
:10AC2000DBB21F2B96BF054A0021D15C0C3015F01A
:10AC30008AFD284638BD00BF640900203072040038
:10AC40000F2810B50CD80D280CD90A4815F0FAFCBD
:10AC5000044618B104210C3015F075FD204610BDD6
:10AC60001328F2D009B10448F0E7BDE810400220F3
:10AC7000FFF7CEBF90090020E008002070B5C6683D
:10AC80003378B6F8014083B90F21204602F000F86E
:10AC9000F378054650B90A4A118831B96FEA045071
:10ACA0006FEA10501080074A137070BD4372012183
:10ACB00001F05AFF2846BDE8704001F00FBF00BF09
:10ACC000603100207F31002010B5084C014606227B
:10ACD00094F86F0002F072FA38B994F86F000449E2
:10ACE000BDE81040052202F069BA10BDD80000206E
:10ACF0000572040010B5012104460C3015F055FD15
:10AD00002146034A0078BDE81040002317F03BB805
:10AD10000863040010B5012104460C3015F045FD10
:10AD20002146034A0078BDE81040082317F02BB8ED
:10AD3000C862040010B5012104460C3015F035FD41
:10AD40002146034A0078BDE81040022317F01BB8E3
:10AD5000986204002DE9F04788461646824600288E
:10AD600072D0BFF35B8FDFF8E490002359E8004F07
:10AD700049E80032002AF9D1BFF35B8F002C63D081
:10AD80002046FEF7CFFE324D0C2303FB0050274632
:10AD90004388534511D0BFF35B8F59E8003F49E822
:10ADA0000072002AF9D1BFF35B8F002B4CD01F46F5
:10ADB0003846BDE8F047FEF755BFA64208D020460A
:10ADC00015F03BFC328AF16804F10C0015F0B2FC7E
:10ADD0002046FEF7A7FE0C2606FB00504368ABB1E9
:10ADE000B8F1000F12D12046FEF79CFE06FB005082
:10ADF00001214268D2E90003127A03F01F06B14034
:10AE00005B09DAB100EB830016F05FFF2046FEF726
:10AE100089FE0C2606FB00508368002BC8D0204614
:10AE2000FEF780FE704305F800802046FEF77AFEAC
:10AE300006FB0055A86813F0A9FCB9E7C94300EB6D
:10AE4000830016F0B7FFE1E7BDE8F087200200209D
:10AE5000401300202DE9F8430C4614F055F9E3683F
:10AE6000228A1978022964D0042905D02046FEF7E9
:10AE7000F9FE6FF0150405E0022A08D82046FEF717
:10AE8000F1FE002414F054F92046BDE8F883587808
:10AE90003E2808D1032AF1D0DB78012B01D00A2B00
:10AEA00047D1032604E016F0FEFE0646F0073ED525
:10AEB00004F10C05284615F09AFC012107462846A6
:10AEC000B4F8109015F069FC0221284615F06DFCCD
:10AED000804600783E2816D1E3681B78012B31D0DC
:10AEE0000A2B2FD002251A4A1A491B4841F2F303B4
:10AEF00015F075F9002383F31188BFF36F8F0323D7
:10AF0000184602DF04E016F0CEFEC1070546EAD57A
:10AF1000124A98F800000623214616F034FFAA07CB
:10AF200012D56369A4F8109013FA87F7E760B307A6
:10AF3000A7D521460A4815F089FB0A490A481AF0A4
:10AF400055FB9EE70325E3E72046FEF78BFEEEE781
:10AF500050720400847204009D7204006862040050
:10AF600024020020B8030020100B002070B53148E7
:10AF700015F081FB044600285AD000F10C05284644
:10AF800015F01BFC022805D004282FD02046FEF720
:10AF900069FE21E0238A032BF8D90421284615F005
:10AFA00004FCFF22438806882276228AC6F30B001F
:10AFB0009A426083EAD10F2101F06AFE054600281B
:10AFC000E4D001F081FE320B20762146284617F0AE
:10AFD00061FA284601F082FD174BD3F84C313BB3A0
:10AFE000BDE87040154916481AF000BB28460221FA
:10AFF00015F0DBFB054600783E2812D016F053FE14
:10B0000010F002060DD10F4A0F49104840F6634375
:10B0100015F0E5F886F31188BFF36F8F0323184608
:10B0200002DF0B4A28780423214616F0ACFEADE778
:10B0300070BD00BF24020020D8000020B80300200B
:10B04000100B002050720400BA7204009D720400BC
:10B05000A862040008B501F097FABFF35B8F084BB4
:10B060001A68BFF35B8F02F00B02BFF35B8F53E8EC
:10B07000001F43E800200028F9D1BFF35B8F08BD13
:10B08000AC01002010B5C1E900239DF808300B7217
:10B090000C46FEF747FD034B0C2202FB00335C60BD
:10B0A00010BD00BF40130020F8B502460B46104803
:10B0B00015F0C8FA0446C0B104210C3015F029FB84
:10B0C0002046FEF72FFD0B4D0C2707FB00500026F6
:10B0D00046802046FEF726FD07FB0050866020468E
:10B0E000FEF720FD07FB00556E602046F8BD00BF4F
:10B0F0003809002040130020034B0146D3F86C01AF
:10B1000082689268104700BFD800002008B5044844
:10B11000042116F0DAFDBDE8084001F035BA00BFA1
:10B12000AC01002000487047616D0400014813F035
:10B1300021BD00BFA803002070B505460C4659B9D3
:10B140004FF0FF304FF0FF31FFF7AEFF044618B964
:10B150006FF06805284670BD2046FEF7E3FC164BED
:10B160000C2202FB0033A61830465D8015F03FFB31
:10B1700003280BD90321304615F0FEFA0580238AF7
:10B18000033B83700121304615F0FEFA40F635434B
:10B190009D4208D12046FFF7AFFF054648B1204643
:10B1A000FEF760FDD6E7054821461AF067F9FFF77C
:10B1B000BDFF0025CEE700BF401300202C02002079
:10B1C00038B502460B46244DD5F8541109B9002074
:10B1D00038BD05F5987013F013FB0028F7D1002255
:10B1E000002305F5AA7013F09FFA044668B91B4ABC
:10B1F0001B491C4840F6734314F0F1FF84F3118897
:10B20000BFF36F8F0323184602DFD5F8480120B142
:10B21000FEF728FD0023C5F84831204615F041FA15
:10B22000C5F848012046FFF767FF98B10E4813F0B4
:10B23000ADFA2046FEF776FC0C4B0C2202FB0030E8
:10B240001F2140882246FFF785FD2046FEF70AFDB4
:10B25000FFF76CFF0120BBE7D8000020507204000C
:10B26000E87204009D7204000802002040130020D0
:10B270002DE9F04F064687B017460C4669B94FF0E6
:10B28000FF304FF0FF31FFF70FFF044660B96FF05A
:10B290006805284607B0BDE8F08F887AFEF73AFCCB
:10B2A000454B834240F082800122002168461AF01B
:10B2B000FEF82046FEF736FCDFF800A10C2303FB66
:10B2C00000A0C0F808D0204615F0EBF90146304642
:10B2D000FFF732FF054618B12046FEF7C3FCD8E75A
:10B2E0001AF0E8FC364B1A58364B9A4220D1DFF858
:10B2F000D8B036481AF0D7F8002181464FF4A02084
:10B30000FFF75EFF804688B9314A32484FF4F9733F
:10B31000594614F064FF3048314614F060FF88F35A
:10B320001188BFF36F8F0323184602DF4C45E0D12D
:10B330004FF4A0220023684613F062FA804698B1C9
:10B340004FF4FC73224A2549224814F048FF244850
:10B350004246314614F043FF002383F31188BFF3C4
:10B360006F8F0323184602DF2046FEF7DBFB0C231A
:10B3700058431AF80060AEB12046093EFEF772FC51
:10B38000092E0CD8DFE806F0150B0B08050B0B0B8C
:10B390000B126FF00B057CE76FF00C0579E76FF08F
:10B3A000040576E7002F97D03C6072E76FF0150533
:10B3B0006FE76FF06E056CE738090020401300203E
:10B3C00008000000B0110020EC7204002C020020E4
:10B3D000507204009D720400F4720400147304009F
:10B3E0001D730400F7B50022114640F60340FFF735
:10B3F0003FFF0446002853D1FFF72CFE214601AA47
:10B4000041F20300FFF734FF0446002848D1019AB7
:10B41000A04DD168D1F80100D1F8051005F17803ED
:10B4200003C31046FEF71EFC214601AA41F20100AB
:10B43000FFF71EFF044698BB0198C3685A7885F849
:10B4400070205A88A5F872201A7985F87120B3F80F
:10B450000720A5F87420B3F80530A5F87630FEF77C
:10B4600001FC214601AA41F20200FFF701FF044658
:10B47000B0B9019FFA6805F18006531C4132186883
:10B480005968344603C4083393422646F7D13846F8
:10B49000FEF7E8FB95F87C305E0604D46FF01204EA
:10B4A000204603B0F0BD01AA002142F20300FFF7DD
:10B4B000DFFE04460028F3D1019B774EDA68D2F80C
:10B4C0000100D2F8051003C61846FEF7CBFB214653
:10B4D00001AA42F20200FFF7CBFE04460028DFD1AA
:10B4E000019CE368B3F8012091B249B1D97839B130
:10B4F000A5F80421DA78114606F1280019F0D7FFE3
:10B500002046FEF7AFFB95F87C601F2316F020065F
:10B51000A5F8203119D14FF0FF304FF0FF31FFF780
:10B52000C3FD0446002800F0AC8002210C3015F069
:10B53000FBF80123037046702146324640F66D4009
:10B54000FFF796FE04460028AAD195F89C301C0708
:10B5500012D501AA002142F21C00FFF789FE044621
:10B5600000289DD10198C368D3F80120D3F8053095
:10B57000C5E93823FEF776FB95F8D830980624D530
:10B580000DF10201684616F098FD0446002887D1A7
:10B590004FF0FF304FF0FF31FFF786FD06460028E1
:10B5A0006FD004210C3015F0BFF8BDF800300380D7
:10B5B000BDF8023043802246314642F22400FFF7B4
:10B5C00057FE044600287FF46BAF4FF0FF304FF07A
:10B5D000FF31FFF769FD0446002852D008210C30E6
:10B5E00015F0A2F895F8D82012F0020F14BF2F23FF
:10B5F0000F23910695F8D92048BF43F0400312F07D
:10B60000090F18BF43F4006300220370C3F307233C
:10B6100043708270C270027142718271C2712146A0
:10B6200042F20100FFF724FE044600287FF438AF01
:10B6300095F87C30B5F804119A0625D4C9B901AA49
:10B6400041F20500FFF714FE044600287FF428AFFE
:10B65000B5F80431019C4BB9E368B3F80120A5F8B3
:10B6600004219A880D48114619F021FF2046FEF763
:10B67000F9FA4FF0FF304FF0FF31FFF715FD0446A8
:10B6800070B96FF068040BE70029F2D16FF0040481
:10B6900006E700BFD8000020B0010020E001002034
:10B6A00008210C3015F040F81023037088234370F4
:10B6B00002230022C37020238270027142718271C2
:10B6C000C371214640F60140FFF7D2FD0446002831
:10B6D0007FF4E6AE014601AA4FF60140FFF7C8FD30
:10B6E000044620BB0198FEF7BDFA214601AA4FF699
:10B6F0000240FFF7BDFD0446C8B90198C368B3F81E
:10B700000130A5F8C130FEF7ADFA95F8C1305B07FE
:10B710000DD501AA21464FF60340FFF7A9FD30B928
:10B720000198C3685B7885F8C030FEF79BFA00F09B
:10B73000D3FB044600287FF4B3AE01F015FE0446A7
:10B7400000287FF4ADAEFFF7E1FCA9E610B5FFF7E6
:10B7500049FE034B1B6813B1BDE81040184710BDEC
:10B760006413002073B5254D0646D5F86C0119F019
:10B77000C0FC00283BD06FF0020105F1D40016F0A8
:10B7800019FB012116F0A1FA10EA010432D11C4B79
:10B790001E600A4605F5987019F089FE05F5AA7035
:10B7A00019F02DFE174819F04CFF17491548009461
:10B7B0006FF007034FF4966213F0E2F91349114852
:10B7C00019F06AFFD5F86C01114983681B68984726
:10B7D000044648B926B902B0BDE87040FFF702BE82
:10B7E00005F1C40013F0C6F9204602B070BD6FF039
:10B7F0001204F9E76FF07704F6E700BFD8000020E5
:10B8000064130020100B00204036002062730400F7
:10B8100055AE02002DE9FF414D4BB0F8018019886B
:10B8200048F4704291424FF0000602BF1E80494B1F
:10B830001E78C378012B08BF474B00F1040405466E
:10B8400020460CBF93F86F70002716F0CBF9214605
:10B85000A8B102A816F0BBF9D5F81130CDF8013027
:10B86000B5F81530ADF805300127EB78012B1CD069
:10B870001321404616F039FC04B0BDE8F08138468B
:10B8800016F0D3FC0346006802909A889B7968689A
:10B89000ADF80C208DF80E30A288A3792F79009096
:10B8A000ADF804208DF80630DFE702A8FFF70CFAA8
:10B8B00004460028DCD00346B5F8012023F8702B9D
:10B8C00002989DF80E20BDF80C1020679A7199809F
:10B8D000B5F81730A4F88630B5F81930A4F88C30D4
:10B8E000B5F81B30A4F88E30EB78E3700022012B02
:10B8F00062721CD18DF80070BDF804209DF80630EE
:10B900000098A4F87B2084F87D30C4F8770000F01C
:10B910009FFB237A1049C3EBC3035A18CB58C4F8D2
:10B920007E309388A4F88230937984F8843007219C
:10B93000204601F019F926B166720121204601F076
:10B9400013F9204601F0F2F9204601F0C7F893E719
:10B95000603100207F310020D800002000B5C3688E
:10B960001A7889B032B13C2A32D109B05DF804EBC3
:10B9700016F02CBA8DF80020B3F80120ADF80120A4
:10B98000DA788DF80320B3F80B20ADF81720B3F860
:10B990000D20ADF81920B3F80F20ADF81B205A7C0C
:10B9A0008DF81D20586801901A899B7A8DF80A300D
:10B9B000094BADF8082068461A689B88CDF80B2023
:10B9C000ADF80F30CDF81120ADF81530FFF722FF9C
:10B9D00009B05DF804FB00BF1972040038B50321FB
:10B9E00004460C3014F0E1FEE3680578B0F801007D
:10B9F000197840F6354398420AD02246FFF7AAF953
:10BA000035B1044812F0C2FEBDE83840FFF78EBBE6
:10BA100038BD00BF0802002038B5042104460C30B0
:10BA200014F0C3FE4578017840882246FFF792F96A
:10BA300035B1044812F0AAFEBDE83840FFF776BBE6
:10BA400038BD00BF0802002070B54FF0FF320D4630
:10BA50004FF0FF3300210646FFF7F2F8044660B9C5
:10BA60000A4A0B490B481A2314F0B9FB84F31188D6
:10BA7000BFF36F8F0323184602DF022104F10C008D
:10BA800014F052FE06704570204670BD6B730400C2
:10BA9000E87204009D720400F8B50A4DEF7906467D
:10BAA0000024E3B29F4202D86FF0010007E029466C
:10BAB000304616F0ACFB0735631C08B12046F8BDD4
:10BAC0001C46EEE7D800002070B5144E0622314621
:10BAD00004461AF074F8E0B14FF0FF304FF0FF3138
:10BAE000FFF7E2FA0546B0B1062221460C3014F009
:10BAF00021FE0022294642F20500FFF7B9FB48B9B2
:10BB00003346226843F86929A288B280012283F86B
:10BB10006820002070BD6FF06800FBE74101002045
:10BB200037B504460D4689B11849284616F06FFB13
:10BB300060B9174A2968C4EBC404A3181151AA8834
:10BB40009A80AA799A71002003B030BD684616F039
:10BB500030F80028F8D16846FFF79EFF0028F5DA94
:10BB60000B4A00989DF80610C4EBC404A3181051AA
:10BB7000BDF8040098809971002DE4D012592A6014
:10BB80009A88AA809B79AB71DDE700BF0C72040034
:10BB9000D800002008B528B1054816F040FB030680
:10BBA00001D5012008BD024816F039FBF9E700BFB6
:10BBB000AC01002070B5044611B16FF0150070BDE6
:10BBC00080B11B4916F023FB60B92046FFF764FFE4
:10BBD000002827DA2378012BEFD1A37903F0C003E3
:10BBE000C02BEAD1134DEB79012B1ED005F1D40007
:10BBF00016F015FBC30707D4002CDED00C492046F5
:10BC000016F005FB0028D8D1EE792146731C30468A
:10BC1000EB71FFF785FF08B93046D0E7EB79013BC0
:10BC2000EB71CCE76FF07700C9E76FF00B00C6E768
:10BC30000C720400D80000202DE9F3410446D8B16D
:10BC400001AA002141F20900FFF712FB054698B94D
:10BC5000019E1249D6F80C8008F1010706223846E9
:10BC600019F0ADFF28B10E490622384619F0A7FF9A
:10BC700030B93046FDF7F6FF002002B0BDE8F08194
:10BC8000D8F80130C4F80130BB88A4F8053030463C
:10BC90002570FDF7E7FF0120EFE700BF19720400F0
:10BCA0001372040007B56846FFF7C6FF044BD8714E
:10BCB00018B169460020FFF733FF03B05DF804FBBD
:10BCC000D8000020F0B5294DEE7989B0002E46D17C
:10BCD00095F8C230DB0722D56A4631464FF6094057
:10BCE000FFF7C6FAD8B9DDF800C0DCF80C4063787D
:10BCF000012B1E4628BF012673B1A31C02AA1234D1
:10BD000018685968174603C70833A3423A46F7D163
:10BD1000186838609B88BB806046FDF7A3FFEE7112
:10BD2000002416260127EB79E0B2834202D8B3B192
:10BD3000002012E008AB06FB0033694653F8182CCC
:10BD400033F8143CCDF80120ADF805308DF80070C3
:10BD5000FFF7E6FE01340028E5D009B0F0BD002170
:10BD6000084609B0BDE8F040FFF724BFD800002026
:10BD700010B50C4631B300F06BF998B100F1100327
:10BD8000184616F04CFAC1050CD5184616F047FABD
:10BD9000C20407D50D4B1B78012B11D10123237051
:10BDA00000200CE000F054F920B1103016F037FA02
:10BDB000C305F3D4002016F045FA0028EED010BDDC
:10BDC0000023ECE76FF01500F9E700BFD800002072
:10BDD0002DE9F0410E4617461D460446002871D055
:10BDE000002B6FD00A03037809D54C076AD416F0EC
:10BDF0003FFA0446002853D101232B700CE0B10711
:10BE00002DD033480FB1B20608D4C3EBC302825C15
:10BE1000012A12D002B92A70002441E090F8D820FB
:10BE2000510652D5C3EBC302825C012A05D002B988
:10BE30002A702B7843F00203DFE74FF00108072157
:10BE400011FB03810144204616F0F4F9044638BB87
:10BE500085F80080002FDFD0B206DDD5E9E716F0C7
:10BE6000040212D01A49C3EBC3028F5C012F09D11F
:10BE7000072212FB0373194416F0DCF9044678B963
:10BE80002F70E9E7002FE7D1FAE7124816F0C7F95B
:10BE9000830608D4204616F0EBF9012304462B70E4
:10BEA0002046BDE8F081104600F086FB064620469D
:10BEB00016F0DEF9044601202870002EF0D100F0C3
:10BEC0007BFBEDE76FF01504EAE76FF08504E7E729
:10BED000D8000020AC01002010B50A4CE3790BB16A
:10BEE000002010BDFFF7DEFE0028FAD1E379002B19
:10BEF000F6D1FFF7E7FE0028F3D1601CBDE8104043
:10BF0000FFF7E2BDD8000020F8B545686905064690
:10BF100035D4046914B115F0030330D0194F3078CB
:10BF2000FB7983422BD9C0EBC00017490722384464
:10BF300019F045FEA8B115F0030306D197F870205B
:10BF4000082A02D8B2689F2A19D915F0300F09D0F3
:10BF5000ACB1EA060AD405F46035B5F5603018BF17
:10BF60000120F8BDEB0601D4002CF4D1D6E9022360
:10BF70009A4204D81F2A02D9B3F5804FEBD900208A
:10BF8000EFE700BFD80000200C720400F7B5CDE940
:10BF90000001694642F208009DF8207016461D46D1
:10BFA00016F09BF9044668B97FB9BFF35B8F0C4B61
:10BFB00053E8001F41F0040143E80012002AF7D1C2
:10BFC000BFF35B8F204603B0F0BD694642F2090023
:10BFD000CDE9006516F081F90028E6D00446F1E7C6
:10BFE00000010020F8B50446164B14F8097B83F8CD
:10BFF0006F7005460E4607221349204619F0DFFDF3
:10C0000070B91249384601F095F8044610B96FF03E
:10C010000B00F8BD052100F0A7FD34600020F8E713
:10C020002146384616F0E0FA40B92146287801F05A
:10C0300081F804460028EAD00621ECE76FF01500ED
:10C04000E7E700BFD80000200C720400057204006E
:10C0500000487047F00000202DE9F04F8B4ED0F8DB
:10C0600010B089B09A460023BBEB03040546304666
:10C0700018BF0124039316F02AF90F464107914691
:10C0800040F1E5802846FFF73FFF60B96FF01504E7
:10C090003846002340F20111994540F0E1802046E6
:10C0A00009B0BDE8F08F2846FFF774FD80460028F0
:10C0B000ECD0A6F1AC0016F00AF9C205C0F30023DB
:10C0C00000F1C880CDE90533CDF81B30AB68686856
:10C0D000ADF81030EB68ADF8123016F0E9F88DF8D5
:10C0E0001D00BFF35B8F56E8003F23F4807346E8E2
:10C0F0000032002AF7D1BFF35B8F2A7806F8BC2CF8
:10C1000006F8652C696822460DF11503A6F1BC00FE
:10C11000FFF75EFE04460028BAD1A6F1B303BBF1D7
:10C12000000F11D02A69116846F8B31C91889980D4
:10C1300092799A716B689E0745D1980502D4BAF13D
:10C14000000F54D002230BE0514A116846F8B31C8B
:10C150009188927999809A716B689C07EDD05B46C3
:10C160008DF814304FF0FF304FF0FF31FEF79CFF99
:10C170000446002871D00F2204A90C3014F0DAFA1A
:10C180002146002242F20600FFF772F8044600281A
:10C190007FF47EAFBBF1000F2DD06B68990736D1CD
:10C1A0003C48012116F00EF9039E0446002836D0C3
:10C1B000002E3FF46DAF3046002100F0D5FC304634
:10C1C00000F08CFC64E713F0100F0CBF0123042374
:10C1D0008DF814302B691A68CDF816209A88ADF8BE
:10C1E0001A209B798DF81C304FF00008BAE7032322
:10C1F0008DF81430F8E7129BCDF80080524649467E
:10C200003846FFF7C3FE04460028C6D040E7214861
:10C2100003A9FFF7E7FE04460028C1D038E716B1AE
:10C22000304600F05BFC6A681B4812F0030218BF3E
:10C230000122092116F0ABF842460A2116F0A7F8B0
:10C240006A680C21C2F3800216F0A1F820E76FF0B3
:10C250000A041DE76FF077041AE76FF0680417E728
:10C2600002888A4204D1426812B11278D20702D4FD
:10C270000133083010E70949094819F0E8F94FF48B
:10C2800070220023064812F019FD08E7AC010020D7
:10C290000C720400F00000200001002017240400AC
:10C2A0000801002010B51E4816F0B2F81D4816F01F
:10C2B0000EF8C1052ED51B4816F009F8820515D5D4
:10C2C00019491A48072219F07AFC19490346087ED1
:10C2D0001BBB1849052200F071FF044630B1002154
:10C2E000417200F041FC204600F0F8FB0C480021B0
:10C2F00016F068F8044670B90F4815F0E8FF830699
:10C3000008D5204600F058F9204615F09BFF012083
:10C3100000F052F90024204610BD06222131DAE750
:10C32000F0000020000100200C720400F900002041
:10C33000D800002005720400AC01002070B505464D
:10C3400086B00E464FF0FF304FF0FF31FEF7ACFEE7
:10C350000446A0B102210C3014F0E6F9094A4670F7
:10C36000057003A9204600950523FEF78BFE0022E9
:10C37000214642F20C00FEF77BFF06B070BD6FF065
:10C380006800FAE7AC01002008B50C4B02464009F2
:10C3900003EB800016F041F802F01F0340FA03F3AC
:10C3A00013F0010006D122B9054816F036F840F323
:10C3B000C01008BD6FF07700FBE700BF68130020D6
:10C3C000AC0100200A4ABFF35B8F430902EB8302F2
:10C3D00000F01F0001238340DB4352E8000F1840A8
:10C3E00042E800010029F8D1BFF35B8F704700BF1E
:10C3F0006813002030B587B05D480022002312F09A
:10C40000CBF8002840F092805A485A4D16F005F8B3
:10C4100010F0010345D02B1D93E8070006AB03E99C
:10C420000700554815F0F9FFC0F34013514815F0C7
:10C43000F4FF014600286BD073B10C224F490DEB7D
:10C44000020019F0BCFB00286BD000210846FFF762
:10C4500075FF0446002865D100239DF80C00ADF857
:10C460000930BDF80E30ADF80530BDF81030ADF82C
:10C470000730431E8DF8040058420DF10901584160
:10C48000FFF776FC044600284CD14FF0FF304FF008
:10C49000FF31FEF709FE0546002849D16FF0680418
:10C4A00040E03548364A15F0B8FF10F0800F0ED046
:10C4B0009089D1891269ADF80E004FF48074ADF8FF
:10C4C0000C40ADF81010ADF812300592A9E72D4CD4
:10C4D0002068616803AB03C3A068186092F8D93084
:10C4E000180748BF0523234848BF8DF80D3015F0C5
:10C4F00094FF810706D53023ADF810306023ADF8E6
:10C500000E308EE71B4815F088FF4207F3D488E70A
:10C510003BB1FFF713FF044620B9184B2861C3E96C
:10C5200001000024124812F0AFF8204607B030BDD9
:10C53000072201A90C3014F0FDF82246294642F2E8
:10C540000B00FEF795FE04460028EBD19DF80D1078
:10C55000012001F00101FFF7F1FE04460028E1D1BE
:10C5600006AA12E90700054B83E80700D9E700BFD8
:10C570008413002068130020AC01002078130020F1
:10C58000D8000020AC61040010B5094C4422002101
:10C59000204619F00CFB04F11C0018F09FFE04F17A
:10C5A000300018F09BFE034B00221A6010BD00BF44
:10C5B00068130020B4130020044B597C003801F0AC
:10C5C000010118BF0120FFF7B9BE00BF68130020AA
:10C5D000032838B5054603D1BDE83840FFF70ABF48
:10C5E000FFF7D2FE0446C8B9BFF35B8F0C4B6A0954
:10C5F00003EB820305F01F0101228A4053E8000F7C
:10C60000104343E800010029F8D1BFF35B8FFFF727
:10C61000F1FE044610B12846FFF7D4FE204638BD8F
:10C62000681300202DE9F04F00F10C088BB0044690
:10C63000404614F0C2F806465D48DFF878A115F0D0
:10C64000ECFE00F001035A48029315F0E6FEC0F339
:10C650008003019316B90BB0BDE8F08F029B13B9AC
:10C66000019B002BF7D0238A082BF4D909214046DF
:10C6700014F09BF8037A228A01339A420546EAD3E2
:10C680000123ADF824307F238DF81E30037A034454
:10C69000471C5B7A8DF81D30FF238DF81C3000237A
:10C6A000ADF8223002788DF81F20042A9CBF424B3F
:10C6B0009B5CADF82030037A3D48009315F0ADFE49
:10C6C00003463B4815F0A9FEDA0703D5BDF8203034
:10C6D0005B0765D4384615F085FA00284AD03946FC
:10C6E00004A815F074FADAF80030B3B1404614F03B
:10C6F0007EF8009BB4F810B0DAF80070238281460F
:10C7000043469DF81F209DF91D1004A8B847636992
:10C71000A4F810B013FA89F3E36004AB0693274B37
:10C720001A68002A3AD0136803B1083B52F8081C73
:10C73000B9B11F46A2F108034046039314F057F81D
:10C74000009BB4F810B02382039B81461B684146CE
:10C7500006A898476369A4F810B013FA89F3E36058
:10C760003B46DBB19F681A68B7B1083F002AE3D1A6
:10C770003B46F7E76B78FF2B09D1114B1868049003
:10C780009A889B798DF81630ADF81420ABE73946BE
:10C7900015F04BFD0346F1E7002ACDD100230693A7
:10C7A000297A40460131013E13F0F7FFF6B251E716
:10C7B00068130020B4130020A1730400AC13002000
:10C7C0000C720400F8B50546224815F026FE430712
:10C7D0000F463CD52A78012A03D96FF0150420466C
:10C7E000F8BD6B780F2BF8D86888031F9BB243F60F
:10C7F000FC74A342F1D8A9880B1F9BB2A342ECD8CA
:10C800008842EAD37AB914480022002311F0C4FE0A
:10C8100004460028E3D1FFF7B7FD044640B10E48B7
:10C8200011F032FFDBE715F03AFD0028EBD1D4E739
:10C8300028686968094E0A4B03C6A868306020461C
:10C840001F60FFF7C5FE044606F12400E8E76FF01D
:10C850000A04C4E7AC010020981300206C130020E8
:10C86000B413002070B50C4B1C68054644B154F855
:10C87000143C143C13B1697A284698476469F5E77B
:10C88000064C074EB44200D370BD236813B1697AD9
:10C89000284698471834F5E7EC130020506104004F
:10C8A0006861040010B50446FDF73CF9044901EB4A
:10C8B0000011204615F0D7F9BDE81040FEF736BC50
:10C8C000B813002070B5D1E9015600220446C1E931
:10C8D0000122064818F0D2FD3DB1314620462B46D4
:10C8E0006FF06D02BDE87040184770BD7008002001
:10C8F00037B5837A072B04462FD1BFF35B8F031D17
:10C9000053E8002F42F4806143E80015002DF7D171
:10C91000BFF35B8F510520D4BFF35B8F6368BFF318
:10C920005B8F9A0301D415F006FCA37A072B14D170
:10C930000B4B93F8D8309B060FD515F027FB60B151
:10C940000DF1060101A815F0B8FB30B9BDF80620BD
:10C95000BDF80410204615F009FC03B030BD00BF3F
:10C96000D800002070B505460F480022002311F0C2
:10C9700047FFB8B90D4B1C6834B154F80C3C143C5B
:10C9800003B198476469F7E7094C0A4EB44204D3EF
:10C990002846BDE8704012F0EDB8A36803B198478F
:10C9A0001834F3E770BD00BF4C080020EC130020E2
:10C9B00050610400686104002DE9F843DFF85480F9
:10C9C000044620270025EFF3118387F31288BFF375
:10C9D0006F8FE16929B983F31188BFF36F8FBDE8C9
:10C9E000F883206A0A68E261814208BF226283F309
:10C9F0001188BFF36F8FD1E901694046C1E9015544
:10CA000018F03CFD1EB1002249462046B047FEF713
:10CA10008DFBD8E7700800200448B0F80431002BE3
:10CA200000F5847008BF0020704700BFD8000020C8
:10CA300030B5044619F03EF90D4A0D460D49085827
:10CA4000D2F8901088428BB005D120460BB0BDE8DB
:10CA50003040FFF7B1BF24342146104618F0C6FD20
:10CA60001DB16946204618F0D1FD0BB030BD00BFA6
:10CA7000B01100200800000038B5002204468A42A8
:10CA800002D10024204638BD04F1C4030120BFF3C5
:10CA90005B8F53E8005F002D04D143E8000CBCF12C
:10CAA000000FF6D1BFF35B8F02D0C8340244E6E733
:10CAB000002CE6D0C4220021204619F078F804F1B9
:10CAC0004000044918F0C3FD034904F1240018F0A4
:10CAD00071FDD7E76DD202004724040008B5C430C9
:10CAE000BFF35B8F50E8003F013B40E80032002A73
:10CAF000F8D1BFF35B8F3BB9044811F047FEBDE8A6
:10CB00000840034812F036B808BD00BF4C080020AA
:10CB1000D803002010B5044615F00AFD12F0F4FA0F
:10CB2000104BD3F8241104F1B80249B9C4F8B81075
:10CB3000D3F8281189B9C3E9492212F0F9FA06E0BD
:10CB40008A4208D112F0F4FA2046FFF7C7FFBDE889
:10CB50001040FEF7EBBA0968E7E70A60C3F828213E
:10CB6000EBE700BFD800002070B5837A8B42044603
:10CB700068D08172FBB915F0DBFCA37A012B1DD0C4
:10CB8000072B5FD13048002112F026FE0023C4E9B4
:10CB90000D33E378012B55D1A378012B04BF032378
:10CBA00084F8943004F140004FF42032BDE8704026
:10CBB000002312F04FB8827A012A08D1234D05F5DF
:10CBC0008476616961BBBDE87040FEF7AFBA072AA1
:10CBD000D8D0002A36D1013B072B33D8DFE803F049
:10CBE00004171B1B1B17323200F14005284618F0B2
:10CBF0003AFD20460121FFF71BFF204615F041FCBE
:10CC000028460022BDE87040002312F057B8437A4E
:10CC10000BB1FFF727FE2046BDE87040FFF75EBF6F
:10CC2000A2690B686361914208BFA3612046FFF7C8
:10CC300049FEB5F80431002B14BF3046002011F036
:10CC4000A5FDBEE770BD00BFE8030020D8000020AE
:10CC5000F8B5074609480D46164615F069FC044626
:10CC600050B183781F4203D1BDE8F840FFF736BFCB
:10CC70003146A8472046F7E7F8BD00BFC00B0020AB
:10CC8000024900220120FFF7E3BF00BFF1C8020004
:10CC900038B505460B480C4615F04AFC034670B102
:10CCA000827A012A02D0073A012A06D81A88AA42B3
:10CCB00002D19A78144203D11846FFF70FFF0023E0
:10CCC000184638BDC00B0020034BC01A034BC010E0
:10CCD0005843C0B2704700BFC00B0020295C8FC210
:10CCE00070B51C46144305460E460AD018F0E2FF04
:10CCF0000B4908580B49D1F89010884204BF002214
:10CD000013460949002D14BF2846084613F09AFC23
:10CD1000044618B1711D0C3013F0FBFC204670BDA9
:10CD200008000000B01100208808002010B504465B
:10CD3000054811F01FFF204600F0CEFB2046BDE85D
:10CD40001040FFF78FBD00BFC80300202DE9F04F52
:10CD500087B0002303930593AC4B5A8B32B1AC4D93
:10CD6000D5F8244134B907B0BDE8F08F1B68002B1B
:10CD7000F5D1F8E754F8B83903B1B83BA549002616
:10CD800001E01C461346B5F80421002A00F03B815F
:10CD9000D5F810214AB904F1B806002BE3D0D3F836
:10CDA000B820002AEDD0B83AEBE70A68002AF2D0A2
:10CDB000D4F8A420002AEED0D4F8A820002AEAD083
:10CDC000D4F8AC20002AE6D0A37A072B66D12046FF
:10CDD0009047002862D0BFF35B8FD4F8BC30BFF31C
:10CDE0005B8F022B5ADC204615F0A2FB044600287C
:10CDF000B9D0A37A072B40F0FD80D4F8A430B5F861
:10CE0000041104AA204698470746002800F0D28063
:10CE1000B5F80421049B9A4206D30146D4F8A860D1
:10CE200005AB03AA2046B047059B01933B8ADDE989
:10CE3000039A002B00F0E180384614F02AFF804668
:10CE4000002840F0DD80B5F80431DFF8CCB1002BCC
:10CE500014BF584600200022002311F0D1FC78B9FD
:10CE60006C480022002311F05FFC064600283BD1ED
:10CE7000B5F80431002B18BF5E46304611F086FC31
:10CE80006FF00B053846FCF7EDFEB9F1000F00F02E
:10CE90008D8001992A462046C84787E0D4F8B830EB
:10CEA00004F1B802C6B9D5F82811C5F824318A4270
:10CEB00001D1C5F828310023C4F8B8302046D4F891
:10CEC000AC309847002894D0A37A072B40F092808A
:10CED0002046FFF71FFE8CE73360D5F828319A42D1
:10CEE00008BFC5F82861E6E7019BC0F8049083609D
:10CEF000B5F804B14548DA454FF000024FF00003A1
:10CF00004FF0000198BF1FFA8AFBFCF72DFE814607
:10CF100050B1FCF707FE414B5A4603EB001339466C
:10CF2000484614F07BFE8146B5F8043194F8C07091
:10CF30009A458CBF4FF00108023784F8C08098BF33
:10CF4000FFB204F1BC08BFF35B8F58E8003F013328
:10CF500048E80032002AF8D1BFF35B8F002333602A
:10CF6000A3695BBBC4E90566A378012B29D0BFF395
:10CF70005B8F58E8003F013B48E80032002AF8D1B7
:10CF8000BFF35B8F314604F1140015F05FFA484699
:10CF9000FCF768FE20463146FFF794FCB5F80431F3
:10CFA0001D48002B08BF002011F0F0FB1321204684
:10CFB00015F0DAFA2046FFF791FDD4E61E60A6616F
:10CFC000D2E709F10C0A0421504613F0D5FB23885F
:10CFD00007F0FD0743EA07330380B9F81030043B3C
:10CFE00043800221504613F0CFFB4846FEF784F8F9
:10CFF0000028BCD1FEF79AF8DCE76FF0790541E72D
:10D000006FF004053EE79368FFDE00BF0C090020C7
:10D01000D800002070080020E0010020B813002094
:10D02000F8B5BFF35B8F4268BFF35B8F9204044691
:10D0300000F1040319D5B0F88620B0F888109142A9
:10D0400013D8B0F88A1091420FD3D0E9231291423D
:10D050000BD1BFF35B8F53E8001F21F4005143E86D
:10D060000012002AF7D1BFF35B8F114B1D686DB121
:10D0700055F8046C143D3EB1B4F88E30B4F88C20F1
:10D08000B4F886102046B0476D69F0E7094D0A4FA5
:10D09000BD4200D3F8BD2E693EB1B4F88E30B4F86D
:10D0A0008C20B4F886102046B0471835F0E700BF52
:10D0B000EC13002050610400686104002DE9F04188
:10D0C000074608460D4614F063FF064618B90026C9
:10D0D0003046BDE8F081144B1C6884B154F8083C1C
:10D0E000143C0BB96469F8E729463846984700288C
:10D0F000EDD0284614F04CFF0028F3D1E7E70B4CA5
:10D10000DFF82C804445E3D2E3680BB91834F9E723
:10D110002946384698470028D9D0284614F038FFC9
:10D120000028F3D1D3E700BFEC13002050610400C6
:10D130006861040038B505460C460E480121FFF72A
:10D140009BFCB0B1057223680367A388A0F8743014
:10D15000A37980F8763001238370074BC0F8A430A0
:10D16000064BC0F8A830064BC0F8AC30054BC0F8F1
:10D17000883038BDC00B0020FDD3020033240400EA
:10D18000272404001800280070B505460A480E46FA
:10D1900015F0CEF9044620B18378012B04D0FFF7B7
:10D1A0009DFC0024204670BD3246294615F0FCF94E
:10D1B0000028F7D12046F2E7C00B0020F8B505465D
:10D1C0000E480E46174615F0B3F9044620B1837891
:10D1D000012B03D0FFF782FC00240DE036B132466C
:10D1E000294615F0E1F908B92046F3E7A37ABB42D6
:10D1F000FAD1237AAB42F7D12046F8BDC00B00200C
:10D2000038B5044608460D4614F0C2FE48B3164B26
:10D2100093F8D830990707D4E37883B1294620469C
:10D22000BDE8384000F0AEB994F895309A07F3D5D0
:10D23000BFF35B8F6368BFF35B8F5B04ECD429465D
:10D24000204615F0DFF958B92B88A4F888306B8890
:10D25000A4F88A30AB88A4F89030EB88A4F8923018
:10D2600038BD6FF01500FBE7D8000020F7B510F8C7
:10D27000363C0446A0F140060BBB304615F015FACB
:10D28000354B1D684DB155F8103C143D1BB114F8D9
:10D29000371C304698476D69F4E7304D304FBD423A
:10D2A00005D3304603B0BDE8F040FFF717BC6B680C
:10D2B0001BB114F8371C304698471835EFE710F8C3
:10D2C0003E3C012B30D1BFF35B8FA0F13C0555E80C
:10D2D000003F23F4005245E800210029F7D1BFF3B5
:10D2E0005B8F9B0422D5A36C00936946236D019349
:10D2F0003046FFF785FF58B9BFF35B8F55E8003F15
:10D3000023F4805345E80032002AF7D1BFF35B8F46
:10D31000BFF35B8F55E8003F43F4006345E80032FC
:10D32000002AF7D1BFF35B8F03B0F0BD0D4A106840
:10D3300051686B4603C369463046FFF761FF00281A
:10D34000E6D1BFF35B8F55E8003F43F4805345E8D7
:10D350000032002ADAD0F6E7EC1300205061040016
:10D3600068610400B861040010B50C4818F047F873
:10D370000B490A4818F082F80A49084818F07EF864
:10D380000949064818F07AF815F058FF16F00CFD18
:10D39000044608B915F091FA204610BD7008002027
:10D3A000C8130020D4130020E0130020044B186899
:10D3B00018B9044A5A600B6070476FF00B00704751
:10D3C000F41300204463040070B5044652EA0300DD
:10D3D0000AD018F06FFC074D074ED5F89050305822
:10D3E000854204BF0022134620460431BDE8704048
:10D3F000FFF776BCB0110020080000002DE9F843CB
:10D40000D0F8B0400E4690464CB1483C236B63B117
:10D4100004F13009484618F046F8054658B9FDF7BA
:10D4200085FE00252846BDE8F8832068B03015F059
:10D4300032F9A46CE8E714F02CFC0028F1D128465E
:10D4400013F02FF9E36C05469BB9A38C078A403B88
:10D450009BB23F2B03D8238D9F4228BF1F46042138
:10D4600005F10C0013F088F90780A38C4380043782
:10D47000E764E36C2A8A9E420FD3934216D0A38CB2
:10D48000403B9BB23F2B21D92068B03015F003F907
:10D49000236B13B1204615F0DFF8E36CC8F80030B9
:10D4A0009E4234BF9E1B0026E664BBE70022002399
:10D4B000484611F039F9FCF7D5FBA38CA3F14002E3
:10D4C0003F2AE1D8034AAA61EB61DDE70022134657
:10D4D000F9E700BFE1270400F7B5284D284F0446BF
:10D4E0000026BD4201D303B0F0BD2988204615F0C7
:10D4F0006DF96B68019001A920469847002838DB38
:10D50000019B2A889A829A8403F11002BFF35B8FF1
:10D5100052E8001F42E800600028F9D1BFF35B8F9A
:10D520009E64DE649E60A16B03F1080219BBC4E92E
:10D530000D221C60DE6003F1300017F060FF0198DF
:10D5400043681B6803B19847019BBFF35B8F10339F
:10D5500053E8001F41F0010143E80012002AF7D10F
:10D56000BFF35B8F01984368DB6913B100F11001D1
:10D5700098470835B5E70A60A263DAE73861040026
:10D580005061040070B5124B0C4619780131C9B2D4
:10D59000012938BF0121054608221220197015F013
:10D5A000E1F8064688B108210C3013F0BDF8228856
:10D5B000028062884280A2888280E288C2803146EE
:10D5C0002846BDE8704015F018B96FF00B0070BD2B
:10D5D0008031002023281FD81A2804D8431E182B76
:10D5E0000ED906207047A0F11B03082B1ED8DFE8D8
:10D5F00003F0051D1B231D19251D05000320704781
:10D600000F4A012383401A40C2B90E4A1A40002A29
:10D6100014BF01200620704700F07F03522B05D174
:10D6200000207047012070470520704710F0400F20
:10D630000CBF06200020704704207047022070476E
:10D64000AAAA8A025455450170B50E46438D418BF6
:10D650008B4202F1010228BF0B469A42054620D8B0
:10D660003046FFF7B7FF022812D0042810D018F078
:10D6700021FB154B1958154BD3F89030994213D014
:10D68000134B1B685A1A18BF4FF0FF32134602E0C3
:10D690004FF4702200230F480021FFF795FE044647
:10D6A00020B90024204670BD0022EFE7FCF73AFACB
:10D6B000094B182202FB0033012104F10C009D608C
:10D6C00013F032F80670EDE708000000B0110020FA
:10D6D0008C140020B408002044140020011F0148CD
:10D6E00017F09DBD9C070020F8B54FF47022074647
:10D6F00000230D480E4612F0A5FF044690B100F13C
:10D700000C050921284613F004F82046FCF70AFA14
:10D71000064B182202FB0033012128469F6013F0BC
:10D7200003F806702046F8BDB40800204414002019
:10D7300070B503788AB004460E4607AD032B20D897
:10D74000DFE803F002191B1D11492846F9F7FCFC1C
:10D75000059563780493A3780393E3780293237980
:10D76000019363790093A3790A4A1E21304612F08F
:10D77000C7F80AB070BD0849E7E70849E5E7084976
:10D78000E3E7084A0A21284612F0BAF8E0E700BFAA
:10D79000D06B0400F96B0400D76B0400DE6B04004F
:10D7A000E86B0400F26B04002DE9FF4105460E46CC
:10D7B0004FF000084FF42053006817688DF8088078
:10D7C00002A91446ADF80A3014F0A5F9A0B142F64A
:10D7D000010328688DF80C8003A9ADF80E3014F011
:10D7E0009AF948B123691BB15A88B24200D25E80CF
:10D7F000012004B0BDE8F0816168286814F08BF95D
:10D8000010B100232361F3E7E368A0681A786AB1D6
:10D81000B7F82AC0798B038A8C4594BFC3EB0C03FD
:10D82000C3EB0103934201DA0020E2E704210C304C
:10D8300012F07AFF2061068023695E80074B009317
:10D840000194A26800232946384615F0F8F900280B
:10D85000EADB2069003818BF0120CAE71F2C04004A
:10D8600010B500F150030446BFF35B8F53E8001F6F
:10D8700041F0010143E80012002AF7D1BFF35B8FAA
:10D88000201F15F056F804F17400044917F0DFFE6C
:10D890002068BDE8104001F04DBB00BF27330400F5
:10D8A0002DE9F34717680546894600685168D7F89F
:10D8B00004A0144614F02FF9804600284BD195227D
:10D8C0002946504616F043F80646207540B1E368F5
:10D8D0001B780BB184F81480002002B0BDE8F087FB
:10D8E0002946504616F035FA10B908232375F3E798
:10D8F000A068267512F0D9FE02210C3012F014FF38
:10D90000164B2061A0F8009000930194A268334662
:10D910002946384615F093F9002807DA10F1FF0F71
:10D9200026BF4042C0B20E202075D5E72369002BE8
:10D93000D2D0A06814F0CCFF7B8B7A8D9A4294BF32
:10D94000C0EB0200C0EB0300E3681B78984294BF71
:10D9500000200120C1E70120BFE700BFE12804004B
:10D96000F7B5002304460E462B480022694610F006
:10D9700011FD0546D0B918F09DF9284B009F1A58A3
:10D98000274B29461A60381D282218F010F93C60F0
:10D99000009C24480195C4E90155C4E909550022B9
:10D9A000002301A910F0F6FC054620B16FF00B052D
:10D9B000284603B0F0BD019B0146B022184618F07E
:10D9C000F6F8194A82605C3017F019FD019BBFF32D
:10D9D0005B8F543353E8002F43E800510029F9D1FD
:10D9E000BFF35B8F019B1C60636A019F1BB904F14D
:10D9F0000C0017F004FD626AC7F8A820A26A07F1BC
:10DA0000A803636202B9A362019B17225A855A8355
:10DA100004333360CCE700BF80070020080000001B
:10DA20008C1400209C070020F80300202DE9F74FFC
:10DA3000064608460C46FCF775F8DFF89880182370
:10DA4000434308EB03020546D2F808A0E068BFF3A1
:10DA50005B8F716DBFF35B8FC90738D5E1680978BB
:10DA60001171002248F803200378D22B0ED13368BD
:10DA70002146186816F095F940B101902046FCF750
:10DA8000F1F8019B184603B0BDE8F08F04F10C00DB
:10DA900012F0ADFE18235D4308EB050900231A467A
:10DAA00007462146301DB4F810B0C9F8086014F0DC
:10DAB0006FFE03460028E5D06269A4F810B012FAA0
:10DAC00087F7E76048F80500C9F808A0DAE76FF0C3
:10DAD0001503D7E7441400202DE9F14F0546FCF764
:10DAE00021F83349182202FB00F3C81851F803A0AB
:10DAF0000779B0F80680D0F810900021D0E90246EE
:10DB000018F055F8A87AFCF705F86969834651B111
:10DB10006B7AD80705D4DBF824301B6828469B684D
:10DB2000984700236B612946584617F0B2FC002F36
:10DB300031D084B3236873B31B6863B3BAF1000FA9
:10DB400029D1201D15F068FA3846FFF743FD052856
:10DB500021D8DFE800F0160320162003BFF35B8F07
:10DB6000636DBFF35B8FDA0715D5A36D9BB14FF4DF
:10DB70007022002304F1780001B0BDE8F04F11F0ED
:10DB80009DB823681D68BFF35B8F636DBFF35B8F28
:10DB9000DB0700D556B901B0BDE8F08F49462846ED
:10DBA000B0470134A3B29845F8D8F4E70024F9E768
:10DBB00044140020F8B50B8A076804460D46002B74
:10DBC00039D0012105F10C0012F0EFFDBB7A072BD3
:10DBD000064630D154F8043C6BB301781748043C36
:10DBE000002310F833708F4200EBC30208D1298A5A
:10DBF00053789778994213D2012F1CD1042317E050
:10DC000001331C2BEDD10846FFF7E4FC98B1052841
:10DC100011D081B106230022204615F05AFA0AE0FD
:10DC20005368294620469847012F034603D110B177
:10DC300031780029EFD10020F8BD00BF6C630400EB
:10DC40002DE9F0410E8A043EF6B2022E04468CB055
:10DC5000084601D0102E64D104210C3012F0A5FD2D
:10DC60000DF1080805884788011D3246404613F02B
:10DC700080FF002857D09DB3002687B3BD422FD820
:10DC80004FF4205301A940468DF80460ADF80630EA
:10DC900013F041FF40BB1422002107A817F087FFB3
:10DCA00011212046FFF720FD0990002837D00121DF
:10DCB0000C30CDE9074812F037FD00230A901B4ACB
:10DCC000037039460B93284607AB14F09EFE0A9B5F
:10DCD0001B78FBB90998FBF7C5FF0A2301E03D4615
:10DCE00001232A4610210EE042F6010307A940460F
:10DCF0008DF81C60ADF81E3013F00DFF0028CAD05F
:10DD000010232A461946204615F0E3F900200CB0EE
:10DD1000BDE8F0810999204615F0B3F9F6E7112026
:10DD2000F5E70420F3E70E20F1E700BFA9D70200D2
:10DD30002DE9F043036885B004460D4618680121BB
:10DD400016F005F840B904F1540015F038F8B0BBEE
:10DD5000122005B0BDE8F08310220021684617F0BC
:10DD600026FF21212046FFF7BFFC029048B3DFF8D1
:10DD70005890009405F10C074FF001082B8A012BF5
:10DD800004D80299204615F07CF918E0384612F0C4
:10DD90001CFD6B464A46014606468DF80C8014F081
:10DDA00034FE9DF80C30002BE8D00298FBF75AFFA8
:10DDB0009DF80C3032462021204615F08AF90020CB
:10DDC000C7E71120C5E700BF3D2E04002DE9F04351
:10DDD000036885B004460D461868012115F0B7FFA9
:10DDE00040B904F1540014F0EAFFB0BB122005B0B2
:10DDF000BDE8F08310220021684617F0D8FE0F21FD
:10DE00002046FFF771FC029048B3DFF85890009469
:10DE100005F10C074FF001082B8A012B04D8029959
:10DE2000204615F02EF918E0384612F0CEFC6B466D
:10DE30004A46014606468DF80C8014F0E6FD9DF832
:10DE40000C30002BE8D00298FBF70CFF9DF80C304B
:10DE500032460E21204615F03CF90020C7E711207C
:10DE6000C5E700BFDD2D0400F0B51D46036885B091
:10DE700004460E4618680121174615F068FF38B9A8
:10DE800004F1540014F09BFF48BB122005B0F0BD14
:10DE900065B310220021684617F089FE39462046F6
:10DEA000FFF722FC029018B3BDF82830ADF804301B
:10DEB00001238DF80C300F4A00946B462946284602
:10DEC00014F0A3FD9DF80C305BB10298FBF7CAFE7D
:10DED0009DF80C302A463146204615F0FAF800200D
:10DEE000D4E70299204615F0CCF8F8E70120CDE7F9
:10DEF0001120CBE7DD2D04002DE9F0410E8A043E10
:10DF0000F6B2022E04468CB0084601D0102E76D10F
:10DF100004210C3012F049FC0DF1040805884788F3
:10DF2000011D3246404613F024FE002869D085B317
:10DF300077B3BD422DD86068012115F008FF064671
:10DF400078BB8DF8000042F6020369464046ADF802
:10DF5000023013F0E0FD20B342F6030306A9404669
:10DF60008DF81860ADF81A3013F0D5FDC8B1012D49
:10DF700003D14FF6FF739F4213D004F1540014F005
:10DF80001EFF002814BF002012200CB0BDE8F08155
:10DF90003D4601232A460821204615F09AF8002024
:10DFA000F3E7182200210DEB020017F000FE092113
:10DFB0002046FFF799FB0890F8B101210C30CDE91C
:10DFC000064812F0B1FB0023099003700A238DF874
:10DFD0002C300D4A06AB3946284614F016FD9DF844
:10DFE0002C302BB10898FBF73DFE9DF82C30D1E783
:10DFF0000899204615F045F8D1E71120C5E704201F
:10E00000C3E70E20C1E700BFA1D802002DE9F0430D
:10E010000F4687B00446062107F10C0012F0C5FB3D
:10E020000588B0F802808288D7F80C90C5B100232B
:10E03000B8F1000F13D0A84512D38DF800308DF839
:10E04000043001A94FF420536846ADF80220ADF822
:10E05000063013F060FD064660B10A2301E0454634
:10E0600001232A460621204615F033F8002007B088
:10E07000BDE8F0830146142201A83F7C17F097FD0C
:10E0800007212046FFF730FB0290D8B10A238DF814
:10E0900015300D4A019401AB41462846CDE903698C
:10E0A0008DF8147014F0B1FC9DF815302BB1029866
:10E0B000FBF7D8FD9DF81530D3E70299204614F000
:10E0C000E0FFD3E71120D2E7212A04007FB5CB6817
:10E0D0001D885E88044685B176B1AE420DD310220C
:10E0E0000021684617F063FD05212046FFF7FCFA82
:10E0F000019058B9112007E0354601232A46042132
:10E10000204614F0E6FF002004B070BD6B46094ABB
:10E1100000943146284614F078FC029B23B90198FC
:10E12000FBF7A0FD0A23E9E70199204614F0A9FFB7
:10E13000E9E700BF672B0400F0B51E4603680D46F3
:10E14000003987B0044618BF01211868174615F03A
:10E15000FEFD40B904F1540014F031FE002844D013
:10E16000002007B0F0BD002E41D0182200216846E3
:10E1700017F01DFD47BB23681E4A1B680093002350
:10E18000ADF812300C9B0393BDF83430ADF810306D
:10E1900001238DF8143031466B4630468DF8085017
:10E1A00014F033FC9DF81430C3B1002FD8D001987F
:10E1B000FBF758FD9DF81430002DD1D0324629468A
:10E1C000204614F086FFCBE7002239462046FFF7B1
:10E1D0003BFA01900028CED11120C2E70199002915
:10E1E000BED0204614F04DFFBAE71220B9E7012057
:10E1F000B7E700BF9929040007B50B460246002186
:10E2000017F058FD01910F4909580F4800688842DE
:10E2100004D00E48D0F89000884201D10022134665
:10E2200001A90B4810F0B6F8014648B9019B10222D
:10E23000184617F0BCFC0346184603B05DF804FB13
:10E240000023F9E7080000008C140020B011002022
:10E25000B807002010B50446806818B1FBF702FD2E
:10E260000023A36021460248BDE8104016F0D7BF46
:10E27000B80700202DE9F347044678300E461746CC
:10E280001D4617F0F0F9A06D30B9204615F036F8AC
:10E29000002002B0BDE8F087124B98424FF0000812
:10E2A00005D12068C4F8588014F06FFEF0E7D0F86C
:10E2B0000490C0F80480A06DD0F80CA0FFF7CAFF4E
:10E2C0002068C4F8588014F060FEB9F1000FDFD068
:10E2D0002068CDF800A000683B4632462946C84772
:10E2E000D6E700BF90140020836DCA6853B1064979
:10E2F0008B4207D0D378002B08BF0E230022114693
:10E30000FFF7B8BF0E23F9E790140020F7B550F8D7
:10E31000044C0546002C59D000F1A40104F124005E
:10E3200014F034FD2E1F05F1580700220023384653
:10E3300010F0FAF9024678BB6B6D2BB101466FF015
:10E3400067033046FFF796FF002345F8043C05F1CC
:10E350005003BFF35B8F53E8001F21F0010143E836
:10E360000012002AF7D1BFF35B8F636A73BB04F11D
:10E370000C0600220023304610F0D6F978B9666802
:10E3800086B913482660214616F049FF286803B075
:10E39000BDE8F04000F0F2BDFBF764FCC5E7FBF719
:10E3A00061FCE6E7A26833686360964208BFA36039
:10E3B00077683FB1F3680093002320681A466FF036
:10E3C0006701B8473046FFF745FFD8E703B0F0BD17
:10E3D0008007002010B50C4620B319B314F070FD6F
:10E3E00000B3436AC3B153F8A82902B1A83A996DA2
:10E3F0008C420AD082B11346D2F8A820002AF6D067
:10E40000996D8C42A2F1A802F5D1074A9A6520467F
:10E41000BDE81040FFF71EBF0430214614F0B6FCE3
:10E420002046F5E710BD00BF90140020F8B51D464A
:10E430000F461646FBF776FB044C182303FB0040FF
:10E44000C0E903760123C3800575F8BD441400209C
:10E4500010B5074C2378834207D1601C14F0FDFFF0
:10E46000002814BF2046002010BD0020FCE700BF9C
:10E470006631002038B50C4619466BB103F114051E
:10E480005B698AB9E268A360954200D1E36000232A
:10E490000D684B611A46A847A3685BB9601C064922
:10E4A000BDE8384014F0E1BF1360E3689D4208BF47
:10E4B000E260ECE738BD00BF0C72040010B54A1CE6
:10E4C0000C4638B1097814F06FF808B1204610BD39
:10E4D0000020FCE70249104614F0BFFFF5E700BF3B
:10E4E0000C72040008B530B90749084814F0B5FFAC
:10E4F00038B1074808BD054A12F8011C14F054F859
:10E50000F6E70020F6E700BF0C720400C5140020F7
:10E51000C41400202DE9F8431E46BDF82030D1F880
:10E520000C8081460F46002B3DD1731E012B3DD838
:10E53000012E4146157818BF1588FFF7BFFF044626
:10E5400080B915B93046BDE8F8834146FFF7B6FFFC
:10E55000044670B309F17001013014F086FF99F898
:10E5600008302370D8F810308BB92581B8F80A30FC
:10E57000AB4203D04146384614F08DFF002DE1D167
:10E580000D49601C14F071FF25702581DAE72A46D9
:10E590003946484698470028D5DB01380128E4D998
:10E5A0006FF00D00CFE76FF00600CCE76FF00C00C6
:10E5B000C9E76FF01000C6E70C7204001FB51046E3
:10E5C000074A19464FF42813CDE902230823009384
:10E5D000BDF818206B4415F01AF805B05DF804FB7F
:10E5E000180028002DE9F04180460F4616461D46CA
:10E5F000FFF72EFF044648B90B49FFF729FF0446F1
:10E6000080B100F8018B394614F02FFF228963890D
:10E610001AB92BB92681658104E0964238BF26815C
:10E620009D42F8D8BDE8F0810C72040073B50C4629
:10E630000546082104F11000164614F01DFF1223B0
:10E640000422CDE900323146034B2246284615F01C
:10E65000F1F802B070BD00BFF93604002DE9F041B9
:10E66000234B154682689A42074602D1C4686389E3
:10E6700033BB0120BDE8F081FEF730FAE3680021EA
:10E680006181002BF5D038469847F2E705F1700814
:10E69000287A414613F09FFC68B9164B9C4202D180
:10E6A000284615F09CF81449304614F0DEFE00238D
:10E6B00023702381E2E74146304614F0D6FEDDE7C1
:10E6C0002389002BDAD02646284616F8011B32464D
:10E6D00013F06AFF0028D9D120783146FEF754FDA7
:10E6E0000028CBD0837A072BC6D1FEF7F7F9C0E715
:10E6F00015E50200280400200C7204000C48BFF34A
:10E700005B8F50E8003F23F0020340E80032002A0C
:10E71000F7D1BFF35B8FBFF35B8F0368BFF35B8FF2
:10E72000DB0704D500220023303810F0C7BA704749
:10E73000D80C002010B51048012114F09DFEC3072D
:10E7400019D402210C4814F097FE084007D10B4958
:10E750000B4A0B880B4CA24207D300B10B80BDE8DB
:10E7600010400949094816F072BF506803449BB233
:10E7700008320120EFE710BDB814002072310020EC
:10E7800068610400806104005DEA0200A80C0020BA
:10E790002DE9F041034648B1008A38B91249DFF843
:10E7A0004CE001244FF0140C714501D3BDE8F08119
:10E7B000D1E90076BB4204D30CFB0672143A9342B3
:10E7C0000ED93444A2B208311446EDE70CFB0578AB
:10E7D000434507D001356219B54292B2F6D1F2E74E
:10E7E0000025F8E71046E1E7686104008061040055
:10E7F0002DE9F74FBDF83050009199464FF6FF7361
:10E80000002D08BF1D46244B1B88834207469046B7
:10E810003CD203B0BDE8F08F73682344BB4232D2D0
:10E820009CB208361D4B9E42F6D3F2E789580193FD
:10E83000404613F070F9019B90B101340AF1010ACE
:10E84000A4B273685345ECD9009B9C42E1D8BC420A
:10E850003168F2D30BFB0AF28B18B8F1000FE5D147
:10E86000B9F1000F0BD1013DADB218460E9A0D9BC8
:10E8700021469847002DCCD00028DED1C9E7DA68C0
:10E880009145DAD1EFE74FF0000ADAE7044E0124B0
:10E890004FF0140BC6E700BF723100208061040006
:10E8A0006861040007B500230193FFF771FF411C65
:10E8B00089B20846034A01AB15F03CF8019803B051
:10E8C0005DF804FB0F3404002DE9F84389465168D4
:10E8D000B1F8128018F09408074615463CD1022280
:10E8E00015F053F800283AD04FF470200021AE8A7A
:10E8F000FFF782FC0236044660B11A4B4360C560E4
:10E9000032461D21384614F074FC064638B92046BC
:10E91000FFF7A0FC6FF00B052846BDE8F883012344
:10E9200042464146FFF782FDA98A06F10C000231FA
:10E9300011F0FAFE20F8029BAA8A296917F00FF954
:10E94000A6602146384614F02BFD05460028E3D08A
:10E950002046FFF77FFCDFE74FF0FF35DCE76FF085
:10E960001505D9E71534040030B5394BBFF35B8F7B
:10E970001B68BFF35B8F5A078BB004460D4661D509
:10E9800010B1837A072B60D168680590FFF700FF0C
:10E990002A68ADF818003AB305A902912D490191F2
:10E9A0000121002300914FF6FF710593FFF720FF2F
:10E9B000059B1BB96FF001000BB030BD6B60059B70
:10E9C000186800238DF8103004A942F60303ADF84F
:10E9D000123013F0A0F870B90598C3689B799B06B4
:10E9E00005D46FF01500E7E70028E8D1E2E714F05E
:10E9F0005AFFADF81800BDF818003CB101230146DC
:10EA0000AB752A462046FFF75FFFD5E76FF07F031F
:10EA100007930223ADF8203042F60213ADF812300E
:10EA200005ABAC7502930C4B01930123009304AA30
:10EA300023464FF6FF7109958DF81040FFF7D8FE79
:10EA40000798B9E76FF00A00B6E76FF07F00B3E709
:10EA5000AC0100204334040069EC020013B550F807
:10EA6000082C01920346A0F1200100F13004BFF30D
:10EA70005B8F54E8002F22F0010244E800200028B8
:10EA8000F7D1BFF35B8F0D4A43F81C2C0C4A43F8B7
:10EA9000182C01AA002043F8102C042223F8080C9B
:10EAA00023F8060C23F80C2CFFF75EFF18B902219F
:10EAB000204614F0E1FC02B010BD00BF88640400E1
:10EAC000FDE6020070B5274B156882689A4204463D
:10EAD00045D1C6683389002B41D03246284612F80A
:10EAE000011B13F061FD002839D04FF495722146C7
:10EAF000284614F02CFF032831D03146204614F06C
:10EB0000CAFC194B9E422AD1287A05F17001FFF701
:10EB10009FFC044618B303890BB94389FBB128460F
:10EB2000FEF7D2F8114A238922F8203002EB800345
:10EB3000618959800E490F4C182303FB001300B262
:10EB400002EB800200EB40005C601A610A4C9C60A2
:10EB5000042201EBC00128469A82FFF705FF01203D
:10EB600070BD00BF15E502002804002062310020BE
:10EB7000A0140020886404007735040030B5374BBA
:10EB8000BFF35B8F1B68BFF35B8F5A078BB00446E4
:10EB90000D465DD510B1837A072B5CD1686805906E
:10EBA000FFF7F6FD2A68ADF818003AB305A90291FF
:10EBB0002B4901910121002300914FF6FF7105932C
:10EBC000FFF716FE059B1BB96FF001000BB030BDBF
:10EBD0006B60059B186800238DF8103004A942F67D
:10EBE0000303ADF8123012F096FF70B90598C368B0
:10EBF0009B79DB0605D46FF01500E7E70028E8D124
:10EC0000E2E714F050FEADF81800BDF818002CB182
:10EC100001462A46204614F04AFFD7E742F6021280
:10EC2000ADF8122005AA6FF07F0302920D4A0793F8
:10EC30000123CDE90032ADF8203004AA23464FF677
:10EC4000FF7109958DF81040FFF7D2FD0798BDE7D9
:10EC50006FF00A00BAE76FF07F00B7E7AC01002061
:10EC60004334040069EC0200F8B53B4B144682685B
:10EC70009A42074601D00120F8BDC668374B9E4234
:10EC800050D03289A3899A4206F10101F3D130783C
:10EC9000FEF77AFA05460028EDD0837A072B05D0D7
:10ECA000FDF71CFFE7E7FDF719FFEAE7736923B1FA
:10ECB0003946984708B92846F2E77B8A13F094074B
:10ECC000F9D1A389022B14D1338913F0020604D1A0
:10ECD0002846FDF703FFA660CDE72269A1882846F4
:10ECE000FFF7F2FD0646A8B92269937D01339375BB
:10ECF000EEE7012B04D02846FDF7F0FEA760BAE747
:10ED0000338913F00106E3D02269A188284614F064
:10ED1000CEFE06462846FDF7E1FE002EA660AADAE2
:10ED20000020A9E70E4D0F49284614F096FB002855
:10ED3000A7D115F8010C07222946FEF73FFA002853
:10ED4000B1D1236915F8010C1A6929465388128834
:10ED5000FFF748FC95E700BF15E5020028040020F6
:10ED6000673100200C72040073B5837A072B0446C8
:10ED70000E461FD1051D4FF48031284614F07CFB50
:10ED8000C3031AD40223CDE900330D490D4B32469B
:10ED9000204614F04FFD58B1BFF35B8F55E8003F9C
:10EDA00023F4803345E80032002AF7D1BFF35B8FAC
:10EDB00002B070BD6FF07F00FAE76FF07700F7E701
:10EDC0004B340400C734040007B5837A072B0A4686
:10EDD0002CD14B683BB908234FF0040ECDE9003E1F
:10EDE000144B154909E0012B11D0097B5B000193FD
:10EDF00041B1202300931149114B14F01BFD03B0C6
:10EE00005DF804FB0E2300930E490F4BF5E74B8989
:10EE100033B10C234FF0040CCDE9003C0B4BE0E781
:10EE20000A230221CDE90031094BDAE76FF07F00B8
:10EE3000E5E700BFA9370400193B04008D35040045
:10EE400033350400373504000B350400F334040077
:10EE5000DF3404002DE9F041837A072B07460D4685
:10EE60005DD1FFF73FFB064600285BD08468002C8D
:10EE700058D00023143C9846A54209D021892A89FC
:10EE8000914208BF4FF0010864691CB1143CF3E7DC
:10EE90000123F9E7002B45D0BFF35B8F2B69BFF34C
:10EEA0005B8F5B0703D52946384614F0CBFEB8F1DB
:10EEB000000F19D0B36805F1140253B19A4224D15E
:10EEC0006B69E4B9F168B3608A4200D1F360002352
:10EED0006B61B3681BB91549701C14F0C6FAB8F120
:10EEE000000F15D1002008E0114AA5F80C80294632
:10EEF0003846FFF79BFB0028DCD0BDE8F08123609B
:10EF0000F3689A4208BFF460E1E71C461B68D4E747
:10EF100000232C681A4629463846A047E2E76FF0DE
:10EF20007F00EAE76FF01500E7E700BF0C7204000E
:10EF30002337040007B5064A00906B4601204FF6C0
:10EF4000FF718DF8040014F0F5FC03B05DF804FBCC
:10EF5000C5EA0200F8B5084B1C6805460E46174680
:10EF60004CB154F8043C043C1BB13A4631462846A7
:10EF700098476468F4E7F8BDBC1400202DE9F04719
:10EF80000346274A05464FF6FF71012014F0D2FCD4
:10EF90002846FFF7A7FA064600283FD08468002CD1
:10EFA0003CD054F8147907B1143F4FF0000805F134
:10EFB0007009C24601E03C461F4604F11003BFF34E
:10EFC0005B8F53E8001F21F0080143E80012002A7C
:10EFD000F7D1BFF35B8F4946287A12F0FCFF68B97E
:10EFE000A4F80CA02346424631462846FFF742FAD1
:10EFF000A7B17B69002BDED0143BDCE7BFF35B8F4E
:10F000002369BFF35B8FDB07EAD473781BB14946F2
:10F01000701C14F02AFA04F11408E9E7BDE8F0873F
:10F020005DE60200034B42689A4204BFC36819823E
:10F03000704700BF193B0400044B186818B9044A14
:10F040005A600B6070476FF00B007047D4140020BB
:10F050003C65040000487047E8090020F0B502460E
:10F060000A4E0B481427B0420DD20468002365688D
:10F0700005E0216807FB03118A4205D001339D4258
:10F08000F7D10830EFE70020F0BD00BFF009002005
:10F09000E809002000F1070C2CF0030C10B4541EFA
:10F0A0001860A4B2ACF80020023A93B201FB04F25B
:10F0B0004FF0000C40F802C074B103FB011403FBD5
:10F0C00001F22044121B4FF6FF7C013B9BB26345CB
:10F0D0008050A0EB0100F8D110BC704703460068D7
:10F0E00010B102680AB91A60704700F1070C2CF0E1
:10F0F000030CD11DBCF800C021F003010CF1FF3C52
:10F10000A1F800C0EFE700BF0B687BB1073323F025
:10F1100003031A88013292B20346D1F800C043F8C3
:10F1200007CB23F003031A80086070470122F3E73E
:10F1300002FB0100704700BF401A90FBF2F080B262
:10F14000704700BF531E11449BB242B1DB430138EC
:10F15000CA1811F8013D00F8013F9142F9D17047FA
:10F16000014402E010F8013B1BB98842FAD10020AB
:10F1700070470120704700BF10600860704700BFF3
:10F180000A6803460068904205BF00220A6000201A
:10F190001A607047D2F800C0CCF80000D2F800C066
:10F1A000CCF8041010607047884203D01AB143684D
:10F1B00013607047002070470B68834209D02AB162
:10F1C000586810601A680A6018467047002BF9D119
:10F1D000FAE70023F8E700BF2DE9F041DFF83080BF
:10F1E0000C4E0C2706F130044546221D21462846C8
:10F1F0000C3CFFF7C1FFA642A5F10805F5D1043F7D
:10F200003B1DA8F12008A6F13006EBD1BDE8F08146
:10F21000A81500203416002010B403468C469AB17D
:10F2200001EB4101144803EB4304090101EB8401A4
:10F230000144487A0C7AA04204BF0130087210BC25
:10F24000614618460BF080BD01EB41020A4C1201E9
:10F2500000EB400302EB830323449C7ADA7AA24258
:10F2600001D010BC704701329A72044B01225A54EB
:10F2700010BC0BF099BD00BFB01500202C1500206C
:10F28000F8B506461C460D4602B322786378D21ABA
:10F2900012F003023AD1274F71004FEA450C314476
:10F2A000AC44890001EB0C1101330431DBB27A1854
:10F2B000606823702146FFF76DFF1F4B012229462E
:10F2C00030465A550BF070FD0020F8BD0BF056FD8E
:10F2D0000028DAD0294630460BF042FD0028D4D071
:10F2E00005EB450206EB4601124F6378120102EB73
:10F2F00081023A447100907AD27A90424FEA450CEA
:10F300000CD02078C01A10F00302C8D0012A03D014
:10F310000133DBB22370D0E71046F8BD2278D21A51
:10F32000920702D00233DBB22370D4E9020398477C
:10F33000CAE700BFB01500202C1500202DE9F04FC2
:10F34000DFF8649119F8003089B0002B5AD0DFF84B
:10F350005CA13C2204234FF0000B00EB400712FBA2
:10F3600000330324CDE904BB09F800B00AEB07170A
:10F37000039302948346B8460023B96A58F8240FD1
:10F38000079307AAFFF710FF044607AAB4B1079D29
:10F390002E786978761A06F00306012E35D02B7880
:10F3A000591A01F003010129DBB23DD1D7E9090166
:10F3B000FFF7FAFE044607AA002CE8D197F82E3092
:10F3C00097F82F209A4203D087F82F300123049317
:10F3D00097F82C3097F82D209A4203D087F82D30DB
:10F3E00001230593029B5D1EEBB2FF2B0293A7F155
:10F3F0000C07C0D1049AD846DDF814B012B1BBF1A5
:10F40000000F45D009B0BDE8F08F01396970079B46
:10F41000D3E902039847079D2A786978D3B2521A34
:10F4200002F00302012A21D0B86A0193002241466A
:10F43000FFF7C2FE6C60019B6A786B702B789B1A99
:10F4400003F00303012B08D0D7E9090107AAFFF74E
:10F45000ABFE012E044698D10EE0039B6A7029464C
:10F4600020460AEB0302FFF795FEEDE7D7E9090115
:10F4700007AAFFF799FE0446029B8BB10123594668
:10F48000584609F80B300BF08FFC09B0BDE8F08F3F
:10F490005A464146404609B0BDE8F04F0BF054BC17
:10F4A000002C8BD0EAE700BF2C150020B0150020FF
:10F4B0004B1EDBB271B1411E00EB030C002011F8B2
:10F4C000013F23B15A1E01301340C0B2FAD1614549
:10F4D000F5D170470846704730B5037E0568FF2BAD
:10F4E00014D003EB43028B4205EB021227D04FF0FE
:10F4F000000C01E099420BD09E4613789468FF2BD4
:10F5000003EB4302A44405EB0212F3D1002030BD0B
:10F51000714517D00FFA8EFE137890680EEB4E0EE1
:10F520004FEA0E1EFF2B05F80E3006D003EB430307
:10F5300005EB03139A6802449A60604430BD9E460E
:10F540004FF0000C13780376E4E700BFA2EB010C48
:10F550001CF4000F10B4836844690AD12CF07F4C6E
:10F560006344A3420DD8E41A00234461836010BCB5
:10F570007047891A21F07F418B4208D95B1AA34258
:10F58000F1D91B1B00244461836010BC70470C44FC
:10F59000E41AE9E72DE9F843284DBDF82C7004463C
:10F5A0004FF02C0E0EFB045E084604EB840104EBC6
:10F5B0004104DEF8041001EBC00605EB8405F47885
:10F5C00011F83080717804F1010C5FFA8CFCE04591
:10F5D00098BF4FF0000C61452DD0716804EB4404D6
:10F5E0004FEA041901EB04144FF0040801F80980F4
:10F5F0006360089BA360099BE3600A9B23610C9BEB
:10F60000A361119B63620D9BE3610E9B23620F9BC1
:10F61000A362109BE36202236270A782A37086F844
:10F6200003C0DEE9083698472B4641460022B04722
:10F63000A078BDE8F8830120BDE8F88370160020AB
:10F640002DE9F04F0346407AD3E9004587B0002802
:10F6500000F0FE80421ED2B205EBC2029A468B46F3
:10F66000039205952346039A516856780491BBF19D
:10F67000FF0F66D00BEB4B044FEA0418CDF804B033
:10F6800013F808B003EB041400254FF0FF0C84F8C6
:10F6900000C0DAF800709AF8182007EB08096245F4
:10F6A000D9F8081018BF02960ED1CBE0091A06D17E
:10F6B000B9F81E80BEF81EE0F04500F2B680B85DD5
:10F6C000FF2894466DD0024602EB420607EB061E69
:10F6D0003601DEF808008842E8D9029EC9F8081011
:10F6E000BCF1FF0F89F8002064D00FFA8CFC0CEB02
:10F6F0004C0C4FEA0C1C019807F80C00FF2A06D0AE
:10F7000002EB420207EB0217BA68521ABA60A278FB
:10F7100001326270002DAAD0AA6A4FF00001297050
:10F72000A97022B1E96A019300209047019B6268A9
:10F73000002A9CD1AA6A2262EA6A6262BBF1FF0FC8
:10F7400098D1039A049F9278994606EB4601701C63
:10F75000B2424FEA011CC6B207EB011568D0039B09
:10F7600017F80C101878B04208BF00260429ECD115
:10F770006A7802EB420809EB0814012094F801E0D2
:10F78000A1788E454FEA081818D04FF0000307F80B
:10F790000C30AA6AA8700AB1E96A9047039B9A786C
:10F7A000D3E70246BCF1FF0F029EC9F8081089F8A2
:10F7B00000209AD101988AF818009FE70192AA8A3E
:10F7C000DAF814104FF6FE7082424B4607D04FF61F
:10F7D000FF70121AB2FA82F2520984F82C206A6A77
:10F7E000A262EA6862602A6902930023636222626D
:10F7F000AA8A4FF6FD70824288BF1A46A283AA6980
:10F80000A261EA69E2602A6A2261AA68A260636171
:10F810006A682046FFF79AFEE2784FF0000342F054
:10F820000102E383E270029B2FE7029E014655E747
:10F83000039905984A7081424B46A1F1080207D00E
:10F84000039210E707F80820019A8AF818205EE76B
:10F8500007B0BDE8F08F00BF2DE9F04F447E0123D3
:10F860008FB08376002C40F0B880037EFF2B81465A
:10F8700000F0B2800AF008FED9F81420D9F81C3044
:10F8800099F81880D9F800A0801A20F07F45AB4283
:10F8900094BF00230123B8F1FF0F0493A3467AD04D
:10F8A000059408EB48080AEB08144FEA0818A36807
:10F8B000AB426FD8A0781AF80880ED1A9B446378A1
:10F8C0001B1ADBB2012B62D1A26AA3690393002A3F
:10F8D00000F0F2801668002E00F08280002B40F0CD
:10F8E0009280049B002B00F00C8104230393137A75
:10F8F000590700F0FB80137A6FF302031372E78B52
:10F90000E2786FF300027B1CE27094F82C209BB22B
:10F91000E383002A73D0A28B9A4270D2A26A002A93
:10F9200000F04881137A03F00703012B67D001260A
:10F93000002051685060A36A1A7A60F302021A72BA
:10F94000A078E7680138A0700FB36369D9F8142074
:10F9500094F803C0ABEB0303134423F07F40626AC7
:10F9600023690CF0010C002E40F0B780B4F81EE0C3
:10F97000CDE900C37346B847039BE683002B049B85
:10F9800018BF01230493E37866F30003E370B8F132
:10F99000FF0F86D1059C99F80B3099F80A209A42FE
:10F9A00008D10132D2B2022A1ABF144623460023DC
:10F9B00089F80B4009EB83030022C3F80CB0D9F897
:10F9C000244089F81A204B46012204210320A44632
:10F9D0000FB0BDE8F04F604784760FB0BDE8F08F00
:10F9E000039B002B66D0049B002B84D1D9F81C30DC
:10F9F0005B4580D8B8F1FF0F11D1049E98E7A3783A
:10FA0000013BA370C3E7049B002B7FF470AFD9F8D0
:10FA10001C309B45FFF46BAFB8F1FF0F47D0039B41
:10FA2000E78B07939C46A38B6668DDF81CE0BB421E
:10FA30009CBFFB1A99B208EB480388BF39460AEB12
:10FA4000031301FB0661069199688E452DD3CDE91C
:10FA50000C70CDF82CC0DDF81CC0CDF81C90DDF882
:10FA60000C90CDF82880CDE9085B8E46A346B046C1
:10FA70001446986A9A6910B1006800284FD1002A8C
:10FA80004DD11B78FF2B07D003EB43030AEB031385
:10FA900099688E44E645ECD92246DDE90A8C5C463D
:10FAA000DDE9085B0D98DDF81C90CDF80CC0002A4C
:10FAB00000F0978000263BE7039BA3B1049B002B3B
:10FAC0007FF41DAFD9F81C309B45FFF418AFB8F197
:10FAD000FF0FA4D104990E4633E7CDE900C34FF6DA
:10FAE000FF73B84753E7039E00212AE7A08BE18B01
:10FAF00088423FF600AF012161F302031372E78BE6
:10FB0000FEE6D9F81C305B453FF6EFAEB8F1FF0FCB
:10FB100053D04FF0040CE78BCDF81CC083E7DD8B8E
:10FB20009F8B5E68BD422AD2002E41D1002CA8D006
:10FB3000304626682EB1B9F1000F02D172449642C8
:10FB40003FD2BD429DD3DA789BF8031002F0010644
:10FB500001F00105AE4204D84A40D50791D40028EF
:10FB60008FD02246DDE90A8C5C460C9FDDF81C90A4
:10FB7000DDE9085B002A32D1CDF80CC0C0E69EB1A9
:10FB8000E81B80B2B8F1000F0AD000FB0660401AF3
:10FB9000069981422CBF00200120002CC9D1D0E75A
:10FBA0004046002CC5D1CCE7002CC1D12046CAE785
:10FBB0002846E7E7A078012696E70423049E0393EE
:10FBC000B6E62246DDE90A8C5C46DDE9085BDDF835
:10FBD0001C90CDF80CC0002E3FF48DAE87E6166861
:10FBE000F7E716461146ACE6837E002B40F04283D1
:10FBF0002DE9F04F467E8FB08246002E7CD1837A6D
:10FC0000C27A012141769A424169089100F05F83EE
:10FC10000133DBB2022B12BF1A463246334600EBE9
:10FC200082028372D268089B0692134423F07F43BA
:10FC3000436101230C939AF818300B930AF024FCCB
:10FC40009AF80920DAF800300193531EDAF80450CC
:10FC50000590DBB2002A00F04B8405EBC308FF23BC
:10FC600004930D96CDF80CA0D8F804B04FF0000A1C
:10FC70002F4698F8030098F802900FFA89F404EBE5
:10FC8000440409F1010348454FEA0416DBB20BEBCB
:10FC9000041400F00E8198F800209A4208BF002357
:10FCA00088F802301BF806206178042A3AD90198B6
:10FCB00001EB410300EB0315082A4FEA03130293FB
:10FCC000A8786B7822D81B1A13F0FF032CD1062AD0
:10FCD0001CD1039BDB7E8B424FD00BF806A0A36A9E
:10FCE00084F802A0002BC4D00020E16A984798F85D
:10FCF000030098F80290C0E7446A042103460122F9
:10FD00000420A4460FB0BDE8F04F60470BF806A0F2
:10FD10004FF00103A370A36A002BAAD0E16A01206F
:10FD20009847A6E79946A8E7052A1DD162684AB90F
:10FD3000A2683AB9E2682AB922691AB9626932F04E
:10FD40007F42E3D0012B1AD0039B04215C6A3D461D
:10FD500001220846A047454588F80290A8F108030B
:10FD600000F0AD8098467FE7012B00F05F81062A06
:10FD7000EAD1039BDB7E8B42AFD1616878E1DDF88D
:10FD80000C904846FFF7A8FBA860D9F81410059B13
:10FD9000069A5B1A23F07F431344984240F2808115
:10FDA000C01A6B68002B52D0A38A002B4FD0013BA6
:10FDB0009AB2A282D5F804C0EB8B604523D90CF12E
:10FDC0000109079709911AE06A6ADFF858E2964933
:10FDD00096448E4584BF02F1E87202F5D4324F4654
:10FDE000296A94BF674602F5A572013BC01B521AEF
:10FDF0009BB260456A62EB8340F2D481A28A9A4248
:10FE0000E2D3079F09999A4220D9CDE909710CF1F3
:10FE10000102D5F820E007926A6ADFF80892824969
:10FE2000724491448945674606D8A2F1E872A2F56A
:10FE3000D432079FA2F5A57201339BB26A62EB83AD
:10FE4000A28A9A423844E7D8DDE90971AA83636837
:10FE50000344AB60A2686B69A86A13446B6128B164
:10FE600003681BB1D4E901329B1A4360059A284606
:10FE7000FFF76CFBE268AB691344AB612269934204
:10FE80008CBF9B1A0023AB61A37D1BB1EA7863F39F
:10FE90000002EA70E37D13B1013B85F82C30DDE907
:10FEA0000121049B53546B786278049201336B7088
:10FEB00013E73D464545A8F108037FF453AF0D9E77
:10FEC000DDF80CA00C9B9AF81850002B00F0738101
:10FED000059B089ADAF800409B1AFF2D23F07F4714
:10FEE00000F03983DDF8188005964FF00009AB4625
:10FEF00007950BEB4B0504EB051301939B684345FA
:10FF00004FEA051500F2CF820198019E8178427870
:10FF1000C08B521ADAF81C108B4234BFC91A002168
:10FF2000A8EB0308A7EB0307994424BF4FF0FF3366
:10FF30008AF81B30CAF81C10B16AD2B2002900F04E
:10FF400026810B68B669002B00F00D81002E40F071
:10FF50000D81022A00F0A282019900238B60635D6B
:10FF60008AF818300B464968002940F0BE809B6A29
:10FF70002BB11B7A03F00703012B00F0978042B1ED
:10FF8000012A00D028B1019A136A13B1516A0120E5
:10FF90009847019B019A9B7853709AF818B0BBF16F
:10FFA000FF0FA6D1059E079D0B9B5B4503D1EB1A66
:10FFB00018BF01230C9350460499FFF741FBDAF870
:10FFC0000080019600275046027EFF2A00F09382AF
:10FFD00015464FF0FF0900E01D462BB203EB43032B
:10FFE00008EB03161B01B46A21463CB194F808C023
:10FFF0000CF0070CBCF1010F00F06F8118F8033012
:020000023000CC
:10000000FF2BA946E8D18246019E1046002F40F002
:10001000ED800B9B934240F0E9800C9B002B00F09D
:10002000D580E7E05A2B17FF592B177F062A3FF49C
:1000300050AEDDF80C904846FFF74EFAAB78A8605A
:100040006B7099F81B2063789A427FF446AE1BF8D8
:100050000630062B3FF491AE039AFF23D3761BF8AC
:100060000630062B3FF489AE082B3FF486AE059987
:10007000039B5A698B1A1D0209D4069A23F07F4309
:1000800013440399CA699A4288BFCB6125E6069B4F
:10009000521A22F07F4293428CBF9B1A0023F0E752
:1000A0006A6913441B1A6B6100207AE6019A9378FF
:1000B000C2F808805370089B0198DAF8141003EB1B
:1000C000090222F07F42FFF741FA049B635543780F
:1000D000019ACDF810B00133DBB253709AF818B022
:1000E000BBF1FF0F7FF405AF5CE7019B9B6A23B177
:1000F0001B7A03F00703012BD8D0019BB3F81EC075
:10010000BCF1000F52D1B3F81CC06046019BCDE991
:100110000245D3E90863002201F1010E04E00C4618
:1001200001382244441C10D0854C864D33441C19A0
:10013000AC42F4D87446A3F1E8730138A3F5D43384
:100140002244441CA3F5A573EED10198436290F8B4
:100150002C00DDE90245002800F08D80019B9A60AB
:10016000A3F81EC0A7E7002E3FF4F6AE022A7FF4E4
:10017000F3AE00287FF4F0AE0B7A03F00703012BF7
:100180003FF4EAAECAF81C608AF81BB0E4E6019BB3
:100190009E69002E3FF4E0AE022A7FF4DDAE002817
:1001A000F0D0D9E6079F0999A28A2CE6019A9378A4
:1001B00053700020AAE750460499FFF741FA9AF8D5
:1001C00018000B9B83420ED19D420CD100238AF86C
:1001D00019309AF81A30002B49D0DAF824405346E7
:1001E000012203218CE5FF2800F08E810B9BFF2B61
:1001F00000F06D81DAF8003000EB400003EB0013F3
:10020000D3F80880B8F1000F64D00AF03DF90A274E
:100210000446DAF81430E21A22F07F42904507F1E2
:10022000FF3702F103011AD941452CBF5B18434443
:1002300023F07F452846DAF8283098470AF024F959
:10024000031B2D1B23F07F43033325F07F45AB4277
:1002500006D90FB10446DCE700DE0446D9E70126E3
:1002600000238AF819309AF81A303343B5D10FB009
:10027000BDE8F08F704797427FF670AF0290481C40
:100280000390DFF8C0E0029806940295039D05E014
:100290000C4622440130974280B210D9284C334496
:1002A0001C197445F4D82C46A3F1E8732244A3F535
:1002B000D43301309742A3F5A57380B2EED80199EB
:1002C000069C029D4B6260441FFA80FC46E70C9638
:1002D0000696B0E48AF819807FE7B268002A40F0F9
:1002E0003281D6F818B0BBF1000F06D10A68002A97
:1002F00000F024810C464FF0040BC2696168029142
:10030000043207922268914280F0D680A2EB010E5F
:1003100018F803200892FF2A00F0CE80DE45C0F0D6
:10032000CB800022AEEB0B01CDE90590CDE90315A2
:1003300099460798089BDA46944617463BE000BF6B
:100340005A2B17FF592B177F3D1F6544754528BF52
:1003500075460BEB000296450CD355450AD3B2699E
:10036000002A4AD0227A120747D4B5EB0B0201D0FB
:10037000824249D28A6A22B1127A02F00702012A25
:1003800031D08A697AB3496869B30432BC4402EB5C
:100390000C00B269002A7FD0217A0907AEEB0B026C
:1003A00000F1A38018F803300027FF2B2CD00BEBB3
:1003B0000C0AD64528D303EB430308EB03111B01BA
:1003C0008D682F44042FBFD8B56985B1257A15F003
:1003D0000805BED088690399BC440430604481425A
:1003E00028BF0246DEE718F803300022DDE78A69FD
:1003F000BC44043262441046D4E70028BAD0A5EBCE
:100400000B058542B6D302460299049D06984B46D9
:100410001144616018F80370DDF81490FF2F00F0AC
:100420009C804FF0FF0C9A4600E00F4639B201EB7A
:10043000410108EB011E0901DEF80830934280F00B
:100440008E8018F80110FF29BC46A2EB0302ECD104
:100450005346FF2FB26015D0B9F1FF0F18F8031003
:1004600066D00FFA89F202EB4202120108F802107C
:100470003FB207EB47073A0118F8021008F80310DB
:1004800008F80250F38B013BF383237A022262F3D4
:1004900002032372012797E5024683E700287FF4D1
:1004A0005BAD042668E6019C059E079D42469B1AAB
:1004B000A3609AF818B077E5029A626018F80330E2
:1004C000FF2B08BF002248D00023B360DAE709F011
:1004D000DBFF044609F0B4FF20B99AF81800CAF807
:1004E000144087E69AF8180084E61146002276E761
:1004F000FF230493E6E4824637B90B9BFF2B03D11D
:100500000C9B002B3FF462AE09F0AAFF04460028C2
:100510007FF45CAECAF81C0009F0B6FF8AF81940F7
:10052000CAF814009AF81A30002B3FF4A0AE54E633
:1005300001769DE7B16A00297FF4D8AE00DE4FF066
:10054000040BB46AD9E600DED6F818B0BBF1000F90
:10055000F0D0B46AD1E6AB4626E5B26092E75146E8
:100560009A460B46AAEB0201CEF80810674670E7E0
:10057000F8B5069E9DF81C50089CB8B9144F3A6017
:100580005A1E39727B727E60D2B273B106EBC20220
:100590005460114612F808398E4203EB4300A5EB74
:1005A000030304EB0014DDB2F2D10DB10120F8BD5C
:1005B000099B3B620A9B7B62FF240B9BBB623C76E0
:1005C00009F062FF7D817861FC76FD612846F8BD07
:1005D0007016002040B9064B1A7EFF2A01D118720E
:1005E00070476FF00F0070476FF01500704700BF45
:1005F0007016002010B40A4B2C2202FB0032546A01
:100600005CB100EB800200EB420003EB8003A446E8
:10061000012210BC03210220604710BC704700BFBC
:100620007016002010B58AB00C9C00940D9C0194AB
:100630000E9C0294BDF83C400394109C0494119CC1
:100640000594129C0694139C0794149C089400240F
:100650000994FEF79FFF0AB010BD00BF10B4BDF8AB
:100660001040049410BCFEF795BF00BF2DE9F84F71
:10067000294DBDF834609DF83880044608462C2189
:1006800001FB045104EB840704EB470405EB8405EC
:100690004C6804EBC00E14F830909EF803409EF8AE
:1006A000017004F1010C5FFA8CFCE14598BF4FF03A
:1006B000000C67459DF844902AD0DEF8047004EBE6
:1006C00044044FEA041A07EB04144FF0050B07F833
:1006D0000AB063600A9BA3600B9BE3600C9B2361E1
:1006E0000F9BA362109BE36202236270A68284F8D0
:1006F000168084F81790A3708EF803C0D1E90836ED
:1007000098472B4600220421B047A078BDE8F88F17
:100710000120BDE8F88F00BF7016002010B588B02A
:100720000A9C00940B9C01940C9C0294BDF83440EC
:1007300003949DF8384004940F9C0594109C0694F3
:1007400000240794FFF792FF08B010BD2DE9F04197
:100750001E4D064608462C2101FB065E06EB86046C
:1007600006EB4404DEF8046005EB840706EBC005E5
:1007700016F83060EC78697804F1010C5FFA8CFCB3
:10078000664598BF4FF0000C61451BD0696804EBCB
:100790004404260101EB04144FF0070801F8068019
:1007A000A362069BE36202236270A37085F803C014
:1007B000DEE9083598473B4600220421A847A07887
:1007C000BDE8F0810120BDE8F08100BF7016002077
:1007D0002DE9F0411F4D064608462C2101FB065E1F
:1007E00006EB860406EB4404DEF8046005EB8407A0
:1007F00006EBC00516F83060EC78697804F1010C5E
:100800005FFA8CFC664598BF4FF0000C61451DD027
:10081000696804EB4404260101EB04144FF0080856
:1008200001F806806360069BA362079BE3620223D4
:100830006270A37085F803C0DEE9083598473B462F
:1008400000220421A847A078BDE8F0810120BDE87E
:10085000F08100BF7016002009F016BE401A20F08B
:100860007F40704701480021704700BFBF41010031
:10087000022801D00120704738B5044608461D46BD
:1008800003F0E8F810B10020287038BD204638BDCC
:10089000002303700B70704738B5054600200C46E6
:1008A00002F0DAFD98B902F08BFF10F0060F0ED1BE
:1008B0003DB9084B44B120681860A2889A80002096
:1008C00038BD054B002CF6D11C609C80F7E70C204E
:1008D00038BD00BFA41600209C1600200128034646
:1008E00005D8044A0448002B08BF10467047002072
:1008F000704700BFA41600209C16002001280AD8CB
:10090000064A074B002818BF1346186808609A88E3
:100910008A80184670470023184670479C160020AE
:10092000A416002010B5044608F0BEF868B908F017
:1009300005FC78B909F0D6F888B909F053F998B9E7
:100940002046BDE810400DF021BF00DE08F0F6FBA8
:100950000028EFD000DE09F0C5F80028EDD000DE59
:1009600009F040F90028EBD000DE2046BDE8104039
:100970000DF00CBF086001480DF008BFF41B00200B
:100980000DF004BF2DE9F84F89462A4D99F8003043
:1009900095F84010072B88BF0B469A423ED05C1C4E
:1009A000E4B29246082C35F833200280834608BF13
:1009B000002405EBC303002601274FF012081AE0BC
:1009C000012833D0C3F8048089F8004095F84030FE
:1009D000072C98BF23469A4521D01AB20133DCB2C6
:1009E00035F83200BBF80010082C08BF00248842FC
:1009F00005EBC20313D1586860B1FF28E0D9027932
:100A000002F00302013A012A0CD912225A6003F0C3
:100A100039F8D9E701365F60F6B2D5E700263046EF
:100A2000BDE8F88F0136F6B20122EFE70136F6B2E3
:100A3000CAE700BFD01600202DE9F047374F3B88AA
:100A400098425DD913F0FF0528D0DFF8D4A0DFF875
:100A5000D4809AF81540DFF8D0909AF81430013419
:100A6000E4B2052C08BF0024A342404618D0FEF78C
:100A700035FB064648468EB1FEF730FB002841D0D4
:100A800006609AF815304AF823003B888AF815402A
:100A9000013D013B15F0FF053B80DED1BDE8F0874D
:100AA0003B88002BFAD0DFF884A01E4D9AF80D4049
:100AB0001D4E4FF000080134E4B2032C9AF80C30BC
:100AC00008BF0024A3422846E8D0FEF707FB814672
:100AD0003046B9F1000FE1D0FEF700FBC0B1C9F814
:100AE0000480C0F800909AF80D304AF823003B8843
:100AF0008AF80D40013B9BB23B80002BDBD1CDE758
:100B00000546A2E730460749BDE8F047FEF7FCBAC4
:100B100048460449BDE8F047FEF7F6BA381700200A
:100B2000B41900203C17002090170020181700204F
:100B30002DE9F84F324B334FDFF8CC90DFF8C0B0DF
:100B4000181D052224214FF00008A7F81880FEF791
:100B5000A1FA2D4B05220821181DFEF79BFA97F8E4
:100B600018A07C7E05260134E4B2062C08BF0024C0
:100B7000A245484613D0FEF7B1FA0546584675B16E
:100B8000FEF7ACFA002835D0C5F8048005607B7EFE
:100B900047F82300013E16F0FF067C76E3D11B4B9D
:100BA0000822181D4421FEF775FA194B0A22181D58
:100BB0000821FEF76FFA1648FEF790FAB0B1154A11
:100BC000111FFEF7D9FA1248FEF788FA80B1124ACF
:100BD000111FFEF7D1FA114B0622FF201A80FFF7F2
:100BE0002BFF07F01FFC0020BDE8F88F00DEE6E7D2
:100BF00000DEECE704492846FEF786FACFE700BF9F
:100C0000F8190020B01A0020CC19002090170020FD
:100C10003C170020341700202C1700203817002024
:100C20002DE9F0417B4D7C4E86B004AA02A90DF15E
:100C3000070003F047FB0446D5E9000103AAFEF7CD
:100C4000B3FA074650B3039B002B6BD0187804AA65
:100C500002A903F04FFB0446002841D0DDE903134D
:100C6000BDF808200F78ADF80A20059303F054FB77
:100C70002146059ABDF80A0003F082FB204603F0E6
:100C800015FB05AA0DF10A01384603F033FB0446B3
:100C90000028EBD130680DF079FDC6E7002C3ED07E
:100CA000049B05939DF80770BDF80830ADF80A3035
:100CB00003F032FB2146059ABDF80A0003F060FB01
:100CC000204603F0F3FA05AA0DF10A01384603F0B5
:100CD00011FB04460028EBD130680DF057FDA4E766
:100CE000039B05931B79013B2C2B1ED8DFE803F0F7
:100CF0001F32741D1F1D1D1D1D1D1D1D1D1D1D1DB4
:100D00001D1D1D1D1D1D6A1F1D1D1D1D1D1D1D1DC4
:100D10001D1D1D1D1D1D1D1D1D1D1D1D1F0006B0A2
:100D2000BDE8F08100DE039B90E700DE7DE73949F6
:100D300068680022FEF740FA384B059993F8413075
:100D400038460B70364AFEF725FA334B18680DF01B
:100D50001DFD6AE72F4968680022FEF72DFADDF8CD
:100D60001480D8F8084034B12378002B50D0237871
:100D7000013BDBB2237098F80C3013B1012B41D04A
:100D800000DE284A002388F80C30537E117E0133A0
:100D9000DBB2062B08BF0023994237D0C8F8007099
:100DA000517E42F821805376002C3FF43EAF2378E9
:100DB000002B7FF43AAFA368002B3FF436AFE06816
:100DC000984732E7134968680022FEF7F5F905995C
:100DD000384603F0F7F828E705A9384603F00EF97E
:100DE0000C4968680022FEF7E7F9059900293FF4ED
:100DF0001CAF0B792E2B3FF418AF084B384693F8F5
:100E000041309EE74046F6F793FEBAE700DECBE7B7
:100E100000DEACE730170020F01B0020D0160020C9
:100E20002C170020B01A002030B5274B274C186033
:100E300087B009F0F7FA2378002B3ED0244A254DDD
:100E4000254C2649CDE90425254A0220CDE9022476
:100E500004230C24CDE90014224A087408760B7090
:100E60000B7200200621FFF783FB58BB01220021F3
:100E70001D4814F01CFB07F0A3FD08B107B030BDFE
:100E8000FFF756FE0028F9D108F040F90028F5D107
:100E900002F09CFA0028F1D108F022FE0028EDD1E2
:100EA00002F0E4FB0028E9D108F090FE0028E5D12B
:100EB00007B0BDE8304003F031B8FEF78DF90123EB
:100EC0002370BBE700DED1E7F01B0020813100205A
:100ED000FDAD03009DAE0300DDAD03004C1E002000
:100EE0000C1C00206C1E0020F41B002010B586B0E6
:100EF00002F07CFA002834D102F0BAFB002835D188
:100F000003F00EF8002836D120482149214A224B0F
:100F10000024A0F84040A1F8204194829C81012245
:100F20002146684614F0C3FA1C4B22462146032092
:100F3000C3F808D0FEF7A4F9F8B94FF0FF324FF02C
:100F4000FF3368460DF05CFC02F056FAB8B9FFF7C3
:100F5000EFFDC8B90021012006B0BDE81040FFF741
:100F60009BBC00DE02F084FB0028C9D000DE02F04A
:100F7000D7FF0028C8D000DEC6E700DEDDE700DED0
:100F8000FFF7D6FD0028E5D000DEE3E7D01600200D
:100F9000CC1A0020B419002018170020B00400203B
:100FA00008B5FFF7A3FF07F041FD00B108BDBDE89C
:100FB0000840FFF70FBB00BF2DE9F04F2B4C2C4E24
:100FC000DFF8B0A083B00746884604F1400900234B
:100FD0003B6094F841B0D6E9000101AAFEF7E4F8BD
:100FE000054690B3019B49461A784046FFF7CAFC74
:100FF00080BB94F840308DF8013094F8412083464E
:101000000DF101010DF10200FFF7BCFC4BEA0002FB
:1010100012F0FF02F1D1019B1979012920D131464B
:101020007068FEF7C9F851462846FEF76DF8124A77
:101030001388052B11D80198104901331380FEF74E
:1010400063F80120FFF7F8FCC1E70D495A46404616
:10105000FFF798FC03B0BDE8F08F00DE1388EAE7E5
:1010600010463B6003B0BDE8F08F00BFD0160020F3
:10107000281700203C170020381700209017002068
:101080001017002030B52B4983B000234868019326
:1010900001AAFEF791F8002843D02749FEF734F85B
:1010A000019A1379172B10D008D8052B0AD82922BA
:1010B000DA40D20706D52BB103B030BD1D2BFBD9CA
:1010C0002D2BF9D000DE03B030BD137F3C2B13D0A5
:1010D000537F002BF6D093681C68A06D20B10023CD
:1010E0001649A365FEF710F894F85E306FF300031D
:1010F00084F85E3003B030BD9368D3E9004595B104
:1011000000225A60AB6F93B905F16C0105F16800DC
:10111000FEF736F8034640B12868AB6702F080FC62
:10112000E2E700DEB9E700DEEAE700DEF4E700DE32
:10113000EAE700BF281700203C1700209017002086
:101140002DE9F843046807461CB3344EDFF8D0801D
:101150002925204624680379052B13D9173BDAB2D9
:10116000162A13D8162B11D8DFE803F01A291E1EF1
:101170001E1E1E1010101010101010101010101045
:1011800010101E0025FA03F2D2073CD400DE002C1A
:10119000DFD100233B60BDE8F843FF20FFF74CBCE4
:1011A000037F3C2B24D063BB3388052B26D8013327
:1011B00041463380FDF7A8FF002CCAD1E9E7C0887B
:1011C0000028E4D102F03AFC814600B3D9F8883017
:1011D000FBB909F17C0109F17800FDF7D1FFD0B12D
:1011E000C9F88800484602F01BFC002CB1D1D0E7BA
:1011F0000B49FDF789FF002CABD1CAE700DE33882D
:10120000D5E700DE0379002BCED100DECCE700DE8F
:10121000DCE700DEDDE700DEE2E700BF3817002094
:10122000901700200148FDF759BF00BF3C17002070
:101230000149FDF769BF00BF3C1700200148FDF7D9
:101240004DBF00BF901700200149FDF75DBF00BFF3
:1012500090170020034B044A93F841300B70FDF7C0
:1012600099BF00BFD01600202C17002008B5064BF0
:10127000064A93F841300B70FDF78CFF044B186859
:10128000BDE808400DF082BAD01600202C170020CF
:10129000F01B00200B490A7B4B7B9A420AD8A3EB38
:1012A000020C5FFA8CFC604509D89A4207D051F8CD
:1012B0002200704703339B1ADBB29842F7D9002013
:1012C000704700BF18170020074A117B537B8B42E1
:1012D00008D04B1CDBB2032B08BF002352F82100BF
:1012E00013737047002070471817002000B50D4A8F
:1012F00092F841C092F840E00CF10103DBB2082BF8
:1013000008BF00239E4509D022F83C0002EBCC0C1C
:10131000CCF8041082F841305DF804FB00DE0023B5
:101320001B80FFDED0160020022810B50C4602D02C
:101330000B68022B07D004484FF0FF324FF0FF3309
:101340000DF05EFA206810BDF41B002004490A6805
:101350000AB110467047024608601046704700BF49
:10136000CC160020044A136823B1984206BF00211E
:101370001160002318467047CC160020014B1868F6
:10138000704700BFCC16002004490A680AB1104615
:101390007047024608601046704700BF14170020CF
:1013A000044A136823B1984206BF0021116000234C
:1013B0001846704714170020014B1868704700BF8B
:1013C0001417002030B505682B7887B0EBB10446C0
:1013D00001220021684614F06AF80D4BC5F80CD0C4
:1013E000AB602B788BB10B4B0022114603209C6025
:1013F000FDF746FF38B94FF40042002368460DF070
:10140000FFF907B030BD00DEF5E76FF07700F8E7D1
:1014100081090300A0040020F0B5254E336885B093
:101420000C461746002B36D0994215D10223039360
:1014300003AB0246009303211E4B0020FFF786F901
:10144000022805460CD0039B022B09D195B13368C5
:101450000BB19C4221D014B36FF02D0005B0F0BD4C
:1014600015484FF0FF324FF0FF330DF0C9F9039DDF
:10147000002DECD13846FFF7A5FF33680BB19C4235
:1014800011D0002CE8D10028E8D010F1780F08BF67
:10149000002005B0F0BD3160C8E7002333606FF075
:1014A000770005B0F0BD35600028D7D0EDE700BF6C
:1014B000CC16002075090300F41B00200B490A7D9F
:1014C0004B7D9A420AD8A3EB020C5FFA8CFC604574
:1014D00009D89A4207D051F82200704705339B1A69
:1014E000DBB29842F7D90020704700BFB419002042
:1014F000074A117D537D8B4208D04B1CDBB2052B74
:1015000008BF002352F82100137570470020704770
:10151000B419002038B50C46054602F0CDFE207007
:1015200021462846024ABDE83840FDF733BE00BFD9
:10153000341700200122024B11460020FDF7A0BE07
:101540009004002070B50C46054602F0B5FE214619
:101550002070064A2846FDF71DFE0122BDE87040B6
:10156000034B11460020FDF78BBE00BF341700204F
:10157000900400202DE9F0431A4D9DF81C8095F849
:1015800021C10CF1010E5FFA8EFEBEF1090F9946E2
:1015900095F8203108BF4FF0000E73451DD014465A
:1015A00005EB4C1CE36807460E46106851689268CC
:1015B00064460FC49CF81C30CCF8186008F0010891
:1015C00023F0030343EA0803CCE904978CF81C30AA
:1015D00085F821E16046BDE8F0834FF0000C6046DD
:1015E000BDE8F083CC1A0020054890F8203190F82F
:1015F00021219A4214BF00EB43100020704700BF26
:10160000CC1A002001460B480A7890F82131082AAC
:1016100084BF90F820210A70934208D0531CDBB29B
:10162000092B08BF002300EB42100B70704700200D
:10163000704700BFCC1A00202DE9F04F3D4E96F8C0
:10164000201196F8213187B08B42039047D04FF09C
:10165000000906EB41110B24CDF81090CA46CB4689
:10166000CDF80890CDF814900D7FD1F80080CF68A8
:10167000C5F3400205F00105002C4FD0013CE4B257
:1016800082B396F8211196F82031994227D0013380
:10169000DBB2092B08BF0023994286F820311ED007
:1016A00006EB43115B01C868002ADDD135BBBBF1F5
:1016B000000F37D0BAF1000F029A08BF42460292DB
:1016C00008BFBA460A7F9507CED4D2071DD48345FA
:1016D000F3582BD08245C7D1029A9A42C4D107B0A1
:1016E000BDE8F08F144B0398996011460192FDF705
:1016F000C7FD019A0028C4D000DEC2E7049A7AB17F
:10170000B9F1000F08BFB946DCE7BAF1000FABD161
:10171000049B8342E3D04845A6D1E0E700DEADE775
:101720000497CFE7BB46CDF81480CBE7059A9A42E1
:10173000D0D1D4E7CC1A002080040020054B1A7EBB
:10174000597E914204D053F8220010B10C307047FA
:1017500000207047B01A002070B5134A117E537EE6
:101760008B421ED04B1CDBB252F82140062B08BF27
:1017700000231376ACB1022300252668237125606F
:10178000A06002F099FD094A207021463046FDF71D
:1017900001FD0122064B11462846FDF771FD20464A
:1017A00070BD0024FBE700BFB01A002034170020F2
:1017B0009004002010B582B0049B9C7A6FF3410422
:1017C0009C720024CDE9004407F0A8FA02B010BDD5
:1017D00010B50346007F1A699969012482B0204040
:1017E000CDE90004586907F099FA08B902B010BDB4
:1017F0007730FBD000DEF9E710B4CB6804691A78C3
:10180000042A02D0236810BC18475B78052BF9D155
:10181000002010BC704700BF0B8A002B3AD030B5B7
:10182000054683B001F10C000C460EF0C6FF0128FE
:1018300016D0022803D06FF0150003B030BD01A907
:10184000204600F0F7FE019911B12846FFF7D4FFBA
:101850000028F2D12046F8F705FA002003B030BD89
:10186000002301A92046019300F0E8FA0146002870
:10187000F0D02846FFF7C0FF0028DED1019D002DE3
:10188000E8D0284601F096FA68710199034813F0F0
:10189000F5FDDFE76FF01500704700BF901F0020D7
:1018A00010B50469FFF77CFB40B90548F7F758FE0F
:1018B0000448F7F755FE0020206010BD00DEF4E775
:1018C000E00C0020700D00202DE9F0433F4FD0F8D0
:1018D000108083B006464FF000094FF0FF324FF002
:1018E000FF3338460CF020FF0028F6D043790190F2
:1018F000042B15D8002B43D100DE019B01A8C3F8AF
:101900000090FFF71DFC4FF0FF324FF0FF333846D9
:101910000CF00AFF0028E0D043790190042BE9D9AC
:10192000052BE9D14FF0FF334FF0FF320820F9F7D4
:101930006FF904462146019800F002FF019B01A8BF
:10194000C3F80090FFF7FCFB002CC6D020460EF039
:10195000A8FE0546214600200EF0C9FE2B8A012B69
:1019600004462946304607D9D8F8003098470DF08C
:101970001BFC002CEAD1B0E72846F8F773F9F6E72C
:10198000022B13D04FF0FF324FF0FF330220F9F754
:101990003FF9044601989CB1214600F0F9FE019BF5
:1019A00001A8C3F80090FFF7CBFBCFE7002200238C
:1019B00001210020F9F744F904460198002CEBD1ED
:1019C000046001A8FFF7BCFB87E700BF901F002061
:1019D0002DE9F043344F354E83B0054614E04FF007
:1019E000FF324FF0FF3300211320F9F729F9BDF83A
:1019F00002102246044601F0C5F921462846FFF7A9
:101A0000FBFE68BB0DF0D0FB0DF1020101A8FFF752
:101A1000D3FA04460028E2D1019BCBB1FFF732FB99
:101A2000DDF80490484601F0C5F9DDF8048089F836
:101A3000050098F80530032B03D198F80430182BD3
:101A400010D04146304613F019FD019B002BDBD12D
:101A50004FF0FF324FF0FF3338460CF0D1FED3E7A2
:101A600000DECFE721464FF0FF324FF0FF33052075
:101A7000B8F80690F9F7E4F849460446024608F13A
:101A80001C0000F035FE484600F052FE3CB12146F5
:101A90002846FFF7B1FE28B92046F8F7E3F8DDF84D
:101AA0000480CEE700DEF7E7A81F0020901F00208B
:101AB000F0B50546076989B00E461F4813F09FFC34
:101AC0004FF0FF3200211D4813F0F1FC1B48FFF7D7
:101AD000ABF9044660BB3E6001F082F900260027A6
:101AE0006FF00903CDE90334CDE90667CDE9014480
:101AF000134B144900954FF4E07213480DF034F97C
:101B00001249114813F0C8FD6FF00702CDE9032414
:101B1000CDE90667CDE901440D4B0E4900954FF420
:101B200060720D480DF020F90C490B4813F0B4FD1C
:101B3000204609B0F0BD00BF901F0020A81F002064
:101B4000D1190300403B0020E00C0020DC650400BC
:101B5000C9180300403D0020700D0020EC65040012
:101B600010B50DF0D1FA054C204613F054FC204678
:101B700013F045FCBDE810400DF0DABA901F0020CC
:101B80002DE9F047DFF898A0DAF80090B9F1000FDE
:101B900032DB80460F46164610D0224C00252146E7
:101BA0000622304614F00BF818B914F8013CBB4279
:101BB00025D00135A94504F10804F0D11A4C1B4980
:101BC00023683568DA00501CB9F10F0F0D50084436
:101BD000B588858001F83370D4BF09F10103013362
:101BE0000A44D8BFCAF800300121102B01FA08F1CD
:101BF00008BF0023D17123600020BDE8F0870B4BA4
:101C000003EBC503DA7922FA08F1C90702D50120EE
:101C1000BDE8F087012101FA08F10A43DA71EBE728
:101C2000C81F0020CD1F0020C41F0020CC1F002093
:101C30002DE9F0411A4C6468A40004D51646194AEF
:101C40001268120701D4BDE8F08103F10C040546C7
:101C50000F46204602210EF067FD40F63E4303800A
:101C6000012120460EF060FD0346042220461A7032
:101C70000B210EF059FD0570A0F801603DB97B689D
:101C8000BA68C0F80720C0F80330BDE8F0814FF013
:101C90000008C0F80380C0F80780BDE8F08100BFED
:101CA0005002002048020020F0B5013887B01446E9
:101CB00011280AD8DFE800F0233F550909670979A0
:101CC00098AB090909090909090D6FF0150007B05A
:101CD000F0BDCB68DA789978188806F08FFB554B01
:101CE00006460121188810F06EFA012105460C30D5
:101CF0000EF01AFD06702560002007B0F0BD4D4BB8
:101D00000D21188810F05FFA0D2120600C300EF0C4
:101D10000BFD4FF0021400234FF480610322037087
:101D2000C0F80140A0F80510C271037243728372BB
:101D3000C3720373E0E73F4B4121188810F043FA68
:101D4000412120600C300EF0EFFC002104463E22C1
:101D500000F8031B13F02BFF40F2A733A4F8013067
:101D6000CAE7344B0921188810F02DFA09212060A8
:101D70000C300EF0D9FC0346002203F8012BC0F80A
:101D800001205A60B8E7C9680020FEF785FD294B9D
:101D90000121188810F017FA012105460C300EF0C9
:101DA000C3FC002303702560A6E7234E214F0FCE0E
:101DB00001AD0FC5336838882B70122110F003FA7B
:101DC000122120600C300EF0AFFC0446002301AE5F
:101DD00004F8013B84460FCE2D78CCF801006160F9
:101DE000A260E360257487E7124B1821188810F071
:101DF000EAF9182120600C300EF096FC002304460E
:101E0000012100F8023B08F093FA607074E7094B77
:101E10002121188810F0D7F9212120600C300EF014
:101E200083FC0146002301F8113B013008F0D0FA91
:101E300062E700BF743100200C6604002DE9F04118
:101E4000038A8CB00022022B07922DD9044603216D
:101E50000C300EF0AAFC228A83789A4224D302889E
:101E6000D14EC2F38523082B328090B2C2F309050C
:101E700009D89BB1013B072B10D8DFE803F01A0FFC
:101E800026490F0F0F613F2B08D107AA214628468C
:101E9000FFF70AFF163040F0B483308801210CB000
:101EA000BDE8F04110F0A1B9002420460CB0BDE817
:101EB000F081062D00F05B831D2DEFD1E3681888BB
:101EC00001F0F2FE01463088E9E7632D00F09683C9
:101ED00000F2E680032D00F06A832D2D40F0CC80C7
:101EE000E36804211E8893F8028010F06CF9042145
:101EF00004460C300EF018FCB7B20546C31C42462F
:101F000039460220FEF7B4FCA5F801602870CCE742
:101F10006A1E082AC2D801A353F822F05F210300E9
:101F200017210300F32003009D1E03009D1E0300E4
:101F30009D1E03009D1E03009D1E0300D52003006F
:101F40006A1E4A2AAAD801A353F822F0BB24030030
:101F500099240300052503009D1E0300FB240300B4
:101F6000DF240300C7240300592503004D25030087
:101F70006525030081240300512403009D1E0300F6
:101F80009D1E03009D1E03009D1E03009D1E030059
:101F90009D1E03002F2403009D1E0300092403003F
:101FA000FB230300C1230300A32303009D1E0300A2
:101FB00099230300892303006B2303009D1E030064
:101FC0009D1E03009D1E03004B23030031230300CD
:101FD00021230300EF220300E32203009D1E0300E0
:101FE0009D1E03009D1E03009D1E03009D1E0300F9
:101FF0009D1E03009D1E03009D1E03009D1E0300E9
:102000009D1E03009B2203004722030011220300B0
:10201000BD2103009D1E03009D1E03009D1E0300A5
:102020009D1E03009D1E03009D1E03009D1E0300B8
:102030009D1E03009D1E03009D1E03009D1E0300A8
:102040009D1E03009D1E03009D1E03009D1E030098
:102050009D1E03009D1E03009D1E03009D1E030088
:102060009D1E03009D1E03009D1E03009D1E030078
:102070009D1E030087210300012D7FF40FAFE2684E
:102080004A4B1168526819605A60012110F09BF8A0
:10209000012104460C300EF047FB0023037004E7D7
:1020A0007B2D00F06C827C2D7FF4F8AEE3681F88F6
:1020B0005988B8B201F000FF05460321308810F0BE
:1020C00082F8032104460C300EF02EFB0570A0F8B8
:1020D0000170EAE6072110F076F8072104460C307B
:1020E0000EF022FB0146002001F8010BFEF706FC72
:1020F000DBE6092110F067F8092104460C300EF0E8
:1021000013FB0346002203F8012B6021C0F80120D5
:102110005A604171C9E6412110F055F84121044649
:102120000C300EF001FB002105463F2200F8021B97
:1021300013F03DFD04231E4AEB72EB7520231D496D
:10214000C5F81A20C02080226B704FF40A73A87162
:10215000C5F8211085F82720A5F80F30A5E609213C
:1021600010F031F8092104460C300EF0DDFA4FF47E
:1021700050610023104A01800D218370C3700171EA
:10218000C0F8052091E6032110F01DF80321044654
:102190000C300EF0C9FA0146002301F8023B013071
:1021A000FEF776FB81E600BF74310020500200206C
:1021B000F70FF40E30F00178F105FFFFE268947834
:1021C000D1781788B2F80550E30748BF41F0030102
:1021D000137948BFD170A40744BF43F003031371C0
:1021E00043EA0102032A00F213824C0700F00E8238
:1021F0005A0700F00B8215F003021CBF05F1FF35F2
:1022000005F00102384601F0EDFD0146308846E652
:10221000E3681A78D10744BF0721597092074CBF71
:1022200007219978587848BF997001F0D1FD05468B
:10223000308801210FF0C7FF012104460C300EF059
:1022400073FA057031E6E36805211E880FF0BBFFC5
:10225000052104460C300EF067FA05462A1DB0B27F
:10226000E91C01F095FDEB782A792870002B93FA90
:10227000A3F3B3FA83F308BF4FF0FF330133EB70DE
:10228000002A92FAA2F3B3FA83F308BF4FF0FF33A8
:102290000133A5F801602B7107E609210FF093FFC8
:1022A000092104460C300EF03FFA08AB05460DF14B
:1022B0001A0206A90DF1160001F05AFDBDF81630FC
:1022C000A5F80130BDF81830A5F80330BDF81A3074
:1022D000A5F80530BDF82020A5F8072000232B70B5
:1022E000E3E5E3685988188801F038FD9FE7052188
:1022F0000FF069FF052104460C300EF015FA08A90D
:1023000005460DF11A0001F01DFDBDF81A30A5F8C3
:102310000130BDF82020A5F8032000232B70C4E570
:10232000E3681F889A885988B8B201F0DFFCC3E6D9
:10233000E268178892780023CDE90233CDE90033B3
:102340000221B8B201F0EEFBB6E6E16800220F8888
:102350004B88039208890290C8880190898800916F
:10236000B8B2022101F0DEFBA6E609210FF02BFF37
:10237000092104460C300EF0D7F9A649A64A01609F
:1023800000234260037290E5E3681F880022062163
:10239000B8B206F021F88FE6E268002132F8027B3D
:1023A000F6E709210FF00FFF092104460C300EF06B
:1023B000BBF9002300F8013B082106F047FB74E558
:1023C000E068002308AA00F1100108F0B9FD308888
:1023D00011210FF0F8FE112104460C300EF0A4F983
:1023E0000646002306F8013B08AD07460FCDC7F8A7
:1023F00001007160B260F36057E5E368188801F08E
:1024000031FC014630884AE5E36808211E880FF058
:10241000DAFE082104460C300EF086F90546E91C68
:10242000B0B201F0C3FBA5F8016028703DE5E1689A
:1024300000224B88088803920C890294CC8801946E
:1024400089880091114601F06DFB0146308826E530
:10245000E3681878002800F0D6805B78002B00F045
:10246000D2806E4A002313606D4A136001F072F946
:102470000C2805464FF00101308808BF0025D9E639
:10248000E4686379B4F80320B4F801102078A479E3
:102490000094F5F705FACAE604210FF094FE042132
:1024A00004460C300EF040F900236FF004010322C3
:1024B000037041708370C270F7E4E268594B116891
:1024C00052681960E0E502210FF07DFE022104460A
:1024D0000C300EF029F9002303704370E5E4E46842
:1024E000A57BA3796279217920880295657B019586
:1024F0000734009400F090FE99E6E1680120FEF7B1
:10250000CBF994E609210FF05EFE092104460C3058
:102510000EF00AF90346002503F8015BC0F80150EC
:102520005D600646FEF79EF92B4661F30703C1F393
:10253000072262F30F23090C61F31743090A61F3C1
:102540001F63C6F80100C6F80530AEE4E16811F873
:10255000010B01F05DF86AE6E16811F8010B00F08B
:10256000E9FF64E6E3681878F4F796FF5FE6E3684E
:102570009978188801F03EFB014630888FE4E368C3
:102580001F8808A9B8B201F061FC05210546308812
:102590000FF019FE052104460C300EF0C5F8057049
:1025A000A0F80170BDF82030A0F803307DE41C488D
:1025B0001D491E4A1B4B4FF0FF34046041F6FF7566
:1025C0004FF0FF34C1E9004500200021C2E90001BD
:1025D0001F200021C3E90001FEF788FC308801219B
:1025E0000FF0F1FD012104460C300EF09DF80023A0
:1025F0000F4A03701360FFF7B3FA56E4E2680B4B1F
:102600005DE7079C51E44FF0FF332DE7122146E4CC
:10261000112144E400BFFF30ECC00100C41F0020C2
:10262000C81F00204802002050020020000E002099
:10263000C01F00202DE9F84300230B60038A032B01
:102640002ED9054688460C3004210EF0AEF82B8AB0
:102650004788B0F80090BB4222D3FB2F20D801F06E
:102660000BFA4FEA193633460446F8B19B0817D1E6
:10267000D6B1012E14D12379677166F3010323715A
:10268000E9683A46E01D13F06AFA2146C9F30B00E7
:1026900001F0FEF908B9BDE8F883204601F0F2F92F
:1026A0006FF01500BDE8F8830226E4E70F4B1B68C6
:1026B0009B0117D54FF0FF324FF0FF330220F8F7A0
:1026C000A7FA0221C8F800000C300EF02DF84FF4E4
:1026D0008D730380D8F8000001210C300EF024F82F
:1026E000012303706FF06800D5E700BF500200209F
:1026F000F8B50E4B1B68DB0600D4F8BD02F10C04E4
:1027000006460D46204602210EF00EF8034640F222
:1027100005421A80204604210EF006F800270770B3
:10272000A0F801503278C270F8BD00BF50020020FE
:10273000024A1368013B1360704700BFC01F0020AE
:1027400070B5037FC68803F00303013B012B01D959
:1027500000DE70BD044601F10C05284604210DF091
:10276000E3FF237F03F00303022B0CBF46F4005664
:1027700046F480560680637F4380617F28460DF0D3
:10278000D3FF627F04F11F01BDE8704013F0E7B989
:102790002DE9F04F90F804C0C688BCF1030F87B054
:1027A00004460D4600F11C071FD0ACF1050CBCF12E
:1027B000180F33D8DFE81CF0360032003200320048
:1027C0003200320032003200320032003200320079
:1027D000320032003200320032003200A500D50053
:1027E000DD000B01220135015501C37F033B122B94
:1027F00014D8DFE813F0C301130013009301B501EF
:1028000013000E0213001300130013021300EA0159
:1028100013001400130013006D016D0100DE07B0FA
:10282000BDE8F08FCA4BCB4A93E803000B0C8DF840
:102830001630237E5268ADF814105B425EB2637EA0
:102840000490D90702F0005200F14382002AE6D03A
:10285000C14B1B689B07E2D5207F04F11E08C0F323
:102860008011424600F00F00FFF78AF90028D6D108
:10287000237F03F00F03012B00F07282637FA3F12B
:10288000060903F1060B5FFA89F905335FFA8BFB42
:102890005FFA83FA4F460C35022128460DF044FFBB
:1028A0003E23037080F801B0012128460DF03CFF63
:1028B000034602221A70514628460DF035FF0123C7
:1028C0000370237F03F00F0318336B4404F12401DA
:1028D00013F8083C4370237FC3F380138370D4F84C
:1028E0001E30C0F80330B8F80430A0F8073000F10B
:1028F0000A0380F809903A46184613F030F9C65595
:102900008DE7FF0700F12A82924B277F5B689800D2
:102910004FF0000883D5904B1B68D9077FF57FAF38
:102920000C35002F00F0A181022128460DF0FCFE9D
:1029300041F23E330380012128460DF0F5FE0123CC
:102940000370122128460DF0EFFEC0F80180C0F898
:102950000580C0F80980C0F80D8080F811800770EC
:102960005DE70A463846314607B0BDE8F04FFFF74D
:10297000BFBE784B5B689A007FF551AF764B1B6802
:102980005B077FF54CAF0C35022128460DF0CCFEDD
:1029900040F63E230380012128460DF0C5FE034684
:1029A000032228461A7009210DF0BEFEFD0700F132
:1029B000DE81237F0370A0F80160E38BA0F8033071
:1029C000238CA0F80530638CA0F8073027E7614B13
:1029D0005B6818044FF000047FF521AF0C3502212D
:1029E00028460DF0A1FE4FF44C73038003212846C6
:1029F0000DF09AFE0470A0F8016010E7574B1B68B9
:102A000019027FF50CAF0C35022128460DF08CFE23
:102A100040F257230380022128460DF085FE0680F0
:102A2000FDE64C4B5B689A007FF5F9AE4A4B1B689C
:102A30001B037FF5F4AE0C35022128460DF074FE21
:102A400040F23E430380012128460DF06DFE142321
:102A50000370032128460DF067FE0680237F8370F4
:102A6000DDE63C4B5B689F007FF5D9AE3A4B1B68B7
:102A700018057FF5D4AE0C35022128460DF054FE22
:102A800040F23E630380012128460DF04DFE0C23E9
:102A90000370052128460DF047FE237F0370A0F840
:102AA0000160627F002A92FAA2F3B3FA83F308BFAF
:102AB0004FF0FF330133C370A27F92FAA2F3002AD2
:102AC000B3FA83F308BF4FF0FF3301330371A6E677
:102AD000204B5B689A007FF5A2AE1F4B1B685B061C
:102AE0007FF59DAE0C35022128460DF01DFE40F607
:102AF0003E330380012128460DF016FE07230370A4
:102B00000A2128460DF010FE0680A38C4380E38C3A
:102B10008380238CC380638C038180E60D4B1B680C
:102B20001B064FF000047FF57AAE0C3502212846D3
:102B30000DF0FAFD4FF481630380042128460DF067
:102B4000F3FD01230470A0F80160C37067E600BFC5
:102B5000946104005002002048020020000E002072
:102B600090F820300E2B7FF45AAE0B4632460021EF
:102B70001A2007B0BDE8F04FFFF75AB87E4B5B68EC
:102B800099007FF54CAE7D4B1B68DA067FF547AEAA
:102B90000C35022128460DF0C7FD40F63E53038058
:102BA000012128460DF0C0FD052303700C212846A5
:102BB0000DF0BAFD034623F8026B216A626AC0F881
:102BC00002105A60238D438129E66B4B5B689800A5
:102BD00040D56A4B1B6899063CD50C350221284626
:102BE0000DF0A2FD40F63E330380012128460DF092
:102BF0009BFD062303700A2128460DF095FD0680F3
:102C0000238C4380638C8380A38CC380E38C0381FB
:102C100005E60B46324639460020AAE7564B90F8A7
:102C200020401B681F067FF5FAAD0C3502212846AF
:102C30000DF07AFD4FF481630380042128460DF0E6
:102C400073FD002C08BF1F2400230470A0F801604E
:102C5000C370E4E50023CDE90233CDE900331A2245
:102C60000221304600F05EFFD9E5454A1368022193
:102C70000133284613600DF057FD41F23E330380C7
:102C8000012128460DF050FD034601221A70284606
:102C900012210DF049FD0770A0F80160637FC37039
:102CA000A37F03F001030371D4F81F30C0F805308F
:102CB000B4F82330A0F80930E38CA0F80B30238D52
:102CC000A0F80D30638DA0F80F3094F82C304374C9
:102CD000A5E5002A3FF4A3AD284B1B685A057FF5F4
:102CE0009EAD207F00F00F03012B42D104F11E079F
:102CF000C0F380113A4600F00F00FEF741FF0028B4
:102D00007FF48DAD0C35022128460DF00DFD41F20A
:102D10003E230380012128460DF006FD03460B22C9
:102D20001A70284611210DF0FFFC40F201130380B8
:102D3000237FC3F380138370D4F81E30C0F80330B0
:102D4000638CA0F80730237FC3F3C0134372636A18
:102D5000C0F80A30238DC381067460E500DED3E538
:102D600007464FF00B0A4FF00C0B814693E500DE4F
:102D70001FE600DE207FB9E7500200204802002055
:102D8000C01F002070B500F10C040E462046022141
:102D900015460DF0C9FC40F213530380052120466F
:102DA0000DF0C2FC01230370A0F80160A0F80350ED
:102DB00070BD00BF0379032B08D0053BDBB2182B95
:102DC00001D900207047054AD05C7047037F03F0AB
:102DD0000303032B14BF0520042070472066040062
:102DE0000D480E4B0E4A0F4930B44FF0FF340460CB
:102DF00041F6FF754FF0FF34C3E90045002400257C
:102E0000C2E900451F240025C1E90045064B002208
:102E10001A6030BCFEF7A4BEC81F0020500200207C
:102E2000000E002048020020C01F002000B583B023
:102E30000E4B05990E4ACB1AA2FB032313F47F5FB6
:102E4000C3F387120DD1023200910A4BD2B2012195
:102E50000020FDF77BFC10F0FD0F04D103B05DF8FE
:102E600004FB00DEEFE700DEF8E700BF8020002073
:102E7000ABAAAAAA052F030010B402680446506D3D
:102E8000B8B1916D00235365D1B10023936517222A
:102E90000A714FF6FF72CA8001F11C02CB610B620E
:102EA0004B628B6213823C230B778C6010BCFEF765
:102EB000DDB900DE916D506D002353650029E4D12A
:102EC00000DE916DE1E700BF38B50C460B49637F2A
:102ED0000B4A0978117004EB83031B6A1D7800B953
:102EE00038BDFEF74BFA8442FAD015F00E0F02D12E
:102EF0006369002BF4D000DE38BD00BF83310020B1
:102F00008231002000B17047064B10B502460C46D6
:102F1000022001219C60FCF7B3F900B910BD00DE6E
:102F200010BD00BFE0040020014610F8103B7BB14B
:102F300010B50B4B98608A6872B90A4C084B002296
:102F4000C1E9024011460120FCF79AF910B910BD01
:102F5000FFF792BF00DE10BD00DE9868EDE700BF0E
:102F6000D0040020792E03000E4B1A8B597F22F4D7
:102F7000437203EB810122F00202096A42F00E0261
:102F80001A83062000224FF4006CA3F85CC00A707C
:102F9000487093F8291003EB81030422DB6A1A704E
:102FA000587070478020002038B5134C6569AB6FAE
:102FB000B3B905F16C0105F16800FCF7E1F80346CF
:102FC000C0B1AB67286800F02BFD0025A06D6561DE
:102FD000FEF73AF9606DA565FEF72AF9656538BD1B
:102FE00000DE05F16C0105F16800FCF7C9F8034645
:102FF0000028E6D100DEE4E78020002030B52E4C2A
:1030000094F85E30D90785B041D5636953B193F820
:103010002C2042F0020283F82C20636993F82C30B4
:10302000DA073CD42448FEF791F9844239D1237E53
:10303000DB0703AD0CD502210391204B0095032142
:1030400001220020FDF782FB2946FEF76DF908BB3F
:1030500002220321194B009500200392FDF776FB15
:103060002946FEF761F9A8B91548FEF7ABF9E0B9B2
:103070001148FEF777F9844215D163690BB1FFF768
:1030800093FF94F85E306FF3000384F85E30002005
:1030900005B030BD0848FEF765F9844209D10C201F
:1030A000F6E700DEC3E700DEE7E77830E0D000DED9
:1030B000DEE700DEF3E700BF802000207509030093
:1030C0009020002010B4047804F00F0402F1FF3CBB
:1030D000022C1FFA8CFC1FD0012C0AD04B78103325
:1030E000DB0084B1062C0ED040F253204FF4F37273
:1030F00003E040F2E33040F2162212FB0CF31844D6
:1031000080B210BC704742781032D20002F21B31FC
:10311000581802F5B372F0E7417810BC0CEB8C0341
:10312000C3EB0310400001F1100300F23B10DB0081
:1031300003FB020290B2704730B54FF6FF718BB0BF
:103140008B429DF838500F9C19D021780131C9B2BB
:10315000217000294CD02849C1E900028A7A0B81EC
:1031600065F30002254B8A7204F110000022C8604A
:10317000996001201146FCF783F800283AD1207E9F
:1031800010F0010505D11E4A1E4B11781B788B42A9
:1031900001D00BB030BD0133042109A8137005F034
:1031A00071FC099B184A0694A2FB0312991A02EBC0
:1031B0005102120A40F2471101FB1233134A14491B
:1031C000A21AA1FB0212920912490232CDE904515E
:1031D0000133CDE90255CDE90055D2B2012128468F
:1031E0000993FDF79BFA10F0FD0FD2D000DED0E777
:1031F00000DEB0E700DEC2E754200020C00400205B
:10320000833100208231002021F1D49080200020E1
:10321000ABAAAAAAC92E03002DE9F043684C1F46A9
:10322000684B94F85E6086468C4693E8030083B052
:1032300016F001069DF82C809DF8303000908DF836
:10324000041040F0A080154608F0070203F00303C5
:10325000520042EA03220CF10803BCF1010F0DEB0E
:10326000030C08BF4FF0000E1CF8083CA4F85CE00B
:1032700013F00E0F03F00F01238B23F4437323F09D
:10328000020342EA0302637F228304EB830308BF45
:103290000120D3F8208098F8003023F01F0218BFD7
:1032A00000200A4360F3451288F8002002F00F0264
:1032B000012A03F00F032ED098F80120F2B998F8F4
:1032C000003005F0010565F386136FF3C71388F826
:1032D0000030062388F8013094F82930246104EB8B
:1032E0008304AD01E36A5A7845F004051D700AB9FC
:1032F00006225A70304603B0BDE8F083012B34D06B
:1033000098F8003005F0010565F386136FF3C713D5
:1033100088F80030E0E7012B0FD098F80120BABB05
:1033200084F8346098F8003003F00F03012B04D0C8
:1033300098F80130002BC2D0E2E708F1080998F8AC
:10334000003005F0010565F3861367F3C71388F8AD
:1033500000300A9B1B68C9F800300A9B9B88A9F8BB
:1033600004300C2388F80130B6E794F8342004F1D7
:10337000350108F1080012F0F2FB94F834300633FE
:1033800088F80130BCE70C26304603B0BDE8F08376
:10339000052A10D9063A08F10809D2B20A4884F879
:1033A0003420494612F0DBFB98F8003003F00F039D
:1033B000012BBDD1C3E700DE98F80120EAE700BF8A
:1033C000802000209C610400B520002010B5064C30
:1033D000204605F0CBFE04F10C0005F0C7FEFFF718
:1033E000C3FD002010BD00BF9C20002008B5FFF7E2
:1033F00005FE002008BD00BF38B5094C04F10C05DE
:10340000204605F0C3FE284605F0C0FE204605F024
:10341000ADFE284605F0AAFEFFF7A6FD002038BD48
:103420009C200020034A044B801AA3FB0030C0F309
:103430008F10704780200020ABAAAAAA044A006817
:10344000044B801AA3FB0030C0F38F10704700BFFD
:1034500080200020ABAAAAAA28B9044B93F85E00EA
:1034600000F0010070470020704700BF802000205E
:103470001F2955D82DE9F041437F00EB830382B02B
:103480001F6A3B7803F00F03012B0E46054690465A
:1034900048D00DF107011C3005F0C2FE3A780378E0
:1034A00002F00F0223F01F03134303703B780278EE
:1034B000C3F3401363F3451202703B78D2B2C3F3F7
:1034C0008013394663F38612027011F8023BD2B2C0
:1034D000DB0963F3C712044600F8022B062212F040
:1034E0004CFB3246414604F10800063612F037FB29
:1034F000667095F85E30DB0706D49DF807306B7771
:10350000002002B0BDE8F08195F8293005EB830377
:103510002146DA6A2846F4F763F90028EDD0F0E78F
:103520001220704780F834100A463530414612F0B8
:1035300016FBE5E703460A4601481946FFF798BF20
:10354000802000201F295ED82DE9F04190F8293015
:1035500000EB830382B0DE6A0F460446904600F11A
:103560002805002E40D028460DF1070105F058FE31
:10357000037823F03F03314643F00403037011F84E
:10358000022BDBB2C2F3801203F03F0343EA821343
:103590000370BB1D437005460622023012F0EDFA9F
:1035A0003A46414605F1080012F0D9FA94F85E3027
:1035B000DA0707D49DF8073084F82930002002B0DC
:1035C000BDE8F081627F04EB82024123116A0A7830
:1035D00002F00F02D340DB07ECD52A462046F4F771
:1035E000FFF80028E6D0EAE7284605F0BFFDC0B2A4
:1035F00058B994F8293004EB8303DE6A042333704E
:1036000006237370AFE7122070470720D7E700BF8B
:1036100003460A4601481946FFF794BF8020002060
:1036200038B5059D9DF810C02C4614F8101B0131CB
:10363000C9B2297099B10B49C1E90002887A0B819E
:10364000094BCC606CF30000002288729960012065
:103650001146FBF715FE00B938BD00DE38BD00DEAF
:10366000E9E700BFE8200020F004002000207047B8
:1036700070B51B4E00241B4A0420A2F11001A4B90E
:1036800096F8284014F001040FD0FDF7C5FE05465A
:1036900068B996F82830134A60F3000386F828309A
:1036A0000420A2F11001002CEAD0002070BD10F11E
:1036B000780FFAD040F291230B490C480C4A0CF0D9
:1036C0008EFD0C482A4600210CF089FD002383F36F
:1036D0001188BFF36F8F0323184602DFCBE700BFCB
:1036E000080E0020180E00207C660400946604007A
:1036F0003C660400B466040038B50546043001F1A8
:103700001002C0B2FDF788FE044600B938BD10F1C2
:10371000780F01D10C2038BD40F29123094A0A49A3
:103720000A480CF05CFD0A48224629460CF057FD79
:10373000002383F31188BFF36F8F0323184602DF42
:103740000C20E8E73C6604007C66040094660400F4
:10375000B466040010B5124C94F8283003F001024E
:1037600070B1DAB99B0706D50120FDF7B7F806213D
:10377000FBF7F6FC80B1BDE810400948F4F7C8B883
:1037800062B12146FFF7B8FF28B994F8283060F3FA
:10379000000384F8283010BD122010BD0C2010BD8D
:1037A000080E0020044A0068044B801AA3FB003076
:1037B000C0F34710704700BF080E0020A38B2EBA3D
:1037C00068B9084A92F8283013F0010008D0107D3B
:1037D00003F00103C0F3401003FA00F0704700202B
:1037E000704700BF080E002008B5054B0022986006
:1037F00011460120FBF744FD00B908BD00DE08BDFD
:103800000005002083685A6892F82730DB090146DA
:1038100001D100DE70470831F4F786BC2DE9F04194
:103820000768244982B005464FF4D4723846FBF746
:1038300083FC05F16806294606F0D6F9E86E01AA70
:103840003146FBF7B9FC00B31B4C4FF6FF7894F8F8
:10385000412094F84010531CDBB2082B08BF002312
:10386000994223D004EBC20124F83280019A4A60C5
:1038700012680260019A1060E86E84F8413001AA73
:103880003146FBF799FC0028E1D1D7F8680107F52C
:10389000B47138B10023C7F86831FDF753FE02B0A8
:1038A000BDE8F08100DED7F86801F3E700DE002311
:1038B0001B80FFDE380E00207424002010B50C465B
:1038C00030B92046FDF76CFD844200D000DE10BD0B
:1038D00000DEF6E710B50C4630B92046FDF754FD82
:1038E000844200D000DE10BD00DEF6E710B50C46C5
:1038F00040B9074B0246012102209C60FBF7C0FC47
:1039000020B910BDFDF73AFD8442FAD000DE10BDAB
:103910002005002000B9704710B50C46FDF74CFD9E
:10392000844200D110BDFDF729FD8442FAD000DEAB
:1039300010BD00BF10B5194C194B204601224FF4A1
:10394000D471FBF7A7FB00224FF4D4712046FBF79C
:10395000EFFB144B01464FF6FF74181D8C840322B5
:103960004FF48271FBF796FB0F4B104C181D07228A
:103970000821FBF78FFB01F0E3FF0D4A0D4B0E49C9
:10398000002010601B221A800C4A03234FF4A47CF1
:10399000A4F800C00B70137010BD00BF380E0020DB
:1039A00024210020642100202821002076310020DD
:1039B000DC24002078310020853100208431002073
:1039C00010B5044614F8103B73B10F4B9C6082682D
:1039D000B2B90E490C4B0022C0E902141146012075
:1039E000FBF74EFC50B910BD03F0FF02084B114627
:1039F00001209C60FBF744FC0028F4D000DE10BDE1
:103A000000DE9C68E5E700BF10050020E9370300F1
:103A1000000500200148FBF761BB00BF2421002006
:103A20000149FBF771BB00BF2421002002494FF47C
:103A3000D472FBF781BB00BF380E0020024620B9CC
:103A400003484FF4D471FBF773BB0020704700BFED
:103A5000380E002060B908B502464FF4D47105480D
:103A6000FBF766FB10B1838C03B908BD002008BDCD
:103A700000207047380E00200148FBF72FBB00BF25
:103A8000642100200149FBF73FBB00BF64210020F7
:103A900000283DD138B502460D461F484FF4D47179
:103AA000FBF746FB0446F0B1828CE2B91B4890F864
:103AB00021C090F820100CF10103DBB2042B08BFE9
:103AC0000023994221D020F83C2000EBCC0CCCF80C
:103AD000045080F82130237843B994F93730002B13
:103AE0000EDB002038BD6FF0150038BD0C4B0121F6
:103AF00003209C60FBF7C4FB94F93730002BF0DA0D
:103B00000021204604F042FCEBE76FF0680038BD6E
:103B10006FF01500704700BF380E0020B824002059
:103B2000300500202DE9F04782B0BDF82870BDF8BF
:103B30002C80BDF8309098B90C4615464FF4D471DE
:103B4000024619481E46FBF7F3FA824640B1838CC1
:103B500033B96CB1022C07D0012002B0BDE8F08768
:103B6000022002B0BDE8F087ADB902F035F90EE0F1
:103B70000D9B0193CDF8009043463A46314602F042
:103B8000B5F80028EDD19AF93730002B07DB00207B
:103B900002B0BDE8F087294602F02EF9F7E70146AA
:103BA000504604F0F3FBF2E7380E0020E8B938B5D0
:103BB00002460C460E484FF4D471FBF7B9FA05469D
:103BC00050B1838C43B902F023F838B10368236005
:103BD00003792371002038BD022038BDD5F832307A
:103BE000236095F836302371F4E70220704700BF58
:103BF000380E002038B510B10224204638BD0246E8
:103C00000C4616484FF4D471FBF792FA054608B3F8
:103C1000838CFBB91A2C04D8042C16D81224204605
:103C200038BD292C01D03B2CF8D12146284601F083
:103C3000D5FF04460028E0D195F93730002BDCDAB7
:103C40000146284604F0A2FBD7E7054BE340DB071B
:103C5000EBD4E3E70C24204638BD00BF380E00202B
:103C60002000380438B5A0B902464FF4D4710D488D
:103C7000FBF75EFA054660B1838C53B9012101F070
:103C80005BFF044618B995F93730002B04DB20465A
:103C900038BD0224204638BD0146284604F076FB94
:103CA000204638BD380E002038B598B902464FF48A
:103CB000D4710D48FBF73CFA054658B1838C4BB9DB
:103CC00001F052FF044618B995F93730002B04DB98
:103CD000204638BD0224204638BD0146284604F05F
:103CE00055FB204638BD00BF380E002070B5D8B94E
:103CF0000D4616464FF4D47102461148FBF718FAE8
:103D0000044688B1838C7BB9D0F840319B060ED530
:103D10002946324601F08EFF054618B994F937302E
:103D2000002B07DB284670BD0225284670BD1A25EA
:103D3000284670BD0146204604F028FBF2E700BF8C
:103D4000380E0020034A044B12881B8802800B8027
:103D5000704700BF7831002076310020024A034BC3
:103D600010801980002070477831002076310020C3
:103D70004FF0FB0CA0F800C04FF01B0CA2F800C0E5
:103D800040F648004FF4A47208801A80704700BFC4
:103D9000C8B938B50D4614464FF4D47102460B48E5
:103DA000FBF7C6F9034660B1808C50B993F87620D2
:103DB000C2F302022A7093F87730C3F30203237030
:103DC00038BD022038BD0220704700BF380E0020E9
:103DD000024A034B10701970002070478531002093
:103DE00084310020F0B583B000BB0F4616464FF477
:103DF000D471024614481D46FBF79AF90446A8B14F
:103E0000838C9BB9D0F84031DB0513D52B460125B7
:103E100000953246394601F0B9FE054618B994F9C5
:103E20003730002B0ADB284603B0F0BD02252846B8
:103E300003B0F0BD1A25284603B0F0BD0146204668
:103E400004F0A4FAEFE700BF380E002068BB10B5FD
:103E500002460C4616484FF4D471FBF769F910B3CB
:103E6000838C03BBC38CB0F88C21052B0FD8013396
:103E70009BB202FB03F30F494FF4FA7202FB03F308
:103E8000A1FB0313C3F34F332380002010BD03FBBA
:103E900002F2084940F2E24303FB02F2A1FB0212E4
:103EA000C2F34F33F0E7022010BD0220704700BF7D
:103EB000380E00205917B7D160BB10B502460C462A
:103EC00015484FF4D471FBF733F908B3838CFBB971
:103ED000C38C42F2107202FB04F1052B01F1FF3199
:103EE0000DD801339BB24FF4FA7202FB03F319446D
:103EF000B1FBF3F189B2A0F88C11002010BD40F2A3
:103F0000E24202FB03F31944B1FBF3F189B2F2E799
:103F1000022010BD02207047380E0020FFF70ABDB6
:103F200038B51B4800224FF4D471FBF701F9044661
:103F300058B304F1100221460520FDF76DFA05463D
:103F400010B110F1780F0BD11249134A0023C4F8B5
:103F500088300B84A2F84030BDE83840FFF7EABC57
:103F600040F24D730D490E480E4A0CF038F90E48D8
:103F70002A4600210CF033F9002383F31188BFF3A4
:103F80006F8F0323184602DFDEE700DED1E700BFB4
:103F9000380E0020B8240020742400207C66040021
:103FA00094660400CC660400B4660400014B1878E3
:103FB000704700BF85310020014B1878704700BF63
:103FC000843100200B46896818600A68107828B18F
:103FD000916851B90849C2E9021370474A6892F8DA
:103FE0002710C90903D100DE704700DEF2E703F1B4
:103FF00008011846F4F798B8053803000B68DA880A
:104000009ABB70B50C4606464FF4D4711848FBF7BE
:104010008FF8054628B3838C1BBB01F029FF22686B
:10402000137F03F00303032B08D1012313712268CC
:1040300031462846BDE8704001F02EBF53B995F8CF
:1040400062319B0703D53D2385F864312268012343
:10405000137170BD95F862319A07FAD53D2385F842
:104060006431236801221A7170BD01221A717047F0
:10407000380E002010B5B0F824C004464FF6FF708B
:1040800084450CD0A4F824312046C4E9471201F03D
:10409000E5FC94F8623113F0010002D110BD00DE9E
:1040A000F0E76FF3000384F862316FF08B0010BD0E
:1040B000F8B51C4D1C4F95F8212006461CE04FF426
:1040C000D4713846FBF734F800B3838C6168F3B9D8
:1040D000E03001F095FA95F8212095F820309A42C9
:1040E00006D00133DBB2042B08BF002385F8203053
:1040F000013E16F0FF0613D095F8203093420FD002
:1041000035F8332005EBC304002AD8D061680B7959
:104110006FF301030B714FF6FF70FDF7E7F8DAE775
:10412000F8BD00BFB8240020380E00202DE9F04172
:10413000324A1468A04205460B4604BF00211160B4
:10414000808CA5F86E01182282B0012185F86C21BF
:1041500085F88431284601F08BFC05F1E0062846FD
:1041600001F09AFC304601F033FA304601F068FA6B
:10417000044638B30379DFF8888003F00303032B88
:104180000CBF034600230360404605F17C07FAF7A5
:10419000A5FFA8B121463A46FAF7FCFF304601F0E8
:1041A0004FFA044670B1037903F00303032B0CBFED
:1041B0000346002303604046FAF790FF0028E9D148
:1041C00000DEE7E7AA8C0F4B00950532D2B2012141
:1041D0000020FCF7BBFA10F0FD0F08D14FF6FF737B
:1041E000FF20AB8402B0BDE8F041FFF761BFFDF7EF
:1041F000C5F88542F2D000DEF0E700BFDC240020E5
:1042000028210020ED38030038B505460120FFF7CE
:104210004FFF05F1E00001F013FAA8B1037903F0B4
:1042200003030446032B0CBF2346002307482360E7
:10423000FAF754FF30B105F17C022146BDE8384061
:10424000FAF7A8BF00DEF6E738BD00BF282100203E
:1042500041B32DE9F0414D1EDFF84C80EDB200F185
:10426000E00700F17C0612E0237903F00303032B3F
:104270000CBF234600232360FAF730FF80B1013DD5
:1042800032462146EDB2FAF785FFFF2D06D03846BB
:1042900001F0D6F904464046002CE5D1BDE8F08196
:1042A00000DEECE7704700BF282100200149FAF743
:1042B0002BBF00BF28210020014B93F8410070471D
:1042C0007424002000B50A4B93F840C093F841E0F5
:1042D000F4450BD080F800E033F83C00088003EB95
:1042E000CC035B68136018685DF804FB0020FBE7F3
:1042F00074240020074B93F840C0844508D003EB9A
:10430000CC0033F83C300B8043681360186870476A
:104310000020704774240020094A92F8401092F857
:1043200041308B4209D04B1CDBB2082B08BF002365
:1043300052F8310082F8403070470020704700BFCB
:104340007424002000B50D4A92F841C092F840E074
:104350000CF10103DBB2082B08BF00239E4509D0F6
:1043600022F83C0002EBCC0CCCF8041082F841306F
:104370005DF804FB00DE00231B80FFDE74240020B8
:1043800070B55379144605460E46002B39D0237973
:1043900003F00302032A0CD04FF6FF72954204BFCC
:1043A0006FF30103237121462846BDE87040FCF7F6
:1043B0009DBF4FF6FF739D4206D133689C421AD0D1
:1043C000002BF0D000DEEEE7EDB917482A464FF497
:1043D000D471FAF7ADFEE0B1214601F02BFD336850
:1043E0009C42EDD1104800224FF4D471FAF7A0FEA0
:1043F00008B1838C03B100202146BDE8704001F074
:10440000F1BA00DEC3E700DE0020214601F012FD14
:10441000D3E700DE214601F00DFD3368A342E1D071
:10442000002BC0D0CEE700BF380E002090F86620E9
:10443000B0F85C30C2F30212022A14BFDB089B08FA
:1044400090F87E20B0F8580014BF0A3B0B3B9BB29B
:10445000D20644BF043B9BB2984228BF184670471F
:10446000704700BF90F8623143F0020380F8623178
:10447000704700BF90F862316FF3410380F86231FA
:10448000704700BFB0F86031B0F82421981880B2AE
:10449000704700BF0278038E12B1581E80B2704779
:1044A000418DB0F824215818104480B2704700BFE5
:1044B00010B50B68C0F83230044632300B79037106
:1044C0000521FAF7F5FF94F8373060F3050384F817
:1044D000373010BDB0F8703040F6480C63454FF4EB
:1044E000A47028BF6346834238BF03460880138008
:1044F000704700BF00B5B0F86020B0F85A1003460E
:104500008A4290F87700B3F85EC028BF0A4600F0F0
:104510000700B3F864101B2A38BF1B22042814BFFD
:104520004FF4A4704FF42960614528BF6146814271
:10453000B3F86EC038BF01468C45B3F86A0044D06A
:104540009042A3F86E1001D0A3F86A2093F8D1200E
:1045500042F00202012083F8D120B3F858C0B3F82A
:10456000622093F87610B3F85CE0624528BF62469B
:1045700001F007011B2A38BF1B220429B3F866107B
:1045800014BF4FF4A47C4FF4296C714528BF7146C9
:104590006145B3F86CE038BF61468E45B3F868C03A
:1045A00017D06245A3F86C1001D0A3F8682093F8E7
:1045B000D1206FF3410283F8D12093F8D12001205C
:1045C000024383F8D1205DF804FB9042BCD1002067
:1045D000C3E76245E9D193F8D11041EA510202F0F4
:1045E000010221F003010A4383F8D1200028E4D11D
:1045F0005DF804FBB0F86020B0F85A1003468A4218
:1046000090F87700B3F85EC028BF0A4600F00700B4
:10461000B3F864101B2A38BF1B22042814BF4FF4C0
:10462000A4704FF42960614528BF61468142B3F808
:104630006EC038BF01468C45B3F86A000DD0904279
:10464000A3F86E1001D0A3F86A2093F8D12042F0AD
:104650000202012083F8D12070479042F3D100205C
:10466000704700BFB0F86220B0F8581003468A4285
:1046700090F87600B3F85CC028BF0A4600F0070047
:10468000B3F866101B2A38BF1B22042814BF4FF44E
:10469000A4704FF42960614528BF61468142B3F898
:1046A0006CC038BF01468C45B3F8680014D0824214
:1046B000A3F86C1001D0A3F868204FF0010C93F818
:1046C000D1106046C1F3400242EA0C0221F003011E
:1046D0000A4383F8D12070478242ECD193F8D1107D
:1046E000002001F0010CEDE740F648039A4228BF94
:1046F0001A464FF4A47CFB2928BFFB2162451346D0
:1047000038BF6346A0F87210A0F87020A0F85EC011
:10471000A0F85C30A0F85810704700BF70B5044690
:104720000022A266E266A4F874202D4A2D48128861
:104730000588FB2A01F0030328BFFB222833C1F3BD
:104740004001DB00A4F87220A4F858201B22CB40C3
:10475000A4F85A2040F648014FF01B128D42226601
:1047600094F8772028BF0D46B5F5A47F02F0070224
:104770009EB2A4F8705038BF4FF4A475042AA4F870
:104780005E60A4F86460A4F86660A4F85C501ED073
:10479000B3F5A47F38BF4FF4A47394F8D120A4F8E4
:1047A0006E301B2142F00202A4F86A1084F8D12076
:1047B0002046FFF757FF94F8D130AE4243F0010393
:1047C00084F8D13006D0012384F8743070BD4FF4E2
:1047D0002963E2E7A36DB3F11B1FF4D170BD00BFE5
:1047E000783100207631002008B50022D0E91E0182
:1047F000FAF7DAFCB0FA80F0400908BDF8B50646D1
:104800000C4600F0FBFF054688B32F1D384602F02A
:1048100003FBEB7963732946304601F005F8304617
:1048200003F0F4FAAB68EA68C4F84720C4F84330F0
:104830002B69C6F8AC30A5690023A361ADB1032391
:104840002F792B71B38CEB8005F11C01204602F00F
:10485000CBFA2E2F02D00423A372F8BD2868294674
:10486000FCF704FD0423A372F8BD00DEE7E700DED9
:10487000CBE700BF70B504460D4600F0B7FF10B996
:104880000623AB7270BD04F18F063346002205F19A
:104890003B0105F12B0006F053FBD4F89B10C4F844
:1048A000BC10D4F88F10C4F8B010D4F8A810D4F805
:1048B0009320D4F89730C4F8C91000200021C4E92F
:1048C0003001C4F8B42094F8C81094F8A720C4F8B4
:1048D000B830D4F8AC30C4F8CD30002363F3000115
:1048E00084F89F3084F8A03084F8A13084F8A23096
:1048F00084F8A33084F8A43084F8A53084F8A63076
:1049000042F0010384F8C81084F8A73029462046F5
:1049100000F074FF0646A8B1301D02F095FAF37955
:104920006B733146204600F07FFF204603F06EFA9D
:104930004FF4C1636B8194F88E3043F0080384F820
:104940008E3070BD00DEE7E770B50C46897A82B024
:1049500005460D2900F22E81DFE801F05F676A9BB2
:104960009F07070C1836393E5053002A00F0A780E5
:1049700002B070BD002AFBD12146284600F036FF68
:10498000002840F0F1800723A372F1E7022AEFD15B
:10499000A0690023A361002800F02981032303718B
:1049A000AB8CC380237A052B00F00981062B00F025
:1049B000038100DE2146284600F018FF002840F061
:1049C000AA800923A372D3E7002AD1D1F2E7002AF3
:1049D000CED10B23A372CBE7072AC9D128460121E8
:1049E00000F026FF2846FFF73DFD2146284600F04F
:1049F000FDFE002871D10C23A372B9E7002AB7D1BC
:104A0000F3E7082AB4D140F20233638195F88E307F
:104A10006FF3041385F88E30AAE7002AA8D1237A11
:104A2000062BD6D00223A372A2E7002AFAD09FE772
:104A3000012A9DD111462846019300F0F9FE28462F
:104A4000FFF710FD284601F041FF019B5A68996865
:104A5000C4F82510C4F821201A7B84F829205A7B39
:104A600084F82A20D3F80E20D3F81210C4F83F108F
:104A7000C4F83B20D3F81630C5F8A83021462846A4
:104A800000F0B4FE10BB204600F0F2FE0323A37238
:104A90006EE7002A7FF46CAFF0E7032A0CD0042AFB
:104AA0007FF466AF062140F20362072384F82010EA
:104AB000A4F84D20A3725BE70523A37258E72146B3
:104AC000284602B0BDE87040FFF7D4BE2146284614
:104AD00002B0BDE87040FFF791BE2146284600F0C5
:104AE0008DFE0646002800F08480301D02F0C0F9DB
:104AF000F37963733146284600F096FE284603F0AA
:104B000085F940F60D33638195F88E306FF3C3035A
:104B100085F88E302CE72146284600F06FFE0646C9
:104B2000002868D0301D02F099F9F379637331469B
:104B3000284600F079FE284603F068F9284603F07D
:104B4000E9FA0023A3720121284600F085FE2846D9
:104B5000FFF790FC284601F0BDFE95F88E3043F03B
:104B6000100385F88E3003E72146284600F046FE04
:104B70000646002841D095F8303194F84E10301D8B
:104B80001BB1D5F840315B071DD402F07BF9F379F6
:104B900063733146284600F047FE284603F036F995
:104BA000284603F0B7FA94F82030062B11D0242BB6
:104BB0003FF4DEAE00DEDBE61A230371FAE61C30BA
:104BC00002F04CF9F6E60A4694F84D1002F066F948
:104BD000DDE70121A172284600F03EFE2846FFF7DE
:104BE00049FC284602B0BDE8704001F073BE00DE0B
:104BF000D4E600DE79E700DE94E700DEBBE700BF25
:104C000092F81FC0ACF1030C02F11C03BCF1080FB9
:104C100006D8DFE80CF01205050F0505050C0900A4
:104C20003D2380F8643170470822FFF78DBE0722CC
:104C3000FFF78ABE0222FFF787BE0122FFF784BE7C
:104C40008B7A042B04D002D9053B082B03D870477C
:104C500005238B72704700DEF9E700BF8B7A042BC7
:104C600004D002D9053B082B0AD87047062040F231
:104C70000362072381F82000A1F84D208B72704752
:104C800000DEF2E7887AA0F10400B0FA80F0400973
:104C9000704700BF13460022FFF756BE70B591F86B
:104CA0002C3091F82D20042B0C4603D8032B01D077
:104CB000042A0DD91343112113F0070384F8281097
:104CC0004FF001050CD184F828300125284670BD2D
:104CD000032A0DD0134313F007034FF00005F2D061
:104CE000668DFFF7D7FB801B0304EFD42823EAE788
:104CF000112381F828300125F2E700BFF0B50E46F8
:104D000083B00DF1060201A9B0F86C50B0F86E70D6
:104D10000446FFF7DFFB96F82D20002A5CD196F8B9
:104D20002C30FBB9B4F86C30AB420ED3BDF8062082
:104D30009A420AD3B4F86E30BB4206D3BDF80420C1
:104D40009A4202D3002003B0F0BD94F8D130A4F809
:104D50006C5043F001030120A4F86E7084F8D13048
:104D600003B0F0BD94F9370000281DDB94F87610ED
:104D700094F8685001F003032B440D33DB00C1F3BA
:104D80004001CB409BB2BDF80650B3F5A47F38BFBD
:104D90004FF4A4739D4228BF1D4632B3002803DAA6
:104DA00096F82C30002BBDD094F8772094F86A1038
:104DB000BDF8047002F003030B440D33DB00C2F3B3
:104DC0004002D3409BB2B3F5A47F38BF4FF4A47325
:104DD0009F4228BF1F46A5E794F937000028C5DB8E
:104DE00096F82C30002BDFD0C0E796F82C30002B43
:104DF00098D0002896DAD7E710B50C4689690023C9
:104E0000A36131B394F82130DB071DD50B792E2B2C
:104E10001DD11D230B71838CCB8094F828300B7728
:104E200090F87730C3F302038B7790F87630C3F3B2
:104E300002034B770868FCF719FA94F821306FF3F6
:104E4000000384F8213010BD01230B71F2E700DE6E
:104E5000DFE700DED6E700BF38B591F821304D6AB4
:104E60009B070C4603D4BDB101232B7108E0A5B10B
:104E700003232B71838CEB8005F11C0102F05EF99A
:104E800028682946FCF7F2F994F8213000226FF3E4
:104E9000410384F82130626238BD00DEE8E700BFDC
:104EA00070B50C46054600F0BDFC6062C0B1637B86
:104EB000E66966610022172BE26109D000DE284610
:104EC000314600F0B1FC2846BDE8704002F09EBFBC
:104ED000311D284602F01CF841F603036381EEE71A
:104EE00000DEE4E770B5CB690C460646002B4CD0DB
:104EF000637B162B2ED196F93730002B2ADBE56920
:104F000065610023E36194F8203096F89C21C3F397
:104F1000C20363F3C50286F89C2194F8202096F81A
:104F20009C3162F3020386F89C3194F8203096F8A5
:104F30007620C3F3801363F3C302291D86F876201D
:104F4000204601F0C1FF0221304600F071FC02232F
:104F5000A37211E000F05EFC10B90723A37270BDCC
:104F600000F060FC606290B1637BE56965610022DE
:104F7000162BE261C7D000DE3046294600F054FC13
:104F80003046BDE8704001F0A9BC00DEB0E700DEAD
:104F9000EAE700BF38B505460C4601F08FFC10B1BA
:104FA0000123A37238BD284602F01EFF0028F7D166
:104FB0002146284600F01AFC0028F1D0284602F0CD
:104FC00011FF0728ECD02846012102F005FF2846F2
:104FD0000D2102F005FF162321466373284600F0D9
:104FE0000DFCE06121462846BDE83840FFF77ABF56
:104FF00038B505460C4602F001FF10B10223A3723A
:1050000038BD2146284600F0F1FB0028F6D028469E
:1050100002F0E8FE0728F1D00D21284602F0E0FE5C
:10502000172363732146284600F0E8FBE06158B17E
:1050300000F0F0FB10B90723A37238BD21462846C3
:10504000BDE83840FFF72CBF00DEF1E770B50C4635
:10505000897A82B006461546092906D8DFE801F0AC
:10506000080D474A05056F8693C100DE02B070BD8A
:10507000002DFBD10123A372F8E71946204601F069
:1050800039FF94F8202096F89C31C2F3C200C3F394
:10509000C2010140C3F30203C2F30200034043EA2A
:1050A000C10322F03F02134384F8203096F93730D1
:1050B000002B0BDB94F8203013F0380F40F0A58064
:1050C00094F8203023F03F0384F82030022130464A
:1050D00000F0AEFB012DC9D196F83730DB09C4D002
:1050E0002146304602B0BDE87040FFF781BF002D79
:1050F000BCD1F5E7022DB9D190F93730002B80F201
:10510000BD80614B96F8762093E8030094F8203038
:10511000134302AD03F0070305E9030008336B44B2
:10512000022113F8083C304663F30612062386F882
:105130007620A37202B0BDE8704000F08DBB032D55
:1051400094D11946204601F0F9FE21463046FFF77A
:10515000A5FD0546204600F08BFB002D60D094F89D
:105160002830282B32D186F864312FE0002D7FF4CF
:105170007DAFE369002B75D000F04CFB002848D1CF
:105180000723A37272E7002D7FF470AFFFF77AF95F
:10519000638DC01A03043FF569AF84F8285096F96F
:1051A000375096F8760096F8773094F82C2094F8DB
:1051B0002D10002D00F0070E03F0070C36DB002247
:1051C00094F8213062F3000384F8213096F87630A9
:1051D000C3F3020262F30613092286F87630A27244
:1051E00044E7042D7FF442AF2146FFF705FE214638
:1051F0003046FFF731FE304602F08CFF002130468A
:1052000002F0EEFD0023A37230E75A077FF45EAF91
:1052100056E72146304602B0BDE87040FFF740BE79
:10522000304602F0F9FD0823A3721FE711F00301D5
:105230001AD061F3020012F0030286F876001FD044
:1052400062F302038E4586F8773014D0214630464B
:10525000FFF754FD94F8213060F34103012284F8F4
:105260002130ADE700DE87E712F00302A7D062F33A
:10527000020386F877306245E8D1A0E700DE40E718
:105280008E45E3D19BE700BFA461040070B5D37FD6
:10529000112B05460C4602F11C060BD0182B3AD0F8
:1052A000072B10D0242380F8643101F0BDFB0023CC
:1052B000A37270BD8B7A062B59D088BF073B022B97
:1052C000F7D900DE70BD8B7A062BF6D1002102F0F3
:1052D00083FDD5F840311A2223F48073C5F840319C
:1052E000204684F8282000F0C3FA94F8213043F0D7
:1052F000010384F8213095F87630C3F3020262F39B
:105300000613092285F87630A27228460221BDE8EC
:10531000704000F0A1BA8B7A062BCED190F93730CD
:10532000002B4EDA0221284602F056FD3146204677
:1053300001F004FE21462846FFF7B0FC0646204651
:1053400000F096FA0EBB94F82D302BB195F876202C
:1053500063F3061285F87620284601F0C9FA08237F
:10536000A37228460221BDE8704000F075BA3146AC
:10537000204601F0A1FD94F84E3084F828302846EC
:10538000002102F029FD2046ADE70021284602F069
:1053900023FD94F828300BB185F8643194F820305F
:1053A00094F82120DB0963F3000284F8212095F8AA
:1053B0007630C3F3020262F3061385F876300923D0
:1053C000CEE700DEAEE700BF70B58B7A0C4605462F
:1053D000092B06D8DFE803F0070706050505060BCD
:1053E0000F0600DE70BDBDE87040FFF7D3BDBDE81D
:1053F0007040FFF777BDFFF745F8638DC01A0304CF
:10540000F0D495F937C095F8760095F8773094F890
:105410002C2094F82D10BCF1000F00F0070603F0CB
:10542000070E1ADB0021284602F0D6FC94F8203043
:10543000002284F82820DB0994F8212063F300027D
:1054400084F8212095F87630C3F3020262F3061344
:10545000092285F87630A27270BD11F003011FD0C9
:1054600061F3020012F0030285F8760022D062F3A5
:1054700002038E4285F8773019D021462846FFF77F
:105480003DFC94F8213060F3410384F82130002181
:10549000284602F0A1FC002384F828300123CBE742
:1054A00012F00302BED062F3020385F8773096450E
:1054B000E3D1B7E78E42E0D1B4E700BF8B7A022B8D
:1054C00004D002D9063B032B06D870470A4690F851
:1054D0003710C909844601D100DE704730B590F815
:1054E000764092F820E00F4944EA0E0E0EF0070EC7
:1054F00083B00EF108000DEB000E03C902AD05E903
:10550000030019461EF8083C604663F3061441F692
:1055100006038CF87640538103B0BDE8304000F0BC
:105520009BB900BFA461040038B58B7A082B04D85E
:10553000033B022B00D800DE38BD092BFBD105460A
:105540000C46FFF759FC21462846FFF785FC284604
:1055500001F06AFA0021284602F042FC0023A372FF
:1055600038BD00BF10B592F81FE0BEF1160F02F172
:105570001C030BD0BEF1180F0DD024230C4680F86D
:10558000643102F0C7FD0023A37210BDBDE81040D6
:105590000122FFF75BBDBDE810400322FFF756BDB7
:1055A00013460022FFF752BD13460222FFF74EBDFD
:1055B00000230422FFF74ABD002303704360836089
:1055C000C3600361704700BF037801330370704705
:1055D00003785BB9C3687BB102691AB1816861B1B4
:1055E0000B6082600023C36003617047013BDBB244
:1055F0000370002BEED0704770474360F1E700BFA7
:1056000003783BB100230C300B60436843B1196051
:1056100041607047002304300B604368002BF6D1D3
:1056200001604160704700BF00230B60836813B1C5
:1056300019608160704741608160704740687047C1
:105640000346406828B1996802685A60884208BFDA
:105650009A6070474078A0F10C00B0FA80F04009E1
:10566000704700BF4078A0F10800B0FA80F0400910
:10567000704700BF4078A0F10200B0FA80F0400906
:10568000704700BF4078A0F11700B0FA80F04009E1
:10569000704700BF4078A0F10100B0FA80F04009E7
:1056A000704700BF4078A0F10900B0FA80F04009CF
:1056B000704700BF4078A0F10600B0FA80F04009C2
:1056C000704700BF4078A0F11800B0FA80F04009A0
:1056D000704700BF4078A0F10300B0FA80F04009A5
:1056E000704700BF4078A0F10500B0FA80F0400993
:1056F000704700BFF8B5064608460D46F9F7EEFCC0
:10570000044680B1002745600672476187612C22FC
:105710003946203010F04BFA4FF47F43FF2262727B
:105720006381A381A7732046F8BD00BF4078A0F134
:105730000200B0FA80F04009704700BF4078A0F145
:105740000200B0FA80F04009704700BF4078A0F135
:105750000100B0FA80F04009704700BF4078A0F126
:105760000200B0FA80F04009704700BF4078A0F115
:105770001800B0FA80F04009704700BF4078A0F1EF
:105780000100B0FA80F04009704700BF4078A0F1F6
:105790000100B0FA80F04009704700BF4078A0F1E6
:1057A0000900B0FA80F04009704700BF4078A0F1CE
:1057B0000900B0FA80F04009704700BF4078A0F1BE
:1057C0000300B0FA80F04009704700BF4078A0F1B4
:1057D0000300B0FA80F04009704700BF416809B18A
:1057E000F9F792BC00DE4168F9F78EBC024B1868ED
:1057F000003818BF012070475005002010B504483C
:10580000F9F76CFC04460430FEF72AFE204610BD72
:105810005005002008B50120FBF73CFD003818BFFB
:10582000012008BDFBF750BDE030FFF7FDBE00BF13
:1058300038B590F8563105460C461BB11C4385F827
:10584000564138BDE030FFF7BFFE95F856311C4396
:1058500085F8564138BD00BF90F8563123EA010162
:1058600080F8561101B17047E030FFF7B1BE00BFBC
:10587000836943B11A792E2A04D02E221A718369C2
:1058800002691A60704700DE8369F3E783694BB1F0
:105890001A792E2A00D0704701221A71816908688E
:1058A000FBF7E4BC00DE8369F2E700BF8B6913B14C
:1058B0001A792E2A0BD00B7A072B15D0CB692BB176
:1058C000D0F85C211A60CB69C0F85C3170471B6866
:1058D000D0F858215A608B6901221A718B69C0F87F
:1058E00058310B7A072BE9D14B6A002BE6D01B68A5
:1058F000D0F858215A604B6A01221A714B6AC0F8DD
:105900005831DBE7F8B50D4F05463846F9F7E6FBA9
:10591000044680B1002647600572466186612C22EC
:105920003146203010F043F94FF47F43FF2262727A
:105930006381A381A6732046F8BD00BF4005002007
:1059400010B50A4B062258685021F9F7A3FB084B03
:10595000012258685021F9F79DFB064BBDE8104025
:10596000586804222C21F9F795BB00BF4805002098
:10597000400500205005002038B50446002501F000
:1059800027F82046C4E93E5584F8045102F0A4FBF0
:10599000C4F82851C4E9425584F81651A4F81451AA
:1059A000A4F81851C4F82B51A4F84851C4F8305148
:1059B000C4F83451C4F83851C4F83C51C4F84051CB
:1059C000C4F84451FAF74EFF94F88E3084F85651DB
:1059D000C4E95001C4E9565523F0180384F88E3009
:1059E000258638BD08460149F9F78EBB50050020D1
:1059F00010B5B0F8024182B0034624B1A1420FD2E3
:105A0000641AA0F80241B3F8120120B181420FD20A
:105A1000401AA3F8120100231846137002B010BDFB
:105A2000019200F0FDFE019A58B1037A0A2B03D0CF
:105A300022236FF07300F0E790F820306FF07300CE
:105A4000EBE700DEF1E700BF034B0B44B3FBF1F3E0
:105A5000A0F81831704700BFFF59620210B5044624
:105A600002F042FB2046BDE8104000F0B9BF00BF85
:105A700010B5044611B1012907D010BD02F06AFB30
:105A80002046BDE8104000F0F3BF02F077FB20464F
:105A9000BDE8104000F0FABF70B5D0F85841064696
:105AA00034B1206821464468FBF7D4FB002CF8D1C0
:105AB000D6F85C410023C6F858313CB1054D20466C
:105AC00024682946F9F720FB002CF8D10023C6F8FA
:105AD0005C3170BD5005002090F93730002B14DA8E
:105AE00070B504460E46032009491546FFF702FE2D
:105AF000014640B180F8206080F82150204600F037
:105B00005BFE002070BD0C2070BD0C20704700BFF4
:105B10004805002010B5074904460120FFF7EAFDBB
:105B200028B10146204600F047FE002010BD0C20A1
:105B300010BD00BF4805002038B504460D460220C0
:105B40000849FFF7D7FD58B190F8203065F30003FE
:105B5000014680F82030204600F02EFE002038BD9F
:105B60000C2038BD4805002010B507490446042024
:105B7000FFF7C0FD28B10146204600F01DFE0020C1
:105B800010BD0C2010BD00BF480500202DE9F041DC
:105B900005468846072010499DF8186017461C46A0
:105BA000FFF7A8FDA8B1E30008F0070803F03803E9
:105BB000BF0143EA080307F040073B4343EAC6132B
:105BC000014680F82030284600F0F6FD0020BDE8B0
:105BD000F0810C20BDE8F0814805002038B504466E
:105BE0000D4600F097FF204602F05CFB07490A20B3
:105BF000FFF780FD38B1014680F82050204600F0C4
:105C0000DBFD002038BD0C2038BD00BF480500205A
:105C100008B590F93730002B08DB00F001FE20B109
:105C2000037A0B2B0CBF2230002008BD02F0E2F8F3
:105C3000F5E700BFF8B5D0F840319B0601D400204D
:105C4000F8BD04460D460C2008491646FFF752FDE4
:105C5000074648B1294620463246FEF745FD3946FB
:105C6000204600F0A9FDEAE70C20F8BD4805002019
:105C700070B506460D4602F0BDF820B1037A053B2B
:105C8000012B044601D90C2070BD01463046FEF7B9
:105C9000F9FF0028F7D029686A68AB68ED68C4F896
:105CA00037503046C4F82B10C4F82F20C4F83330D6
:105CB0002146FEF7C5FF002070BD00BF38B5054680
:105CC00002F098F820B1037A053B012B044601D974
:105CD0000C2038BD01462846FEF7D4FF0028F7D037
:105CE00028462146FEF7BAFF002038BD2DE9F843CB
:105CF0000546D0F84001BDF820801E4683070F46B8
:105D0000914617D495F93730002B1FDB2A4908201C
:105D1000FFF7F0FC0446002C42D0237A082B0FD06A
:105D2000092B16D000DE2846214600F045FD002054
:105D3000BDE8F88320490920FFF7DCFC0446EAE7C8
:105D4000A4F828906685A4F82C80ECE71A20BDE81A
:105D5000F883099BE784A4F828906685A4F82C8032
:105D600003B31B882387099B5B886387099B9B88F8
:105D7000A387099BDB88E387099B1B89A4F8403034
:105D8000099B5B89A4F8423095F93730002BCADAB9
:105D90002846FDF74BFE0146284602F0F7FAC2E717
:105DA0000C20C5E7054A4FF0FF33C4E90E23A4F8E1
:105DB00040304FF6FF73E5E7480500200000FFFF85
:105DC00008B502F017F828B1007AA0F10C00B0FA7B
:105DD00080F0400908BD00BF10B5044602F00AF883
:105DE00010B1037A092B00D010BD01462046BDE852
:105DF000104001F0CBBE00BF38B504460D4601F09F
:105E0000F9FF10B1037A092B00D038BD80F820507B
:105E100001462046BDE8384001F0BCBE08B501F09F
:105E2000E9FF28B1007AA0F10900B0FA80F040093A
:105E300008BD00BF38B505460C4600F0F1FC10B1B6
:105E40004369A3420ED0284601F0D4FF10B1436944
:105E5000A34200D038BD224601462846BDE838405E
:105E600002F0D8B801462246284600F07BFDEAE75A
:105E700010B5044600F0D4FC18B10146204600F0ED
:105E800095FD204601F0B6FF014620B12046BDE851
:105E9000104002F0F3B810BD2DE9F041537F1446D5
:105EA00005460E46002B3FD0D37F1E2B29D928460E
:105EB00000F0B6FC0746284601F09CFF0146002F83
:105EC0005ED0FA7AE37F002848D09342C07A51D05E
:105ED0003A7B002A5DD098424ED00A7B002A4BD1F3
:105EE000072B6DD0112B04D14A7B94F820309A42B5
:105EF00042D02346324639462846BDE8F04100F0FC
:105F0000FBBC444A52F8232022B104F11C00904704
:105F100060B1E37F022BCAD10123224631462846D5
:105F2000BDE8F04102F046B9FF23D377284600F0E0
:105F300077FC28B1E27FC37A9A420DD0037B5BB92C
:105F4000284601F057FF002850D0E27FC37A9A42DA
:105F500002D0037B002BE0D0BDE8F0819342C8D093
:105F60003A7B002AC5D1072B4DD0112B4BD00D2BDE
:105F7000BFD0D1E798421CD11F2385F86431EBE7ED
:105F80000028C9D0234632462846BDE8F04101F03A
:105F9000DDBF072B2CD0112B18D0B3F10D0218BF89
:105FA000012298421FD00B7BEBB9002AA1D02423F9
:105FB000E3E70A7B002ADFD1072B95D0112B98D17C
:105FC0004B7B94F820209A42D6D092E77A7B94F8C3
:105FD0002030D21A18BF0122112804D0087B10B932
:105FE000487B9842E1D1002ACCD1C5E7034694E72B
:105FF0007A7B94F82030D21A18BF01220728EDD1FD
:10600000002ABFD1B8E77A7B94F820309A4283D136
:106010006FE700BF0C670400F8B58D6900270C46D8
:1060200006468F6175B3012703232B71B38CEB8078
:10603000237A042B05F11C0119D00C2B13D0022B51
:1060400008D000DE07B1F8BD28682946BDE8F84051
:10605000FBF70CB9637A072B10D0092BF1D130462E
:1060600000F0F0FDEEE7304601F068F8EAE7637A09
:106070000C2BE6D1304600F091FEE3E7204600F01D
:106080008DFDDFE7FFF7CEFB05460028CCD100DE13
:106090000071FFDE70B506460C46FFF7AFFB054604
:1060A000002855D0237A013B291D0B2B07D8DFE8A8
:1060B00003F0151B212806060606062E063500DE0F
:1060C000EB79637329463046FFF7AEFB237A0A2B40
:1060D0002AD03046BDE8704000F000BC084600F011
:1060E00037FD1323E372EBE7304600F065FD09232B
:1060F000E372E5E7204600F01DFEFF236561E372D1
:10610000DEE7084600F038FE0C23E372D8E72046AD
:1061100000F022FEFF236561E372D1E7304600F014
:10612000DDFF1523E372CBE7F38CB6F8921140F252
:10613000E24202FB03F342F2107202FB0131013929
:106140003046B1FBF3F1BDE8704089B200F0CCBB42
:1061500000DEA7E72DE9F04107460C46164601F0A0
:106160004DFE28B10323A37200252846BDE8F08127
:1061700021463846FFF73AFB05460028F2D0214673
:106180003846FFF73BFB804600283CD0237A013B92
:1061900008F104010B2B07D8DFE803F01B210627C9
:1061A000060606060606062D00DE98F8073063731D
:1061B00041463846FFF738FB384601F027FE0423F6
:1061C000A372002ED1D0384601F0A4FF0023A372A1
:1061D000CBE7084600F0C6FCFF23E372E5E738464C
:1061E00000F00EFDFF23E372DFE7084600F0C4FD78
:1061F000FF23E372D9E7384600F088FFFF23C4F895
:106200001480E372D1E700DEC0E700BF38B50B7A37
:10621000013B0C4605460B2B0CD8DFE803F00606C5
:106220000B1B0B0B0B0B0B0D0B16BDE838400122A3
:10623000FFF790BF00DE38BD01F06CFF94F820300E
:106240000022A27285F8643138BDBDE838400022D2
:10625000FFF780BF90F8283143B90122FFF77AFF9A
:106260000028E8D0012385F8283138BD01F052FF1D
:106270000023A37238BD00BF38B50B7A013B0C4632
:1062800005460B2B15D8DFE803F006160E24141470
:1062900014141433143B4B7A072B04D0132B02D065
:1062A000242385F86431284600F0BEFB0023A37246
:1062B00038BD00DE38BD4B7A072B01D0092BEFD15A
:1062C00094F82030DB07EED521462846FFF7A4FEE0
:1062D000E9E74B7A0C2BE3D18B6993B3214628462F
:1062E000FFF79AFE284600F09FFB0023A37238BDFB
:1062F00000F09AFB00221623A27285F8643138BDA3
:106300004B7A152B16D0072BCAD1D0F8403123F089
:106310002003C0F8403100F087FB0023A372284619
:10632000FFF74EFD0028C3D128460421BDE83840C0
:10633000FFF792BAFEF7DEF868B9284600F074FB62
:10634000EBE7FFF767FA0028C8D1284600F0C6FA45
:106350000423A37238BD21462846FFF75DFEECE713
:1063600070B50E7A731E0C4605460B2B07D8DFE876
:1063700003F0080F2337060606060653066100DE03
:1063800070BD00F09BFA00287FD00123A37270BD7E
:1063900000F094FA0028F8D121462846FFF726FAA3
:1063A0000028F2D021462846FFF774FE6369002BCF
:1063B00008BF0326A67270BD00F080FA0028E4D161
:1063C00021462846FFF712FA0028DED0214628464B
:1063D000FFF760FE6369002B18BF0226A67270BD2E
:1063E00090F828319BBB00F069FA0028CDD12146F6
:1063F0002846FFF7FBF90028C7D021462846FFF7BB
:1064000049FE6269002A4FF001030CBF03220222F9
:10641000A27285F8283170BDFFF7E8F90028B4D0E2
:1064200021462846FFF736FE1622022384F8202054
:10643000A37270BDD0F840319B0602D5FFF7C0FCB7
:1064400068B1284600F0F0FA0023A37270BD0C2258
:1064500000234A728B61BDE87040FFF70DBF2846EC
:1064600000F02CFA002890D121462846FFF7BEF90B
:1064700000288AD004212846FFF7DAF92146284669
:10648000FFF708FE0323A37270BD21462846FFF7DD
:10649000ADF900283FF479AF21462846FFF7FAFD11
:1064A0006369002B0CBF03230223A37270BD00BFDE
:1064B0008B7A022B04D002D9033B012B07D87047FB
:1064C0000B7A032B01D00A2BF9D1FFF7D5BE00DEE2
:1064D000704700BF38B58B7A032B05D001D9042B48
:1064E00000D138BD00DE38BD0546D07F0C46831E86
:1064F00002F11C016072172B0DD8DFE803F00C0CC1
:106500000C0C0C1F0C1B0C0C170D0C0C0C130C0D95
:106510000C230C0C0C0D00DE21462846BDE838404B
:10652000FFF7AABE204600F0C7FCF5E7284600F0BA
:106530004BFCF1E7284600F0D1FBEDE7204600F0E8
:1065400029FBE9E7284600F039FEE5E738B58B7A04
:10655000032B05D8012B0AD8BDE83840FFF700BF50
:10656000042B03D10B7A042B0C4601D000DE38BD7E
:106570000546FFF74FF90028F9D021462846FFF7D6
:106580004BFD284600F050FA0023A37238BD00BF2F
:1065900038B58B7A012B06D002D9023B022B00D8EA
:1065A00038BD00DE38BD0546D07F0C46831E02F1A3
:1065B0001C016072122B20D8DFE803F0291F1F1F77
:1065C0001F1F251F1F1F211F1F1F1F1F191F0A000D
:1065D000284600F0CBFD04212846FFF729F928467C
:1065E000FEF708F884F820002046FFF741F921461D
:1065F0002846BDE83840FFF709BE00DEF7E7284629
:1066000000F0E2FBF3E7284600F03AFBEFE7204614
:1066100000F0AEFB08212846FFF70AF9E7E700BFC4
:10662000F8B58D7A032D00D8F8BD042D23D10B7A4F
:106630000C2B0C46F8D10646FEF714F894F82030DF
:10664000294640EA03053046FFF706F9A76900230B
:10665000EDB2A36107B33B792E2B0ED17DB9012397
:106660003B7138683946FAF701FE304601F052FDB9
:106670000023A372F8BD00DEF8BD00DEEEE70323C1
:106680003B71B38CFB80237A0C2B07F11C0105D1E5
:10669000304600F053FDE4E700DEDCE700DEF7E71C
:1066A00038B58B7A0C460546042B1AD8DFE803F080
:1066B000140F03100F000B7A0A2B10D1284601F09B
:1066C00029FD94F820300022A27285F8643138BD8B
:1066D000BDE83840FFF79ABD01238B7238BD00DE5C
:1066E000ECE700DE38BD00BF70B5044604F072FB75
:1066F00068B1D4F8F85045B1D4F8FC202B68C4F840
:10670000F830954208BFC4F8FC30284670BD0546F5
:106710000121032004F024FB2A4606460121032020
:10672000F8F77AFDD4F8F85045B1D4F8FC202B687E
:10673000C4F8F830954208BFC4F8FC30002EE4D00D
:10674000012211460320F8F767FD284670BD00BFFF
:10675000F8B506460C4604F03DFB68B1D6F8F85093
:10676000AC421FD1A3690BBB3046FFF7BDFF2046EB
:10677000BDE8F840FFF732B805460121032004F0D8
:10678000EFFA2A46074601210320F8F745FDD6F81F
:10679000F850002FE4D0012211460320F8F73CFD09
:1067A000AC42DFD000DEA369002BDDD01B792E2B9D
:1067B000DAD100DED8E700BFF8B505460C4604F094
:1067C00009FB40B100232360D5F8FC30F3B11C6015
:1067D000C5F8FC40F8BD06460121032004F0C0FACC
:1067E0003246074601210320F8F716FD2660D5F84A
:1067F000FC3083B11C60C5F8FC40002FEAD00122B8
:10680000BDE8F84011460320F8F706BDC5F8F8408A
:10681000C5F8FC40F8BDC5F8F840C5F8FC40ECE709
:1068200070B5054604F0D6FA18B1D5F8F840204600
:1068300070BD04460121032004F092FA2246064668
:1068400001210320F8F7E8FCD5F8F840002EEED03F
:10685000012211460320F8F7DFFC204670BD00BF7F
:1068600038B50546FFF7DCFF037A013B04460B2BE6
:106870001BD8DFE803F0060606061A1A1C141406D5
:106880001A06014600222846FFF760FEA37B03B9E3
:1068900038BD21462846BDE83840FFF759BF0146BC
:1068A0000022284601F044F9F0E700DEEEE7014659
:1068B00000222846FEF788FDE8E700BF90F80401B3
:1068C000A0F10100B0FA80F040097047012380F880
:1068D00004317047002380F804317047B0F8183154
:1068E000A0F80231704700BFA0F80211704700BF46
:1068F0000023A0F80231704738B50C468969054677
:1069000010461A46F9B1217A01390B2923D8DFE85C
:1069100001F0060606062222241D1D062206214637
:106920002846FFF7D7FDA36923B11B792E2B1CBF87
:106930000023A361A37B03B938BD21462846BDE8E7
:106940003840FFF705BFA3612061DCE721462846F8
:1069500001F098F8E7E700DEE5E721462846FEF774
:1069600095FCE0E738B50B7A033B0C460546092B4E
:1069700009D8DFE803F0050808080D080805080530
:106980002146FFF795FDA37B0022626143B938BD24
:106990002146FEF793FDA37B00226261002BF6D017
:1069A00021462846BDE83840FFF7D2BE38B50B7AFD
:1069B000072B0C46054608D0A37B03B938BD2146FA
:1069C0002846BDE83840FFF7C3BEFEF7ADFDF3E74C
:1069D0000222002380F80021A0F80231704700BF96
:1069E00038B590F800310446032B1AD8DFE803F0DD
:1069F00002100F10FFF714FF48B1057A2046FFF789
:106A00002FFF0A2D14BF0123032384F8003138BD62
:106A1000FFF706FF0028FAD02046BDE83840FFF710
:106A20001FBF00DE38BD00BF10B590F8003104462E
:106A3000032B1BD8DFE803F00D020C02FFF7F0FE7A
:106A400090B100230122A4F80231827384F800314E
:106A500010BDFFF7E5FE28B100220123A4F80221B2
:106A6000837310BD00DEF7E700DEEAE700DE10BD4D
:106A700090F80031022B03D001D9032B04D17047C9
:106A8000002380F80031704700DE704738B590F879
:106A900000310446032B3AD8DFE803F0092612132D
:106AA00020462946FEF702FF2846FEF797FE2046BD
:106AB000FFF71AFE05460028F2D1022384F80031C0
:106AC00038BDFFF711FE05460028F6D029462046BE
:106AD000FEF7ECFE2846FEF781FE2046FFF704FE97
:106AE00005460028F2D1E8E7FFF7FEFD054600283D
:106AF000E3D029462046FEF7D9FE2846FEF76EFE73
:106B00002046FFF7F1FD05460028F2D1D5E700DE6B
:106B100038BD00BF38B50546FFF7E6FD68B104464D
:106B200021462846FEF7C2FE2046FEF757FE2846BD
:106B3000FFF7DAFD04460028F2D10024A5F802414F
:106B40002146284601F048F985F8004138BD00BFCC
:106B500003780121122243F0030303704170C270D5
:106B6000704700BF03780121132243F00303037031
:106B70004170C270704700BF0B784FF0020C43F0B9
:106B8000030307220B7081F801C0CA7090F84C30E3
:106B90000B7170470B7980F84C3070470B784FF0D1
:106BA000020C43F0030307220B7081F801C0CA7086
:106BB00090F84C300B71704710B50B780C460922D9
:106BC000082143F00303E1706270237090F93730BD
:106BD000002BACBF0B460E23E370F9F743FE0022F7
:106BE00061F30702C1F3072C0B0C6CF30F2263F364
:106BF00017421B0A63F31F626060A26010BD00BFF2
:106C000038B50C460546F9F72DFE237843F003030B
:106C1000237009236370E370D5F84031217263F06B
:106C2000FF031840020C0B0CC0F307252071C1F3C1
:106C30000721100AA2711A0AE07165716172A372CC
:106C4000E27238BD0B78092243F003030B704A70DF
:106C5000CA70D0E94E23100CC2F3072C0A711A0C2B
:106C600081F805C088714FEA102C0B72C3F307201E
:106C7000130A81F807C048728A72CB72704700BF4E
:106C80002DE9F0414B68144F8E685A0F82EA137257
:106C900002F001021F400021931849419B1805464C
:106CA00041F1000887EA0374F9F7DCFD04EA000308
:106CB000C5F8403163F0FF0306F0EF063B4046EABB
:106CC0000878C5E94E3608EA01010122C5F84411E9
:106CD00085F83021BDE8F0812FCF87F72DE9F0410D
:106CE0004A68134F8E68530F83EA127303F001034F
:106CF000D91807EA02074FF000025241C9180546A9
:106D000042F1000487EA0178F9F7ACFD06F0EF06DE
:106D100046EA0474C5E94E7608EA00000C400123F7
:106D2000C5F84001C5F8444185F83031BDE8F0812F
:106D30002FCF87F70B784FF0030C43F00303192292
:106D40000B7081F801C0CA7090F820300B7190F878
:106D500021304B71704700BF0B78022243F00303D0
:106D60000B704A70CA7090F820300B71704700BFEA
:106D70000B7980F8203070470378074AC0F8052067
:106D80004FF0060C43F0030340F60C51037080F8FB
:106D900001C0A0F803107047F105FFFF0B784FF01A
:106DA000060C43F003030C220B7081F801C0CA707B
:106DB00090F82A310B71B0F82B31A1F80530B0F8FA
:106DC0002D31A1F807307047012380F829310B7964
:106DD00080F82A31B1F80530A0F82B31B1F807302E
:106DE000A0F82D31704700BF0B78032243F0030356
:106DF0004FF0170C0B7081F801C0CA70D0F8213029
:106E0000D0F825208A604B6090F829300B7390F8F9
:106E10002A304B73704700BF10B503780D21042250
:106E200043F0030341700370C270841803F0D2FF73
:106E30000C2120B12046BDE8104001F011BE2046D3
:106E4000BDE8104001F002BE03780121052243F0A5
:106E5000030303704170C270704700BF03780121C3
:106E6000062243F0030303704170C270704700BFF5
:106E7000037801210B2243F0030303704170C270B9
:106E8000704700BF037801714FF0020C43F0030319
:106E90000D22037080F801C0C27070470378017141
:106EA00043F003034FF0030C0370112380F801C07B
:106EB000C3704271704700BF0B7980F84D304B7939
:106EC00080F84E30704700BF0B784FF0030C43F052
:106ED000030316220B7081F801C0CA7090F82030AD
:106EE000C3F3C2034B7190F82030C3F302030B715C
:106EF000704700BF0A7990F8203062F3C50380F82C
:106F000020304A7962F3020380F82030704700BFD6
:106F10000B784FF0030C43F0030317220B7081F83A
:106F200001C0CA7090F89C31C3F3C2034B7190F852
:106F30009C31C3F302030B71704700BFCB884385BC
:106F40000B7980F82C304B7980F82D30704700BFDA
:106F50000B784FF0180C43F003030F220B7081F8ED
:106F600001C0CA70C38C8B80038DCB80438D0B8195
:106F7000838D4B8190F834300B73C38EA1F80D30A4
:106F8000038FA1F80F30438FA1F81130838FA1F840
:106F90001330C38FA1F81530B0F84030A1F8173086
:106FA000B0F84230A1F81930704700BF0B784FF0AD
:106FB000180C43F0030310220B7081F801C0CA7053
:106FC000C38C8B80038DCB80438D0B81838D4B8154
:106FD00090F834300B73C38EA1F80D30038FA1F8F5
:106FE0000F30438FA1F81130838FA1F81330C38F76
:106FF000A1F81530B0F84030A1F81730B0F84230A1
:10700000A1F81930704700BF8B88C384CB880385F3
:107010000B8943854B8983850B7B80F83430B1F82D
:107020000D30C386B1F80F300387B1F811304387B4
:10703000B1F813308387B1F81530C387B1F8173032
:10704000A0F84030B1F81930A0F84230704700BFC6
:107050000B78002243F003034FF00C0CCA700B7046
:1070600081F801C090F823300B71036B094AA2FB31
:1070700003239B0AA1F80530438DA1F80930038D45
:10708000A1F80730838DA1F80B30838CA1F80D3067
:10709000704700BF5917B7D10B7980F82330B1F88A
:1070A000053040F2E24202FB03F30363B1F809301A
:1070B0004385B1F807300385B1F80B308385B1F80B
:1070C0000D308384704700BFB1F8093003844B68EA
:1070D000C0F822300B7A80F8263070470B784FF0DA
:1070E000090C43F0030314220B7081F801C0CA702D
:1070F000B0F85A308B80B0F858300B81B0F85E3061
:10710000CB80B0F85C304B81704700BF0B784FF0FC
:10711000090C43F0030315220B7081F801C0CA70FB
:10712000B0F85A308B80B0F858300B81B0F85E3030
:10713000CB80B0F85C304B81704700BF0B784FF0CC
:10714000090C43F0030315220B7081F801C0CA70CB
:10715000B0F86A308B80B0F868300B81B0F86E30D0
:10716000CB80B0F86C304B81704700BF8B88A3F1A7
:107170001B02E02A21D8B1F808C0ACF11B02E02ABA
:107180001BD830B5CD88A5F5A47244F2481E92B242
:10719000724511D84A8900210C4662F30F04A2F50A
:1071A000A4726CF30F0192B263F31F4165F31F44A5
:1071B000724598BFC0E9181430BD70478B88A3F1A1
:1071C0001B02E02A21D8B1F808C0ACF11B02E02A6A
:1071D0001BD830B5CD88A5F5A47244F2481E92B2F2
:1071E000724511D84A8900210C4662F30F04A2F5BA
:1071F000A4726CF30F0192B263F31F4165F31F4455
:10720000724598BFC0E9181430BD70478B690022E1
:107210008A610BB3192293F804C01A71828CDA8048
:1072200091F820201A774AB90A8DDA834A8D1A8498
:107230008A8D5A84BCF12E0F0AD07047C28CDA8333
:10724000028D1A84B0F892215A84BCF12E0FF4D129
:1072500018681946FAF70AB800DEDBE730B5C38CC8
:107260000A8D4C8D8D8D934285B002D1038DA34242
:1072700014D0012381F8223002950B6BCDE9002454
:107280000C7A91F82320898C0391A4F10801B1FABA
:1072900081F14909F0F714FE05B030BDB0F8923124
:1072A0005B1B18BF0123E5E7F8B5CD6900230C4649
:1072B00007461646CB618DB3291D112E0AD8DFE88B
:1072C00006F0200909090909091C09090909090920
:1072D0000909241400DEEB79637329463846FEF76A
:1072E000A3FA237A092B14D0F8BD084694F820207D
:1072F00094F82110FFF7D2FDEDE72046FFF73CFCA4
:10730000E9E72046FFF7A4FEE5E72046FFF74EFE3B
:10731000E1E73846BDE8F84000F078BDFEF76EFAC8
:1073200005460028C8D100DEC6E700BF38B58B6926
:107330000C4605467BBBFEF775FA2E23A061037150
:1073400094F834200121002384F823102363218D35
:107350004AB1B1FBF2F313FB02F3E28C9BB29A4207
:107360009CBF23851946238F994204D340F2E24201
:1073700002FB03F323632846FDF78CF82B8D0633BD
:107380001844A084002221462846FFF78DFF4FF6BF
:107390000B73638138BD00DECDE700BF38B504460E
:1073A0000D4600F02BFD20B929462046FEF71EFAB7
:1073B00030B910212046FEF73BFA0923AB7238BDE5
:1073C00004F1E000FEF73AF90028F2D12046FDF77B
:1073D0000BFA0028EDD029462046FEF70FFAE861A7
:1073E000FEF718FA10B90C23AB7238BD29462046B7
:1073F000FFF79CFF20461021BDE83840FEF72CBA6D
:1074000070B506460C4600F0F9FC10B10623A372D5
:1074100070BD054621463046FEF7E8F90028F5D054
:10742000112221463046FFF73FFF304600F072FE42
:10743000237A092B04D1044B1A68964208BF1D60B9
:107440000023A37270BD00BFDC240020F8B5294AD8
:10745000136806460C468BB183420FD002238B7211
:1074600000F0CCFC054620B921463046FEF7BEF9B7
:1074700068BB2046BDE8F840FEF7FAB9218DF38CD1
:1074800016609942628DA08D12D0A5690023A36178
:1074900075B303232F792B71B38CEB8005F11C019D
:1074A0002046FFF755FD2E2F1DD00423A372F8BDF3
:1074B000338D9342E9D1B6F892318342E5D120462B
:1074C000FEF7E4F900220523A261A372F8BD4FF490
:1074D0007263214623843046FFF792FF2046FEF771
:1074E000D5F9A561F8BD28682946F9F7BFFEDCE7A4
:1074F00000DECEE7DC2400202DE9F0412C4E33687D
:1075000004460D462BB1834203D00123AB72BDE884
:10751000F0812046FFF7D2F90028F6D1204600F08E
:1075200063FC07460028F0D129462046FEF75EF9A5
:107530000028EAD02046FCF7ADFF01218046204616
:1075400000F04AFCA5F83680D5F81C8085F8347028
:107550003460EF61B8F1000F1BD008F10401284638
:10756000FFF7F6FC98F807306B7341462046FEF7AC
:107570005BF92B7A092B08D094F83730DB0901D15D
:1075800000DEC4E704236B81C1E72046FFF7A6F9BC
:10759000F2E729462046FEF731F980460028DCD183
:1075A00000DE04212846FFF7D3FC98F80730FFDE01
:1075B000DC240020F0B50C46897A83B005460C29FE
:1075C00000F2FC80DFE811F012001E004E005700B0
:1075D00063006E007C00FA007F00F0008A00C900A2
:1075E0000D00002A00F0EF8003B0F0BD002AFBD1AF
:1075F000237A082B00F0F980092B40F0DF8001236B
:10760000A372F1E7012AEFD119462046FFF7FCFCEF
:10761000E38C228DA08D618D94F83460052B17D9F1
:10762000B2F5486F14D8934212D8B1F5FA7F0FD251
:10763000A0F10A039BB240F67647BB4208D84B1C28
:107640009BB202FB03F3B3EB800F01D2B2420BD229
:1076500040F61E7323842146284603B0BDE8F0405F
:10766000FFF7CEBE012ABFD82146284603B0BDE8A9
:10767000F040FFF7EBBE002AB6D10192FEF7CAF840
:10768000019A002840F0CC800323A372ACE7032AC0
:1076900000F09680042AA7D10F22062384F8212027
:1076A000A372A1E7002A9FD195F93730002B80F211
:1076B0009A8094F8203043B10F2384F82130CAE730
:1076C000002A91D1C7E7002A8ED1284600F096FB08
:1076D000002800F08D800823A37285E7022A83D159
:1076E00095F83720C2F3C011D20900F090801946F6
:1076F0002046FFF7D1FC218D628DA68D8B1F9BB29A
:1077000040F67A40834200F29E80B2F5FA7F80F024
:107710009A80A6F10A039BB240F67640834200F2BB
:107720009280531C9BB201FB03F3B3EB860F80F0F6
:107730008A802846FCF7AEFEA38C1B1A47F6FE7221
:107740009BB2934240F2A480282385F864312846F6
:1077500000F0E0FC0023A37246E7002A7FF444AF68
:107760002846FCF78FFEA38CC01A03043FF53CAFFC
:1077700021462846FFF772FD237A092B65D094F83D
:107780002260002E6BD12046FEF780F8A6612846C5
:1077900000F0C0FC237A092BDCD1454B1A689542D6
:1077A000D8D100221A60D5E7002A7FF41DAF214608
:1077B000284603B0BDE8F040FFF7F0BD00DE13E758
:1077C0000523A37210E7FEF725F800283FF40CAF5D
:1077D00021462846FFF7AAFD1021284603B0BDE840
:1077E000F040FEF739B8A261E1E70A23A372FBE695
:1077F00021462846FDF7FAFF00283FF46CAF10221F
:1078000021462846FFF750FD0A236381ECE684F801
:107810004C10284600F0F2FA48B30D23A372E3E6B9
:10782000A669A261002E41D0032337793371AB8C56
:10783000F38006F11C012046FFF78AFB2E2F22D091
:107840000423A372D0E61E237FE7284600F0E4FA63
:10785000237A092B93D194F82030002B8FD000236A
:1078600084F8203021462846FFF7D0FC8FE72146D8
:107870002846FDF7BBFF0028CFD007222146284627
:10788000FFF712FD83E730683146F9F7EFFCD7E7E1
:107890002046FDF7EDFF0B23A3722846FCF7FAFD07
:1078A000A38CC31A1A043FF59FAE61E700DEBBE765
:1078B000DC240020F8B50C46897A064615460629D0
:1078C00009D8DFE801F00430080838670A001DB95C
:1078D000237A092B29D000DEF8BD002DFCD1FCF75E
:1078E000D1FDA38CC01A0304F6D42946304600F01B
:1078F00073FA21463046FFF7B1FC237A092B00F0DA
:10790000998094F82250002D40F0A0802046FDF789
:10791000BDFFA5613046FFF787F8237A092B6BD0AE
:107920000023A372F8BD002DD6D121463046BDE814
:10793000F840FFF7E1BD032D77D0042D67D0022D6D
:10794000CAD119462046FFF7A7FB228D608DB4F8F7
:107950002CC0931F9BB240F67A418B4222D8B0F5DF
:10796000FA7F1FD2ACF10A039BB240F676418B42FC
:1079700018D8431C9BB202FB03F3B3EB8C0F11D25C
:107980002946304600F028FA2046FDF771FF06230D
:10799000A372F8BD002D9FD1FEF790FF50B10523D3
:1079A000A372F8BD0021304600F016FA1E2386F8B7
:1079B0006431AFE721463046FDF718FF0028EED0CE
:1079C0002946304600F008FAE769E561002F45D006
:1079D00094F8202094F82110381DFFF75FFAFB7906
:1079E000637339463046FDF71FFF237A092B91D187
:1079F0003046FEF773FF8DE796F93730002B27DB13
:107A00001F4B1A6896428BD100221A6088E7D0F883
:107A100040311A2223F00203C0F84031214684F895
:107A200020203046FFF7F2FB74E75B7984F82030C2
:107A30002146F6E73046FEF75BFF237A092B7FF4F9
:107A400060AF94F82030002B3FF45BAF0023EDE7EC
:107A50003046FEF7E3F90028D2D061E721463046F0
:107A6000FDF7CCFE07460028B2D100DE042094F8D2
:107A7000202094F82110FFF711FAEB79FFDE00BF08
:107A8000DC24002020B592F81FC082B0054602F128
:107A90001C03BCF1110F0AD8DFE80CF02D0909090D
:107AA0000909092609090909090909091E172423D1
:107AB00080F864310191FEF7B7FF01990B7A092B29
:107AC00020D000238B7202B020BD0322284602B0D2
:107AD000BDE82040FFF7EEBE8B7A012BF3D9043BC3
:107AE000022BF0D900DEEEE70422284602B0BDE802
:107AF0002040FFF7DFBE0222284602B0BDE820404A
:107B0000FFF7D8BE95F93730002B06DB074B1A6814
:107B10009542D6D100221A60D3E728460191FEF79C
:107B20007DF901990028F1D0CBE700BFDC240020CB
:107B300013460022FFF7BEBE70B5D57F02F11C03CD
:107B400035B10F2D09D1BDE870400122FFF732BDDC
:107B5000BDE870400222FFF72DBD24230E4680F8B9
:107B60006431044600F0D6FA337A092B05D1044B70
:107B70001A68944204BF00221A600023B37270BDD9
:107B8000DC24002013460022FFF714BD002303224B
:107B9000FFF710BD00230422FFF70CBDD37F012B9C
:107BA00070B505460C4607D0242380F8643100F0F8
:107BB000B1FA0023A37270BD8B7A012B04D013F0AD
:107BC000FD0FF8D000DE70BD02F11C012046FFF76A
:107BD0007BFA2846268CFCF75DFC361AB6B247F6CF
:107BE000FE739E4202D80223A37270BD282385F83B
:107BF0006431284600F08EFA0023A37270BD00BFE6
:107C000038B58B7A012B04D0022B0C4602D09BB1E5
:107C100000DE38BD0546FCF735FC238CC01A030492
:107C2000F7D404F122012846FCF742FC284600F074
:107C300071FA0023A37238BD01238B7238BD00BFD7
:107C400070B5D0F8085104461DB394F81431012BD7
:107C500003D1022384F8103170BD29462046FDF778
:107C6000C5FD0028F5D029462046FDF7C7FD06468C
:107C700088B1311D2846FEF77FFFF3796B733146DB
:107C80002046FDF7D1FD0123AB73002384F81031AA
:107C900070BD00DED9E700DEEBE700BF70B5D0F8BD
:107CA00008510446A5B394F81431012B03D10123E4
:107CB00084F8103170BD29462046FDF797FD002855
:107CC000F5D029462046FDF799FD064678B32046B3
:107CD000FEF7A6FD2A7A037A934206F1040019D032
:107CE000082B19D02A2194F830311BB1D4F8403137
:107CF0005B0716D4FFF7C6F8F3796B73314620465D
:107D0000FDF792FD0123AB73002384F8103170BDA1
:107D100000DEC8E72321E6E7092A14BF2A21232130
:107D2000E1E70A4694F81711FFF7B8F8E4E700DE38
:107D3000CDE700BF8B7B8BB1D0F8083199420ED1D3
:107D40008A69A2B9D0F80CC11A68C0F808219C450C
:107D500008BFC0F80C210846FDF740BD704700DEA3
:107D60008A6922B9D0F80831002BF4D0EAE71379F8
:107D70002E2BF7D100DEF5E738B5D0F808512B7A75
:107D8000013B04460B2B25D8DFE803F00606060668
:107D900015151A1010061F0600222946FEF780FC52
:107DA00029462046BDE83840FFF7C4BF00222946D7
:107DB000FFF7E8FEF4E700222946FCF76BFFEFE748
:107DC00000222946FDF7ECFBEAE700222946FFF7EF
:107DD00017FFE5E700DEE3E780F81611704700BF04
:107DE000704700BF0020704790F81501003818BF99
:107DF00001207047D0F80801704700BF90F81401C7
:107E0000A0F10100B0FA80F040097047B0F81831D5
:107E1000A0F81231704700BF0023A0F8123170475C
:107E200038B5D0F80841A4B10546D5F80C2123682F
:107E3000C5F808319442214608BFC5F80C312846E0
:107E4000FDF734FD2046FDF7C9FCD5F80841002CAC
:107E5000EBD138BDF8B505460C4631B1042903D144
:107E6000FFF7DEFF85F81041F8BDD0F80861002E5D
:107E7000FAD0337A90F8167190F837E0112B12D8B7
:107E80003149012000FA03FC0CEA0101E9B10A2B97
:107E900014D05BB185F815412846FFF76DFF032329
:107EA00085F81031F8BD00DE337AF0E7D37F86F82D
:107EB0004C302846BDE8F840FFF7C2BE2846FFF721
:107EC0005BFF052385F81031F8BD1CF4386FEAD04C
:107ED0000A2BF3D0002BE9D00FB90446DAE71EF0E5
:107EE000800F10D1012F20D0022FBDD12846FEF7E0
:107EF00097FC327A037A934221D0082B1DD02A2393
:107F000085F86431F8BD012FEED12846FEF788FCD4
:107F100008B1FF23C372012385F815312846FFF706
:107F20002BFF032385F81031F8BDD37F85F8173177
:107F30002846BDE8F840FFF7B1BE092ADFD1232368
:107F400085F86431F8BD00BF7FF4030038B50C46F6
:107F50008969054610461A46237AD9B10C2B55D8A3
:107F6000DFE803F00D070707073A3A464040074CA1
:107F7000070021462846FEF70BFBA16921B10B79CA
:107F80002E2B1CBF0023A36121462846BDE83840A4
:107F9000FFF7D0BEA26120610C2B37D801A151F8A8
:107FA00023F000BF09800300737F0300737F030089
:107FB000737F0300737F0300D97F0300D97F030021
:107FC000F17F0300E57F0300E57F0300737F03007B
:107FD000FD7F0300737F030021462846FCF710FE57
:107FE000A169CBE721462846FFF7A6FDA169C5E7B1
:107FF00021462846FDF7B6FAA169BFE72146284683
:10800000FFF7CCFDA169B9E71146B7E700DEA1692A
:10801000B4E700BF38B50B7A072B0C4605461CD0D9
:108020000C2B01D1FEF7FCFAA37B002262619BB10D
:10803000D5F808319C4213D1A269CAB9D5F80C1100
:108040001A68C5F808218B4208BFC5F80C212046E4
:10805000BDE83840FDF7C2BB38BDFDF7A5FAE3E740
:1080600000DEA26922B9D5F80831002BEFD0E5E790
:1080700013792E2BF7D100DEF5E700BF38B50B7A68
:10808000072B0C46054616D0A37B9BB1D5F80831CB
:108090009C4213D1A269CAB9D5F80C111A68C5F867
:1080A00008218B4208BFC5F80C212046BDE83840A6
:1080B000FDF794BB38BDFDF77BFAE5E700DEA2696A
:1080C00022B9D5F80831002BEFD0E5E713792E2B34
:1080D000F7D100DEF5E700BF0422002380F810216D
:1080E000A0F81231704700BF90F81031052B0ED860
:1080F000DFE803F0060907030603D0F8083123B9C7
:108100007047FFF79DBDFFF7C9BDFFF735BE00DE25
:10811000F6E700BF90F81031052B04D8DFE803F034
:1081200004151305040500DE7047D0F8082100236C
:1081300080F815315AB100230121A0F81231917352
:1081400080F810317047FFF77BBDFFF7A7BD00DE59
:10815000F1E700BF90F81031052B04D8DFE803F0F9
:1081600004090B04050400DE7047002380F8103179
:108170007047FFF793BDFFF763BD00BF90F8103164
:1081800010B50446052B12D8DFE803F0030D0903F0
:108190000803FFF745FE042384F8103110BDBDE845
:1081A0001040FFF74DBDBDE81040FFF777BD00DE82
:1081B00010BD00BFF0B5044683B00E4615467BB136
:1081C000D37F1B2B36D8DFF8D8C090F837100CEBD4
:1081D0004307C9097F781AB201238B403B404AD13B
:1081E0001846FDF78FFB074610B300230360D4F851
:1081F0000C310BB31860C4F80C0194F81031052B46
:108200004CD8DFE803F01E2C030606062046FFF7D5
:1082100017FD39462046FFF78DFDD4F8081139B116
:108220002B463246204603B0BDE8F040FFF78EBE35
:1082300003B0F0BD0023D3E7C4F80801C4F80C0173
:10824000DBE72A4600212046FFF704FE3946204698
:10825000FFF770FDD4F808110029E1D1E8E72046C6
:10826000FFF71CFD39462046FFF764FDD4F80811DE
:108270000029D5D1DCE71CF812300A2BB0D10193CC
:10828000FFF7CEFD0022A4F8122184F8152184F80E
:1082900010212046FEF73EFC019BA1E700DEB8E777
:1082A0008867040010B50446FFF7BAFD0023A4F860
:1082B000123184F8153184F8103110BD00B97047BF
:1082C00000DE704730B991F8D4306FF3000381F8C5
:1082D000D430704700DE91F8D4306FF3000381F89A
:1082E000D43070472DE9F843099E9DF82080074659
:1082F000B08C4FF6FF7188422DD0394630469146FA
:108300001C46FBF7B7FE30BB33780133DBB233706A
:108310002BB3144DB6F86001AA7A2C8168F30002E1
:10832000013406F1100104440F4BAA720022E960E7
:10833000A6F8604111460120C5E900799D60F6F775
:108340009FFF50B9FF20FBF7B3FE3046FF21BDE889
:10835000F843FBF77DBFBDE8F88300DEF2E700DEFF
:10836000D7E700BFC827002058050020012800D00B
:10837000704700B583B00191F9F700F80199814287
:1083800002D103B05DF804FB00DEFAE7C38D23B130
:1083900090F8D42012F0010300D0704710B542F0DD
:1083A000010288B00B4C80F8D42005310122CDE9C0
:1083B00002320690CAB2CDE90434CDE9003303217C
:1083C0001846F8F7ABF910F0FD0F01D108B010BD59
:1083D00000DEFBE7C582030038B50C461546FBF707
:1083E00039FB48B11CB1BDE83840FDF767BC2946F0
:1083F000BDE83840FDF73CBC022038BD38B50C461E
:108400001546FBF727FB58B190F93730002B05DAFA
:108410002A462146BDE83840FDF75EBB0C2038BD3A
:10842000022038BD054B064A10B41F204FF0FF3420
:1084300025211C601871117010BC7047D8270020CE
:108440008631002030B5044600789DF80C5002FBC0
:1084500001111F4A014482FB01020A44521102EB3E
:10846000C20002EB80028A1AD0B2C1082070595CA7
:1084700002F0070241FA02F212F001021FD1B0FB32
:10848000F5F405FB1404E4B25D1E1046043300F15C
:10849000080E15F8011F5FFA8EFE024611F0010F5B
:1084A00002F1010C4FEA510102D04CB1013CE4B29F
:1084B0005FFA8CF27245F1D110469D42E7D130BD92
:1084C000C11D891AC9B207291046F6D830BD00BFB0
:1084D000A7C867DD4288008850407047F0B5344D2A
:1084E000344C48404FF0030C060A5FFA80FE0EEB56
:1084F0008E2E06EB862004EA401705EA400605EAC0
:108500004E0004EA4E1E3E4340EA0E0000EB0027F8
:1085100006EB062E06EB0E2600EB0720360CC0F30A
:10852000074040EA062000EB00100CF1FF3C084435
:108530001CF0FF0C80B2D7D141401F48A0FB014086
:108540000C1A00EB5400400900EBC00400EB84005F
:10855000081AC0F3C40400F00705145D2C41E407B9
:10856000C0B21CD401FB03F3561EC3F3074304320D
:10857000604600F1080516F801CFEDB201461CF087
:10858000010F01F101044FEA5C0C02D043B1013B41
:10859000DBB2E1B2A942F2D108469642E9D1F0BD80
:1085A0000730401AC0B207280846F6D8F0BD00BF11
:1085B00010210200408408004D91CFBA00F046BA65
:1085C000684620F007018D4601B501F06BFFF0F71A
:1085D00095FDBDE801408546704700BF08B50A4BD0
:1085E000D3F840213AB90120F6F7A8FEBDE80840CB
:1085F0000220F6F7A3BE0020C3F84001D3F84031B3
:10860000F7F7F8FFEFE700BF00B000400020F6F7F3
:1086100095BE00BF90B90E4B0E4A1978107888426B
:10862000CBB20DD10C480D4990F800C00133137046
:108630000B78634507D003780B70704700DEEAE7DC
:1086400000DE1378EEE700DE03780B70704700BFA2
:1086500087310020883100208C3100208B310020B0
:108660000B4A0C4B117893F800C08C450DD0127852
:108670001A70094A094B18B911781878884202D043
:1086800012781A70704700DEFAE700DEEFE700BFED
:108690008A31002089310020873100208831002074
:1086A00002F006B808B50B480B4B027819788A42DD
:1086B0000CD00A4B017000220399996001201146E9
:1086C000F6F7DEFD00B908BD00DE08BD00DE197852
:1086D000EFE700BF873100208831002068050020C7
:1086E0002DE9F041304A314D12782B789A428AB008
:1086F0000E4605D12E4B2F4A1B7812789A424BD04A
:108700003768DFF8B48007F12D0424F07F44D8F8EF
:1087100000102046F8F7A2F810F4000002D10AB0C9
:10872000BDE8F081254A264B11781A7891421CD079
:108730003046244BC168C8F800400022CDE907321A
:10874000214BCDE90322CDE90531CDE901222D23CD
:1087500000932C780134E4B23B46114610462C704D
:10876000F7F760FF0AB0BDE8F081114A11491278AD
:1087700009789142DCD01A780132D2B21A70002204
:10878000124B009211461046F7F7E0FF10F0FD0F74
:10879000CED000DE00DECBE70768DFF81C8007F1F3
:1087A0002D0424F07F44C4E78B3100208C3100205D
:1087B0008731002088310020E827002089310020FF
:1087C0008A31002015860300A58603006186030018
:1087D0007A4A9368002B00F096802DE9F04F1368D9
:1087E00089B08146002B46D04FF0FF338DF80A3018
:1087F0000DF10A00F8F706FF044600283BD0037F7E
:108800009907F5D1857A15F00205F1D1C3684B457A
:1088100055D00668A8462F460DF10A00F8F7F2FE7B
:108820008346F0B1027F9207F6D1827A9307F3D4A0
:10883000C268B8F1000F21D04A4558D0DBF800A03B
:1088400031465046F8F70AF800F4000000280DF110
:108850000A001CBF5F465646F8F7D4FE8346002840
:10886000E0D1002F08BF274639463846FFF738FFCA
:1088700030F0020339D109B0BDE8F08F4A45804697
:10888000DCD1237FE16843F0020323772046A3690C
:108890009847FF238DF80A300DF10A00F8F7B2FE71
:1088A00004460028E7D0037F9F07F5D1837A9E070F
:1088B000F2D4C3684B4502D000DED4F80C903F4A96
:1088C0004846D2E9001303AA98470646002843D039
:1088D00010F1100F59D0394A002093681168984759
:1088E00016F10B0F10D08C36C5D000DEC3E7227F07
:1088F000E16842F0020222772046A2699047D845FB
:108900007FF472AFC5E770472C4A0023D2F8089075
:10891000D2E9004802261360FF278DF80B700DF195
:108920000B00F8F76FFE90B1037F9A07F7D40DB9EB
:10893000DB07F4D4C368A342F1D1037F826943F01B
:1089400002030377214690478DF80B70E7E7012576
:10895000AE420AD02E46E0E7237FA269E16843F0E9
:10896000020323772046904785E70022CDE90422C1
:108970000692039B00964946404604AA0794F8F7DE
:10898000F9FD00287FF477AFAFE7A37A43F0020345
:10899000A3720DF10A00F8F735FE014600283FF4F6
:1089A0006AAF037F9D07F4D1837A9C07F1D4FFF768
:1089B00097FE30F002033FF45EAF96E7EC2700200D
:1089C00010B517480CF095FB30B3164B00249C6093
:1089D00000F084FA00281EDB214601202246F0F731
:1089E00049FE22460B200121F0F744FE2146224693
:1089F0001820F0F73FFE0C4B1022C3F8042301208F
:108A0000F0F708FE0B20F0F705FE1820F0F702FE45
:108A100001F062FD204610BD6FF0120010BD00BFD6
:108A2000E05D0400EC2700200010004008B500F0D5
:108A300065FA002809DB0120F0F7FAFD0B20F0F7BA
:108A4000F7FD1820F0F7F4FD002008BD03460348A9
:108A50008AB2194683681B68184700BFE05D0400AE
:108A600030B4074DAB685C6834B18AB2A4460146A5
:108A70000023284630BC60476FF0850030BC70474B
:108A8000E05D040030B4074DAB685C6834B18AB275
:108A9000A44601460023284630BC60476FF085009D
:108AA00030BC7047E05D04000020704730B50446DC
:108AB00083B078B31D4B1A68824225D0FF250DF193
:108AC00007008DF80750F8F79DFD38B91AE0A1426C
:108AD0000AD00DF10700F8F795FD98B1037F9B07C9
:108AE000F7D4C168002CF2D1037F826943F00203FE
:108AF000037790470DF107008DF80750F8F782FDD6
:108B00000028EBD103B030BD9B686BB1014600205B
:108B10009847D3E7054A9368002BCFD01168002906
:108B2000CCD000209847C9E700DEC7E7EC2700203B
:108B30000020704710B50446F8F756FD8CB90D4B70
:108B40009A68AAB11C6800229A601A6004B124686D
:108B50000020F8F771FD2046F8F7FEFD28B100204F
:108B600010BD0028F3D100DEF1E700DE002010BDCB
:108B700000DEE7E7EC270020054A136892681B1A1D
:108B800018BF0123B2FA82F00B704009704700BF92
:108B9000EC2700202D20704710B51446F7F75CFE37
:108BA0002146F7F75BFE034610F4000004D10333BF
:108BB000092B88BF184610BD002010BD262810B50F
:108BC00004461DD0272813D0252809D00A281FD9EC
:108BD000272822D900DE2046BDE8104001F0CEBC97
:108BE000022001F0C5FC2046BDE8104001F0C6BCE3
:108BF000502001F0BDFC2046BDE8104001F0BEBC95
:108C00001A2001F0B5FC2046BDE8104001F0B6BCCA
:108C10000230400001F0ACFCE5E70330400001F019
:108C2000A7FCE0E701F008BD01F00EBD08B501F0BA
:108C30003FFDBDE8084001F08FBE00BF08B501F060
:108C400037FD01F089FEBDE8084001F04DBE00BFD0
:108C500008B501F02DFD01F07FFE01F063FEBDE8D7
:108C6000084001F041BE00BF08B50146114801F0BF
:108C700029FC01F049FD60B101F034FF01F062FC14
:108C800000F080F900280EDBBDE808400020FFF767
:108C900051BF01F0EDFC01F025FF01F053FC00F0A5
:108CA00071F90028F0DA00DE0020BDE80840FFF787
:108CB00041BF00BFA186030010B5044601F0F8FCD7
:108CC00001F04AFE01F02EFE01F00EFE2046BDE846
:108CD0001040FFF7C9BF00BF10B5044601F0E8FC23
:108CE0000D48214601F0EEFB01F00EFD40B100F011
:108CF00049F900280ADBBDE810400020FFF71ABF41
:108D000001F0B6FC00F03EF90028F4DA00DE0020A5
:108D1000BDE81040FFF70EBFA18603002DE9F04F1C
:108D200089B01F469DF848B0FF2380468946924689
:108D30008DF81F300DF11F00F8F764FC002866D095
:108D4000037F9D07F6D1837A9C07F3D405683E68BC
:108D50009DF81F300593044629463046F7F77EFDFF
:108D6000BBF1000F4CD0BC4208BF002426460DF1D9
:108D70001F00F8F747FCD0B1027F9107F7D1827A44
:108D80009207F4D402680490294610460392F7F73C
:108D900065FD039A049B00F4000000280DF11F00FC
:108DA0001CBF15461E46F8F72DFC0028E4D1059B94
:108DB0008DF81F30314B9A687ABB76BB24B1BBF17A
:108DC000000F48D1BC4244D1FA681A60C3E9018956
:108DD0003846D04704460DF11F00F8F713FC014652
:108DE00050B1037F9A07F6D1837A9B07F3D4FFF73C
:108DF00077FC30F002033FD1204609B0BDE8F08F88
:108E00000002B0D5FF23354605935C46AEE71B4B09
:108E10009A680446002AD7D026464946CDF800B0C5
:108E2000534640463A46F8F7A5FB014678B1BBF1F8
:108E3000000F09D1BB7A980706D4C6B13046FFF7B8
:108E40004FFC30F0020310D16FF07604D4E700DE5F
:108E5000EDE700DEB8E7CDF800B053463A464946A4
:108E60004046F8F787FB0028EED100DEECE7002C47
:108E700014BF26460E46E1E700DEBDE7EC270020E2
:108E800001F1100005F082BC70B505468AB00C46B1
:108E90000122002104A80CF00AFB0F4B01930026CD
:108EA0000323694628460396029307F022FA002816
:108EB00010DB4FF40043314640F2E730E4FB03019E
:108EC0004FF47A720023EEF71BF902460B4604A812
:108ED00005F096FC0AB070BD818E030010B501202C
:108EE00003F05CFA0449002301244B608C60CB60E2
:108EF000BDE8104007F0FDB9FC27002010B50120A7
:108F000003F04CFA0449044607F06EFA2046BDE827
:108F1000104007F045BA00BFFC2700200C4B1A7820
:108F20000AB10020704710B50120187003F036FA1E
:108F30004FF4FA710446FFF7A7FF38B9204607F04F
:108F40002FFA02280CBF00206FF0040010BD00BFF4
:108F50008D31002008B50A4BBFF35B8F53E8002F1B
:108F6000511C43E800100028F8D1BFF35B8F002AA2
:108F700001DD002008BD03F019FA002008BD00BF84
:108F8000F827002008B50E4BBFF35B8F1A68BFF3BC
:108F90005B8F002A11DDBFF35B8F53E8002F511E5A
:108FA00043E800100028F8D1BFF35B8F012A01DDF0
:108FB000002008BD03F010FAFAE76FF0770008BD53
:108FC000F827002032207047014B33F8100070471B
:108FD000C067040010B50446FFF73AFE01F098FCA4
:108FE0002046BDE81040FFF73FBE00BF38B504463D
:108FF00001F088FBFFF71AFE962001F0BDFC00236C
:1090000018461A46194601F0EFFB0120F8F756FA08
:10901000F0B11C3001F004FB01F060FB00BB214605
:10902000104801F04FFA01F0B1FD00210446084656
:1090300001F00CFB00210546084601F003FB2C441F
:10904000CB34201A01F05AFDBDE8384001F090BD44
:1090500000DE1C3001F0E4FA01F040FB0028DED015
:1090600000DEDCE7A994030010B50446FFF7F0FD2D
:1090700001F04EFC2046FFF7F7FD054B00210122D1
:1090800008469C60F6F7FCF800B910BD00DE10BD84
:1090900078050020814208B50ED00B7ADB0702D498
:1090A0006FF08B0008BD0C4B1360FFF753FF0028D7
:1090B0000FDB6FF00A0008BD0B7B01EB83010B692E
:1090C0001B7803F00F03012B14BF6FF08B000020FF
:1090D00008BD00DEEDE700BFD593030010B548B131
:1090E0000C46FFF74FFF00280BDB2046BDE8104081
:1090F000FFF720BD044801F0E5F9BDE8104001F09C
:10910000B7BA00DEF1E700BFD58F0300084B042299
:1091100010B598182821F5F7BDFF064B00249C8157
:109120000222214604480CF0C2F9204610BD00BFBF
:109130003C2800202C28002014280020084B042262
:1091400010B598182821F5F7A5FF064B00249C813F
:109150000222214604480CF0AAF9204610BD00BFA7
:109160003C2800202C2800201428002010B504469C
:109170000548F5F7B3FF20B103460020587063603F
:1091800010BD6FF00B0010BD3C28002003460020EE
:10919000187058709860704738B51E4D2B7B6A7BED
:1091A0009A4202D055F8234034B91B48F5F796FF90
:1091B000044680B1204638BD184805F047FB2B7B9C
:1091C0006A7B9A42F6D00133DBB2032B08BF00233F
:1091D0002B73204638BD11484FF42032002305F090
:1091E0000FFBA0B90D4805F031FB2A7B6B7B934246
:1091F0000BD0531CDBB255F82220032B08BF0023F1
:109200002B7312B11446204638BD00DED2E700DED3
:10921000E8E700BF2C2800203C280020142800206C
:1092200010B5027843789A4214D0D4B244700278D0
:10923000944204D05A1C4370D3B2022B0ED01A466B
:1092400000EB82040B70606800B110BDFFF7A4FF53
:10925000606010BD0133DBB2022BF0D10022134657
:10926000EEE700BFF8B5027843789342044625D074
:10927000D5B2154A00EB8507507B92F80CC0431C11
:10928000DBB2032B08BF00239C450E46796806D04D
:1092900042F8201053730D4805F078FA00216B1C3A
:1092A000DBB2022B0ABF00221A46134679602370F4
:1092B000012104EB820431706068F8BD1A4604EBAA
:1092C00082046068F8BD00BF2C280020142800200C
:1092D00030B5037AC3F302130446002B93FAA3F0CC
:1092E000B0FA80F008BF4FF0FF3083B000F101000A
:1092F0003AD0217A5A1E134063F3061124302172AA
:10930000FFF75CFC00230DF1070104F10C008DF860
:109310000730FFF7A7FF054620B3284601F086F97E
:109320002B7803F00F03022B13D00DF1070104F18A
:109330001800FFF797FFE0B121460F4801F0C2F88F
:10934000962001F019FB002003B0BDE8304001F089
:1093500003BA0A48214601F0B5F803B0BDE8304031
:1093600001F0A2BA00DED8E700DE237AC3F30213CD
:10937000BFE700DEE0E700BFED8F0300819303004D
:1093800010B5044601F0BEF9FFF762FC237A03F042
:109390007102012A05D1C3F3420262F3061323725C
:1093A000DBB213F0700F05D0636853B193F82C3023
:1093B0009B0706D501F0ACFA2046BDE81040FFF748
:1093C00053BC2046FFF784FF01F04CF9BDE8104084
:1093D00001F0CEBB70B5C36804461E68F7F73CFACF
:1093E00005463046FFF7D6FB00232D1AC4E900538B
:1093F00023812046BDE87040EFF776B810B582B003
:109400000446FFF7A7FD002809DB084A0849094878
:1094100000940023F8F7CEF918B902B010BD00DEB1
:10942000F3E77730F9D000DEF7E700BFE984020008
:10943000DD90030095900300F8B5079D9DF8187026
:109440009DF820400E462DB10C78B2EBD41F16D0FB
:109450000020F8BD417A01F00301012901D9002C57
:10946000F6D03178B2EBD11FF2D1062206F1080115
:1094700018460CF0A4FBB0FA80F04009F8BD18467D
:10948000062208310CF09BFB0028E1D1C4F38014C4
:10949000BC42DED10622B11C28460CF090FBB0FA8B
:1094A00080F04009F8BD00BFF0B587B0044601F078
:1094B0001FF9C0B250B9FFF7CBFB5E48214601F05F
:1094C00001F807B0BDE8F04001F0D2B801F032F980
:1094D000054601F031FAEDB2064601F037FA01F027
:1094E0000DFAFFF7B5FB002DE7D0FF2301208DF823
:1094F0001730F7F7E3FF0546002800F09580237B3F
:1095000095F81CE004EB830305F11C011869034680
:1095100013F802CB0CF00F07012F08BF00F108076A
:10952000CCF38012F0B24FEADC160EF00F0C18BF2D
:109530000027BCF1030F4CD0BCF1050FBDD16D7FEE
:10954000222DBAD16568002DB7D095F82C50AD0703
:10955000B3D40DF11705CDE90170009620460395AF
:10956000FFF76AFF0028A8D00420F7F7A7FF00281C
:10957000A3D03148214600F0A5FF01F079F801F0B1
:10958000ADF8002852D1626892F82C3043F0010304
:1095900082F82C30F7F7ACFF17224FF6FF730271F9
:1095A000C3808460054601F097FA286101F0E8FA6B
:1095B00000210446084601F049F8241A6C61F7F7C7
:1095C00097FFE8602868294607B0BDE8F040F7F744
:1095D000B9BF697F0C297FF470AF002F7FF46DAFA6
:1095E000617ACE0702D500283FF467AFB2EBDE1FE9
:1095F0007FF463AF062205F1240118460CF0DFFA70
:1096000000287FF45AAF0B48214600F05BFF01F0C1
:109610004BF9237E04EB8303D86901F007F801F0CE
:109620005DF828B907B0F0BD00DE68E700DEAAE704
:1096300000DEF7E7819303006990030000B97047EB
:1096400000DE70470021EEF7E7BF00BF08B5064B0C
:1096500003989860002211460120F5F711FE00B929
:1096600008BD00DE08BD00BF9805002010B5044607
:10967000FFF7EEFA23796FF3000323719B0617D5EA
:10968000962001F079F9002318461A46194601F090
:10969000ABF80120F7F712FF88B11C3000F0C0FFD3
:1096A00001F012F921460748BDE8104000F00ABF5A
:1096B00001F0FAF80120F7F701FF0028EDD100DEF4
:1096C000EBE700BFA998030010B50446FFF7C0FA06
:1096D00001F01EF92046BDE81040FFF7C5BA00BFF3
:1096E00008B5FFF7C3FF00F0B7FFBDE8084001F081
:1096F0003FBA00BF70B50546FFF798FA01F0D4F8FD
:109700000120F7F7DBFEF0B11C3000F089FF00F01C
:10971000E5FF00BB01F03AFA00210446084600F0DC
:1097200095FF00210646084600F08CFF3444CB34F8
:10973000201A01F0E3F901F0C7F829460748BDE80F
:10974000704000F0BFBE00DE1C3000F069FF00F08A
:10975000C5FF0028DED000DEDCE700BFA9980300CB
:1097600010B50446FFF782FF23792279C3F3410342
:10977000013303F00303032B08BF002363F342020A
:1097800014BF03F1250025202271FFF717FA0020EE
:1097900001F072F9BDE8104001F0EAB970B5C36894
:1097A00004461E68F7F758F805463046FFF7F2F909
:1097B00000232D1AC4E90053238120460121BDE86E
:1097C0007040EEF729BF00BF814208B50DD00B698C
:1097D00013B16FF08B0008BD084B1360FFF7BAFBA5
:1097E000002809DB6FF00A0008BD054800F06AFE9A
:1097F00000F03EFF002008BD00DEF3E79D97030068
:109800006197030010B548B10C46FFF7BBFB002879
:109810000BDB2046BDE81040FFF78CB9044800F090
:1098200051FEBDE8104000F023BF00DEF1E700BFAD
:109830003598030030B5044685B0FFF709FA0DF1FD
:109840000F012046FFF798F908B105B030BD054675
:1098500001F05EF822790095C2F34103013303F071
:109860000303032B08BF002363F3420222712B463C
:10987000032229462846F6F769FF94F90430002BA5
:1098800004DB2046FFF7F0F905B030BD054B01229F
:10989000294628469C60F5F7F3FC0028F1D000DE4D
:1098A000EFE700BF880500202DE9F843044600F0EB
:1098B0001FFFC0B248B9FFF7CBF92146864800F038
:1098C00001FEBDE8F84300F0D3BE00F033FF0546CB
:1098D00001F032F8074601F039F801F00FF8EDB267
:1098E000064600F0EFFFFFF7B3F9002DE5D00120A9
:1098F000F7F7E4FD0546002800F0C18023791A0738
:10990000C3F3C10866D42A7F12F00F01F6B266D104
:109910006A7F052AD1D9252ACFD803F02103202B2D
:1099200040F0A380962001F027F8002000F014FFFB
:109930000320F7F7C3FD07460028BED0F7F7D8FD90
:109940004FF6FF73FB8005233B71002E40F0BE8075
:109950007F227B7E3A766FF300037B763946386848
:10996000F7F7F0FD00F0F4FE0278032161F3030243
:1099700002702A7F0178C2F3801262F3C7110C22B1
:10998000017042702279C9B2C2F3801262F386116B
:10999000024602F8021BD4F80510C0F80210B4F811
:1099A00009109180D5F81E2082606A8C828100F0B7
:1099B0003DFE00F093FE002840F08C8001F0D8F8C6
:1099C0002379464843F0010323712146BDE8F8435B
:1099D00000F078BDFFB2002F3FF46FAF93E7062988
:1099E00096D04527CF4017F001073DD1012948D037
:1099F00004297FF462AF6A7F063A1F2A3FF65DAF03
:109A0000DB077FF55AAF00F0A3FE2B7F0278C3F38C
:109A10008013B3EBD21F7FF450AF0830062205F15C
:109A20001E010CF0CCF800287FF447AF6B7F002BB1
:109A30003FF443AF0320F7F741FD054600283FF40C
:109A40003CAFF7F755FD4FF6FF73EB8005232B7105
:109A50008EB97F206B7E287667F3000328686B76CB
:109A60002946F7F76FFD28E76A7F063A1F2A3FF677
:109A700024AF0027DEE700F031FFC0B2EAE700DEE6
:109A80003CE7697F0C297FF418AFC3F38013B3EB75
:109A9000D21F4FEAD21910D0B8F1010F7FF60DAFE7
:109AA000B9F1000F3FF409AF95F8293003F0C00376
:109AB000402B7FF402AF0127BCE7062205F1240109
:109AC000601D0CF07CF80028B4D0E5E700F006FF3C
:109AD000C2B23EE700DE71E7E1960300F5960300AF
:109AE000002070470020704710B582B00446FFF791
:109AF00031FA002809DB084A084909480094002384
:109B0000F7F758FE18B902B010BD00DEF3E7773062
:109B1000F9D000DEF7E700BF459603000598030083
:109B2000C9970300F8B50546FFF792F8F7F706FE68
:109B3000044600283FD0214B214A1B781178A27996
:109B400020485B0001F0010103F002030B4322F007
:109B5000030213431C4A01881278A180012020705F
:109B6000A371227219B195F92730002B04DB284626
:109B7000BDE8F840FFF778B895F82C30C3F302132E
:109B8000022B16D0042B0CBF4FF4BC77282700F013
:109B9000E3FF064600F0E6FF361AE660EA6BC4E92A
:109BA00004270023EB636B642846BDE8F840FFF709
:109BB0005BB81827EBE700DEBDE700BF903100205F
:109BC000913100207A3100208E31002008B500F05C
:109BD000BBFD02780346012161F301021A700020E7
:109BE00008BD00BF00207047704700BF30B408496F
:109BF000084A094D094C0A4800230B801370094993
:109C0000094A2B80237003700B70137030BC7047AF
:109C10007A310020923100207C31002091310020E7
:109C2000903100208F3100208E310020814207D0FA
:109C300091F82C305B070BD50B4B188840B9704757
:109C4000094A0A4B128819781AB941B100DE03E0BB
:109C5000064B1B78002BF9D16FF08B007047012267
:109C60001A706FF00F0070477C3100208F31002098
:109C700038B50D4678B30446FFF784F9002847DB72
:109C8000E2682389518B938301330B4492F92710A7
:109C90005383002913DBF7F751FD002836D0837971
:109CA00023F00303002243F00203012101708280AC
:109CB000837102722846BDE83840FEF73BBF208919
:109CC000136B916B00FB03330B44516B8B4228BF2A
:109CD0000B469363DFE791F92730002B0ADB0D4831
:109CE000294600F0EFFB00F0C3FC95F87E301B071F
:109CF00008D438BD084B1B88002BF0D1074B01223C
:109D00001A70ECE7BDE8384001F014B800DEC6E791
:109D100000DEB5E7259B03007C3100209031002058
:109D2000F8B506460120F7F7C9FB024670B30021DB
:109D3000517796F86750B6F85A7005F0070528462F
:109D400002F11C0400F000FC96F87E301B074FEA7D
:109D5000850210D5391D42F00102C9B2082000F079
:109D600035FC2246294606F17F0000F015FFBDE8CC
:109D7000F84000F055BCF9B2082042F0010200F0B2
:109D800025FC2046BDE8F84000F04ABC00DECEE7E6
:109D900038B50446FEF74AFF244AA08913880133E8
:109DA000138000F0E9FD94F8662094F86700C2F390
:109DB000C00300F0070002F00702002100F014FDCC
:109DC0002046FFF7ADFF00F089FC60BB00F0DEFE2F
:109DD000258A034694F867000D35012100F007003D
:109DE0001D4400F033FC94F8673003F00703022BA6
:109DF000054416D0042B0CBF4FF4BC73282394F8F1
:109E00006600C0F3C00100F007001D4400F01AFC1A
:109E1000281A00F073FE21460548BDE8384000F0DE
:109E200051BB1823EBE700DED0E700BF7C310020F8
:109E3000499F0300F8B50F4690F86610B0F85860D7
:109E400001F007040546C1F3C001204600F07CFB89
:109E500095F87E30A200DB0642F00102F1B20DD58A
:109E60000431C9B2082000F0B1FB394605F1A00069
:109E700000F0EAFEBDE8F84000F0D8BB082000F092
:109E8000A5FB3846BDE8F84000F0D0BBF0B505466C
:109E900083B001AA806E0F46E96EF5F785F995F853
:109EA0007E305A07064638D448B3019C95F87D3079
:109EB00095F87C2004341C4412B9627885F87C2023
:109EC00033B12378012262F30103237095F87D30CA
:109ED00095F87C20D31A63702846FAF7A7FA6378BE
:109EE00083422AD960700121237803F00F030022F6
:109EF00043EA01132370A2703C6003B0F0BD43F04D
:109F0000040385F87E3000F01FFC044623786FF3CD
:109F1000041323703C6003B0F0BD43F0040385F8E4
:109F20007E3000F011FC0446002EEFD0037843F0A1
:109F3000100303703C6003B0F0BD3268EB6E9A42D0
:109F4000D1D10021D0E700BF2DE9F04182B0044615
:109F500000F0CEFBC0B250B9FEF770FEAA48214611
:109F600000F0B0FA02B0BDE8F04100F081BB00F0B3
:109F7000E1FBC5B200F0C2FCFEF760FEA34A138805
:109F8000012003441380F7F799FA8046002800F077
:109F9000E9802DBB9E4B1F78002F6AD1012201A9B9
:109FA00020461A70FFF772FF94F92730002BC0F299
:109FB000958100273D46974B1B78002B62D1E089A5
:109FC00000F0DAFC94F8670000F0070000F0C4FB32
:109FD0009148214600F076FA00F0CAFD019E58E053
:109FE00094F87E3098F81C2003F00101C2F3800041
:109FF000884200F0938094F9272081F0010161F3F9
:10A000000003002A84F87E3005DA94F82C3043F0FF
:10A01000080384F82C3094F87E305D0700F1A780A7
:10A02000D4E91A0101AAF5F7BFF80546002800F0A7
:10A03000A48094F87D20019B1344597971B194F860
:10A040007E30D8060AD5D4F8B0300133C4F8B03029
:10A05000D4F8B43043F10003C4F8B43094F87C3041
:10A060000A44D2B29A42C0F0948000F0B98000DE77
:10A0700083E0013FFFB201A920461F70FFF706FFF2
:10A08000002F91D1019E6048214600F01BFA00F09C
:10A090000BFC94F87E20337862F3C303337094F89A
:10A0A0007E303278C3F3400363F38202327031466C
:10A0B0002046FFF7BFFE00F011FB002867D100F03B
:10A0C0004BFD78B1A5B1A08A4FF6FF73984200F01E
:10A0D00084802946FAF736F977B902B0BDE8F04135
:10A0E000F7F728BA00F02CFD00F030FD002DEAD182
:10A0F00017B902B0BDE8F081F7F7FAF9032388F841
:10A100000430A38AD8F80000A8F806304146F7F7D3
:10A1100001FA02B0BDE8F041F7F70CBA0025C2F32E
:10A12000C002C3F340039A4236D00027384A3B4B63
:10A13000002111702046012201A91A70FFF7A6FE26
:10A1400094F92730002B1EDB98F81C30DA063FF517
:10A1500032AF019E3378DB063FF52DAF7378002BCD
:10A1600091D028E700DE002D3FF414AF38E76FF3FD
:10A17000820384F87E3000F0E7FA94F87E3098F895
:10A180001C200025CBE7636C002BDDD07AE700DED6
:10A1900095E784F87D20F0E70320F7F78FF9002892
:10A1A000C3D094F87E3083F0020384F87E3098F8B0
:10A1B0001D30002BB9D094F87E30190730D4012718
:10A1C000B4E700F0BDFC00F0C1FC002D91D0A08AE6
:10A1D0004FF6FF7398424FD1002700DEA08A78E740
:10A1E0000022A4F87C20E06E04F16801F4F7E4FF9B
:10A1F000019B1B682B60019B1D60019D94F87E30C4
:10A2000098F81C208BE700BF259B03007A310020C3
:10A21000923100208F310020919D03009131002068
:10A2200000F056FD002857D000F07AFD002840D1FC
:10A23000D4F88F30D4F89320134305D198F81C300C
:10A2400003F00303032B1DD0284B2948022221468B
:10A250001A7000F037F900F00BFA00F03FFA78B905
:10A2600000F07AFC0028ACD0002D3FF442AFA08A69
:10A270004FF6FF7398422CD02946FAF763F82CE783
:10A2800000DEEDE700F064FA4378272B0146DBD8C7
:10A290000333DAB208F11C000BF061FCD4F88F3004
:10A2A000D4F89320013BC4F88F3042F1FF33C4F857
:10A2B0009330D4F88F300D4A0133C4F88F30D4F87E
:10A2C000933004F18F0143F100034B6001231370BD
:10A2D00075E700DEA08ACFE700DEA5E7676C0FB95F
:10A2E0003D4668E600273D46CCE600BF8E310020A3
:10A2F000259B030010B582B00446FEF72BFE002814
:10A3000009DB084A0849094800940023F7F752FA84
:10A3100018B902B010BD00DEF3E77730F9D000DEE7
:10A32000F7E700BFB1870200719C03002D9C03007A
:10A330004FF080530246D3F8A410013107D04FF0FC
:10A340008051D1F8A00010F0010009D17047D3F876
:10A35000A8304FF6FF719BB28B42F0D100207047BE
:10A36000D1F8A4301360D1F8A8301371C3F30723D8
:10A3700063F03F035371D1F8903001331CD0D1F812
:10A380009430013318D0D1F89830013314D0D1F87B
:10A390009C30013310D0D1F89030C2F80630D1F89B
:10A3A0009430C2F80A30D1F89830C2F80E30D1F8A3
:10A3B0009C30C2F8123008E00023C2F80630C2F820
:10A3C0000A30C2F80E30C2F812300120704700BFC8
:10A3D00000234FF08052036043608360C360D2F873
:10A3E0008030013318D0D2F88430013314D0D2F841
:10A3F0008830013310D0D2F88C3001330CD0D2F831
:10A4000080300B60D2F884304B60D2F888308B609B
:10A41000D2F88C30CB60704700230B604B608B60B0
:10A42000CB607047054B4FF480320021C3F808150C
:10A43000C3F84423C3F80423704700BF00B00040B2
:10A44000054B1878421C1A7018B9044B01221A6087
:10A4500070470120704700BF9331002000B00040DA
:10A46000074B187848B10138C0B2187018B9054BBD
:10A4700001225A6070470120704700DE1878F2E729
:10A480009331002000B00040014BD3F80405704721
:10A4900000B00040024B00F5A87043F82010704750
:10A4A00000B00040044BD3F8103123B1034A044BF1
:10A4B00010681B681847704700100040042C0020EB
:10A4C000082C0020024A034B11601860704700BF3F
:10A4D000042C0020082C00204FF080434FF0FF3266
:10A4E0000021C3F8002EC3F8042EC3F8081EC3F8D9
:10A4F0000C2EC3F8101EC3F8142EC3F8182EC3F880
:10A500001C2EC3F8202EC3F8242EC3F8282EC3F81F
:10A510002C2EC3F8302EC3F8342E7047074B084852
:10A5200010B44FF4905100244FF41052C0F8184565
:10A53000C3F80018C3F8042810BC704700F00140AD
:10A5400000100040704700BF054B02280CBF0421DB
:10A55000032140F20122C3F81015C3F850267047BA
:10A5600000100040014BC3F80C057047001000407C
:10A57000014BC3F80805704700100040084B00F07D
:10A580007F00C3F85405D3F8182522F00072C3F8F1
:10A590001825D3F8182542F00072C3F81825704723
:10A5A00000100040084A00210123C2F82C15C2F80F
:10A5B0003035C378C2F824358178038843EA0143F3
:10A5C0001B02C2F81C35704700100040C2F3820322
:10A5D000A3F1020302F00302B3FA83F3013A5B0929
:10A5E0001B06022A98BF43F4801300F00F000A4AAA
:10A5F000184340F48070C2F81405D2F81805074BD0
:10A600000340C2F81835D2F81835194341F44031E7
:10A61000C2F81815704700BF001000400000F8FE97
:10A62000014BC3F80405704700100040014BC3F80C
:10A63000040570470010004002280CBF2820292084
:10A64000704700BF012070472920704702280CBFC7
:10A6500005200A20704700BF014B01225A60704755
:10A6600000100040014B01221A60704700100040AA
:10A670000B4B0C480C4910B44FF41064C3F8084558
:10A6800001224FF480245A60DA60C0F84843074C36
:10A69000C3F808450020C1F800020A6110BC7047E9
:10A6A00000F0014000B0004000100040C001700EFA
:10A6B000094B0022C3F80021D3F80011C3F804218C
:10A6C000D3F80411C3F80C21D3F80C11C3F81021EE
:10A6D000D3F81031704700BF00100040034BD3F88F
:10A6E0000001003818BF0120704700BF0010004073
:10A6F000034BD3F80C01003818BF0120704700BF8E
:10A700000010004001207047034BD3F85005B0FA09
:10A7100080F04009704700BF00100040044B40F239
:10A720000312C3F83425C3F83805C3F83C15704745
:10A7300000100040034BD3F80004003818BF01207C
:10A74000704700BF0010004000487047042B0020F5
:10A7500000487047002A0020F0B41D4B1D4D1E4ECE
:10A760001E4C1F4F0322C3F800222A78C6F86875D2
:10A7700002F10C03DBB2D000DB00910003F1804357
:10A7800000F1804003F5F83300F5F83001F1804125
:10A79000C6F86C0501F5104104EB82041148C3F8BA
:10A7A0001045C3F81405D1F840352D2B8ABFD1F8D8
:10A7B000403501232D3BC1F840350132064B4FF4A3
:10A7C000106102F00102C3F804152A70F0BC704752
:10A7D000001000409431002000F001404091004002
:10A7E0000C110040041000402DE9F041284E294C86
:10A7F000294FDFF8A8E0DFF8A8800323C6F800326D
:10A800002178CEF8688501F10C03DBB2DB00CD00C6
:10A8100003F1804303F5F83305F1804507EB810729
:10A8200005F5F835CEF86C554FEA810CC3F8107574
:10A8300049F63465C3F814654AF2B813022A18BF02
:10A840001D460CF1804C42F2B84241F28833022896
:10A8500018BF13460CF5104C124A2B44A2FB0323DD
:10A86000DCF84025B2EB931F85BF9809DCF8403532
:10A8700001231B1ACCF840350131084B4FF410620C
:10A8800001F00101C3F804252170BDE8F08100BF8B
:10A8900000100040943100204091004000F0014041
:10A8A0000C110040D34D62100449054B03204FF4B6
:10A8B0001062C1F80002C3F808257047001000407C
:10A8C00000F0014000207047034AD2F8003243F400
:10A8D0008873C2F80032704700100040014BD3F873
:10A8E0004805704700100040034B0022C3F81C21AC
:10A8F000D3F81C31704700BF00100040034BD3F861
:10A900001C01003818BF0120704700BF0010004034
:10A91000034AD2F8403623F0FF03C2F840367047AE
:10A9200000100040034B0022C3F81421D3F8143167
:10A93000704700BF00100040034BD3F814010038EB
:10A9400018BF0120704700BF00100040014BD3F832
:10A9500010047047001000400449054B054A4FF4AD
:10A960008020C1F84803C3F80825704700B00040B4
:10A9700000F00140C001700E034B044A1B7803F540
:10A98000A87342F8230070479431002000900040E3
:10A99000F0B4A2F574232F4DA3F51073AB42044617
:10A9A00006D902F1E87202F5D432013902F5A57236
:10A9B000294B2A482A4D2B4E0127DF600027C3F878
:10A9C0000475A0FB02020427C3F81075900C02273F
:10A9D000C3F80875244AC3F84005C5F848154FF474
:10A9E0008021C5F844134021C2F84065C2F84435BF
:10A9F000C2F804154CB34FF48013C2F804351B4A57
:10AA0000012100240423D160C2F80445C2F81035A6
:10AA1000154BC2F8084511601549C3F850150C32A2
:10AA2000C3F8542502F5AF32124CC3F8584502F56D
:10AA3000FC7201F50041C3F85C2538310832C3F8D7
:10AA40006015C3F86425F0BC70474FF40013C2F8DA
:10AA50000435D4E7BFBDF07F0080004083DE1B4398
:10AA600000B0004048B1004000F0014000900040BC
:10AA70000C1100404091004070B4154B0122DA6483
:10AA8000D3F84C25E8B103F5B8334FF48011C3F87F
:10AA900004150F4B11460026012502E0D3F8404172
:10AAA0006CB9C2EB4102C3F84061501CD3F84011AD
:10AAB000C3F84005DD64D3F84C158A42EED370BC70
:10AAC0007047044B4FF40011C3F80415E1E700BFD1
:10AAD0000080004000F00140014BD3F8480570476A
:10AAE00000B000400349044A01234B600B615360EE
:10AAF0001361704700800040009000400449054BFE
:10AB0000C1F844054FF08862C3F80425704700BFC0
:10AB10000080004000F00140054B06480649074A06
:10AB2000C3F84805C3F84C15C3F80425704700BFA7
:10AB300000F001400011004040800040800000040F
:10AB4000014BD3F84405704700800040014B18606A
:10AB5000704700BFFC290020014B1868704700BFF8
:10AB6000FC290020014BD3F84005704700800040CD
:10AB7000024B4FF00062C3F80425704700F001401B
:10AB8000014BD3F84805704700800040014BD3F8D3
:10AB90004805704700800040244B30B40024C3F8BF
:10ABA00000450224A142C3F80045054634D003F510
:10ABB00080334FF000711E4CC3F804151B491D4B28
:10ABC000C1F80445D3F81835DBB21F2B03D9FF2B8E
:10ABD00029D0191F00E01B21144B1748C3F8181582
:10ABE00000241649C3F80855C3F80C05C3F810250E
:10ABF000C3F81415C3F80042C3F80041D3F800218C
:10AC0000C3F80441D3F80421C3F808410122D3F862
:10AC100008111A6030BC7047094B0A4C4FF00071A4
:10AC2000C3F80415CAE7FB21D6E700BF00F00040D7
:10AC30000100000100100040002A0020F028002040
:10AC400000F001400100010130B41C4B1C4C1D4AB6
:10AC50000025C3F8005505460220C3F80005C3F8D7
:10AC60000445D2F81835DBB21F2B03D9FF2B22D0B5
:10AC70001A1F00E01B22114B1348C3F818250024AB
:10AC8000C3F808550122114DC3F80C15C3F810057F
:10AC9000C3F81455C3F80022C3F80041D3F80011DB
:10ACA000C3F80441D3F80411C3F80841D3F80811DC
:10ACB0001A6030BC7047FB22DDE700BF00F00040A7
:10ACC0000000010100100040002A0020F0280020B0
:10ACD00038B5114C0223C4F80433D4F8043163B9F5
:10ACE0002025EFF3118085F31288BFF36F8F05F0F5
:10ACF0007FFCD4F80431002BF3D0074B074A022025
:10AD00004FF40041C3F80803C2F88011D3F80801DA
:10AD1000B0FA80F0400938BD00F0004000E100E0EA
:10AD2000034BD3F80004003818BF0120704700BF60
:10AD300000F00040034B012100229960C3F8002578
:10AD4000704700BF00F000400139012905D80B20F1
:10AD50000AB1EEF75FBCEEF76BBC00DE704700BFD8
:10AD600029B10139012905D80B20EEF775BC18204F
:10AD7000EEF772BC00DE0020704700BF88420FD0A3
:10AD8000012807D002280DD1A1F10100B0FA80F00E
:10AD900040097047A1F10200B0FA80F04009704705
:10ADA0000120704700207047012904D0022902D0F9
:10ADB00039B100DE7047064B4FF40062C3F8002142
:10ADC0007047034B4FF08072C3F80021704700BFFB
:10ADD00000E100E008B50AF059FC08BD032803D8DB
:10ADE000054B185C28B1704700DE034B185C002847
:10ADF000F9D100DE704700BF18690400013810B4B3
:10AE00001C46042806D8DFE800F008111A230300C6
:10AE100004292FD000DE10BC70470429FAD1194B49
:10AE20009C6010BC02210020F4F72ABA0329F1D15A
:10AE3000154B01219C6010BC0846F4F721BA042987
:10AE4000E8D1124B9C6010BC02210120F4F718BA23
:10AE5000032908D00429DDD10D4B02219C6010BCD0
:10AE60000846F4F70DBA0B4B9C6010BC0121022080
:10AE7000F4F706BA084B9C6010BC02210320F4F7DB
:10AE8000FFB900BFF8050020E8050020D805002024
:10AE9000B8050020C8050020A805002001460020B4
:10AEA000FFF7F8BA124B30B4012104460020596074
:10AEB000C3F80445C3F80001C3F80401196005E0B4
:10AEC000D3F8042132B9D3F804251AB1D3F80021FC
:10AED000002AF5D05960D3F80421002AE7D1D3F82D
:10AEE0000455002DE3D0C3F8042530BC704700BFE3
:10AEF00000E0004070B5114C0126D4F8045566609E
:10AF00000E20EEF795FBD4F8040140B10021C4F8FF
:10AF10000411D5E90E323046BDE870401847D4F828
:10AF2000003143B1C4F80001D5E90E3205F120012A
:10AF3000BDE87040184700DE70BD00BF00E0004073
:10AF400070B58CB00E4615460146102268461C4668
:10AF5000F4F7F8F810220DEB02003146F4F7F2F89E
:10AF60006846FFF79FFF25B1102208A92846F4F78D
:10AF7000E9F82CB108AD0FCD20606160A260E360FC
:10AF80000CB070BDF8B587681446FB6B05460E46DD
:10AF900098472146064800220023EEF7E5FD0446C7
:10AFA00000B1067628463B6C98472046F8BD00BFA6
:10AFB000BC0900204FF08053D3F83021082A06D175
:10AFC000D3F83431052B04D8034AD05C70470020F5
:10AFD00070470120704700BF0474040010F0080F90
:10AFE0000B4B42B20CD100F00F00002A4FF01402BC
:10AFF00002FB0033B4BFD3F80806D3F80807704744
:10B00000002AB4BFD3F8A806D3F8A807704700BF3A
:10B0100000700240F8B50246EFF31185202383F358
:10B020001288BFF36F8F00F0080709F069FB012653
:10B03000864012F07F0F1E4B6FEA060432D057B1E4
:10B040001A6822401A601B4BC3F86C6485F31188A0
:10B05000BFF36F8FF8BD184F396821FA00F0C007B1
:10B060000AD419682140196014490B68120654BFAC
:10B07000234033430B60E6E72140396051B2C943B6
:10B0800022F08000C90F00F2DA30090101EB400123
:10B090000848C0F80018D0F8041841F00201C0F8C0
:10B0A0000418DEE7196821401960002FCBD1DBE7D7
:10B0B000942C002000700240902C0020982C00203E
:10B0C000EFF31180202383F31288BFF36F8F0A4BB5
:10B0D000D3F8001C032261B949F27531C3F8001C92
:10B0E000C3F8142DC3F8001C80F31188BFF36F8FD1
:10B0F0007047C3F8142DF7E700E00640EFF3118026
:10B10000202383F31288BFF36F8F0A4BD3F8001C00
:10B1100061B949F27532C3F8002CC3F8141DC3F8A5
:10B12000002C80F31188BFF36F8F70470022C3F8A3
:10B13000142DF6E700E0064070B5024609F0E0FA8B
:10B14000EFF31185202383F31288BFF36F8F531E13
:10B150000124062B04FA00F40FD80E4E0E4B316872
:10B160001B680B43C34013F0010306D10B4802F5E3
:10B170009472214340F822303160094A1368234316
:10B180001360084B8022C3F8042185F31188BFF3B4
:10B190006F8F70BD902C0020982C00200070024012
:10B1A000942C002000E100E0F8B50306044623D407
:10B1B00010F0080720D100F00F02920002F1804247
:10B1C00002F51C32D2F84434B3B1EFF311862023D8
:10B1D00083F31288BFF36F8F09F092FA084DC2F81B
:10B1E000A074012303FA00F12B6823EA01032B600A
:10B1F00086F31188BFF36F8F024BC3F81845F8BD73
:10B20000982C00200070024008B591F820300122EF
:10B2100003F00F0013F0800F02FA00F2134B14D06A
:10B22000D3F8100510421AD091F820301A070AD42A
:10B230000E4AC2F80C3543F48073C2F80C3591F80D
:10B240002000FFF7B1FF002008BDD3F8140510421D
:10B25000EAD1D3F814050243C3F81425E4E7D3F880
:10B2600010050243C3F81025DEE700BF007002405E
:10B2700091F82030054A13F07F0F0BBF012343F4F0
:10B2800080735365C2F81835002070470070024083
:10B2900038B504460D4609F0E3F9A8B12946204621
:10B2A00009F0C9F9204609F0D4F910B12846EEF7A3
:10B2B000D9FC2946204609F0E1F9064B1B7813B961
:10B2C000054B01221A6538BD204609F0D0F9002847
:10B2D000E4D1E7E79B3100200070024038B54568B3
:10B2E0002C4654F8040B01F059F8094B0022186061
:10B2F00001212720EEF7BEF9204602F045FE05F1B8
:10B30000080002F087FE09F0C3FE002038BD00BF30
:10B310004C2C0020012810B5014602D0022807D08D
:10B3200098B90A4BBDE810401868002208F09EBE8C
:10B33000074B084C00221A70074BC4F80033272033
:10B34000EEF768F90123C4F8043510BD9C2C0020E9
:10B350009831002000700240FDFFDF0101460148E6
:10B360000AF0ECBB6408002008B5054B1970054BCA
:10B370001B7813B10420FFF7F1FF002008BD00BFC8
:10B38000993100209A3100202DE9F04F4B4B07698D
:10B39000186089B0054607F1840009F09FFF00227C
:10B3A0000023CDE9062300246FF00703CDE9033421
:10B3B000CDE90144424B434900954FF400724248A5
:10B3C00003F0D2FC414E42493F48DFF808A1DFF8C4
:10B3D00008B10AF061F9B269404B134043F48203AB
:10B3E00043F04003B361B0464FF0280986F820408F
:10B3F0003146284608F0F4FD00285CD10134092CC0
:10B4000018D009FB0482082C937E43F04003937606
:10B4100008D1D8F85831324A1A40324B1343C8F891
:10B42000583105E093690AEA030343EA0B03936189
:10B430002836DBE72C4C2D4BA269DFF8A490DFF80F
:10B44000A4A0DFF890B0134043F4041343F040038A
:10B45000A3610646A04666F07F0384F820302146AB
:10B46000284608F0BDFD30BB0136092E1BD028222E
:10B4700002FB0682082E937E43F02003937608D1C8
:10B48000D8F8583109EA030343EA0A03C8F85831E7
:10B4900007E093690BEA030343F4C02343F040033E
:10B4A00093612834D7E797F8803023F0760343F090
:10B4B000760387F8803009B0BDE8F08F9C2C00201F
:10B4C0000DB6030000410020E00F0020082E0020F0
:10B4D000FB7304000000F9FF400006000000BEFFFF
:10B4E0000000F7FFFF010800A02C00200000DEFF95
:10B4F00038B50D4628461146144608F0A5FD95F8C6
:10B500002000802809D1238A3BB9637E5B0704D5DC
:10B510004020FFF723FF002038BD09F0F1F8014675
:10B52000024809F034F90120F3E700BF742F00202E
:10B5300008B5074A91F82030C2F80C3543F48073FF
:10B54000C2F80C3591F82000FFF72EFE002008BD50
:10B550000070024010B591F820404FF0FF324FF0DC
:10B56000FF33124803F04CF92046FFF753FD04F077
:10B570000F02012393400E4A14F0800F14BFD2F83B
:10B580001015D2F814156FEA030315BF0B400B40DA
:10B59000C2F81035C2F81435044803F0F7F8054B2B
:10B5A0008022C3F80421002010BD00BF3408002011
:10B5B0000070024000E100E070B5054691F820609F
:10B5C0000C464FF0FF324FF0FF330E4803F018F9EE
:10B5D0003046FFF71FFD0B4803F0D8F80A4B8022D6
:10B5E000C3F80421204608F016FD014620B16FF093
:10B5F0007002284608F046FD2046002108F0EBFCCA
:10B60000002070BD3408002000E100E02DE9F04F7B
:10B61000BC4FBD4D85B004464FF0FF384FF0FF39A9
:10B620000022CDE900894FF0FF3138460AF08DFA4B
:10B630004FF0FF3138460AF084FA10F0080F8246C6
:10B640002ED0B24842464B4603F0DAF8EFF31182AF
:10B65000202383F31288BFF36F8FAD4B1B787BB130
:10B66000D5F8003413F400730AD10121C5F82C1564
:10B67000D5F82C15D5F80014890548BFC5F82C3528
:10B6800082F31188BFF36F8FA04803F07FF8012188
:10B69000204608F073FC00220321204608F0E6FC57
:10B6A0001AF0100F08D00021204608F067FC002295
:10B6B0000221204608F0DAFC1AF0200F08D0002101
:10B6C000204608F05BFC00220221204608F0CEFC58
:10B6D0001AF0020F40F085801AF0010F10D0BFF36E
:10B6E0005B8F8C4B002253E8006F43E80021002958
:10B6F000F9D1BFF35B8F4FF00108002E40F0DA80E4
:10B700001AF0400F0AD08021204608F057FC08F0BC
:10B710007EFC014610B12046FFF7BAFD1AF0040F77
:10B720003FF47AAF0021204608F048FC8021804693
:10B73000204608F043FC0646404608F06CFC08B181
:10B74000EEF790FA304608F066FC08B1EEF78AFA98
:10B750000021404608F03FFC3046002108F03BFC49
:10B7600008220021204608F026FE064600283FF465
:10B7700053AF08F06BFCD5F88014F368C9B21970A8
:10B78000D5F88424D2B25A70D5F88804D5F88CC480
:10B7900040EA0C2058801FFA80FED5F89004D5F8B6
:10B7A00094C440EA0C209880D5F89804D5F89CC43D
:10B7B00040EA0C201FFA80FCD880574811B9052AAE
:10B7C00000F08F80DFF854C100220270D5F87014A9
:10B7D0009CF800C08C4540F0A780514B00221A70A5
:10B7E000B2E0504BBFF35B8F002253E8008F43E879
:10B7F00000210029F9D1BFF35B8F4FF00109B8F1A7
:10B80000000F3FF469AF98FAA8FBBBFA8BFB09FA6B
:10B810000BF3BBF10F0F28EA030810DDABF11006A4
:10B82000F6B23146204608F0C9FB029008F0EFFB63
:10B83000834630BB3146204608F080FFDFE74BF0FF
:10B8400080063146204608F0B9FB029008F0DFFB85
:10B85000039058B10298002108F0BDFB039BBBF197
:10B86000000F08D119462046FFF712FD3146204649
:10B8700008F04EFFC3E700221946204608F002FCFC
:10B88000F4E70298002108F0A6FB6EB9204659465D
:10B8900008F0F4FE204608F0E3FE0028CAD059461E
:10B8A000204608F05DFEC5E700225946204608F014
:10B8B000E9FBBFE796FAA6F3B3FA83F308FA03F2BB
:10B8C0000F2B26EA020606DDA3F11001C9B22046BD
:10B8D00008F034FF11E743F08001204608F018FF1C
:10B8E0000BE701220270BCF1000F03D03046EEF7E7
:10B8F000B9F991E60EF07F025A8083F804C083F80C
:10B9000005C06AE764080020007002403408002087
:10B9100098310020742F00209B31002099310020A5
:10B920009A310020702F0020DFF8A0C01A7001218A
:10B930008CF80010017005215970D5F870145980E9
:10B940001A715A719A71DA71082106F10C0004F02B
:10B95000EBFE2046314608F091FE204608F072FECC
:10B9600020B31B4B4FF0000883F80080F36841467A
:10B970002046B3F806A008F021FB41468146524616
:10B98000204608F018FD014648B1484608F05CFB27
:10B990004146204608F0D2FE0123EB643CE66FF0FE
:10B9A0000B023146204608F06DFB35E6204608F0D4
:10B9B00050FE30B1064B802220461A7008F0F6FD8A
:10B9C0002AE6204608F018FE26E600BF9A3100203D
:10B9D000973100204FF08053D3F83031082B02BF4D
:10B9E000024B0022C3F81C2C704700BF00700240BD
:10B9F0002DE9F04105464FF0FF324FF0FF33384854
:10BA000002F0FEFE374B8022C3F884212720EDF799
:10BA100023FEA0B1344F354B3C681B68240C240432
:10BA20001C434FF001088CBB314E40F2FF133B60CA
:10BA30002720C6F80445EDF7FBFDC6F800432D4A64
:10BA400013788BB12A4B0021C3F808110121C3F8E8
:10BA50000026C3F804165960D3F808110029FBD05A
:10BA60000021C3F808111170214B0024C3F80045D0
:10BA7000FFF7B0FF1A4802F089FE2146284608F079
:10BA8000BAFBC0B16FF00400BDE8F08194FAA4F6EF
:10BA9000B6FA86F60F2E3346C6BFA6F11003D8B20B
:10BAA00043F08000030701D4FFF7B4FA08FA06F662
:10BAB00024EA0604B7E78021284608F09CFB00280A
:10BAC000E0D10D4B0D491C68204604F08DFC10F1AF
:10BAD000780F02D1204604F063FC00EAE070D3E75F
:10BAE0003408002000E100E0982C0020942C002075
:10BAF00000700240953100204C2C00203C2C00208E
:10BB00002DE9F04F404B414FD3F8542185B0B2B1ED
:10BB10000022C3F85421D3F8042391020FD5D3F89F
:10BB2000C034002B3B6814BF4FF001224FF48072E9
:10BB30001343374A3B60136823F001231360324BF1
:10BB4000D3F8604134B10022C3F86021D3F86C44CB
:10BB5000C3F86C44D3F828214AB10022C3F8282145
:10BB60002C4B187808F0CCFD012383401C43DFF8F0
:10BB7000A8A09AF800509AF900102A0732D4002998
:10BB8000B4BF264B264B05F00F02920013441A68EF
:10BB9000002A5AD000221A602846FFF71FFA214BCC
:10BBA0001A7800F0010050401870FFF713FF1E4B89
:10BBB00028461A6808F0A4FDC240D30706463BD4C5
:10BBC000002916DA882D06D10146184808F0DFFD55
:10BBD0000220FFF7C3FB0E4A01231168B3400B4359
:10BBE00013602FE0124B134A13EA210338BF1346A8
:10BBF000CDE701460D4808F0CAFD0220FFF7AEFB75
:10BC0000013D062DE7D91DE000700240982C002070
:10BC1000902C0020973100209631002008710240BE
:10BC20003071024095310020942C0020702F0020AC
:10BC30002C71024050710240002D40F0F0809C4B6E
:10BC40000122DA649B4802F0A1FD94B13B689A4A54
:10BC5000DFF86882DFF8689224F001210B433B6033
:10BC6000136823EA01031360A4B20126002C40F0FC
:10BC7000DA808F4BD3F800214AB10022C3F80021AB
:10BC8000904B1A708D4B0421186808F0EFF9884B1F
:10BC9000D3F858212AB30022C3F85821D3F800441E
:10BCA000C3F80044E00505D5864B012208201A7030
:10BCB000FFF754FBA10505D5824B002210201A7016
:10BCC000FFF74CFB62050CD57E4B1A784AB1002277
:10BCD0001A70774B0122C3F8082520209A65FFF7D8
:10BCE0003DFB734B784CD3F85C31E3B1714B9B68EF
:10BCF0001BB99AF800305B0615D06D4B0022C3F8D3
:10BD00005C2123686C4A23F0011323603B6823F411
:10BD1000803343F001033B601368042023F00113D8
:10BD20001360FFF71BFB24683B681C4074D0604B1A
:10BD3000D3F82C35002B6FD15E480022002302F08F
:10BD40005FFD002868D114F0012314BF93FAA3F417
:10BD500094FAA4F4B4FA84F40F2C88BFA4F1100868
:10BD6000564B8CBF5FFA88F844F08008186841464B
:10BD700008F024F9009008F065F94FFA88FB08F004
:10BD80000802BBF1000F0346019208F00F0980F290
:10BD90009F80009B058A5B8CC668C3F30A039D42A3
:10BDA00006F0604271D9B2F1005F1D4605D0314600
:10BDB0004648464E1A4609F0D2FE4FF08053012104
:10BDC000D3F83031082B02BF394B8222C3F81C2C28
:10BDD0003B68019A8AF8008001FA04F423EA04031C
:10BDE0003B60334B002A40F0AB80BBF1000F4FF0BB
:10BDF000140202FB0932A9BF09F10A0903EB890306
:10BE0000C2F80067C2F80457AFBF43F82910C2F860
:10BE10000066C2F80456596005B0BDE8F08F0029ED
:10BE2000BFF6EEAED7E694FAA4F5B5FA85F506FAB4
:10BE300005F345F080052946D8F8000024EA0304FC
:10BE400008F0BCF808F0FEF883462846FFF7C6F86D
:10BE500001460BF10C0004F0A0FCBBF81030002BE5
:10BE60007FF404AF584608F0F8F818B1584608F0C7
:10BE7000F8F8FBE6284608F043FC0146484608F07F
:10BE800086FC0220FFF76AFAF0E6009208F0E5F877
:10BE9000009AB2F1005F034607D0009031460B488C
:10BEA0000A4E2A4609F05BFE009B002B3BD084E73C
:10BEB0000070024034080020902C00209C2C0020B0
:10BEC000702F002098310020942C0020502C00204E
:10BED00008F00801224A71B3D2F8C02412F4803F5E
:10BEE00018BF0022198A53F80C6F039218460E44AB
:10BEF000029304F080FC039A029B904228BF1046F4
:10BF000001460546184604F00FFC009B039A598C25
:10BF1000029BC1F30A01914205D1184604F06BFC63
:10BF200000287FF44AAF0F4901220B68A24023EAA0
:10BF300002030B6041E709F5947152F82120D1E723
:10BF4000BBF1000FB5BFC3F8A066C3F8A067C3F884
:10BF5000A456C3F8A457B4BF596299645CE700BF04
:10BF600000700240942C0020EFF31183202282F312
:10BF70001288BFF36F8F174A12781AB3164AD2F895
:10BF80002C15F9B10021C2F82C154FF08052D2F8CF
:10BF90003021082A05D083F31188BFF36F8F00206A
:10BFA00070470E4AD2F8000CC02140B949F27530F2
:10BFB000C2F8000CC2F8141CC2F8000CEBE7C2F87F
:10BFC000141CE8E783F31188BFF36F8F6FF00A004A
:10BFD000704700BF983100200070024000E006402A
:10BFE00013B50022009211464023044608F0A7F83A
:10BFF000024618B16FF0040002B010BD009040235B
:10C000008021204608F09BF80028F3D153490123F2
:10C010008B60534B4860C860186804F06AF90028C8
:10C02000EADBEFF31184202383F31288BFF36F8FD1
:10C030004C4B4FF40062C3F80024FEF7BBFF08B17D
:10C04000FFF73EF84FF08053D3F83031082B18D16A
:10C05000EFF31180202383F31288BFF36F8F424BDD
:10C06000D3F8001CC022002971D149F27531C3F800
:10C07000001CC3F8142CC3F8001C80F31188BFF314
:10C080006F8F384B0122C3F80025D3F80024120526
:10C09000FBD54FF40062C3F800244FF08053D3F86F
:10C0A0003031082B17D1EFF31180202383F312884E
:10C0B000BFF36F8F2C4BD3F8001C00294AD149F2F3
:10C0C0007532C3F8002CC3F8141CC3F8002C80F39D
:10C0D0001188BFF36F8FFEF76DFF30B1FFF70EF8D9
:10C0E000FEF768FF08B1FEF7EBFF4FF08053D3F87F
:10C0F0003031082B1B4B0AD140F2E372C3F8002801
:10C100004022C3F80428BFF36F8FBFF34F8F802204
:10C11000C3F81C250122C3F83025144B40F2FF124E
:10C120001A60134B00211960124B1960124B1970E1
:10C13000FFF750FC114B1970FEF73CFF08B1FEF7FA
:10C14000DDFF84F31188BFF36F8F002054E7C3F83D
:10C15000142C92E70022C3F8142CB8E73C2C0020E2
:10C160004C2C00200070024000E00640982C00207B
:10C17000942C0020902C0020953100209731002035
:10C18000084B70B5C31A0D4607499B100446594326
:10C190000648402208F017FB2B4601462046BDE822
:10C1A000704018478C2F0020B76DDBB6605D04002F
:10C1B00073B50C4C0C4A4023041B00930D460B46F0
:10C1C0000A49A41061430646094808F028FB011EED
:10C1D00005DA30462B4602B0BDE87040184702B081
:10C1E00070BD00BF8C2F002089480400B76DDBB6FE
:10C1F000605D040010B5EFF31184202383F31288EF
:10C20000BFF36F8F074A136823F00201DB07116049
:10C2100002D4012008F0AEFE84F31188BFF36F8FC3
:10C2200010BD00BFDC2F0020002270B501210446A4
:10C230001046EDF71FFA0F4801F010FA0E4B984226
:10C2400015D101F01BFA26690C49304604F03EF87E
:10C2500000280BDB012535642469084904F11C0022
:10C2600004F034F8002801DBE564002070BD6FF0B5
:10C270000400FBE781C303000000AD0B88690400E4
:10C280007FB500220123CDE9022304ABCDE90433BD
:10C29000094ACDF800D06B46CDF804D008F0EDFA8D
:10C2A000002805DB4FF480420023684602F0A8FA1C
:10C2B00007B05DF804FB00BFA748040030B4104B82
:10C2C0000C2202FB003301460020D3E90E52986392
:10C2D000EFF31180202484F31288BFF36F8F1C6C5E
:10C2E00004F0C00444F002041C6480F31188BFF31E
:10C2F0006F8F1DB12B46034830BC184730BC7047C8
:10C300008C2F0020605D040010B4EFF31182202315
:10C3100083F31288BFF36F8F1748016841F002045E
:10C320000460C80707D482F31188BFF36F8F012020
:10C3300010BC01F0BBB94FF08041D1F80C04D1F82A
:10C340000C14C907EFD5EFF3118083F31288BFF304
:10C350006F8F0A490B6C03F0C00343F002030B64B8
:10C3600080F31188BFF36F8F82F31188BFF36F8F53
:10C37000002010BCFFF7A2BFDC2F00208C2F002074
:10C3800010B1012804D07047034B1B6C5B0701D12F
:10C39000FFF794BF704700BF8C2F0020024AC3B242
:10C3A0001C2003FB002070478C2F0020094BBFF39B
:10C3B0005B8F53E8002F42F0010143E80010002892
:10C3C000F7D1BFF35B8F930702D4012001F06EB960
:10C3D000704700BFDC2F002010B5EFF3118420233D
:10C3E00083F31288BFF36F8F074A136823F00101AC
:10C3F0009B07116002D4012008F0BCFD84F3118872
:10C40000BFF36F8F10BD00BFDC2F00202DE9F0417E
:10C410003849BFF35B8F0746012251E8003F41E8EE
:10C4200000200028F9D1BFF35B8F33B9324933487C
:10C430004B60CB608A6003F05CFF7B1E012B2BD826
:10C44000012F07D14FF08043D3F81C3403F00303CE
:10C45000012B21D009F01AF90546F8B9284B1B78B1
:10C46000E3B14FF080430222C3F808230646DFF809
:10C4700094804FF08044D4F81824D4F81834D203B0
:10C4800015D503F00303012B01D0012F0FD155B3B4
:10C4900086F31188BFF36F8FBDE8F081EFF311864B
:10C4A000202383F31288BFF36F8F0125DFE7ADB13F
:10C4B000304604F09DF8D4F81835002BDBD1D4F8C1
:10C4C0000421002AD7D0C4F80431D4F80431012360
:10C4D000C4F81835C8F88031A360CCE700212120CA
:10C4E00009F07AF9E7E74FF080430222C3F804230A
:10C4F000D2E700BF882F0020782F0020A82F00202F
:10C50000C031002000E100E008B5074808F0F1FD67
:10C5100038B10648EDF7C4FA0448ECF7E1FB002017
:10C5200008BD6FF01200FBE7C05D040031C50300D9
:10C530000A2838B5074D044604D1AB680D215B6865
:10C5400028469847AB6803485B68E1B298472046A5
:10C5500038BD00BFC05D0400EFF31182202383F3D8
:10C560001288BFF36F8F0A4BD3F8001161B100211D
:10C57000D3F80805C3F80011D3F80031C0B282F334
:10C580001188BFF36F8F70476FF00A00F7E700BFA5
:10C5900000D00040F0B5034610469C7893F803C0E5
:10C5A000EFF31182202585F31288BFF36F8F1F7878
:10C5B00093F801E0E41B04EA0C04A04288BFA0B297
:10C5C0003E180CEA06063D461E7082F31188BFF342
:10C5D0006F8F0A188A4216D177450CD1EFF311827A
:10C5E000202181F31288BFF36F8F1978597082F37D
:10C5F0001188BFF36F8F1B79241AA34222BF064B09
:10C6000001221A60F0BD5E190135767901F8016BDF
:10C6100005EA0C05DEE700BF00D00040DB432DE952
:10C62000F04713F001050E46144604D02248FFF7E8
:10C63000B1FFBDE8F0879AB3EFF31188202383F3AD
:10C640001288BFF36F8F0D20EDF706F807460D2017
:10C65000ECF7EEFF88F31188BFF36F8FDFF85CA073
:10C66000DFF85C80CAF80051DAF800314FF4005965
:10C670000123CAF800302546C8F88091DAF8003165
:10C6800083B1FFF769FF031EC8F88091F6DB013D17
:10C69000ADB27355002DF1D117B10D20ECF7BAFFF3
:10C6A0002046C6E7EFF31180202383F31288BFF3FF
:10C6B0006F8F03F09DFFE1E71030002000D00040B5
:10C6C00000E100E02DE9F041124F0D46144607F15C
:10C6D000450814B92046BDE8F0814FF0FF334FF014
:10C6E000FF32384602F08CF8224629464046FFF7D2
:10C6F00051FF0646384602F049F83EB94FF0FF3286
:10C700004FF0FF33044802F07BF8E6E7A41BA4B225
:10C710003544DEE7E02F0020F82F002038B5194C13
:10C7200001221146204608F0C2FE0122002104F138
:10C73000180008F0BCFE40F20743A4F848304FF060
:10C74000706323630C2384F8343000250E4B84F887
:10C750004550A4F84650D3F8042542F00102C3F82E
:10C7600004250121C3F80051D3F80021C3F80413B4
:10C770002A4619600D20ECF77DFF0D20ECF74AFFEB
:10C78000284638BDE02F002000D0004010B5FFF74C
:10C79000E3FE002820DB174B93F8322093F831405A
:10C7A00093F83310141B31EA0404C0B20DD193F88E
:10C7B000472093F8464093F84810141B31EA0404CC
:10C7C0000BD10D4B01225A600EE09C180132114032
:10C7D00084F8350083F8321010BD9C1801321140E6
:10C7E00084F84A0083F847100448BDE8104001F07F
:10C7F000CDBF00BFE02F002000D00040F82F002068
:10C80000F0B516464268107B01F01F0444EA40145C
:10C81000106987B0002872D0B6F5001F02F110052C
:10C8200006D12146284608F025FC002007B0F0BDBF
:10C8300001A80027B6F5800F0197476039D1B3F101
:10C84000007F14BF052304238DF804300023CDE9B5
:10C8500004030393936823FA01F111F001010DF130
:10C8600003073ED1B6F1A07F3BD104F01F0362095C
:10C8700003F5E07328D0012A47D1254A52F8233026
:10C88000DB072ED43A462146284601F0F9F9214B20
:10C8900098421CD0029703AA2146284601F0B0F81E
:10C8A0001D4B98422ED101222146284601F040FA24
:10C8B000BBE7B3F1C06F05D0B3F1007F14BF012314
:10C8C0000223C1E70323BFE74FF0A042D6E7394672
:10C8D000284601F025FA104B9842DBD06FF00B0090
:10C8E000A4E73A462146284601F0CAF90A4B984285
:10C8F000D1D19DF80310284601F00AFACBE76FF07A
:10C90000850093E76FF0150090E751F82330FFDEC4
:10C91000000300500400AD0B0000AD0B420970B5E0
:10C92000034602D0012A17D070BD0D4E32695168FE
:10C930000029F9D003F01F0301250C689D40002950
:10C94000F2D08A682A4002D04B68304698472CB112
:10C95000236821461C46F2E7024EE7E72346F8E744
:10C96000A05D0400805D040038B545682B69B3B153
:10C970001035284601F0C2F9044680B90146284620
:10C9800001F098F9084B98420BD1084922462846F5
:10C9900001F070F9224605210620ECF76BFE00201D
:10C9A00038BD6FF00400FBE70000AD0B1DC90300AC
:10C9B0002DE9F043466840F20635D006337B87B058
:10C9C00002EA050554BFC2F34010032001F01F071F
:10C9D000B5F5837F144647EA43178DF8030045D029
:10C9E0000FD8062D18D007D8B5B1022D40D06FF062
:10C9F000150007B0BDE8F083B5F5807FF7D10125BC
:10CA00000AE040F20222954234D0B5F5407F33D09F
:10CA1000B5F5007FEBD102250123220303FA01F1D2
:10CA20002CD57368C3F80815326982BB07F01F0361
:10CA30007F0929D0012F77D13E4A02EB830284F48B
:10CA40008033D2F80017C3F30043C4F3404444EAF0
:10CA5000430421F4E16144EA800421F0070144EA3F
:10CA600005230B43C2F800370020C2E70725D3E7B0
:10CA70000425D1E70525CFE70325CDE7630344BFB0
:10CA80007368C3F80C15CFE74FF0A042D5E7103616
:10CA90000DF102023946304601F0F2F814F4403F3D
:10CAA00080460CD13946304608F0E2FA224B9845D0
:10CAB000DAD19DF80210304601F02AF9D4E701AB33
:10CAC0004FF0000903AA39463046CDE90439CDE9D3
:10CAD0000199CDF80C9000F093FF174B984286D146
:10CAE00014F4003315D09DF803308DF80E3084F423
:10CAF0008034C4F300444B4603AA394630468DF8CF
:10CB00000C508DF80D4001F037F80B4B9842CDD00A
:10CB10006DE7CDE9043303AA0DF10303394630462E
:10CB2000039300F06DFFF0E703F5E07352F8233054
:10CB3000FFDE00BF000300500000AD0B036803F0F0
:10CB40001F025B09026004D0012B034818BF0020BC
:10CB500070474FF0A0407047000300502DE9F04FA0
:10CB6000DFF89491DFF894A185B01546834600EB79
:10CB7000810140F2FF18594503D1002005B0BDE8FE
:10CB8000F08FDBF800305E04C3F3C322C3F3080464
:10CB900000F1AC801B0E19F80270444508BF4FF03D
:10CBA000FF34222B00F2A580DFE803F012191F22C8
:10CBB000252B22A3A3A3A33B68A3A3A3A3A3A3A35F
:10CBC000A3A36B818487A3A3A38A9194979A9D00C2
:10CBD000C5F80C45601C5ED10BF1040BCBE7C5F822
:10CBE0001445621CF8D000265FE0C5F80845F1E75F
:10CBF000C5F81045F5E7631CC5F80845ECD00026DC
:10CC000004E0661CC5F80C45E6D0012603A8039491
:10CC1000FFF794FF039B012202FA03F3C0F80C35DF
:10CC200008E0C5F80845002FDBD1631CD4D00026EE
:10CC300032460627DBF80030019303F40040002859
:10CC400018BF002203A8009218BF01260394FFF723
:10CC500075FF039C019B009A00EB8400C3F3412CF9
:10CC6000D0F800473B0243EA8C03134304EA0A046A
:10CC7000234343EA4603C0F80037ADE7C5F80C4547
:10CC8000D1E7C5F86045601CDBF80030A4D0C3F3E1
:10CC90000043002BB9D003A80394FFF74FFF039B79
:10CCA000012606FA03F3C0F808353246C2E7C5F894
:10CCB0006445E8E7C5F86845E5E7C5F86C45E2E78F
:10CCC000C5F82445621C87D000220126B2E7C5F8CA
:10CCD00028457FE7C5F83045F4E7C5F83445F1E766
:10CCE000C5F83845EEE7C5F83C4573E76FF0150029
:10CCF00044E76FF0850041E753740400F0F8FCFF4F
:10CD000038B570B1074C084A4FF400450021E0FBEC
:10CD1000054100232046EAF7F3F9BDE8384008F062
:10CD20005BBD38BD3F420F0040420F002DE9F0418E
:10CD3000044647680D4608F0A9FC88B14FF020086A
:10CD4000EFF31186314688F31288BFF36F8F606866
:10CD500008F046F850BB86F31188BFF36F8FEFE7FA
:10CD60001F4B1B78002BE9D04FF020086426606829
:10CD700008F036F870B9012008F0EEF8013EF6D15F
:10CD80000021212008F028FDF0E786F31188BFF389
:10CD90006F8FF5E7EFF31186314688F31288BFF302
:10CDA0006F8F606808F01CF80028EED0BB691D701A
:10CDB0006368BA691B680020C3F844250122C3F8E0
:10CDC0004825C3F82001D3F82041C3F85801D3F80F
:10CDD00058019A6081F31188BFF36F8FBDE8F0812D
:10CDE000C0310020F8B50022054601210220ECF7F1
:10CDF00041FC0220ECF70EFC6C680121E06808F0B1
:10CE000043F86B681A682369C2F82435617D237D75
:10CE10000B43A17D0B43C2F86C356E68D6E9004325
:10CE200013F001033CD02F6907F10C0008F0A0F8C3
:10CE30002A4B98424ED1387B04F10C0204F59071D4
:10CE400008F08CF8387B012707FA00F000F09EFB11
:10CE50000823C4F80035B369C4F844350023C4F886
:10CE60004835A760D4F85831002BFBD00021C4F816
:10CE700000156D682C68E86808F006F80823C4F807
:10CE800000352A7A52B9EB69C4F834350123C4F865
:10CE90003835C4F81021D4F8102123600020F8BDE3
:10CEA0000822C4F80025B269C4F84425C4F84835FE
:10CEB0000123A360D4F82031002BFBD00023C4F859
:10CEC0002031D4F820310123E3604FF48073C4F89B
:10CED0000433C7E76FF00400E1E700BF0000AD0BCB
:10CEE00070B5012383400E4ABFF35B8FDC4352E8E9
:10CEF000001F01EA040542E80056002EF7D1BFF3F7
:10CF00005B8F4FF4803282400648C0F80823BFF39D
:10CF10005F8FBFF36F8F0B4214BF0120002070BDE5
:10CF2000803000200010014070B40E49D1E9003477
:10CF3000D01AC31844F1000422F07F46C1E900343E
:10CF4000A6F50013B3F5400F09D2074B1B681A0A68
:10CF50001B069C19054B42F10005C3E9004570BC56
:10CF600002F0C2BB80100020843000208810002016
:10CF700011B3BFF35B8F0123104A834052E800CF07
:10CF80004CEA030C42E800C10029F7D1BFF35B8FE4
:10CF90000B4A4FF480338340C2F80433094BBFF38C
:10CFA0005B8F1B68BFF35B8FC340DB0742BF064B41
:10CFB0004FF40032C3F80021704700BF80300020DA
:10CFC000001001407C30002000E100E00D4B1868AB
:10CFD000010A0006BFF35F8F0B4BD3F80435181816
:10CFE00041F10001B3F5801F0AD2084BD3E90023B9
:10CFF000904271EB030303D210F1807041F1000104
:10D00000704700BF843000200010014088100020CD
:10D010002DE9F04F85B016461F469DF840A0044606
:10D02000FFF75EFF0190FFF7D1FFB04271EB0703FE
:10D0300054D23E4B301A67EB0101984271F1000166
:10D040004FD23B4B03EB0413D3E902239F4208BFAB
:10D0500096425ED037494FF4803804F1500508FA03
:10D0600004F8AD00C1F848832046ADB207F067FF71
:10D0700026F07F4B05F1804504F5A87305F588354A
:10D08000DC464FF003090293029A2CF07F4341F8EB
:10D090002230C1F84483D1F80435274A6FF00200EA
:10D0A000C01A604420F07F40904232D9286868B1AD
:10D0B000D1F804350393A3EB0B0020F07F40B0F5CB
:10D0C000000F26D9204607F03AFF039BBAF1000F64
:10D0D00007D109EB030C09F10109D5E7BAF1000FFB
:10D0E00009D06FF0150520460199FFF741FF28464A
:10D0F00005B0BDE8F08F0123104ABFF35B8FA3405A
:10D1000052E8000F184342E800010029F8D1BFF3AC
:10D110005B8F07490E98230101EB0412C8500F9B47
:10D120005360C2E902670025DDE700BF010080000F
:10D130007010002000100140FDFF7F007C300020B7
:10D140007FB51C4C1C4BC4F80833C4F848331B4B48
:10D1500000254FF0FF304FF0FF31C4F80855C3E908
:10D1600002014FF48033C4F80433154B02264FF408
:10D1700000320121C4F804631120C3F880212A463B
:10D18000ECF778FA1120ECF745FA0E4A0123A36078
:10D19000236013600C4B0D4A0093CDE90155002329
:10D1A0002846FFF735FF3046FFF730F9284604B030
:10D1B00070BD00BF0010014003000F007010002080
:10D1C00000E100E08030002029CF0300FFFF7F0056
:10D1D0002DE9F7432F4CD4F8043399070BD5D4F835
:10D1E000043143B12C4A0023C4F80431D4F804318B
:10D1F000136801331360D4F80433DA0329D5BFF37D
:10D200005B8F264B53E8002F22F0010143E800100A
:10D210000028F7D1BFF35B8FD30702D4D4F8403195
:10D22000BBB10025C4F84051D4F84031FFF7CEFE21
:10D23000EFF31182202383F31288BFF36F8F184B13
:10D24000D3E90267B042B94106D282F31188BFF335
:10D250006F8F03B0BDE8F0834FF0FF384FF0FF3918
:10D26000C3E90289D3E900101D604FF48033C4F88C
:10D270004833C4F84051D4F8403182F31188BFF3E9
:10D280006F8F0029E5D0009032463B4628468847FC
:10D29000DFE700BF00100140843000207C30002018
:10D2A0007010002030B5431C124C85B005D084426C
:10D2B000A8BF0446012CB8BF0124FFF787FE0E4B20
:10D2C0000C4DD3E90013401AB0F5000F10D222180C
:10D2D000AA4228BF2A4652184FF000000749009181
:10D2E000CDE9010043F10003FFF792FE05B030BD28
:10D2F0002A46F0E7FFFF7F008010002029CF0300BF
:10D3000008B5FFF763FE024B1B68C01A08BD00BFDB
:10D31000801000204FF08053D3F83021082A06D126
:10D32000D3F83431052B02D8024AD05C7047002074
:10D33000704700BF94740400024AD2F80034002BF6
:10D34000FBD0704700E0014010B54FF08053D3F898
:10D350003021082A4ED14FF080420021C2F80C1132
:10D36000C2F81011C2F8381502F54042D3F804147F
:10D37000C2F82015D3F80814C2F82415D3F80C14F9
:10D38000C2F82815D3F81014C2F82C15D3F81414C9
:10D39000C2F83015D3F81814C2F83415D3F81C1499
:10D3A000C2F84015D3F82014C2F84415D3F8241459
:10D3B000C2F84815D3F82814C2F84C15D3F82C1429
:10D3C000C2F85015D3F83014C2F85415D3F83414F9
:10D3D000C2F86015D3F83814C2F86415D3F83C14B9
:10D3E000C2F86815D3F84014C2F86C15D3F8443469
:10D3F000C2F87035FFF78EFF18B13A4B3A4AC3F8BE
:10D400008C26FFF787FF18B1384BFB22C3F818258D
:10D41000FFF780FF70B14FF080414FF08053D1F89B
:10D42000E42ED3F8583222F00F0203F00F03134317
:10D43000C1F8E43EFFF76EFF20B12D4B4FF40072B0
:10D44000C3F840264FF08053D3F83031082B1AD15F
:10D450004FF08043D3F80024D20744BF6FF001029D
:10D46000C3F800244FF08053D3F83431052B02D891
:10D47000204AD35C3BB14FF01023D3F808224FF081
:10D480008043C3F858254FF01023D3F80022002A18
:10D4900003DBD3F80432002B22DA174901234FF0C3
:10D4A0001020C1F804351224FFF746FFC0F80042EF
:10D4B000FFF742FFC0F80442FFF73EFF0023C1F828
:10D4C0000435FFF739FFBFF34F8F0C490C4BCA6887
:10D4D00002F4E0621343CB60BFF34F8F00BFFDE760
:10D4E00010BD00BF005000404881030000F0004024
:10D4F000009002408E74040000E0014000ED00E066
:10D500000400FA0530B50468CCB1BFF35B8FB4FA00
:10D5100084F3C3F11F03DBB201229A4024EA020222
:10D5200050E8005FA54204D140E8002CBCF1000F98
:10D53000F6D1BFF35B8FE6D102480B7030BD0248D5
:10D54000FCE700BF0000AD0B0200AD0B10B5036897
:10D55000CB40DB0714D401238B400268BFF35B8F01
:10D5600043EA020150E8004F944204D140E8001C15
:10D57000BCF1000FF6D1BFF35B8FEED1014810BDB7
:10D580000148FCE70000AD0B0400AD0B014BC3F8F4
:10D590000405704700F00140F7B50546F8B10128D1
:10D5A0001BD104224FF4807301464FF080400344A6
:10D5B0000244C0F808130026012111601E608D424C
:10D5C0001B688DF8071008BF0DF1070642F21074B2
:10D5D0004FF0804745B1012D29D003B0F0BD0C229A
:10D5E0004FF482730221E0E7D7F8183403F4803354
:10D5F00066B9002BF1D0012007F0AEFC013CF3D15D
:10D60000EBE707F0A9FC013CE4D1E6E7D7F81824E2
:10D6100002F003023260002BDFD09DF807000128E2
:10D62000EFD0012DD9D10C4B00225A71D5E7D7F894
:10D630000C3403F480333EB9002BF4D0012007F002
:10D640008BFC013CF3D1C8E7D7F80C2402F00102AF
:10D650003270002BE1D1E6E788300020044B1A79C4
:10D6600022B9012218609A80024870470248704728
:10D67000883000200000AD0B0C00AD0B08B5094B45
:10D680001B682BB10020EBF7E7FF08B9EBF7C2FFEF
:10D690004FF080430022C3F81825034B01221A7073
:10D6A00008BD00BF88300020BE31002010B510B189
:10D6B000012843D010BD4FF08043D3F81814D3F89D
:10D6C0001824C80321D502F00303012B04D013B1A1
:10D6D0000020FFF761FF00234FF080420220C2F8D4
:10D6E000183508224FF4827303F18043002119603A
:10D6F00002F180421C6801241460154A12680AB3C2
:10D700004FF08043C3F80403D4E7D3F81424D107BF
:10D71000E1D5D3F81C249207DAD40D4A12681AB165
:10D720000222C3F80423C5E7D3F80421002AFBD062
:10D730000022C3F80421D3F80431BBE700224FF4E0
:10D740008073D1E71A68002AFCD019601B68B1E722
:10D7500088300020F8B54FF080431C4ED3F80443C6
:10D760000125002704B9F8BDB4FA84F0C0F11F0008
:10D77000830003F580739BB203F1804305FA00F246
:10D78000196892B224EA02040029EBD01F601B68DA
:10D790004FF08043012AC3F8082305D0022A08D09D
:10D7A0003368C0B29847DDE77379002BDAD1727124
:10D7B000F6E7D3F81814D3F818148907F0D1C3F892
:10D7C0001855C3F804239D60CCE700BF88300020C3
:10D7D000036803F01F025B09026004D0012B0348B9
:10D7E00018BF002070474FF0A04070470003005062
:10D7F000034A430900F01F00D35C1844C0B27047CD
:10D800009A74040070B50546FFF7F2FF0C4C08301F
:10D810000E4634F81030DA0508D5C3F3432304EB81
:10D82000C302284654F8333052689847A3682BB196
:10D83000E26831462846BDE87040184770BD00BF19
:10D840009030002008B5FFF7D3FF034B083033F8C2
:10D850001000400B08BD00BF9030002008B5FFF756
:10D86000C7FF034B083033F81000C0F3400008BD79
:10D870009030002008B5FFF7BBFF034B083033F8AA
:10D880001000C0F3401008BD90300020034611F096
:10D89000010010B5CCB20DD1A207C4F3400012D5DF
:10D8A000094AD2F820055860C2F82005003818BF90
:10D8B000012008E04FF0A041D1F820251A60C1F8FE
:10D8C0002025002AE8D010BD0003005010B5FFF756
:10D8D0008FFF124A083032F81030D9051CD5C3F337
:10D8E000432123F4F85322F8103002F10E040020F3
:10D8F00034F8023F13F4807F03D0C3F343239942EB
:10D900000AD001303028F3D1002342F831300448E6
:10D91000BDE81040FFF71ABE10BD00BF90300020D8
:10D920000831002001F18051F0B501F5C2510446E3
:10D93000114A00208900012506468A420BD10F4B6F
:10D94000D3F87C2132B10022C3F87C21D3F87C319A
:10D9500040F00040F0BD02F14043A3F5C2439B08F4
:10D9600005FA03F31C4204D0176817B11660176854
:10D9700018430432E1E700BF00610040006000404E
:10D98000F7B506460846FFF733FF194F00F10805C3
:10D990000C4637F81530DB0727D5304607F044FB37
:10D9A0002046FFF767FF40B12046FFF74BFF316885
:10D9B00000F5A270002341F820302046FFF786FFD3
:10D9C000002301A827F815300194FFF701FF019B00
:10D9D00000EB8300074BD0F80027134043F002030D
:10D9E000C0F80037044803B0F0BD0448FBE700BFAF
:10D9F00090300020F0F8FCFF0000AD0B0400AD0BF0
:10DA00002DE9FF41164680460846FFF7F1FE0C4619
:10DA10003168054609B32046FFF720FF18B12046BC
:10DA2000FFF728FF10BB0023CDE900338DF80E303F
:10DA30008DF80F300DF10F020B4620460DF10E014F
:10DA400007F09AFA484A05F1080132F8113023F03C
:10DA5000020343F0010322F8113073685BB32046E0
:10DA60001F785968FFF7FAFE10B1C9B13F4825E0A9
:10DA70003D4A05F1080C32F81C3023F02003DB048A
:10DA8000DB0C22F81C3059B1032FEFD87168D8F89D
:10DA9000000049680978A7B901F5A27140F8217022
:10DAA000314A05F1080132F8113023F01C0343EA32
:10DAB000870322F81130B3686BBB2D4804B0BDE872
:10DAC000F08100EB810043EA4133D0F810E52EF0FD
:10DAD000030EC0F810E5D8F8000000EB810E43F00B
:10DAE0002003DEF8100522F81C3020F44F3020F41B
:10DAF0004070CEF810052002DEF8108500F47C504E
:10DB000040EA074040EA0800CEF8100502EB410069
:10DB1000A0F87C40C4E7D3E900672046FFF7D6FEB3
:10DB2000002ECAD0104CD4E90023964203D19F4264
:10DB300001D1002209E00F480DF10F01FFF7E2FCCF
:10DB40000B4B9842BAD19DF80F2044F8326004EB99
:10DB5000C20308355F6034F8153043EA422343F4CA
:10DB6000807324F81530A8E7903000200400AD0B36
:10DB70000000AD0B083100202DE9F0430C4685B0C4
:10DB80008046204611461E46FFF732FE054629B361
:10DB90002046FFF763FE18B92046FFF76BFE18BB5F
:10DBA000314F05F1080937F8193013F01C0F02D076
:10DBB0004B78012B18D001238DF80F300023CDE9CD
:10DBC00000134A1C8B1C20460DF10F0107F0D4F9FD
:10DBD00037F8193043F0030327F81930002E41D0ED
:10DBE0002046FFF73BFE18B9204805B0BDE8F0839A
:10DBF00096F800C0D8F800301B4F0CF5A272002137
:10DC000043F8221005F1080237F8121021F0200124
:10DC1000C904C90C27F8121075781DB3D8F8000094
:10DC2000B67800EB8C002D04D0F8103523F499134E
:10DC300023F4F853C0F81035230203F47C5305F4A1
:10DC400040353605D0F810E52B4306F4801641EA3E
:10DC50004C31334341F0200143EA0E0327F8121000
:10DC6000C0F810350248C0E7903000200400AD0B2A
:10DC70000000AD0B014BC3E9021270479030002049
:10DC800010B508461446FFF7F5FD50B10846FFF7FA
:10DC9000AFFD054B083033F8103004485B0B2370A0
:10DCA00010BD0348FCE700BF903000200000AD0B22
:10DCB0000400AD0B70B50E4C94F88C500646A5B917
:10DCC0006022294604F1100007F071FF3068C0F8A7
:10DCD0007C51D0F87C3140F30730EBF79BFC0123FB
:10DCE000044884F88C30A36770BD0348FCE700BF8C
:10DCF000903000200000AD0B0C00AD0B034B93F8EF
:10DD00008C00003818BF0120704700BF9030002001
:10DD10000079024B03EB8000FFF718BCDC06002003
:10DD20000079024B03EB8000FFF7ECBBDC06002020
:10DD3000F7B5054608461646FFF79CFD0C462968D0
:10DD4000F0B12046FFF78AFD0746C8B92046FFF725
:10DD500079FD04B2A40004F580728F508A582968B6
:10DD60002144D1F8102542F00102C1F810252EB14E
:10DD70002968012202FA00F3C1F8043303B0F0BDB0
:10DD8000D1F80433002BA4BF4FF00043C1F8043393
:10DD90002046FFF72DFD0F4B083033F81030C3F34A
:10DDA0008203042B12D0052B12D001A80194FFF797
:10DDB0000FFD019AD0F81035D34003F00103991CF0
:10DDC000204603B0BDE8F04007F01FB90321F7E794
:10DDD0000221F5E7903000202DE9F04F654BD3F894
:10DDE0000403C0B287B0082140F00040FFF79AFD5D
:10DDF000051E2BDA0023032104A8CDE90433FFF725
:10DE000045FDDFF874A10DF110084FF000094FF047
:10DE1000010B1AF8013B5949DA0803F007038A5C41
:10DE200022FA03F3DA071CD408F10408B9F1000F51
:10DE300014D000214FF00040FFF774FD032104A827
:10DE4000FFF724FD0028DCD125F00045494E4C4F5A
:10DE50000124002D78D107B0BDE8F08F4FF0010903
:10DE6000D7E7484B4B440093D8F800100029DBD08B
:10DE7000009B91FAA1F11C78B1FA81F141EA4414B6
:10DE80002046FFF7B5FC3E4B0394083033F8107082
:10DE9000C80801F0070118F800200BFA01F122EA86
:10DEA0000102BB0808F8002003A80193FFF790FCCB
:10DEB000039A019B02F5E072C7F3820650F8222014
:10DEC0005B073746C2F3014223D520463946D6B216
:10DED000FFF798FC03A80394FFF77AFC039B03F574
:10DEE000E07350F82330C3F301439E4207D1002171
:10DEF000204607F08AF83146204607F086F803A846
:10DF00000394FFF765FC039B0BFA03F3C0F820357D
:10DF1000AAE7022A0CD10321204607F076F806F082
:10DF20000503012BEBD139462046FFF76BFCE6E7F2
:10DF300002212046019207F068F8032EF3D0019ADF
:10DF4000032ADCD1022EEDE795FAA5F3B3FA83F3A9
:10DF500004FA03F225EA020503F5A27207EB430374
:10DF600056F82210B3F87C00C1F30141FFF74AFCD8
:10DF70006FE700BF00600040AA740400846A0400D8
:10DF800090300020AA74040010B5184C237853BBBD
:10DF90000278C2F34003920712D54FF08053D3F8B2
:10DFA0003021082A0BD1D3F83431052B07D8104A79
:10DFB000D35C23B14FF080430122C3F838260123FC
:10DFC0004FF08042C2F88035037803F00103C2F8B5
:10DFD00078350020EBF740FB08B9EBF71BFB01237A
:10DFE0000448237010BD0448FCE700BFBF31002087
:10DFF000AC7404000000AD0B0C00AD0B4FF080437F
:10E000004FF46072C3F80823014B00221A60704776
:10E010002031002008B5FFF7F1FF03680BB1014A7A
:10E02000136008BD2031002010B54FF08043D3F8B5
:10E030000443620707D54FF4847007F01DF810B150
:10E040001E4B1B689847A30608D54FF48A7007F04B
:10E0500013F818B11A4B00201B689847600608D5C2
:10E060004FF48C7007F008F818B1154B01201B68AD
:10E070009847210608D54FF48E7006F0FDFF18B1C1
:10E08000104B00201B689847E20508D54FF49070AC
:10E0900006F0F2FF18B10B4B01201B689847A3054F
:10E0A0000AD54FF4927006F0E7FF28B1054BBDE8A2
:10E0B00010401B680220184710BD00BF2831002007
:10E0C000243100202031002001460148FFF71ABA10
:10E0D000E006002038B5EFF31185202383F3128882
:10E0E000BFF36F8F064B9C6807F016F885F3118815
:10E0F000BFF36F8F2046BDE83840EBF731BA00BF61
:10E100002C31002038B50A4B53F82040013053F829
:10E110002050A54200D838BD606830B1037FDB07CE
:10E1200001D406F0CEFF0834F3E723689847FAE7F6
:10E13000886A040070B52A4B2A4C2B4D012286B008
:10E1400003201A70FFF7DEFF01F0D4FB0420FFF775
:10E15000D9FF2646AE4204F1300410D300F0D4FFBC
:10E16000204C224EAC4226D300F0E2FFEAF75AFDE3
:10E170001F4A137B23F00103137306B070BD54F8DC
:10E180000C3C059354F8103C049354F8143C03934E
:10E1900054F8183C029354F81C3C019354F8203C6A
:10E1A000009354E90A2354E90C0100F08DFD54F862
:10E1B000303C5E65CDE7D4E90A23B3F1FF3F08BFE9
:10E1C000B2F1FF3F05D052EA0301206803D101F00C
:10E1D0006BF83034C6E73146183001F0F5F9F8E74E
:10E1E000C031002020600400206004009957040022
:10E1F0002011002070B5164E164D1749902386B099
:10E2000003FB006601220023CDE904230F22CDE9A0
:10E2100002320193142303FB005504464FF4C070EF
:10E2200000FB04110D4B00954FF4A072304600F036
:10E230004BFD737B0A4AEE6023F0040373734FF4C3
:10E24000046304FB033313442C746B6006B070BD8D
:10E25000901000202C310020804B00208F520400B1
:10E2600040430020BFB50020FFF74CFF284B83F34D
:10E270000888284C284F636943F4007363610025C4
:10E28000E02384F82230E57725766576A57684F854
:10E290002050636A43F4E023636284F82350EBF771
:10E2A0002DF9EBF77BFA4FF0FF33A362E362EBF754
:10E2B0003BFBEBF797FA1948194C00F081FD012060
:10E2C000FFF720FF0220FFF71DFF00F065FF154B51
:10E2D00015495C61154B05930123CDE903534FF4B8
:10E2E00080623B46CDE901550095204600F0ECFCEC
:10E2F000627B064622F004022046627307F009FAA8
:10E300002846FFF777FF3A4631462046EBF726FAD4
:10E31000804B002000ED00E035E10300601200209A
:10E32000201100202C310020004D0020B274040088
:10E3300038B5064C064DAC4201D3002038BDD4E9B7
:10E340000112204606F02DFF1434F4E7F0070020F8
:10E350000408002030B585B0DDE90845034B029381
:10E36000CDE9004506F0DBFE05B030BD69000400D4
:10E3700038B5064C064D0020AC4200D338BD2046CF
:10E3800006F033FF0028F9DB1C34F5E78007002096
:10E39000F007002073B50C46EFF31181202585F3BB
:10E3A0001288BFF36F8FC5685DB125602B68C360AD
:10E3B000836901338361002081F31188BFF36F8F7C
:10E3C00011E052EA030603D125606FF00B00F3E77A
:10E3D000CDE900230246083000F0DCFD18B9034BFC
:10E3E0009B681B69236002B070BD00BF2C31002008
:10E3F0002DE9F34104460E469DF8200004F108087B
:10E40000EFF31187202181F31288BFF36F8F256A04
:10E41000E1688D4246D22568AC4218D0BDB128468D
:10E4200006F040FF05F1180007F053FAA2682869CA
:10E43000314607F094FB0023C5F88C30284607F0DE
:10E4400068F94046394600F039FE002037E0A268FE
:10E45000D8B1E069314607F082FBE369A268134452
:10E460006269E361934201D12369E361236A013365
:10E470002362102104F1240007F0E0FA0028E0D123
:10E4800087F31188BFF36F8F19E0A169236999425F
:10E4900004BF6369A361A069801AA061314607F0D7
:10E4A0005EFBE3E752EA03010CD008498968404665
:10E4B0000E61CDE900233946224600F06BFD02B023
:10E4C000BDE8F0816FF02200DAE700BF2C310020B8
:10E4D000F7B5044604F108070846EFF3118620213A
:10E4E00081F31288BFF36F8F216A00293AD0A268A6
:10E4F000A16907F034FBA369A26825681344626927
:10E50000A361934204BF2369A361236AAC4203F170
:10E51000FF33236234D02846002D32D006F0C2FEED
:10E5200005F1180007F0D5F9A2682969E06907F03C
:10E5300016FBE369A26813446269E361934204BF76
:10E540002369E361236A0133236200242846C5F866
:10E550008C4007F0DEF83846314600F0AFFD20462B
:10E5600003B0F0BD52EA030110D00A49896808617E
:10E57000CDE9002331462246384600F00BFDEFE797
:10E58000002086F31188BFF36F8FE9E76FF0220058
:10E59000F7E700BF2C3100202DE9F3410446174670
:10E5A0001E46EFF31188202383F31288BFF36F8F89
:10E5B000C368334A7BB180689168884219D057EAB2
:10E5C000060318D188F31188BFF36F8F6FF00F0027
:10E5D00002B0BDE8F081916891F90E10216101331C
:10E5E000E3609368A36088F31188BFF36F8F002006
:10E5F000EEE72169F2E791F90E1090F90E30994299
:10E60000A8BF19466FF07E029142B8BF11468B42F7
:10E610002DDD06F05BFE0546CDE900761948224661
:10E62000414600F0B7FC0028E1D0EFF3118620232B
:10E6300083F31288BFF36F8FA068D0B1236821697C
:10E640009C420AD04BB193F90E309942A8BF1946AB
:10E650006FF07E039942B8BF194606F037FE40B10D
:10E660000848314600F02AFD6FF00A00B0E70025A7
:10E67000D2E7002DF4D186F31188BFF36F8FF3E753
:10E680002C310020C1310020F8B583680546002BED
:10E6900040D0234A926893423FD1C368012B03D9EB
:10E6A000013BC3600020F8BDEFF31187202383F303
:10E6B0001288BFF36F8F0169806806F007FE2C682F
:10E6C000A54207D10023C5E9023387F31188BFF3C0
:10E6D0006F8FE7E7002CF5D0D4E9003213605A6061
:10E6E000637B002623F002036373C4E90066A6601F
:10E6F00004F1180007F0EDF8AC6094F90E302B61CE
:10E700002046C4F88C6007F004F80648394600F04B
:10E71000D5FCC7E76FF01500C5E74FF0FF30C2E743
:10E720002C310020C131002037B51146EFF311859F
:10E73000202282F31288BFF36F8F04689CB1236894
:10E74000426823F003039442036008BF4360012141
:10E75000204606F048FE044685F31188BFF36F8F0C
:10E76000204603B030BD51EA0302F5D000F10802A3
:10E77000CDE900131046294600F00CFC0028EFD12B
:10E78000014B9B681C69EBE72C31002070B5EFF35F
:10E790001186202383F31288BFF36F8F0468A04291
:10E7A0001BD0D4B1D4E9003213605A60637B0025DA
:10E7B00023F00203C4E900556373A56004F1180057
:10E7C00007F087F8C4F88C50204606F0A2FF3146C7
:10E7D0000A48BDE8704000F071BCD0E902329A42AC
:10E7E00018BF013383600221103007F027F9002899
:10E7F000EDD186F31188BFF36F8F70BDC13100205A
:10E8000013B5EFF31181202484F31288BFF36F8FC7
:10E81000846844B1013C846081F31188BFF36F8F39
:10E82000002002B010BD52EA030406D181F3118822
:10E83000BFF36F8F6FF00F00F3E7CDE900230246BF
:10E84000014800F0A7FBECE7C13100202DE9F843B7
:10E850000546EFF31188202383F31288BFF36F8FEF
:10E86000002637466FF00A092C68A54216D0ACB1D5
:10E87000D4E9003213605A60637BA76023F002037F
:10E880006373C4E9007704F1180007F022F8C4F8B4
:10E890008C90204606F03DFF0126E5E70023AB60A3
:10E8A000022105F1100007F0C9F830B92EB988F33C
:10E8B0001188BFF36F8FBDE8F88341460248BDE879
:10E8C000F84300F0FBBB00BFC131002007B5074B88
:10E8D0000093074907484FF0FF334FF4806200F080
:10E8E0004FF9002003B05DF804FB00BFA06A0400EC
:10E8F00040510020B01100202DE9FF414F4E044649
:10E900002027EFF3118887F31288BFF36F8FD4F8B5
:10E910009450F5B9022104F1AC0006F0D8FD0028AE
:10E9200068D004F1A40500220121284606F075FFF5
:10E930000028F8D1002302934FF0FF324FF0FF334D
:10E94000CDE90023414604F19C023D4800F076FDEC
:10E95000D7E7D4F898202B68C4F89430954208BFC4
:10E96000C4F89830D4F8AC3043F00203C4F8AC30AB
:10E97000EB6823F0040343F00103EB606B6888F35A
:10E980001188BFF36F8F28469847EFF3118887F3FC
:10E990001288BFF36F8FEB68D80623F0010236D4DC
:10E9A000EA60EB689A0716D5306823F00203EB6043
:10E9B00088B10368002170B14268954235D103687F
:10E9C00069BB72683360824200D17360002340F8F3
:10E9D000083BFFF7DBFED4F8AC3023F00203C4F8A9
:10E9E000AC3088F31188BFF36F8FDB0589D400F05A
:10E9F000DBFB86E7D4F8AC30D9069BD5C4F8AC0075
:10EA000088F31188BFF36F8F04B0BDE8F08123F065
:10EA10001103EB6005F11000FFF7B8FEC1E70B60D2
:10EA20007368834208BF7160D0E723B11A6801465A
:10EA300018461346BFE71A46F9E700BF4C310020DD
:10EA4000C1310020F8B5C3689A0704460F46C3F3E6
:10EA500040062ED45B071CD40B680BB983680B608F
:10EA6000E368DD0744BFA3683B603D684CBF0226F6
:10EA70000126002D3CD0204B9A68D5F890309A4260
:10EA80000AD0D5F8AC30D807C3F3800214D46FF0A5
:10EA9000120600233B6025E006F0F8FDD5F8AC3007
:10EAA0000028F0D1D907C3F3C002F0D552B15B07FB
:10EAB00008D46FF00F06ECE7002AFAD1C3F3C003C5
:10EAC000002BF6D100232360D5F8983063B9C5E94F
:10EAD0002544284606F016FDE36843F00403E3608E
:10EAE0003B68A3603046F8BD1C60C5F89840F0E76D
:10EAF0006FF01506CDE700BF2C310020F8B5C368D4
:10EB000003F00503002B06460C4614BF012700271F
:10EB10001CD085680122002104F1100006F0C7FC1A
:10EB20001349204606F046FDE36843F01003E36016
:10EB3000F3685B0712D5336823606BB9D5F898305A
:10EB400033B9C5E92544284606F0DCFC3846F8BD53
:10EB50001C60C5F89840F6E73460F4E7D5F89430C7
:10EB60002360D5F89830C5F89440002BEBD1F0E73E
:10EB7000E55404000146014806F038BDB0110020FC
:10EB8000F0B589B004460020C4E925000E9D04F1CB
:10EB90009C00C4E9270004F1A400C4E9290055B38E
:10EBA0002879002840F2011008BF0120C4F8AC0009
:10EBB00000204FF0FF364FF0FF37CDE90330CDE9AD
:10EBC0000100CDE906670D4B0094204600F0CCF81B
:10EBD00055B1296811B1204606F05EFD6B791BB175
:10EBE000237B43F001032373204600F05DFBC4F850
:10EBF000904009B0F0BD0120D8E700BFF9E803005C
:10EC000037B501900846EFF31184202181F3128873
:10EC1000BFF36F8FC16811F01E0F16D153EA0205C2
:10EC200008D101A9FFF70EFF84F31188BFF36F8F9E
:10EC300003B030BD41F00801C1600199816204490F
:10EC4000103000F0C1FC0120EEE70020ECE700BF2F
:10EC50007955040001460148FFF7D2BFB0110020EA
:10EC6000F7B50C46019016461D46EFF31187202399
:10EC700083F31288BFF36F8F084606F034FC55EA21
:10EC8000060309D101A92046FFF7DCFE87F31188AE
:10EC9000BFF36F8F03B0F0BDE368074943F008038B
:10ECA000E360019BA36232462B4604F1100000F0A2
:10ECB0008BFC0120EAE700BF7955040001460148BA
:10ECC000FFF7CEBFB01100202DE9F043073285B029
:10ECD00022F007020E461F461099017300F15803F7
:10ECE0007F32C0E916330446002322F03F0204219C
:10ECF000836041733F2A0F98A073C4E90633E3731E
:10ED000006F14009A2F1400805D883F31188BFF34A
:10ED10006F8F084602DFB51829462046EAF7CEF97C
:10ED200007300E9B20F00700E067C4E91D980293AE
:10ED30000D9B01932D1A0C9B00932A463B463146AE
:10ED40002046EAF7D9FC0023636584F87030054B50
:10ED50009B680BB1D3F88030C4F88030284605B0EA
:10ED6000BDE8F0832C310020F0B587B00025059573
:10ED7000109D04950F9D03950E9D0295DDE9127679
:10ED80000D9D01950C9D00950446FFF79DFFB6F182
:10ED9000FF3F08BFB7F1FF3F05D056EA070305D193
:10EDA000204600F081FA204607B0F0BD3A463346CF
:10EDB00004F11800014900F007FCF4E7995704003A
:10EDC00040F2011383810023C0E91D33C0F8803075
:10EDD000014B9860704700BF2C3100200A4A9368AD
:10EDE0006FF00A01C3F88C100849C3F888004B681B
:10EDF00043F080534B60002383F31188BFF36F8F80
:10EE00009368D3F88C0070472C31002000ED00E0AF
:10EE100070B590F90D20437B002A36DBD90634D13A
:10EE20001B4C63F07F032246437352F8183FE1699D
:10EE3000934207D1C0E900210860E06111E09942E6
:10EE4000F8D01B68002BF5D090F90E5093F90E60A6
:10EE5000B542F4D0AE42F2DD5968C0E90031086035
:10EE60005860A569954200D005B9E568A3685A7B4A
:10EE7000D20604D1DA897F2A01D9AA6932B1AB421C
:10EE800002D0284600F01AFB656170BD6361FCE7A3
:10EE90002C31002038B590F90D20437B002A014623
:10EEA00004DA03F07F03437306F0F9FB0D4D2A46A5
:10EEB000AB6852F8184F944200D004B9EC688B420A
:10EEC00007D05A7BD20604D1DA897F2A01D9A269F8
:10EED0002AB1A34202D0204600F0F0FA23466B612B
:10EEE00038BD00BF2C310020B3F1FF3F08BFB2F1A5
:10EEF000FF3F03D00249183000F066BB704700BFE7
:10EF00009957040070B590F90D20437B002A014603
:10EF100004DA03F07F03437306F0C1FB4B7B1C4C08
:10EF200063F07F0322464B7352F8183FE069934227
:10EF300007D1C1E900200160E16111E09842F8D0F9
:10EF40001B68002BF5D091F90E5093F90E60B54275
:10EF5000F4D0AE42F2DD5868C1E90030016059607A
:10EF6000A569A368954200D005B9E5688B4207D032
:10EF70005A7BD20604D1DA897F2A01D9AA692AB13B
:10EF8000AB4202D0284600F099FA2B46636170BD6F
:10EF90002C310020F8B50E4B0C4611460D4A9868EE
:10EFA0001060DDE90667EFF31182202282F31288F8
:10EFB000BFF36F8F9D68284606F083FB28463246D4
:10EFC0003B46FFF791FF2046BDE8F840FFF706BF3C
:10EFD0002C31002054310020F8B50446EFF311879E
:10EFE000202383F31288BFF36F8F437B03F01F024C
:10EFF000002A0CBF0126002649B239D103F07F0355
:10F00000437306F04CFB2C4D437B817363F07F030D
:10F010002A46437352F8183F934227D1E869C4E95E
:10F0200000200460EC610FE09842F8D01B68002BD0
:10F03000F5D093F90EC06145F6D08C45F4DD5968E2
:10F04000C4E900310C605C60AC69944200D004B942
:10F05000EC68AB689C4202D0204600F02FFA6C614D
:10F0600087F31188BFF36F8F3046F8BDE869DEE79C
:10F070009B071ED5856806F012FB81732B689D42A5
:10F0800009D16B68C4E900531C606C60E8E76A68EA
:10F090009342F6D01B68002BF3D093F90E209142D7
:10F0A000F5D08A42F3DD5A68C4E9003214605C602E
:10F0B000D6E78173D4E700BF2C31002049B9EFF3C4
:10F0C000058030B9054B5A699B689A4201D0FFF719
:10F0D00085BE81F31188BFF36F8F70472C310020FC
:10F0E000034648B9EFF3058232B9064A516992687E
:10F0F000914201D0FFF772BE83F31188BFF36F8F87
:10F10000704700BF2C310020EFF31181202383F3DF
:10F110001288BFF36F8F054B9A68D37B013BD37383
:10F1200081F31188BFF36F8F704700BF2C3100202F
:10F1300070B5EFF31186202383F31288BFF36F8F2E
:10F14000144DAB68DA7B0132DA732A4652F8184F55
:10F15000944200D004B9EC685A7BD20604D1DA8913
:10F160007F2A01D9A2692AB1A34202D0204600F029
:10F17000A5F923466B6186F31188BFF36F8FEFF318
:10F180001180202383F31288BFF36F8FBDE8704096
:10F19000FFF7A6BF2C310020024B03F11802C3E990
:10F1A000062270472C31002070B5EFF31186202322
:10F1B00083F31288BFF36F8F1B4CA168E0690B6863
:10F1C000814214BF1A46002249680B605960A36847
:10F1D000E1692AB9154AC3E900210B60E3610CE03B
:10F1E00093F90E0092F90E50A84218D0854216DD10
:10F1F0005168C3E900210B605360A5690B4B9D4228
:10F2000000D005B9E568A3689D4202D0284600F009
:10F2100055F965613046BDE87040FFF7DFBD8A42B1
:10F22000D8D01268D5E700BF2C310020443100202F
:10F23000F8B550EA010306460C4603D1FFF7B4FFC8
:10F240000020F8BDEFF31187202383F31288BFF36A
:10F250006F8F124D124BA8681860FFF71BFEA8684D
:10F26000104923463246183000F0AEF9AA68537BA5
:10F2700043F00403537304463846FFF7AFFDAB6811
:10F28000D3E90A23B3F1004F08BF002AD8D106F012
:10F2900048FB201A20EAE070D3E700BF2C310020A1
:10F2A000543100209957040038B50446EFF3118516
:10F2B000202383F31288BFF36F8F437B5B070FD547
:10F2C000183006F006FB637B23F0040320466373CB
:10F2D000FFF79EFD29460548BDE83840FFF7EEBE22
:10F2E00085F31188BFF36F8F38BD00BFC131002097
:10F2F000014B9868704700BF2C3100202DE9F8437E
:10F300000446077BEFF31185202383F31288BFF3B4
:10F310006F8F437B190705D585F31188BFF36F8F76
:10F32000BDE8F883D90943F008025DD14273A368B0
:10F3300013B1204606F0BBF904F1180006F0C9FA33
:10F34000A66D04F15808B04511D04FF0000976B110
:10F35000304606F0ACF906F1180006F0BAFAC6F825
:10F360008C903046FFF754FDA66DB045EFD1DFF825
:10F37000C080D8F808309C423ED1EFF30589B9F13E
:10F38000000918BF4FF00109D8F81860294A9642C1
:10F3900000D00EB9D8F80C60B34202D0304600F06D
:10F3A0008DF82046C8F8146001F00BF9B9F1000F90
:10F3B00002D02148FFF704FDD8F808309C4231D133
:10F3C000EFF3058373BB227BD20718D42846FFF7DF
:10F3D00005FDFB07A4D5002383F31188BFF36F8FCE
:10F3E0000423184602DF9BE703F07F0343F0080382
:10F3F000437306F054F99AE74FF00009C4E785F328
:10F400001188BFF36F8F83F31188BFF36F8F0423CD
:10F41000184602DFEFF31180202383F31288BFF335
:10F420006F8FD4E785F31188BFF36F8FD1E700BFEB
:10F430002C3100204431002060120020D3B5DDE9DA
:10F440000667089CCDE90067FFF7A4FD1CB1034BDC
:10F450009B681B69236002B0D0BD00BF2C31002027
:10F46000044BC01A044BC0105843044B01221A54D9
:10F47000704700BFF0120020ABAAAAAAC131002039
:10F48000C3897F2B12D80A4B1B6863B1094B90F9D3
:10F490000E201B689A4209DB437BDB0606D1064B34
:10F4A000C31A18BF012303F0010070470023FAE7D5
:10F4B000E4060020583100209010002070B50E4B5B
:10F4C0000E4C1E7C06EB460304EBC30405462046A7
:10F4D00006F0FFF90A4B002228469A55FFF7D0FFA5
:10F4E00048B1084B08491A68013A2046D317BDE8CD
:10F4F000704000F069B870BD2C310020F01200207F
:10F50000C1310020E406002061F4030038B5EFF3B8
:10F510001185202383F31288BFF36F8F104B114A9C
:10F520009C681068A04206D1FFF7C8FF85F31188D8
:10F53000BFF36F8F38BD00211B7C11600A4AD35C7A
:10F54000002BF3D02046FFF79BFF0028EED0637B13
:10F55000DB0602D12046FFF7D5FC2046E4E700BFDA
:10F560002C31002054310020C1310020024B18689A
:10F57000984208BF00207047E8060020034B1B6834
:10F580000BB9FDF7BDBE0020704700BF5C31002005
:10F5900030B570B10B4B5B6898420AD0036843B139
:10F5A000D3E90421D0E90445121941EB0501C3E96F
:10F5B0000421D0E9003213605A600023C0E900330F
:10F5C00030BD00BFE8060020B3F1FF3F08BFB2F135
:10F5D000FF3F2DE9F84F0446994615461F467AD05D
:10F5E0008160EFF31188202383F31288BFF36F8FBC
:10F5F000B9F1000FDFF8E4A020DBFFF7BFFFDAE985
:10F600000027013549F100092D1849EBE073C4E9E1
:10F610000453AD18064643EB07074FF00109FFF707
:10F62000A5FFDFF8BCE0DEF804A00346EBB9C4E9AF
:10F6300000EACAF80040CEF8044028E0DAE90012F7
:10F640006FF001035B1A4FF0FF3161EB02025B1BAD
:10F6500062EB0902012B72F10001BCBF0123002201
:10F66000C0E904324FF00009D9E7D3E9041CD4E91A
:10F6700004208A4270EB0C0B24DA891A5A686CEB6E
:10F680000000C3E90410C4E9003214605C60FFF7B5
:10F690006DFF84420ED1134B1B685BB9B9F1000FAB
:10F6A00002D1FFF76BFF0646304606F0FBF800215B
:10F6B000FDF7F8FD88F31188BFF36F8F28463946B0
:10F6C000BDE8F88F521A60EB0C009A45C4E904209B
:10F6D000ADD01B68AAE700252F46EFE708130020EE
:10F6E000E80600205C3100202DE9F047EFF311859A
:10F6F000202383F31288BFF36F8FDFF8A490DFF825
:10F70000A480C9F80000FFF731FF00260027D9F8D0
:10F710000030D8E900ECD91750B1D0E90442A34237
:10F7200071EB020A1CDAE41A62EB0102C0E904423E
:10F7300013EB0E034FF000044CEB01012046C8E927
:10F740000031C9F8004006F0ADF82146FDF7AAFDEA
:10F7500085F31188BFF36F8FBDE8F047FFF7D6BE82
:10F7600014EB0E024CEBE473C0E90467C8E9002314
:10F77000FFF70EFF85F31188BFF36F8F83689847FB
:10F78000EFF31185202383F31288BFF36F8FD9F82D
:10F7900000301B1BC9F80030FFF7E8FEB7E700BFD9
:10F7A0005C3100200813002010B5EFF311842023F2
:10F7B00083F31288BFF36F8FFFF7E0FE054A03461D
:10F7C000D2E90001181841EBE37184F31188BFF30B
:10F7D0006F8F10BD0813002038B50346EFF3118575
:10F7E000202282F31288BFF36F8FC16001218160F4
:10F7F0000068834206D185F31188BFF36F8F002420
:10F80000204638BDD0E9003213605A600023C0E9B9
:10F81000003306F0D0F8294604460248FFF74EFCB4
:10F82000EEE700BFC23100202DE9F04385B04FF074
:10F8300000090546CDF8049000F10C07EFF311889C
:10F84000202383F31288BFF36F8F8368594003EA44
:10F8500002060A4053400E4901AACDE9023905F0DB
:10F86000FFFF019C3CB1C4F88C9020460021646EDF
:10F8700005F06FFFF6E7DDE9023223EA02033846BE
:10F88000AB604146FFF71AFC304605B0BDE8F08397
:10F89000015B0400F8B507460C46164605F0F6FE77
:10F8A00008B10020F8BD0E4B9B68D3F88050002DA6
:10F8B000F7D0221DF5D2EFF31184202383F31288B1
:10F8C000BFF36F8F47F004012846B04784F31188D7
:10F8D000BFF36F8F0028E4D040F8045BE2E700BF7D
:10F8E0002C3100200146024A0020FFF7D3BF00BFA1
:10F8F00063000400014800F065BC00BFC074040050
:10F900000CB430B58BB004460D462022002102A86D
:10F9100006F04DF902238DF80A30002D0C4B0393AD
:10F92000069412DB01D06B1E1C440FAA0E9907949B
:10F9300002A8019200F00EF815B1069B00221A7081
:10F940000BB0BDE8304002B070470024EDE700BFC7
:10F95000A55C04002DE9F04F8DB0436802938378D5
:10F9600015469A07804640F10D8100240E78002E3E
:10F9700000F00A81252E0BD04B1C03930134029B0F
:10F980004146304698470028C0F2F6800399EDE7DB
:10F990004E788B1C252E0393F0D00027B946BB462A
:10F9A000BBF11F0F38D8A6F12003102B0AD8DFE8CF
:10F9B00003F02A0909300909092109090928092D33
:10F9C00009091F00A6F13003092B33D92A2E37D19C
:10F9D0001BF0400F55F8043B40F08280002BA7BF7E
:10F9E0004BF0200B9946C3F100094BF0280B01E0C6
:10F9F0004BF0010B039B13F8016B0393002ECFD147
:10FA000030E04BF0020B4BF0040BF3E74BF0080B2C
:10FA1000F0E74BF0100BEDE7BBF17F0F19D8A6F123
:10FA20003003092BD2D81BF0400F03D00A2101FB71
:10FA30000737DFE70A2101FB09394BF0200BD9E733
:10FA40002E2E06D11BF0400F40F09E804BF0400B55
:10FA5000D0E76C2E31D02BD8682E36D06A2E3CD011
:10FA60004C2E3AD0002F46F02003B8BF2BF04002B6
:10FA7000A3F16501BCBF1FFA82FB0027022901D94F
:10FA8000612B2FD1073525F00705DFF8ACA208352B
:10FA900007271BF0080F66D00AEB070B56465E459A
:10FAA00063D1A4EB0A0A06EB0A02A9EB07096FE18E
:10FAB000742E9FD07A2E9DD0D4E71BF0800F18BFF4
:10FAC0004BF4007B4BF0800B94E71BF4807F18BF56
:10FAD0004BF4007B4BF4807B8CE74BF4207B89E775
:10FAE0001F4687E7A6F16301122900F2F080DFE8E4
:10FAF00011F013004F00EE00EE00EE00EE004F009C
:10FB0000EE00EE00EE00EE00EE00FE00E900EE007A
:10FB1000EE001B00EE00AF0055F8043B8DF81830E6
:10FB200001270DF1180AB4E755F804AB834BBAF17D
:10FB3000000F08BF9A461BF0400F14BF39464FF024
:10FB4000FF31504606F04BF80746A2E7029B4146BC
:10FB50002020984700280FDB013EB742F6D34C44E3
:10FB6000A41BB14698E74E46F7E716F8010B029B37
:10FB700041469847002892DA98F8023043F004038F
:10FB800088F802304FF0FF3420460DB0BDE8F08F0A
:10FB90001BF0800F34D01BF4007F2CD0073525F0EC
:10FBA0000705AA4669685AF8080B2BF010050029CA
:10FBB000ADB237DA404261EB410145F480650DF1A9
:10FBC000180B0A235A4606F016F8A0EB0B03019314
:10FBD0006B0662D5019B25F001019F4289B240F37B
:10FBE000A180002E00F0998015F0100240F09C805A
:10FBF000BB460D4623E0AA465AF8040BC117D4E7CA
:10FC0000AA461BF4807F5AF8041B01D10846F5E789
:10FC10001BF4007F15BF48B208B241F3C01141F395
:10FC2000C031C2E750EA0103C9D11BF0400FC6D072
:10FC3000002FC4D12BF0110295B2BB46019740F2C0
:10FC4000064115EA01021CBF0BF1010B00222CE05A
:10FC50002BF010021FFA82FB0A231BF0800C49D004
:10FC60001BF400711DBF073525F00705AA46AA46FB
:10FC70001ABF5AF8080B69685AF8040B50EA0105D4
:10FC800045D12BF016051BF0400FADB242D0002F2E
:10FC900040D12BF0170295B2019715F0100248D011
:10FCA000019B002E42D103F1010B29075AD4EB0727
:10FCB00006D5D9456FDD0199A9EB0B035F18CB463B
:10FCC0005B4649E04BF0100B10237826C5E7782BF4
:10FCD00004D1C6F1780343F01003BEE7029B41460E
:10FCE000252098470028FFF647AF023447E608234F
:10FCF0000026B2E7AA461BF480715AF8040BBDD067
:10FD00001BF400711ABFC0B2614680B2B6E72BF097
:10FD1000060295B20DF1180B54E725F01105ADB2AE
:10FD2000BB468CE70D46B8E73B460D4603F1020B98
:10FD3000BBE7DDF804B082E7EF740400E874040068
:10FD4000CDE904324146029B202098470028FFF667
:10FD500013AF049B059A01339945F1DCA4EB0B0129
:10FD6000CC189B460AB3029B414630209847002896
:10FD7000FFF602AF8EB901342744019B391B99422B
:10FD800024DC1D465DBB019AA9EB0B0922445546B4
:10FD90001446914435E0019F92E7023441463046D3
:10FDA000029B98470028E7DAE6E640F206410D425A
:10FDB000E2D015F0020F14BF2B20202015F4806F25
:10FDC00004F10104414618BF2D20E9E7029B41469A
:10FDD00030209847002804F10104CEDACCE606ABC7
:10FDE000013D4146585D029B98470028CADAC3E6A8
:10FDF000029B414620209847002804F10104FFF6A9
:10FE0000BBAEA9EB0403002BF2DCBFE5704700EBAF
:10FE1000C100408840087047F8B50346FFF7F7FF78
:10FE2000B0FA80F0C0F11F0003EB800CCA00DCF8D0
:10FE30001060171D0C4606328DB256B9012101FA29
:10FE400000F0D9680143D960CCF81040DD539D52D1
:10FE5000F8BDF1000431585AD85303EBC0009E524C
:10FE6000C5805D52F4E710B500EBC104E388994208
:10FE700002F104010AD1012303FA02F2C36823EA62
:10FE80000203C360002340F8213010BDA28840F86F
:10FE9000213000EBC20100EBC300CB808280F4E78D
:10FEA00008B50346FFF7B3FFB0FA80F2C2F11F02B4
:10FEB0001846BDE80840FFF7D6BF2DE9F843B1FA70
:10FEC00081F5C5F11F0900EB89080346D8F8102019
:10FED0000E46C2B10327D8F8104018462146FFF756
:10FEE00096FFB04206D34A461846FFF7BCFF2046AD
:10FEF000BDE8F88303EBC404013FE088C8F81000B4
:10FF000001D08242E7D1C5F120024FF0FF34944086
:10FF1000DA681440EBD094FAA4F2B2FA82F2111D1E
:10FF200053F821402146DFE738B50346FFF76FFF5E
:10FF30000D46044611461846FFF769FF03EBC50559
:10FF40000444600068801846FFF761FF014423F80D
:10FF5000314038BD38B50346FFF759FF0C46A51AA6
:10FF6000511A03EBC40405444800608003EBC2004F
:10FF70006C00448023F8321018461146FFF747FF03
:10FF8000014423F8315038BD38B50546FFF73FFF2F
:10FF90000C46014405EBC1035B88DA070AD4284606
:10FFA000FFF77EFF21462846FFF731FF221828463B
:10FFB000FFF7BAFF35F83410611A05EBC1035B880F
:10FFC000DB070CD42846FFF76BFF35F834102246C8
:10FFD000611A2846FFF7A8FF35F83430E41A2146A5
:10FFE0002846BDE83840FFF717BF61B10068043903
:10FFF000091A21F007030344C9085A8822F00102B4
:020000024000BC
:100000005A80FFF7C1BF704770B5056809B9002075
:1000100070BD01F007030B33CC0804EBD304AB68CD
:100020009C4228BF1C4621462846FFF746FF06464D
:100030000028ECD001462846FFF7E9FEA04207D988
:1000400032192846FFF786FF11462846FFF7E4FEDF
:1000500005EBC6021046538843F001035380043079
:10006000D6E71146FFF7D0BF2DE9F84301F1FF397C
:1000700019EA010906680F4614460CD04B420B40A2
:10008000042B1A464F4628BF0422994664B900251E
:100090002846BDE8F883042904D8BDE8F843114692
:1000A000FFF7B2BF0422F1E7BA1A04F0070302F027
:1000B00007010B330B44E10801EBD20101EBD30143
:1000C000B368994228BF19463046FFF7F6FE8046CE
:1000D0000028DCD009F1040505EBC0057B1E354482
:1000E0001D44B5FBF7F57D43A5EB09052C442B1FFB
:1000F00007349B1B24F00704A41BB0EBD30F4FEA7B
:10010000D3074FEAE40408D201463A463046FFF7E7
:1001100021FF41463046FFF77FFE39463046FFF764
:1001200076FE3844844207D230462246FFF712FF5B
:1001300021463046FFF770FE06EBC706738843F092
:1001400001037380A4E7043A2DE9F041CC1D11446A
:1001500024F0070421F007010E1BF708B7FA87F215
:10016000C2F12405AD004FF000080735C2F12002AE
:10017000ED0804604146A760C4F80C80920004F1C9
:10018000100005F014FD6B0043F00103638004EBE5
:10019000C5027B1B5900A4F800805180A21924F8E5
:1001A0003550A2F80280A35304EBC70329465A88AE
:1001B00042F001025A802046BDE8F041FFF72CBE14
:1001C000002070470FB407B504A951F8040B019142
:1001D000E8F78CFD03B05DF804EB04B070470FB492
:1001E00007B504A951F8040B0191E8F77FFD03B0AE
:1001F0005DF804EB04B07047036800220BB91846A1
:1002000070478B4210D10B6842B94268036091423B
:1002100000D1436000230B600120704713604368E6
:10022000994208BF4260F5E71A461B68E6E7038B70
:1002300013F0070305D10368002B0CBF0020032037
:100240007047022B05D1408BB0FA80F04009800046
:100250007047012B05D10368002B0CBF002005203F
:1002600070470020704710B50C4600B111B96FF00F
:10027000150010BD081D00F0D2F80028F9D1A368C0
:10028000032BF6D9F3E72DE9F0410D460746194651
:10029000281D90461E4600F0D6F8044638B1334675
:1002A000424629463846A446BDE8F0416047BDE8CD
:1002B000F08110B4EFF31182202484F31288BFF38D
:1002C0006F8F416110BC0121E8F742BD38B50C4683
:1002D000054658B151B10B6843B14B6833B11C228C
:1002E000002105F064FC2C61002038BD6FF0150082
:1002F000FBE770B505460E46FFF7B5FF041E14DB9D
:10030000EFF31182202383F31288BFF36F8F6B8B7F
:100310002C8B4FF6FF718B4204F0070407D182F358
:100320001188BFF36F8F6FF00A04204670BD022C56
:100330000CD101336B8382F31188BFF36F8F0023DD
:10034000224631462846FFF79EFFEEE7062C14D8DA
:10035000DFE804F004131313041A040000233360CD
:100360006B683BB9C5E90066ACB902212846E8F7DD
:10037000EFFCDAE71E606E60F6E782F31188BFF3E8
:100380006F8F6FF00404D0E782F31188BFF36F8F93
:100390006FF08504C9E782F31188BFF36F8FC4E75C
:1003A00010B5EFF31182202383F31288BFF36F8F10
:1003B000048B04F00704022C0AD0012C0CBF6FF050
:1003C00004006FF0850082F31188BFF36F8F08E09F
:1003D000438B013B9BB2438323B92146E8F7B8FC2A
:1003E000204610BD2046EEE738B5A8B1A1B1EFF325
:1003F0001185202282F31288BFF36F8F048BFFF7E1
:10040000FBFE30B104F0070085F31188BFF36F8F56
:1004100038BD6FF07700F7E76FF01500F8E7034697
:1004200040B1426802F00302022A06D0032A04D037
:10043000012A05D06FF0150070471A68002AF9D01C
:1004400000209860704710B54268816002F0030296
:10045000022A03464FF0000407D0032A02D05C6052
:10046000002001E018685C6010BD18685C6000281E
:10047000F6D0FFF7B1F9F3E770B50C880646888827
:10048000241A3069A4B2844285B224BF641BA4B28A
:100490002D1BA8B2984228BF184633682344136026
:1004A0000B8803440B8070BD70B48389858806690E
:1004B000ED1AADB2731B934228BF134670BC0A46B7
:1004C000011DFFF7D9BF70B40E460146C58831F84B
:1004D0000A3FEC1AA3B2934228BF1346324670BCBF
:1004E000FFF7CABF10B54B880C88E41AA4B2944237
:1004F0000ED31A4492B28B884A800A800069D21ABD
:1005000092B2824201D2002010BD03448B80FAE7F0
:100510006FF01500F8E72DE9F34106460F46154642
:100520004FF000082A4601A93046FFF7BDFF0446F8
:1005300040B102463946019805F011FB2D1BA0443D
:100540002744EFD14246311D3046FFF7CBFF4046EE
:1005500002B0BDE8F0812DE9F34107460E4615468D
:100560004FF000082A4601A93846FFF7ACFF0446C1
:1005700048B12EB102460199304605F0F0FA264402
:100580002D1BA044EED1424607F10A013846FFF781
:10059000A9FF404602B0BDE8F081704705F007BBF7
:1005A00005F0DDBA01460068E8F754BD08B5E8F784
:1005B00081FDBDE80840E8F7A1BD00210120E8F772
:1005C00049BD6FF08500704761B662B680F311884F
:1005D000BFF36F8F704772B6002383F31188BFF3A8
:1005E0006F8FBFF34F8F30BF62B6BFF36F8F70470F
:1005F00072B6002383F31188BFF36F8FBFF34F8F61
:1006000020BF80F31188BFF36F8F62B67047202838
:1006100009D9B0F1004F08D80138B0FA80F0C0F124
:100620001F0040007047082070473E20704708B503
:10063000E9F72EFA002008BD7047002303824369C2
:10064000C3607047416A8968E9F78EBAEFF3118297
:10065000202383F31288BFF36F8F00230B6043685E
:1006600033B9C0E9001182F31188BFF36F8F70476F
:1006700019604160F7E710B50346EFF311812022BE
:1006800082F31288BFF36F8F006828B15C6802683C
:100690001A60A04208BF5A6081F31188BFF36F8FC0
:1006A00010BD027A013202727047034618465B6839
:1006B000002BFBD17047426810B52AB10B461C468F
:1006C0005B68002BFBD16260416010BD10B5044631
:1006D00020B90B7A01330B72084610BD0346184649
:1006E0005B68002BFBD1FFF7E6FF2046F5E710B56E
:1006F00008B14B6843604C68002308464B60E9F73B
:10070000B1FA204610BD92B281600160C280828041
:10071000704783680B440360704703680B6043684D
:100720004B6083688B6070478388026819448180BE
:10073000D018704730B484880568A31883802819BE
:1007400030BC05F00CBA10B5838802685C1C84804C
:10075000D154D01810BD8388026830B5D4189D1CC0
:100760008580D154090A617030BD83885B1A9BB2C1
:100770008380006818447047034600689A88401ACE
:1007800011441860998070470268531E0360838883
:100790000133838002F8011C70478288521A034695
:1007A00082800068084418607047034600689A8891
:1007B000521A01449A801960704710B503681C787A
:1007C0000121FFF7EAFF204610BD10B503681C8821
:1007D0000221FFF7E2FF204610BD10B503681C8818
:1007E00064BAA4B20221FFF7D8FF204610BD026808
:1007F0008068101A70478388C2888168D21A03689B
:100800005B1AD01A70474FF0FF324FF0FF330430BD
:10081000FDF7C2BEFDF738BF90F86800C0F3411085
:100820007047F8B504461E460D461746FFF7EBFF26
:1008300094F868309B0715D425B1012D10D06FF0C6
:10084000150508E0E16E0029F9D09DF818300F7108
:100850004E718B710025201DFFF7DCFF2846F8BD87
:10086000216FF0E76FF07705F5E790F86800C0F3C7
:100870008000704738B50446FEF746FC2046FFF777
:10088000C2FFA06940B96FF01205201DFFF7C2FF3B
:10089000FEF74EFC284638BD94F86830DB0716D4C6
:1008A00004F027FC0028EED02046EAF703F80546BE
:1008B0000028EAD10146282204F1200005F077F94A
:1008C00094F8683043F0010384F86830DDE76FF096
:1008D0007705DAE738B50546FEF716FC2846FFF738
:1008E00092FF95F86830DA071CD59B071DD4A869DC
:1008F00003F087FD044638B9284600F04FF9044656
:1009000048B1A86903F0AAFD281DFFF783FFFEF791
:100910000FFC204638BD95F8683043F0020385F897
:100920006830F1E74FF0FF34EEE76FF07704EBE764
:100930000246034652F8600F904201D100207047F2
:100940000028FCD0027A8A42F9D05A6E8242F5D051
:1009500000680028F6D1704738B504460D46FFF709
:1009600052FF94F86830DB0718D42B690BB9EB6899
:10097000BBB1236E1BB904F16003C4E918332B68C3
:1009800093B9626E04F16001C5E9001215606566F5
:100990001D46201DFFF73EFF284638BD4FF0FF35AE
:1009A000F7E76FF01505F4E76FF07705F1E710B59D
:1009B0000446034654F8480FA0420DD100200DE034
:1009C000447D8C4204D1032909D1047A944205D094
:1009D000DC6CA042F2D000680028F1D110BD0F29D4
:1009E000F5E72DE9F04105460C46061D4FF0FF32B4
:1009F0004FF0FF333046FDF7CFFDEF6E002F6DD087
:100A000095F86830DB0769D4AB6C1BB905F1480376
:100A1000C5E912332368002B63D1637D0F2B09D105
:100A2000237A012B0CD0EB6C05F14802C4E90023BA
:100A30001C60EC64637D032B0FD04FF0000806E0D0
:100A4000E1682846FFF788FF80460028EBD0304653
:100A5000FDF71AFE4046BDE8F081AA6C05F148009A
:100A600090421ED1002329E091F815C0BCF1030F7C
:100A700010D0013323724B68C4E900131C604C6032
:100A8000637A022B24D0032B25D0012BD5D1237AD6
:100A9000BB73D2E791F808C00CF1FF3C6345E8D185
:100AA0001268002ADED0537DE96C032B0DD18A42F7
:100AB000137A02D011680029D6D101332372EB6C6E
:100AC000C4E900031C60EC64DAE78A42E8D1C9E7B4
:100AD000237AFB73B1E7237A3B74AEE74FF0FF381C
:100AE000B5E76FF07708B2E70346006800B1187AFF
:100AF00070470346C08808B11878C009704770B5C0
:100B00000C46154600F0D7FA40B1406883681B6870
:100B100023B12A462146BDE87040184770BDF8B59C
:100B200003698668BFF35B8FD3F8A030BFF35B8F98
:100B30009B0704460D4617460ED5B36A7BB1F36B8F
:100B40009847B36A29463A4620469847336C05468B
:100B5000204698472846F8BD4FF0FF35FAE76FF07A
:100B60008505F7E770B503698668BFF35B8FD3F837
:100B7000A030BFF35B8F9B0704460D460BD5F36B8C
:100B80009847736A294620469847336C05462046A5
:100B90009847284670BD4FF0FF35FAE7034600201E
:100BA00083F82C009862704738B590F82C30022BEF
:100BB0000D4604D100F079F908B1C46804B938BD14
:100BC0002B78032B07D0052B0CD0022B08D16068A3
:100BD00083689B6902E0606883685B6903B198473A
:100BE0002468EBE760688368DB69F7E70B0644BFBE
:100BF00021F080011031C84000F0010070472DE95C
:100C0000F8434FF0010805460C4646462068002888
:100C100039D068F07F02D2B211465FFA88F7FFF749
:100C2000E5FFB0B1D5F8009011464846FFF7DEFF6A
:100C300018B96FF01500BDE8F88322F08002103279
:100C400006FA02F229EA02032B60236823EA020370
:100C5000236020683946FFF7C9FF78B12A68394612
:100C60001046FFF7C3FF0028E3D006FA08F122EA96
:100C700001022A60236823EA0103236008F10108C6
:100C8000B8F1100FC2D10020D5E72DE9F04F8369EC
:100C9000C26E1B6993F88030C3F34113022B8DB0F1
:100CA00081460ED0032B0ED0012B0CBF102308233E
:100CB000D371D9F850800026B8F1000F05D1424613
:100CC000ABE02023F4E74023F2E7D8F80430D8F86B
:100CD0000C4003930A9604967CB9049B039A09334B
:100CE0009BB293701B0AD3701671D8F80C40002C7D
:100CF00040F0AF80D8F80080DDE7606883681B6B48
:100D000000250B95002B00F0A2802946984700286B
:100D100000F09D80031FC4E9035502933546029AF3
:100D200052F8043F02920BB11A7822B9B54278D832
:100D30006FF0150271E05A780B2A08BF9D70029B74
:100D40001B685A78042A10D1E2680B990A43E260C2
:100D5000DA78002A55D19D7023690122AA401343F5
:100D600001352361EDB200230B93029B1F687B7852
:100D7000052BD4D1D9F8183007936FF012024FF039
:100D8000010B79793B7943EA0123ADF8263097F9D5
:100D900002305FFA8BFA002B0A9B0593B8BF4AF02A
:100DA000800A51461846FFF721FF88BB0B9B06932C
:100DB00051461846FFF71AFF50BBBB79FA780798DF
:100DC000009351460DF1260303F074F90246F8B979
:100DD0001AF0800F18BF2AF080014FF001031CBFEA
:100DE00010318B4005980699BDF8262087F802A09F
:100DF00008BF03FA0AF319431843CDE90A01BA8080
:100E00008DE76A1E9A700BA90AA8FFF7F8FEAAE7F9
:100E10000BF1010BBBF1100FB3D110460DB0BDE8C3
:100E2000F08FE3680B9A1343E360606883689B6A02
:100E3000DBB1984702460028EFD10146606800F018
:100E400001F9049B2468034404932E4644E7354685
:100E5000EBE7E368A36004F10C010AA8FFF7CFFEFB
:100E600002460028D9D1246841E76FF08502D4E713
:100E70004FF0FF324FF0FF330430FDF78DBBFDF72D
:100E800003BC21B101290DD000231B68FFDE5030C7
:100E9000006848B143685B79934205D00068002838
:100EA000F8D170475830F3E7704710B590F82C3000
:100EB000022B044609D1FFF7AFFC94F83420014619
:100EC0002046BDE81040FFF7DCBF002010BD08B58C
:100ED000FFF7D7FF003818BF012008BD2DE9F0410A
:100EE00004460E46FFF798FC94F834308046CBB9A0
:100EF000002E3BD0324641462046FFF7C2FF074650
:100F0000A8B10246204600F0D3F9054688B984F816
:100F10003460FC6864B3606883681B6A03B19847F7
:100F20002468F7E72046FFF7C0FF074620B96FF0B7
:100F30003C052846BDE8F0810146204600F08EF9C8
:100F400010220546002104F1360004F030FE002393
:100F500084F83430FF6817B9002DC9D0E9E7786804
:100F600083685B6A03B198473F68F4E784F83460AC
:100F70000025DEE7F8B504460E4657681546FFF72C
:100F800077FF94F86830D9074FD4012E08D0FB7949
:100F90009A060CD5A3691B69D3F880309B0706D449
:100FA0006FF08506201DFFF76AFF3046F8BD002E62
:100FB000F6D1A36D53B9226D62B9E36E6A685B7CAA
:100FC0000133DBB25371E26E53740EE0AB422FD0AB
:100FD0001B68EFE7954222D12A68D3B9636D226579
:100FE0009D4200D1626500232B60A96849B120466B
:100FF000FFF7F7FC06460028D4D1A868FFF774FD78
:10100000B87100232B60636D63B9C4E914550026E1
:10101000C8E71A60626D954208BF6365E3E713464F
:101020001268C9E71D606565F1E76FF00F06B9E763
:101030006FF01506B6E74FF0FF324FF0FF33043084
:10104000FDF7AABA08B583681B6B0BB19847034636
:10105000002023B153F8042B0AB1127802B908BD5D
:101060001044F6E710B51C46FFF70BFF48B101220C
:10107000C06802FA04F320B10269134201D100688A
:10108000F9E710BD10B50C46FFF70FFF48B101237B
:10109000C06803FA04F120B10369194201D1006864
:1010A000F9E710BDD1F81A0083681B6903B118472E
:1010B0006FF08500704770B501F07F0311F0800F6D
:1010C00018BF103301259D4090F82C30022B0446A8
:1010D00001D0002070BD90F83460FFF79DFB3246D0
:1010E00001462046FFF7CDFE0028F2D0C068002858
:1010F000EFD083681D42EDD10068F8E738B50C46A3
:10110000FFF7D3FE80B1C06870B14368DA681AB1E6
:1011100011790023994201DC0068F5E71568ED5C60
:10112000A54201D00133F5E738BD2DE9F041054670
:101130001E460846002A42D1E9F7D4FB044600289F
:101140003DD02846FFF777FF95F86830DA0707D5D6
:101150006FF00F04281DFDF797FA2046BDE8F081D7
:101160006768BFF35B8F6369BFF35B8FDB0704F1D5
:101170001408EDD47B680BB19D42E9D132460021C1
:101180002846FFF77EFEB8B100232360036983B9C8
:10119000C0E90344BFF35B8F58E8003F43F001030D
:1011A00048E80032002AF7D1BFF35B8F00247D604E
:1011B000D0E71C600461EDE76FF03C04CAE76FF014
:1011C0001204CAE72DE9F8434C689DF820900D46BB
:1011D000984606461746FFF71FFBA3681B6B0146A0
:1011E0001BB96FF01500BDE8F8832046984700282A
:1011F000F7D0041F0C35002054F8043F0BB11A78C7
:101200002AB900280CBF6FF03C000020EBE75A78A9
:10121000042A0BD100BB9A784245EDD1DA784A45D1
:10122000EAD11B79002BDED00120E5E7052AE3D1C6
:101230000028E1D0012F997806D0022FF4D1B069AF
:101240002A4600F0C4F804E0B0692A46194600F0C6
:10125000A2F80028E8D0C6E70020C4E7F8B5CC68BB
:1012600006460CB9204622E004F10C070125E2688D
:10127000AAB165F07F03D9B203F07F031033DA40DF
:10128000D2070ED4E368EB40DB0705D5B0693A46D8
:10129000E9B200F09CF850B90135102DE7D124686F
:1012A000DFE7B0693A4600F092F80028EAD0F8BDCE
:1012B0002DE9F3475768002497F8058005460E4648
:1012C000A1463B79A34203DC002002B0BDE8F087D1
:1012D0005FFA84FA3146534642462846FFF7C2FE7B
:1012E000014650B1CDF80090534601222846FFF741
:1012F00069FF0028E9D10134E3E76FF03C00E4E73F
:101300002DE9F74380460D461746FFF7BBFE06461C
:1013100028B96FF00104204603B0BDE8F0830F2D1B
:10132000F7D808EB0509014699F8364000972B4697
:1013300000224046FFF746FF0028EAD100942B46E2
:10134000022231464046FFF73DFF04460028E2D125
:1013500000972B46012231464046FFF733FF0446F3
:101360000028D8D1706883685B6813B13A46294673
:10137000984789F83670CEE711F0800F18BF21F03A
:10138000800102684FF0010318BF10318B4022EA40
:1013900003030360704737B58B7900938B880C4645
:1013A0001546CA78897802F0FDFE70B994F90230CA
:1013B000A1782A68002BB8BF21F080014FF001030B
:1013C000B8BF10318B4013432B6003B030BDF8B56C
:1013D00006460D46174602F02DFF044658B9294629
:1013E0003846FFF7C9FF2946304602F0C3FF0446DE
:1013F00008B9FDF7D9FE2046F8BD2DE9F0410B7E76
:101400005E0605460C462FD1190624D5FFF72DFAA6
:1014100070BB2846D5F86C80268AEF8CFFF7FCF964
:10142000F8B1421E534253419B01228A9AB1BE42F7
:10143000E98C324628BF3A4691420CD9B2FBF3F10F
:1014400003FB11223AB994F91830002BBEBF637E1A
:1014500043F008036376A8692146BDE8F04102F035
:1014600061BF98F80730E0E76FF01500BDE8F08144
:101470004FF0FF30FAE743689869F9F783BD70B51C
:1014800091F918304668002B05460C4607DBC4F876
:101490001A50B0692146BDE8704002F043BF3046A3
:1014A000FFF7E3F90028F2D04FF0FF3070BD8069FC
:1014B00002F083BF806902F05DBF38B505468069E0
:1014C0000C4602F0D3FE60B914F0800F18BF24F070
:1014D00080042A6B4FF0010318BF1034A34013435C
:1014E0002B6338BD70B5054680690E4602F0E9FEF3
:1014F000044620B9314605F13000FFF73DFF204694
:1015000070BD0B0648BF21F08001006B48BF103151
:10151000C84000F00100704782B0C3698DF8001028
:1015200001922BB102AB13E9060002B0E9F738BA19
:1015300002B0704782B0C3698DF8001001922BB1E0
:1015400002AB13E9060002B0E9F72ABA02B070470D
:10155000704703695B68D868704743680361037A22
:1015600063B1012B0CBF022303234375437A5A1E38
:10157000032A05D8DFE802F0050505050123F4E795
:1015800000230375837A062B09D0072B09D0052B7E
:101590000CBF002303238375837EC375704701232B
:1015A000F9E70223F7E7036993F8400030B1DA6BFB
:1015B0009388918910695B1A9BB2C01A70470369BE
:1015C00093F838007047036993F8402012B993F8F4
:1015D00038007047012070470369C3E9071270475C
:1015E000BFF35B8F0068BFF35B8F084100F0010021
:1015F000704738B50469BFF35B8F04F1880555E87F
:10160000003F43F0040345E80032002AF7D1BFF35E
:101610005B8F636B5A89DB889A4203D004F1240004
:10162000FDF7A8FA04212846FFF7DAFF28B904F1EC
:101630007800BDE83840FDF79DBA38BD10B50469A3
:10164000606BFEF788FF10B1012384F8393010BDBC
:1016500010B50469606B4289C3889A4202D14FF089
:10166000FF3010BD0122FEF776FF0028F7D004F10D
:101670007800FDF77FFA0020F3E738B50469EFF34F
:101680001185202383F31288BFF36F8FE06BFEF781
:1016900042FF85F31188BFF36F8F10B1012384F8E7
:1016A000413038BD38B5034640681B695D68AC6899
:1016B000A37A84F8223094F82D3084F823306968B6
:1016C00041B1237C33B9FFF78CF918B96868FFF78B
:1016D0000BFA2074002038BD01238B40DB43BFF39D
:1016E0005B8F50E8002F1A4040E800210029F8D114
:1016F000BFF35B8F7047006902218830FFF7ECBFB2
:10170000006903218830FFF7E7BF08B5036918694E
:1017100000218830FFF7E0FFBDE808400121FFF716
:10172000DBBF0369186901218830FFF7D5BF2DE9B8
:10173000F04750F8483C00F140055B68074600213F
:101740002846D3F80080FFF74BFF00284DD0012139
:101750002846FFF745FF002847D1BFF35B8F55E8C8
:10176000003F43F0200245E800210029F7D1BFF3F4
:101770005B8F9B0639D4D8F810305B689B68402299
:1017800093F836104046FFF776FE064650B92846D5
:101790000521FFF7A1FF38462122BDE8F0470023CD
:1017A000FDF758BA8146428A59F80C1F57F80C0CBD
:1017B000FEF7D1FE044601464846FEF7B5FF24B1C8
:1017C00014F03F0F0CBF0124002407F82D4C3146C4
:1017D0004046FFF754FE40B13046E8F743FA28464A
:1017E0000521BDE8F047FFF777BFBDE8F087F8B502
:1017F000036947681C695B689B680D4693F83D3038
:10180000097E06462AB3994204D1042104F18800D6
:10181000FFF762FF33692A7E5B689B6893F8363076
:101820009A4204D1052104F18800FFF755FF33697E
:101830002A7E5B689B6893F826309A4203D104F1B4
:101840008C00FDF703F829463846BDE8F840FFF75D
:101850002EBE994214D12A8AE968606BFEF75BFEBE
:1018600028B1E3691BB104F12400FDF783F904F109
:1018700088000421FFF730FF04F17800FDF77AF9C2
:1018800033692A7E5B689B6893F836309A4215D19B
:10189000E3691BB104F12400FDF76CF9052104F1A3
:1018A0008800FFF719FFE36B5A89DB889A4205D05D
:1018B0000022002304F14800FDF7CCF933692A7EA9
:1018C0005B689B6893F826309A42BCD104F18C0087
:1018D000FCF75CFFB7E738B550F8783C5B681D68EB
:1018E00000F11003024600211846FFF779FE002898
:1018F00036D001211846FFF773FE88BB52F8441C0E
:101900008A8888890969121A92B28A1A3F2A27D9C5
:10191000BFF35B8F53E8002F42F0100143E8001043
:101920000028F7D1BFF35B8FD30619D42B695B680E
:101930009B68402293F83D102846FFF79CFD044623
:1019400070B1438A402B28BF40234382014628467A
:10195000FFF795FD20B12046BDE83840E8F782B991
:1019600038BD38B550F8243C5B681A6850F8083C1C
:101970000446002B4BD0002300F16405838283834F
:1019800002212846FFF72CFEB8B154E90231106954
:101990009847637D1BB104F15400FDF7EBF8052176
:1019A0002846FFF71DFE98B9637F6BB10022002324
:1019B00004F12400FDF74EF90AE003212846FFF761
:1019C0000FFE0028E1D1E4E714F8093C002BEDD12B
:1019D00002212846FFF704FE38B123695A89DB88C3
:1019E0009A4202D02046FDF7C5F803212846FFF7AA
:1019F000F7FD60B1A2699388918912695B1A9BB265
:101A00009A4204D02046BDE83840FDF7B3B838BD4F
:101A100008B5036903F1880202211046FFF7E0FDD3
:101A200028B1596BC8884989401A18BF012083F82A
:101A3000380003211046FFF7D3FD40B1DA6B9088E0
:101A400091891269401A80B2801A18BF012083F868
:101A50004000012008BD03691B69BFF35B8F883319
:101A600053E8001F41F0020143E80012002AF7D1B9
:101A7000BFF35B8F704770B503691C69BFF35B8F61
:101A800004F1880555E8002F42F0010245E80021E5
:101A90000029F7D1BFF35B8F02212846FFF7A0FD95
:101AA00010B11846FFF7A5FD03212846FFF798FD62
:101AB000A8B1E26B9388918912695B1A9BB29A4232
:101AC00005D004F12400BDE87040FDF753B804F1DF
:101AD00048000022BDE870400023FDF7BBB870BD90
:101AE0000069BFF35B8F00F1880353E8001F41F0EA
:101AF000080143E80012002AF7D1BFF35B8FC26BE5
:101B00009388918912695B1A9BB29A4202D0243061
:101B1000FDF730B8704710B50C46017822788A423C
:101B20008AB00FD06946E9F727F805A92046E9F7FA
:101B300023F810220DF115010DF1010004F03FF81A
:101B40000AB010BD012A06D0022A07D072B9408817
:101B50006388C01AF4E740686368FAE71022611CE2
:101B600001300AB0BDE8104004F029B86FF015004C
:101B7000E6E7042A0AD0102A0DD0022A4FF000030B
:101B800015D103700B884380012070470123037037
:101B90000B684360F8E7022300F8013B01F11003F2
:101BA00051F8042B40F8042B9942F9D1ECE7184680
:101BB0007047012310B50621044600F8013BF6F7F3
:101BC000FDFC18B9A37963F03F03A37110BD0B6846
:101BD00003608B8883808B798371037823F0020301
:101BE000037070470078C0F34000704738B5044672
:101BF000807AE7F78FFF6169054649B1637ADB07B1
:101C000004D4436A1B6820469B689847002363619D
:101C100021462846BDE8384003F03BBC2DE9F041A1
:101C200001F10C080C46054600F10C014046174630
:101C30001E46FEF772FD4046FEF7D9FD012310FA5D
:101C400087F068826B722F8239464046FEF7A5FD09
:101C5000E3687360628A0023E360728163823460A8
:101C60002846BDE8F08138B5D1E90032DA600B686A
:101C70004A895A820C4605460868E7F7F3FF204672
:101C80001022002103F093FF2846BDE83840FFF7FB
:101C9000ADBF438A23B9C068B0FA80F040097047ED
:101CA0000020704770470F2807D80D280BD805284B
:101CB00008BF032018BF02207047132803D01A283A
:101CC00008BF0120F6E70120704710B50346BFF3B7
:101CD0005B8F53E8000F40EA010243E80024002C28
:101CE000F7D1BFF35B8F10BD38B5C3681D78B3F86B
:101CF000010065B90F21EAF7CBFF044638B1294648
:101D0000EAF732FF2046BDE83840EAF7E7BE38BDC3
:101D100008B5C3680121B3F80100EAF7B9FF18B1AB
:101D2000BDE80840EAF7DABE08BD08B5C36801217E
:101D30001888EAF7ADFF18B1BDE80840EAF7CEBE53
:101D400008BD01210C30FEF730BD38B5C568012152
:101D5000B5F80100EAF79CFF044698B12B783BB92F
:101D6000D5F80330C0F89530D5F80730C0F8993071
:101D7000201D4FF40031FFF7A8FF2046BDE8384092
:101D8000EAF7ACBE38BD30B402EBC30304460846E4
:101D90009A4201D130BC7047114611F8085BA54248
:101DA00006D1018A53789942F4D330BC536818475E
:101DB0000A46EDE7BFF35B8F50E8003F0B4040E879
:101DC0000032002AF8D1BFF35B8F704710B5EAF7F5
:101DD0003FF96FF480711030FFF7ECFF0020E8F757
:101DE00073FF044648B13C2343720021EAF7BCFE6E
:101DF0002046BDE81040EAF771BE10BD2DE9F0475E
:101E0000D0F80C8098F80020012303EB8203028AAB
:101E1000934241D9BDE8F08708EB86030F21B3F860
:101E20000100B3F80370EAF733FF044628B100F16C
:101E3000BC0947B92046EAF751FE013698F8003050
:101E40009E42E9DBE6E76569002DF3D0A2692B68C5
:101E50006361954208BFA3612046EAF7DDFDFCF708
:101E600095FCC5F800A0236A9BB9C4E90755BFF3E8
:101E70005B8F59E8003F013B49E80032002AF8D166
:101E8000BFF35B8F00212046013FEAF7D1FDBFB2CF
:101E9000CFE71D602562EAE70026B246CEE773B5BC
:101EA000C5680121B5F80100EAF7F2FE04460028F2
:101EB0004ED02B781A2B00F1040619D1C378012BD0
:101EC0002AD14FF480413046FFF7FFFE42040FD481
:101ED000D4F8883000936946D4F8903001932046B6
:101EE000EBF750FB204602B0BDE87040EAF7F6BDC4
:101EF0002B788BB9B5F80330A4F88630B5F80530E7
:101F0000A4F88C30B5F80730A4F88E306FF4805107
:101F10003046FFF74FFF17E0BFF35B8F6368BFF3F7
:101F20005B8FDB04F2D52B78202BEFD194F8943023
:101F3000002BEBD0013B84F894304FF42032002387
:101F400004F14000FCF786FE2046EBF769F8C9E78C
:101F500002B070BD10B5EAF77BF86FF480710446EB
:101F60001030FFF727FF2046BDE8104000F050BAC0
:101F7000C368DB78012B01D1FFF7ECBF7047C36862
:101F8000DB78012B01D1FFF7E5BF704701207047D7
:101F900010B503884288934219D8052B17D9B2F59A
:101FA000486F14D88388B3F5FA7F10D2C088A0F1A7
:101FB0000A0189B240F67644A14208D801339BB2A7
:101FC0005343B3EB800F34BF0120002010BD00202D
:101FD000FCE7002070470020704770B506460D46AC
:101FE0004FF0FF304FF0FF31E9F75EF8044660B183
:101FF00003210C30FEF798FB06808570214642F2E3
:102000002100BDE87040E9F797B870BD73B5C368AB
:10201000D9789A781E8842EA0122ADF800205979D1
:102020001A7942EA0122ADF80220D9799A7942EA76
:102030000122ADF804201A7A5B7AB4B242EA032393
:1020400001212046ADF80630EAF722FE054628B900
:1020500002212046FFF7C1FF02B070BD6946EBF7D1
:102060002DF838B91E212046FFF7B7FF2846EAF7BA
:1020700035FDF1E74FF0FF304FF0FF31E9F714F88D
:1020800004460028F2D00E210C30FEF74DFB002351
:102090000680C0F80A30BDF800304380BDF8023039
:1020A0008380BDF80430C380BDF80630038121462B
:1020B00042F22000E9F740F8D8E773B506460D462E
:1020C00001AA002142F22F00E9F7D2F8044648B9EC
:1020D0000198C368B3F801203280B3F803302B8035
:1020E000E7F7C0FD204602B070BD70B506460D464C
:1020F0004FF0FF304FF0FF31E8F7D6FF044668B1EC
:1021000003210C30FEF710FB06808570214600226B
:10211000BDE8704040F20640E9F7AAB86FF06800E9
:1021200070BDC06803781BB13C2B03D1FFF74EBED6
:10213000E9F770BB704738B54FF0FF3105464FF0F7
:10214000FF30E8F7B1FF044668B102210C30FEF71A
:10215000EBFA2B88038021460022BDE8384042F28A
:102160001600E9F785B86FF0680038BDF8B5074686
:102170000E464FF0FF304FF0FF311546E8F794FF61
:10218000044678B106210C30FEF7CEFA3B88038076
:102190004680858021460022BDE8F84042F22200B8
:1021A000E9F766B86FF06800F8BD08B500200021B7
:1021B000E9F706F818B1BDE80840E8F7B7BFBDE891
:1021C0000840EAF7C3BD033138B5C9B205460E2051
:1021D000E9F73AFC032104460C30FEF7A5FA012387
:1021E0000370A0F80150204638BD70B505460E4674
:1021F0000F200421E9F728FC042104460C30FEF7E7
:1022000093FA0122067042704580204670BD08B5E1
:10221000072203F0D4FCB0FA80F0400908BDBFF3F8
:102220005B8F0068BFF35B8F704700280CBF0846C8
:102230000020704718B111B10846E9F745BC6FF0AE
:102240001500704707B580B906216846F6F7B6F95C
:1022500040B99DF80530684603F03F038DF805301E
:10226000E9F732FC03B05DF804FB6FF01500F9E705
:1022700013B5044680B106216846F6F79FF948B9C0
:102280009DF80530694603F03F0320468DF8053080
:10229000FFF7D0FF02B010BD6FF01500FAE708B5E8
:1022A000E9F7D6FE10B11030FFF7B9FF012008BDE5
:1022B000034610F4004F0CBF07200620DA0348BF86
:1022C00000F005009B0348BF00F0FB007047BFF320
:1022D0005B8F0068BFF35B8F70472DE9F74F8A462D
:1022E00001904FF0FF314FF0FF30E8F7DDFE04467C
:1022F000002849D020210C30FEF716FA20220021B8
:1023000080464FF0000903F052FCDAF8007008F143
:10231000010B4D46DAF80420914509D3019888F85D
:1023200000500022214603B0BDE8F04FE8F7A0BFFF
:102330007A7897F800C0A81C81181F2908D9BCF129
:10234000090FC0F11F0217D1002A15DD4FF0080C4C
:10235000D6B2711C0BF80510691CC9B202360BF815
:1023600001C079685BFA80F02E4403F0F8FBF5B207
:1023700009F101090837CDE72046E7F773FC6FF054
:10238000150003B0BDE8F08F6FF06800F9E7012396
:1023900003FA01F15AB1BFF35B8F50E8003F0B43E2
:1023A00040E80032002AF8D1BFF35B8F7047C94381
:1023B000BFF35B8F50E8003F0B4040E80032002A3B
:1023C000F2D0F7E770B5064686B00D464FF0FF3005
:1023D0004FF0FF31E8F768FE0446B0B10C3095B11C
:1023E0000121FEF7B0F906F1100203A9204600957D
:1023F0000823E8F747FE0022214642F20A00E8F7E8
:1024000037FF06B070BD2946EBE76FF06800F8E7CC
:10241000183003F028B9E9F745BFBFF35B8F0068B8
:10242000BFF35B8F7047D0F8B000003818BF0120B1
:102430007047084689691160C2691A60C27A002132
:10244000183003F0B4BB2438EAF7B6BA03680022A8
:102450000BB9184670478B4210D10B6842B94268DD
:102460000360914200D1436000230B60012070475C
:1024700013604368994208BF4260F5E71A461B683B
:10248000E6E710B50446006918B1E7F7EBFB002357
:10249000236110BD70B516460D4601210446EAF7CA
:1024A000C7FA012E17D0022E17D1236913B1204687
:1024B000FFF7E7FF256121690A8A012A37D9CB682E
:1024C0001B8804339BB29A4231D328D92046BDE8F9
:1024D0007040FFF7D6BF206918B92046FFF7D1FF3B
:1024E00001E02E8A26B92846BDE87040E7F7BABB5E
:1024F0000C30FEF780F9864207D921690022204678
:1025000000F0C0F900232361EDE720692A8AE96819
:102510000C30FEF70FF92846E7F7A4FBCBE70023C2
:10252000236120460122BDE8704000F0ABB970BDC8
:1025300010B5BFF35B8FD0F8C430BFF35B8F00F1F1
:10254000C4027BB1BFF35B8F591C52E8004F9C4221
:1025500004D142E8001CBCF1000FF6D1BFF35B8F41
:10256000E7D110BD1846FCE710B5837A023B04465C
:10257000062B16D8DFE803F009041515150B090022
:10258000417200212046EAF7EFFA002010BD0088D2
:10259000FFF7ABFD0028F9D1A37A072BF5D108216D
:1025A000F0E76FF07F00F1E738B5037A8B4204461D
:1025B000154615D100F170010722284603F0FFFAF5
:1025C00080B1E378072243B904F17E01284603F085
:1025D000F6FAB0FA80F0400938BD04F17701F5E76A
:1025E0000020F9E70120F7E708B5EAF7CDFD10B1C3
:1025F000EAF774FA012008BD8378012B0CBF703014
:1026000000207047F8B507460D464FF0FF304FF0F9
:10261000FF31E8F749FD0646D0B10E210C30FEF738
:1026200083F80E220446002103F0C1FA3B88238080
:102630002B8863806B88A380AB88E380EB88238141
:1026400031460022BDE8F84042F21300E8F710BE20
:102650006FF06800F8BD704710B50446FCF754FDF4
:10266000234653F8482BD2F8B01061B9A164D2F8D0
:10267000B41061B9C2E92C33FCF75AFD2068BDE8FB
:102680001040EAF747BA8B42F6D00968EDE70B60D5
:10269000C2F8B430F0E703682BB141681A680260F1
:1026A0008B4208BF4260704770472DE9F843446B86
:1026B000002C55D054F8085905B1083D002701E019
:1026C0002C461D46D4E900682EB3FCF71DFDD6F854
:1026D000B03004F14801002263B1994232D1A36CB9
:1026E00042BBD6F8B420C6F8B030914201D1C6F84A
:1026F000B430A764FCF71CFD04F13009002200236C
:102700004846FCF711F80646F8B9D8F804300BB182
:10271000204698472760E3680BB120469847D8F8D1
:1027200020300BB120469847D5B1AB68002BC7D0FD
:10273000083BC5E71360D6F8B430994208BFC6F825
:10274000B420D6E71A461B68C6E7B36923B1F1691E
:1027500020686FF06D0298473046E7F783FACDE7BF
:10276000BDE8F883F8B50E4600210746154600235C
:102770004FF480320846EAF727FE044630B10421C0
:102780000C30FDF7D1FF0770467045802046F8BD3C
:1027900038B50546006898B1807A072810D1087AC4
:1027A000012810D1C87A07280DD98A61CB6105F1BB
:1027B000300002F063FE2846FFF74EFF002038BDD0
:1027C0006FF07F00FBE76FF01500F8E7406B30B16A
:1027D000838B8B42A0F1080001D08068F7E7704737
:1027E00010B54AB989B2FFF7F1FF28B143689B6978
:1027F00013B1BDE81040184710BD38B50D4605218E
:10280000FFF7E4FF00231A462946FFF7C1FF0446FD
:1028100010B12846E7F726FA204638BD38B50B8AAE
:10282000032B05460C4621D9042104F10C00FDF7C9
:10283000BCFF238A42889A4218D14178B1B103780B
:10284000012B13D0132B11D0022201202D68FFF78A
:1028500089FF044650B102210C30FDF765FF0023CB
:102860000370437021462846FFF7C7FF002038BD9C
:10287000406B30B183898B42A0F1080001D08068A1
:10288000F7E7704738B50B8A032B05460C4604D88A
:102890002046BDE83840E7F7E5B9042104F10C0013
:1028A000FDF783FF41882846FFF7E2FF0028EFD0BD
:1028B000436821465B699847EAE77047034600682A
:1028C00028B1596802681A60884208BF5A60704788
:1028D0000346002003B970471A8A5B681044F9E781
:1028E00010B5D4682378023113B92170012010BDCE
:1028F0008B42FBD0038A023B038200201061F6E783
:1029000008B503680A8A1868C96801F0F7F9002059
:1029100008BD38B5054601F10C000C46FDF755FF22
:102920002D68238AE2680146286801F0D6F9002064
:1029300038BD70B405686A6A52B3136803B1A83B26
:10294000A2F1A8040022114600E0A83B844207D06F
:10295000668D648BB14238BF3146A24238BF2246F1
:102960001C462BB1D3F8A830002BEED18442EFD116
:10297000438D408B8B4201D890420BD9824238BFA5
:1029800002469942286838BF194670BCECF7E2BA93
:102990001146EDE770BC704773B514460146054615
:1029A0004FF49572206800F0D2FF207530B920688E
:1029B000294601F0D0F920B908232375002002B080
:1029C00070BD237AB3B1A3F11802534253419B0067
:1029D0000193638A0093AE68238AE26820682946DF
:1029E000B047002808DB238A83420CD100232375DB
:1029F0000120E4E70223EBE710F1FF0F03D340428D
:102A0000C0B22075DAE70E20FBE71FB5CDE9012340
:102A1000002300931A46EBF7EBFE05B05DF804FBCC
:102A20002DE9F04F91B0166880460F46002542F61A
:102A300001030068D6F804908DF82C500BA91446B9
:102A4000ADF82E30FFF767F8002800F089804FF4CA
:102A50002053D8F800008DF82C500BA9ADF82E307B
:102A6000FFF759F838B1A3681BB15A88BA4200D2AF
:102A70005F8001200EE061680846FFF729FF728B36
:102A8000738D9A4294BFC0EB0200C0EB0300032891
:102A900003D8002011B0BDE8F08F0846FDF705FE11
:102AA00005466068FFF714FF728D738B05F10C0B00
:102AB0009A4294BFC0EB020AC0EB030A5846FDF7E6
:102AC0009AFE824544D26068FFF702FF728D738BD5
:102AD0009A4294BFC0EB0200C0EB030070B9636878
:102AE000987AE7F717F800220023FDF7ABFD0546BB
:102AF0000028CED001466068FDF7E8FD0023009372
:102B0000D8F80460102302AA41464846B047061E82
:102B100026DB227CE068B2421ED001460BA8FFF7FC
:102B200028F8E8B1F2B202A906A8FFF722F8B8B176
:102B300006A90BA8FEF7EFFF90B9002363740421E8
:102B400005F10C00FDF7F0FDA0600780A3688FE79A
:102B50005846FDF750FEC1E702A903F030F8EBE755
:102B60000023A36085E7F8B59368166805460F460D
:102B7000144663B9506801210C30FDF7D5FDA06003
:102B80002B681B78002B14BF022301230370A3685A
:102B90001B78012B03D0022B1FD000201CE02B68D8
:102BA0001B78002BF9D1606804210C30FDF7BCFDC7
:102BB000E06007802A68E36852885A806168728DF5
:102BC000738B088A9A4294BFC0EB0200C0EB0300EB
:102BD000042894BF00200120F8BD2B681B78022B2D
:102BE000DBD1606812210C30FDF79EFDE0600780AC
:102BF0002B68E268591C0232113351F8040B42F879
:102C0000040B9942F9D16168728D738B088A9A42DC
:102C100094BFC0EB0200C0EB03001228D9E7D068D4
:102C20000378043113B90170012070478B42FBD047
:102C300091680B8A0020043B0B82106170472DE9DC
:102C4000F04F044685B0104690469946FFF740FE87
:102C5000638B628D934228BF134683428B4640F2BA
:102C60009380636803934046FDF71FFD4FF0000A11
:102C700006464046FFF72CFE628B638D06F10C077B
:102C80009A4294BFC0EB0205C0EB03053846FDF73E
:102C9000B2FD854217D24046FFF71AFE628B638D64
:102CA0009A4294BFC0EB0205C0EB03058DBB98F8B8
:102CB0000A00E6F72FFF00220023FDF7C3FC0646BB
:102CC00030B9574636E03846FDF795FD0546EDE745
:102CD00001464046FDF7FAFC4046FFF7F9FD628DDC
:102CE000638B06F10C079A4294BFC0EB0205C0EB60
:102CF00003053846FDF77FFD85421FD24046FFF7AA
:102D0000E7FD628D638B9A4294BFC0EB0205C0EB76
:102D10000305F168328ACDF80090DBF8047003985F
:102D20000A44ABB25946B847071E0CDABAF1000F95
:102D300018BF5746384605B0BDE8F08F3846FDF756
:102D40005AFD0546E5E70E9BB3B9394606F10C007E
:102D5000FDF7EAFC4046FFF7BBFD638D628B9342B3
:102D600028BF1346B9448342BA441FFA89F9A8D947
:102D7000AF423FF47EAFA4E70F9A0E9B3946304630
:102D800098470028E1D19CE70027D3E70368002299
:102D900003B970478B420FD10B683AB942680360A0
:102DA000914200D1436000230B6070471360436879
:102DB000994208BF4260F6E71A461B68E8E7BFF38E
:102DC0005B8F50E8003F43F0080240E800210029F3
:102DD000F7D1BFF35B8FC3F3C00070472DE9F34118
:102DE0001768D7F80480002314461373014606467B
:102DF0009522404600F0ABFD0546207330B93146C0
:102E0000404600F0A6FF28B908232373002002B033
:102E1000BDE8F081CDE900553146A388A268384667
:102E2000FFF70DFF002807DA10F1FF0F26BF404221
:102E3000C0B20E202073E9E70120E8E72DE9F34155
:102E40001768D7F80480002314461373014606461A
:102E50009522404600F07BFD0546207330B931468F
:102E6000404600F076FF28B908232373002002B003
:102E7000BDE8F081A068798B7A8D038A914294BF76
:102E8000C3EB0103C3EB0203012BEFDD02210C3086
:102E9000FDF74AFCCDE900558046A388A26831467B
:102EA0003846FFF7CCFE031E06DA13F1FF0F26BFEC
:102EB0005B42DBB20E23D8E7A8F800300120D6E74A
:102EC00008B5837A072B01D0002008BD0421FFF745
:102ED000CFFC0028F8D0BFF35B8F036DBFF35B8F8F
:102EE000DB07F1D550F8040CEFE72DE9F04104467B
:102EF0008868FFF7EDFC638B628D934228BF134611
:102F000083420D461DD3A165D1F8088000278F604C
:102F1000FCF7FAF841462046EAF788FD064638B144
:102F2000C5F80880A765FCF703F93046BDE8F081D5
:102F3000618D638B994228BF19462846ECF772F8D9
:102F4000F1E76FF07906F0E738B5BFF35B8F0B68F8
:102F5000BFF35B8FDB07054616D550F8040C98B11C
:102F60006B6D8BB90430FFF7A9FC044660B10146D4
:102F7000281FFFF7BAFF38B155F8043C5A682260A1
:102F80009A685C6002B99C6038BD2DE9F041446AE2
:102F9000074634B354F8A86906B1A83E00231D467D
:102FA00007F1040801E034461646A26D92B905B94E
:102FB00083B94046FFF782FC054650B101462046E2
:102FC000FFF793FF68B17B682B60BB687D6003B936
:102FD000BD6023462EB1D6F8A820002AE3D0A83A37
:102FE000E1E7BDE8F08170B504460E4600220023FB
:102FF0000846FBF799FB054658B101462046EAF71B
:1030000015FD044618B12946304602F042FA204622
:1030100070BD6FF00104FAE7F8B50546071F00F12F
:10302000500350F8044CBFF35B8F53E8001F21F0AE
:10303000040143E80012002AF7D1BFF35B8FFCB113
:103040006B6D83B9636873B1201DFFF737FC0646CB
:1030500001463846FFF749FF90B163683360A368C3
:10306000666003B9A66005F158013846FFF7BBFF5B
:1030700030B104F10C013846BDE8F840FFF7B3BFAA
:10308000F8BD38B504460D46EAF7D0FC30B1294604
:1030900004F15C00BDE8384002F0F0B938BD70B50D
:1030A000044601F10C000D46FDF78FFB26682B8AC4
:1030B000EA680146306800F010FE1E21002220461A
:1030C000EAF7C2FA014610B12046FFF7DAFF002006
:1030D00070BD2DE9F04188461746012104220546BE
:1030E0001E46EAF7B1FA044670B104210C30FDF730
:1030F0001BFB80F80080A0F80170C67021462846AE
:10310000BDE8F041FFF7BDBFBDE8F08107B5CA6873
:103110001388528800920C210D22EAF7A5FE03B015
:103120005DF804FB07B5CB6800221B8800920A21DA
:103130000B22EAF799FE03B05DF804FB70B5CB688B
:103140001E88B3B2162B044629D90321EAF7CCFA1C
:10315000054630B302210C30FDF7E6FA6FF00403A8
:1031600003700123437029462046FFF78AFF40F28F
:10317000FB136383236866851B68BFF35B8F04338F
:1031800053E8001F41F4803143E80012002AF7D1D0
:10319000BFF35B8F2046FFF7CCFB002070BD0420FF
:1031A000FCE70E20FAE737B50C46054601F10C00A6
:1031B000FDF70BFB228A0192E2680092034613227C
:1031C00012212846EAF7B8FF03B030BD37B50C46E8
:1031D000054601F10C00FDF7F8FA228A0192E26837
:1031E00000920022034611462846EAF7A5FF03B0E5
:1031F00030BD70B50E461546FFF762FE78B1436AE2
:103200006BB1184650F8A83903B1A83B691C428D30
:10321000448BA24228BF2246914202D93BB90020EA
:1032200070BD2A463146BDE87040EAF70DBAD3F8C2
:10323000A84004B1A83C18462346E8E7EBF77ABA61
:1032400008B5FFF73DFE08B3426A02B3136803B145
:10325000A83B32F88E0C32F87E2C904228BF1046E4
:1032600043B913E0934228BF1346984238BF18462B
:10327000A1F1A803D3F8A8105A8B5B8D0029F1D1D6
:103280009A4228BF1A46904238BF104608BD1046E1
:10329000FCE70A8AC9680023EAF7ECBFFFF7F9BF29
:1032A000FFF7F7BFFFF7F5BFFFF7F3BFFFF7F1BF7A
:1032B000FFF7EFBFFFF7EDBFFFF7EBBFFFF7E9BF8A
:1032C000FFF7E7BFFFF7E5BF70B5CE6833889AB266
:1032D000162A04460D4606D8002204231146BDE8EE
:1032E0007040EAF7C7BF40F2FB1242834385FFF705
:1032F00020FB2A8A002331462046F0E730B50546F8
:1033000089B055F8043B04461868FFF775F969461B
:10331000EAF70EFA2846EAF7F9FF60681321FFF78B
:1033200023F909B030BD10B5044688B054F8783D93
:103330001868FFF761F96946EAF7FAF92046FFF7DE
:10334000DDFF08B010BD70B50E46FFF7B9FD0446AD
:1033500028B93046E6F786FC6FF07F0070BD00F1BB
:103360000C052846314602F089F8606A38B150F8F9
:10337000A84904B1A83C2946FFF735FE20B9002032
:10338000ECE71C466FF00100002CF8D0D4F8A83010
:1033900023B90230F5D020461C46ECE7A83BF8E7FD
:1033A00038B505460C46FBF7AFFE2846FFF788FD0B
:1033B00020B9FBF7BDFE6FF07F0038BD002323600E
:1033C00083683BB9C0E90144FFF7DFFDFBF7B0FEBE
:1033D0000020F2E71C608460F6E710B50C46FFF7AA
:1033E0006FFD98B1436A4BB153F8502CD168A1429C
:1033F000A3F1A80309D0D3F8A830F4E7406828B1B6
:10340000C368A34202D00068F9E7104610BD1060FF
:103410000020704710B5029CA36833B1B1F5807FDE
:1034200028BF0E21CAB221469847A37DE268013B1E
:10343000DBB2A37522B11BB92046BDE8104010478E
:1034400010BD1060918000207047B1F5807F009A18
:1034500028BF0E211368C9B2184708B5072202F029
:10346000AEFBB0FA80F0400908BD0B6803608B88A2
:1034700083808B798371704710B50346BFF35B8FF0
:1034800053E8000F40EA010243E80024002CF7D182
:10349000BFF35B8F10BD70B50D46064611F8010BEA
:1034A000E9F772FE044610B12C89E9F717FB6B8926
:1034B000A34207D0EB686C8123B121463046BDE8BA
:1034C0007040184770BD08B502210C30FDF72CF98B
:1034D0006FF00403037001234370002008BD10B592
:1034E00002210C301446FDF71FF9238903800020C8
:1034F00010BD10B504210C301446FDF715F92389D1
:10350000038063894380002010BD70B514460025F8
:1035100000F10C066268EBB29A4205F1010501D890
:10352000002070BDA268304632F81310FDF713F981
:10353000F0E7FFF7EABFF7B5089D06462F680C468F
:1035400051B973B9002308932A46E1B23046BC460C
:1035500003B0BDE8F0406047B1F5807F28BF0E247E
:10356000F0E7009313462A46B84708942F6823468D
:103570002A462146EAE710B5144632B900F1700137
:10358000007AEAF765FF00B1846010BDF0B587B03E
:103590000D460C9C114606461A465DB983B927684C
:1035A00000232246E9B23046BC460C9307B0BDE882
:1035B000F0406047B5F5807F276828BF0E25EFE70C
:1035C00003A8FDF7A0F8BDF81030012B08D80023A0
:1035D00000932568224619463046A84707B0F0BD3B
:1035E000022103A8FDF7E1F80346BDF8102033F8E7
:1035F000027B974228BF1746009725682246002184
:103600003046A847394603A8FDF7CFF8DBE738B5C1
:10361000BDF81040A24215460CD84CB16BB1A21AAD
:103620008A42A8BF0A4694B22246591902F097FA74
:10363000204638BD6FF00600FBE76FF00D00F8E79D
:1036400030B585B0C96814461D46EAF737FF00B1AA
:103650000089ADF80E0002230093BDF820200DF183
:103660000E0329462046FFF7D2FF05B030BD1FB537
:103670000C461946E3681C781046BDF818203CB18A
:1036800010240133069404B0BDE81040FFF7BFBF1B
:103690005B88ADF80E30022300930DF10E03FFF7A7
:1036A000B6FF04B010BD2DE9F04114461D46BDF82B
:1036B0001870E7F737FD0646E3F74EFD80B2069037
:1036C00033463A4629462046BDE8F041FFF79FBF02
:1036D00030B585B014461D46FEF77BFC0223ADF8DD
:1036E0000E000093BDF820200DF10E032946204660
:1036F000FFF78DFF05B030BD38B500F10C05022194
:1037000028461446FDF710F863890380A1892846EE
:10371000FDF721F8042104F11000FFF7ADFE0020B1
:1037200038BD2DE9F041069DBFF35B8F07460C467F
:1037300005F1100353E8001F21F0040143E80012D3
:10374000002AF7D1BFF35B8FECB1EAF7CBFE01465D
:1037500040B3836853B11E68002205F1140C2BB1ED
:10376000634508D12B463846EAF784FEB4F5807FDE
:1037700028BF0E240EE026B130681A4633460646AE
:10378000EDE73046F9E7AB8923B92E682346224698
:103790002946B0476B682BB12A46E1B23846BDE8EE
:1037A000F0411847BDE8F08138B500F10C04042160
:1037B00020461546FCF7B8FF2B8903806B894380B0
:1037C000E9680B782BB949882046FCF7C4FF002034
:1037D00038BD102201312046FCF7ACFFF7E770B589
:1037E00000F1700605463146007AFEF7F4FB044608
:1037F0003146287A3CB1EAF72BFE18B1002303606A
:103800004360836070BDEAF723FE0028FAD00460AD
:1038100044608460F6E7022A10B508D1002300F165
:1038200070011A46007AEAF7DDFE022010BDFFF7AC
:10383000D6FFFAE72DE9F84306460D464FF470200F
:103840000021DDF8249017469846EAF7D5FC044697
:1038500060B14560C7609DF820104A463046FFF7CA
:10386000C8FC054638B92046EAF7F4FC6FF00B05B2
:103870002846BDE8F883002211460123EAF7D6FD69
:10388000A56028463A464946C047054618B1204635
:10389000EAF7E0FCECE721463046FFF781FD0546FC
:1038A0000028E5D0F3E713B5044610B9002002B0B4
:1038B00010BD00238DF80430006842F6030301A90F
:1038C000ADF80630FEF727F90028EFD1E3689888B5
:1038D0000028ECD12046EAF75BFF013080B2E6E732
:1038E00070B5CC6888B008461E46A3798DF80C30B8
:1038F0001546FFF7D8FFADF80D00246823786BB9A3
:103900006388ADF80F3005230093BDF8302003AB7A
:1039100031462846FFF77BFE08B070BD631C0DF1F1
:103920000F02113453F8041B42F8041BA342F9D1CF
:103930001323E9E71FB5CDE90123002300931A46BD
:10394000EAF756FF05B05DF804FBFFF779BC4B8A38
:1039500012F0010FC3F30E0304D013F0950F10D033
:10396000486870B112F0020F04D013F4957F0AD0AA
:10397000896841B1134013F4DE7F14BF0520002095
:10398000704702207047032070472DE9F041837A89
:10399000072B86B005460C46174640F0848000236E
:1039A0008DF81430206842F6030305A9ADF81630EF
:1039B000FEF7B1F890B96668002E74D0009001232C
:1039C00004AA2146B04701286DD19DF8103013F0AC
:1039D000300F68D02046EAF765FF044600232068D0
:1039E0008DF8143005A942F60213ADF81630FEF733
:1039F00092F818B12046EAF755FF0446002642F631
:103A0000021820688DF8086002A9ADF80A80FEF758
:103A100082F8F0B9002320688DF8143005A942F629
:103A20000213ADF81630FEF776F800283BD1666831
:103A3000002E38D00090022305AA21462846B04720
:103A4000022830D1BDF814301F4214BF01200020DD
:103A50002AE020688DF80C6042F6030303A9ADF854
:103A60000E30FEF758F80028D4D020688DF810608A
:103A70004FF4205304A9ADF81230FEF74CF800289B
:103A8000C8D020688DF8146042F6010305A9ADF88E
:103A90001630FEF740F80028BCD02046EAF702FFB7
:103AA00004460028ADD1002006B0BDE8F081F8B58D
:103AB0000F4651684B8A03F094030646144613BB25
:103AC0000122FFF762FF08B3A2891B2102323046B0
:103AD000FFF78FFB0546E0B1A1890C300231FCF7FE
:103AE00023FE20F8027BA289A16802F038F8D4E90D
:103AF000041228460123EAF799FC29463046BDE81E
:103B0000F840FFF720BC4FF0FF30F8BD6FF0150014
:103B1000FBE76FF00B00F8E72DE9F74F0C9C8046B0
:103B200091461E460D4641B96BB9266800230C9399
:103B30002246E9B24046B44632E0B1F5807F2668BD
:103B400028BF0E25F2E76368002B59D1013E258975
:103B50006789B6B202F1010A002E33D099F800103D
:103B6000B14228BF3146012907D800230C932568AC
:103B7000224604214046AC4612E0BAF80020023941
:103B800093B289B2002B5AD09D42D4F800B001D82C
:103B90009F4209D200230C9322460E214046DC4668
:103BA00003B0BDE8F04F604722810AF102030091A3
:103BB000224600214046D847002840D099F80030DE
:103BC000B3420BD921464046EBF7FEF8002836DA1F
:103BD00000230C93256822460E21CBE723896289B6
:103BE0009A4205D100230C93256822461946C1E765
:103BF0000133238199F80030F61AB6B29A44ABE744
:103C00000096134627682246B847C0B1238A013B75
:103C10009E4205DA0C9526682B462246294689E7FE
:103C200063891E44668121464046EBF7CDF80028A3
:103C300005DA0C9526682B4622460E217AE703B05A
:103C4000BDE8F08F73B504460D46FBF75DFA2946D3
:103C50002046FFF7C2FB014620B902B0BDE8704024
:103C6000FBF766BA46682046EAF7B4FBFBF760FA52
:103C70002EB1002300951A460E212046B04702B00F
:103C800070BD2DE9F8438C68804616469946FCB114
:103C9000256805B1143D34F80C3CB34215D1143CF1
:103CA00007E02C466D692389A5B1B342A5F114053F
:103CB000F7D12768BDF820304A4621464046B8472C
:103CC00018B921464046EBF7C5F82C46002DE9D13E
:103CD000BDE8F883B342ECD0FAE7F7B50D460446E9
:103CE00016461F46EAF7FEFB014628B10097334609
:103CF0002A462046FFF7C5FF03B0F0BDF0B587B0F8
:103D000005460E461746EAF7EDFB044640B13A4633
:103D1000314603A8FCF7F7FCBDF81030042B01D89E
:103D200007B0F0BD042103A8FCF73FFDBDF810105B
:103D300046880288B142F3D3031D214628460096E7
:103D4000FFF79FFF314603A8FCF72FFDE4E70120B2
:103D5000704701207047012070470021F8B54FF0EF
:103D6000FF324FF0FF3305460846E9F72DFB00F11F
:103D70000C07044601213846FCF7D6FC05260670E0
:103D800001213846FCF7D0FC002306701A46214674
:103D90002846FEF7FDFC10B12046E5F763FF002042
:103DA000F8BD6FF085007047002070472DE9F041A5
:103DB000064608461D461746EBF750F943681C684F
:103DC00064B154F8088C0C3CB8F1000F04D0A3681F
:103DD0002A4639463046C047E468F1E72846BDE840
:103DE000F08138B50D46EBF739F943681C6854B1DA
:103DF00054F80C3C0C3C23B16A1E5042A16850415F
:103E00009847E468F3E738BD38B515460C4689B1E4
:103E100008B9EBF71FF9A56043680021E160596814
:103E200004F10C0219B9C3E90022002038BD0A6070
:103E30005A60FAE76FF01500F8E7F0B5064687B06C
:103E40001C461546B2B1ABB111B9EBF703F9014607
:103E50000B681F6800211822684601F0A8FE14377D
:103E600069463046CDE90175ADF80C40EAF786FEAB
:103E700007B0F0BD6FF01500FAE710B5807A0C4678
:103E8000E5F748FE436A21465868BDE8104001F056
:103E900090B9F7B50D46807A17461E46E5F73AFE0B
:103EA0002C68436A033424F0030258682A60042112
:103EB000CDE90076FAF74EFA00B9286003B0F0BDFC
:103EC00038B50446807AE5F725FE6169054649B1B3
:103ED000637ADB0704D4436A1B6820469B689847D3
:103EE0000023636121462846BDE8384001F0D1BA7D
:103EF00030B50906847E054618D414F040001AD067
:103F0000298BC3F30A00C1F30A01884222D802F0C8
:103F1000030002280DD003280ED0012815D114F07B
:103F2000080217D013F4C05F05D00BE014F0200096
:103F3000E5E7C4F3800030BD14F00200FBD013F4B9
:103F4000C05F05D0C4F30010F5E704F00100F2E70C
:103F50000120F0E70020EEE7BFF35B8FD0F8A00070
:103F6000BFF35B8F00F001007047BFF35B8FD0F8A9
:103F7000A000BFF35B8FC0F3400070470269BFF33E
:103F80005B8F02F1A003D2F8A020BFF35B8FBFF3D9
:103F90005B8F51B153E8001F41F0040143E8001268
:103FA000002AF7D1BFF35B8F704753E8001F21F061
:103FB000040143E80012002AF4D0F6E701F00F03F1
:103FC0000906026948BF103352F823007047007F8A
:103FD000C0F300107047037F61F304130377704749
:103FE00008B502691046FFF7B7FF68B991F82000DD
:103FF00000F00F03000648BF103342F823100846B4
:1040000001F0FDF9002008BD6FF00C00FBE7002275
:104010000023FAF789BB70B5054600220023FAF7A2
:1040200083FB044610B106462B680BB9204670BDD1
:10403000002200232846FAF777FB70600028F5D0AD
:104040000646F1E701F02FBA01F018BA437E23F0DB
:10405000070343F0010343767047407EC0F3C0007E
:104060007047437E6FF3C303437670471FB50469FF
:104070008DF80410CDE90220D4F8983001A99847B2
:1040800004B010BD1FB50469034606208DF8040076
:104090002046CDE90213FFF75FFF40B1C1F81E20B3
:1040A000D4F8982001A91846904704B010BD4FF0ED
:1040B000FF30FAE72DE9F84304468668894615463D
:1040C0001F46FFF77BFF8046002835D0F36B204664
:1040D00098473B882A4649464046FFF709FF28B3E0
:1040E0008BB92369D3F88030DB0758BF402305F034
:1040F000030546BF4FF480634FF400711946022D4B
:1041000007D0032D0CD02046336C98470020BDE823
:10411000F883B8F818208A4228BF0A463A80F2E7A6
:10412000B8F818209A4228BF1A46F7E72046336CA1
:1041300098476FF08500EAE76FF01200E7E72DE996
:10414000F0470546D0F808A0894690461F46FFF77D
:1041500035FF044618B3067FF3071DD43B4642469D
:104160004946FFF7C5FED0B19DF8203084F8218084
:1041700026F00606678484F824302677DAF81830AB
:10418000214628469847227FB0FA80F35B0963F303
:1041900000022277BDE8F0876FF07700FAE76FF052
:1041A0001200F7E72DE9F3411F464B06D0F80880CF
:1041B00004460D4616461BD0D8F83C309847206977
:1041C000FFF7D3FE88B19DF82030009329463B4687
:1041D00032462046FFF7B3FF0546D8F84030204668
:1041E0009847284602B0BDE8F0814FF0FF35F4E76C
:1041F0006FF01505F5E770B505468668FFF7DEFE3A
:10420000044688B1037FDB0711D50146F3692846D0
:10421000984738B1237F03F00103227F63F3000244
:10422000227770BD0346F8E76FF01200F9E76FF0F0
:104230007700F6E770B54B06866804460D4612D047
:10424000F36B98472069FFF787FE48B1294620465F
:10425000FFF7D1FF0546336C20469847284670BDCE
:104260004FF0FF35F7E76FF01505F7E770B5866893
:104270000546F36B0C4698472869FFF776FEB8B100
:1042800021462846FFF79AFE0146A0B1037FDB07CF
:1042900011D590F8213003F00303012B0ED0F36801
:1042A0002846984704462846336C9847204670BDF8
:1042B0004FF0FF34F7E76FF01204F4E76FF0850476
:1042C000F1E7F8B587680646FB6B0C4698473069FE
:1042D000FFF74BFEE8B121463046FFF76FFE05467B
:1042E000D0B1037FDB0717D590F8213003F003032B
:1042F000012B14D001463B6930469847044618B953
:104300002B7F60F341032B7730463B6C9847204668
:10431000F8BD4FF0FF34F7E76FF01204F4E76FF0E9
:104320008504F1E770B586680546F36B0C4698473F
:104330002869FFF71AFEB8B1217EA9B12846FFF718
:104340003DFE014698B1037FDB0710D5637E6FF316
:104350000003637622467368284698470446284639
:10436000336C9847204670BD4FF0FF34F7E76FF08D
:104370001204F4E770B586680546F36B0C4698475F
:104380002869FFF7E9FD80B121462846FFF716FEB0
:10439000014668B104681CB1B368284698470446D2
:1043A0002846336C9847204670BD4FF0FF34F7E73E
:1043B0006FF01204F4E7F6F7E5BD70B586680D46B8
:1043C000F36B044698472846E5F74CFC2046336CCF
:1043D0009847002070BD70B586680546F36B984716
:1043E0002869FFF7C2FD044620B133683BB1284677
:1043F000984704462846336C9847204670BD0124F0
:10440000F8E7F8B587680669FB6B044698472069AA
:10441000FFF7A2FDE0B12069FFF7A7FDD8B9C6F804
:10442000A400FB6A20469847054660B9BFF35B8F3E
:10443000A03656E8003F43F0020346E80032002A67
:10444000F7D1BFF35B8F20463B6C98472846F8BDF9
:104450004FF0FF35F7E76FF07705F4E7F8B58768B9
:104460000669FB6B044698472069FFF77EFDB0B1F3
:104470003B6B20469847BFF35B8F054606F1A003D0
:1044800053E8001F21F0020143E80012002AF7D18F
:10449000BFF35B8F20463B6C98472846F8BD6FF012
:1044A0007705F7E72DE9F0410546D0F80880066961
:1044B00014460F4631B32AB3D8F83C3098472869E0
:1044C000FFF74AFDD8B9C6E926742846D8F8343033
:1044D0009847044660B9BFF35B8FA03656E8003FAB
:1044E00043F0010346E80032002AF7D1BFF35B8FA7
:1044F000D8F84030284698472046BDE8F0816FF054
:104500007704F5E76FF01504F6E7F8B587680669F4
:10451000FB6B044698472069FFF727FDD0B9206957
:10452000FFF71AFDC8B1BB6B20469847BFF35B8FFE
:10453000054606F1A00353E8001F21F0010143E8FE
:104540000012002AF7D1BFF35B8F20463B6C9847DF
:104550002846F8BD6FF00F05F7E76FF07705F4E731
:10456000F8B54B7E076943F002034B760546D7F852
:10457000A8000E46FCF7AAF8002280212846F6F78C
:1045800001FD044678B101463046FCF79FF8637E92
:1045900043F0040363760022D7F8A8102846BDE84C
:1045A000F840FFF76FBD6FF00B02F5E7F8B506694D
:1045B000D6F8A430022B05461BD1D6F8A870FB68AC
:1045C0008021DA88F6F7DEFC044678B101463846E9
:1045D000FCF77CF8637E43F0020363760022D6F892
:1045E000A8102846BDE8F840FFF74CBD6FF00B025D
:1045F000F5E76FF08500F8BDF8B506690022802167
:10460000D6F8A8700546F6F7BDFC044680B11FB188
:1046100001463846FCF75AF8637E43F0040363769C
:104620000022D6F8A8102846BDE8F840FFF72ABDBA
:104630006FF00B02F5E74A7E42F004024A76002250
:10464000FFF720BD0369D3F8A400431E5842584128
:1046500070470369D3F8A400831E5842584170473D
:104660000369D3F8A400431F5842584170470369B7
:10467000D3F8A400C31E58425841704770B50C4689
:104680000569607ED5F88010237ED5F8A420C00788
:1046900016D5FBB9E368DE8842B1012A03D1D5F80B
:1046A000A800E5F7DFFA0023C5F8A430C5F8A84054
:1046B000F6B1E3681B78DB090133C5F8A43070BD9F
:1046C00043B9012A16D0042A16D1228A002A18BF1B
:1046D0000623F2E7052A11D0022A04D181F004034F
:1046E00003F00403E9E7032A14BF06230023E4E7E9
:1046F0000323E2E70523E0E70623DEE70023DCE708
:10470000C343C3F3C01300F00F0000EB0310704766
:1047100038B50D46FFF752FC0446FFF758FC60B968
:104720002046FFF78FFC40B12846F6F705FD2046EE
:104730000121BDE83840FFF74EBC38BD38B50D4605
:10474000FFF73CFC0446FFF742FC60B92046FFF748
:1047500079FC40B12846F6F7EFFC20460121BDE880
:104760003840FFF738BC38BD08B500F098FCF9F7C1
:1047700045FC002008BD006984304FF0FF324FF047
:10478000FF33F9F709BF00698430F9F77DBF4A09A3
:10479000012301F01F018B4000EB8200BFF35B8F10
:1047A00050E8002F1A4340E800210029F8D1BFF358
:1047B0005B8F70470369C9B20C2201FB0233186C8E
:1047C00000F00700704770B5C9B20369EFF31185B7
:1047D000202484F31288BFF36F8F0C2606FB01346C
:1047E000246C14F0C00408D0A24206D085F31188CE
:1047F000BFF36F8F4FF0FF3070BD06FB0133012216
:104800001A6485F31188BFF36F8F436803EBC1030C
:104810005B6898470020EFE78022FFF7D4BFF8B528
:10482000069F0469C9B2EFF31186202585F312882B
:10483000BFF36F8F0C2505FB0144256C05F0070CB9
:10484000BCF1010F0CD1276486F31188BFF36F8F81
:10485000C4E90E23436853F8313098470020F8BD6F
:1048600005F0C005AF4286F31188BFF36F8F0CBF10
:104870006FF077004FF0FF30F1E713B5802400941C
:10488000FFF7CDFF02B010BD10B40069CBB21C24FD
:1048900003FB0400002110BC10470020F8F706BFFE
:1048A000002000F067BB1046F9F770BF43685B68F3
:1048B000D3F810350B600020704743685B6802EA4C
:1048C000010021EA0201C3F80805C3F80C15002015
:1048D000704743685B680020C3F808157047436859
:1048E0005B680020C3F80C15704743685A68D2F81B
:1048F000043521EA03000B40C2F80805C2F80C3564
:104900000020704710B503695868F8B1884219D182
:104910009C6808685860A14200D198600020086037
:104920002AB15A680A609A68596002B999600020F1
:1049300010E0814206D10868206098688142EDD17C
:104940009C60EBE7044600680028F2D1002AE8D119
:104950006FF0150010BD13B54FF080520829136E8B
:10496000526E28BF082112BA00921BBA0C460A46A2
:104970006946019301F0F3F8204602B010BD30B54E
:1049800043681360057A446804EBC504A34202D36C
:104990006FF0010030BD5C798C4201D00833F0E744
:1049A0000020F7E710B50469204600F097FC0023CB
:1049B000636110BDF8B587687C6806469CB14368A2
:1049C00093F82630DB071DD405694FF0FF334FF015
:1049D000FF322846F9F7E0FD6B69002B05DC002467
:1049E0002846F9F751FE2046F8BD013B6B61002BCC
:1049F000F5D17B6830469847041EBEBF6B69013312
:104A00006B61EDE70024EEE7F0B4D0E901631B69C8
:104A10003BB177688F4208DB3568954205DCF0BC16
:104A200018476FF05700F0BC70476FF01500FAE7B9
:104A3000F0B4D0E901631B6A3BB137698F4208DBF0
:104A4000F568954205DCF0BC18476FF05700F0BCE4
:104A500070476FF01500FAE770B4D0E90162956A0B
:104A600003460C46A5B196F8242012B92B4670BC1B
:104A70001847306A024410F8011BA14202D12146B6
:104A80001846F3E79042F6D16FF0850070BC70478E
:104A90006FF05700FAE72DE9F341D0E901470E46E0
:104AA00094F825100569FF2980460FD194F8261047
:104AB000C1F38101022914D0D8F808301B6B0039EA
:104AC00018BF01214BB96FF0570003E0FFF7C4FF97
:104AD0000028EBDA02B0BDE8F08140469847002894
:104AE000F8DBA268B2F1004F05D011464046FFF74F
:104AF0008BFF0028EEDB6269B2F1004F05D0114652
:104B00004046FFF795FF0028E4DB2368B3F1004F30
:104B100014D0D8F808305B69002BD4D001A94046E6
:104B200098470028D6DB2268019B9A421CDD11467B
:104B30004046FFF769FF002805DACBE762686FF0AF
:104B400000439A42E5D19EB994F826309B0716D0CF
:104B50003B68404698470028BCDBA069F8F7D0F8CE
:104B60006B6901336B610AE062689342EBDDDEE75B
:104B70006B6901336B6194F82630DA0601D40020AA
:104B8000A8E74046FFF716FFA4E7012303FA01F167
:104B900003691B68194218BF82F0010212B18368D1
:104BA000DB68184783681B69FBE708B54368986AA8
:104BB00038B193F82C100122FFF7E7FF00EAE0700C
:104BC00008BD6FF08500FBE743681868B0F100404E
:104BD00018BF012070470346084631B95B681B685F
:104BE000B3F1004F01D0136070476FF015007047AC
:104BF000F7B544680546FFF7D5FEA06A00283AD00D
:104C000000F077FA002838D0E38DA06A94F82C10D1
:104C100043F400320769D0F808C013F0010F4FF0D9
:104C200001063B6806FA01F614BF3343B3433B6009
:104C3000DCF800309847002821DBA06A94F82C406B
:104C40000669836801A95B689847002809D016DBCC
:104C5000011E18BF0121284603B0BDE8F040FFF750
:104C60001ABF019B32685A400123A3401A4214BF65
:104C700001200020ECE70146EDE76FF0120003B0E1
:104C8000F0BD4368986A20B193F82C100022FFF71A
:104C90007CBF6FF08500704743681B68D3F88004C1
:104CA000C3F88004704742681368D3F8100150B10C
:104CB000D269002012780A70C3F81001D3F81021CD
:104CC00001221A6070474FF0FF307047002A0FDD55
:104CD00042681368D3F8100158B10020C3F81001DE
:104CE000D269D3F8100112780A7001201860704759
:104CF0000020704710B5436819680369EFF311820B
:104D0000202080F31288BFF36F8F1868002484730B
:104D10001B680120D8734FF48003C1F8043382F379
:104D20001188BFF36F8F10BD03691A680121917359
:104D30001B680022DA737047026911680346C87B5A
:104D400040B15B681B68D3F8580118B100230B61B0
:104D500013689889704743681B68D3F810010038BE
:104D600018BF0120704743681B681022C3F8042352
:104D7000704743681B681022C3F8082370474368D4
:104D80001B684FF40072C3F80423704743681B6824
:104D90004FF40072C3F80823704738B543681D68A4
:104DA000D5F804335B02044605D4D5F8040310F0AB
:104DB000100006D138BDFFF7BFFF0028F5D0012055
:104DC000F8E72046FFF7C7FF003818BF0120F1E7DA
:104DD000012070470369186801601B685A607047BA
:104DE00002680346D2F8580140B95B68DB0706D475
:104DF000D2F82001003818BF012070470120704709
:104E000010B4436802691B68D3F80413C90517D5A9
:104E1000D3F82011A1B1EFF31181202484F312887B
:104E2000BFF36F8FD3F8204134B10024C3F8204181
:104E3000D3F820410124DC6081F31188BFF36F8F28
:104E40001168D3F8584171B17CB100240C6111682C
:104E5000C97B19B94FF48001C3F8081311688C7B22
:104E60001CB100238B7310BC7047D3F8241121B1FF
:104E70000021C3F82411D3F8243112681368002BE1
:104E8000F1D0516810BC184713B501AA0446FFF7CA
:104E900076FD002805DB019B226819791868F7F771
:104EA0005DFE02B010BD6FF0850070472DE9F04146
:104EB000066933689C89BFF35B8F94420546A8BF9F
:104EC00014461033012753E8002F002A03D143E88A
:104ED00000700028F7D1BFF35B8F0CBF3B46002367
:104EE0002BD133682246986800F039FEEFF3118821
:104EF000202383F31288BFF36F8F69680846FFF79A
:104F00006FFF326840B91061044688F31188BFF31F
:104F10006F8F2046BDE8F0810B689268C3F8442586
:104F20000022C3F84845C3F82021D3F82011C3F864
:104F30005821D3F858219F60E7E71C46E9E700F1C4
:104F400050039B009BB203F1804303F5883300229A
:104F50001A601B687047004700F0AFB8C00000F14E
:104F6000804000F5F830C0F81015C0F814257047DF
:104F7000F9F7AAB8F8F710BBF7B5019001A8DDE979
:104F8000084716461D46F8F723FC019BB6F1000CB6
:104F900018BF4FF0010C00EB83000B1E18BF01235C
:104FA000002D43EA4C0314BF4FF00C0C4FF0000CE3
:104FB000002C43EA0C0314BF4FF4E06C4FF0000CDC
:104FC000002F43EA0C03D0F8002714BF4FF4403CF5
:104FD0004FF0000C43EA0C0322EA030301B1097805
:104FE0000EB13678760019430DB12D78AD003143FE
:104FF0000CB12478240229430FB13F783F040C43BD
:105000003C43C0F8004703B0F0BD1FB50DF10F03DE
:10501000019300238DF80F1000931A461946FFF7ED
:10502000ABFF05B05DF804FB38B5054608460C46F5
:10503000F8F720FCB0B10846F8F710FC90B9084624
:10504000F8F700FC2A6801238340C2F808332A6875
:1050500003B202EB8303D3F8102522F00302C3F856
:10506000102538BD20460021BDE83840FFF7CDBFF0
:10507000F8F786BCFFF7D8BF00F180431A68002A12
:105080001FBF00221A601B68012008BF0020704764
:105090004FF080434FF46072C3F8042370474FF021
:1050A00080434FF46072C3F80823704708B5F8F7DF
:1050B000BBFFBDE80840F8F74DBB08B1E4F712BEEE
:1050C000704710B5436904463BB90020E268537845
:1050D00043F001035370404210BD98470028F4D0BC
:1050E0000028B8BF4042E368FF28A8BFFF2018701F
:1050F000ECE740B1C368587810F001001EBF187883
:10510000B0FA80F040097047EFF31183202383F356
:105110001288BFF36F8FFEE708B5FFF7F5FF2DE9A3
:10512000F04F89B0DDE912680546059243463246E4
:1051300006A80F4600F0F9FBDDE9063405F1140A74
:10514000CDE90234EFF311844FF0200989F312887E
:10515000BFF36F8F05F10C0B059A149B3946284657
:10516000984730B184F31188BFF36F8F09B0BDE861
:10517000F08F56EA0806F5D0DDE9022306A800F014
:10518000F9FBDDE906685A46CDE90068214650463C
:10519000F9F700FFEFF3118489F31288BFF36F8FE3
:1051A000DAE710B400F10C04C0E9034410BCFAF7CC
:1051B000CABF38B50446EFF31185202383F3128864
:1051C000BFF36F8FFAF711FF04F10C0000F0F0FA53
:1051D00030B1294604F11400BDE83840F9F76EBF3C
:1051E00085F31188BFF36F8F38BD4169826842EA49
:1051F000010313F003030FD1C3600369013B03FBF9
:105200000122002B01DA00207047C168116041695A
:10521000C260013B521AF4E76FF0150070472DE9A8
:10522000F04105460F46EFF31188202383F31288DF
:10523000BFF36F8FC668FEB90468A0421CD0DCB112
:10524000D4E9003213605A60637BA66023F0020346
:105250006373C4E9006604F1180000F03AFB2046CD
:10526000C4F88C60276100F054FA414605F108004B
:10527000BDE8F041F9F722BF3E60AB69EF60013B4A
:10528000AB6188F31188BFF36F8FBDE8F08108B57B
:105290002024EFF3118384F31288BFF36F8FFBF7A1
:1052A0009AF9F6E7D0E9003213605A60427B002396
:1052B00022F00202C0E9003342738360704713B5E5
:1052C00001240094F9F794F802B010BD90F90E3063
:1052D0008B4201D0F9F780BE0020704703460020C2
:1052E000C3E90200C3E900337047D0E9003213601C
:1052F0005A60427B002322F00202C0E9003342736D
:10530000836070472DE9F843914604469DF82020BC
:105310000D4600F10807EFF31186202181F3128872
:10532000BFF36F8F02B14568D4F80880474518D0A5
:10533000B8F1000F15D04046FFF7D7FF08F118006D
:1053400000F0C7FA0023C8F88C30C8F81090404627
:1053500000F0DFF938463146F9F7B0FE0020BDE82D
:10536000F883A3B10820FAF7BDFA002838D001224B
:10537000C0F804900260016801F003015DB9226881
:105380000A430260626820606AB960600BE0C9F895
:1053900000304846EFE72A68032A16D801606168A2
:1053A00069B9C4E90000042104F1100000F046FBD3
:1053B0000028CFD186F31188BFF36F8FCFE70A683B
:1053C00002F0030202430A60DFE722F003020A430D
:1053D00002602A6802F0030240EA02032B60E2E75F
:1053E0006FF00B00E6E710B5044630B10268930792
:1053F00003D0446809B100F0ABFB204610BD002388
:10540000C0E9003300F10803C0E9023300F11003E2
:10541000C0E904337047F8B500F10806EFF31187CF
:10542000202383F31288BFF36F8F8568AE4200F1AB
:10543000100418D0BDB12846FFF757FF05F118003A
:1054400000F047FA00232846C5F88C302B6100F0A5
:1054500060F90821204600F0F1FA39463046BDE8EF
:10546000F840F9F72BBE0821204600F0E7FA0028A3
:10547000F3D187F31188BFF36F8FF8BD07B5012310
:10548000009300230A461946FFF73CFF03B05DF87E
:1054900004FB07B500230A4600931946FFF732FFC5
:1054A00003B05DF804FB00680021FFF79CBF5AB110
:1054B0008A4209D300F11003C0E90212C0E90000DA
:1054C000C0E90433002070476FF015007047026890
:1054D00001238B4022EA0303036022FA01F000F06B
:1054E00001007047704710B5032104460C30FFF7E8
:1054F000EEFF30B104F1100000F0EBF9B0FA80F0EB
:10550000400910BD20B1002211469C3000F085B941
:10551000704770B5C368C3F340069B07044616D4B2
:10552000856802210C30FFF7D2FF80B1D5F89420B6
:105530006AB194421DD122689EB9D5F89830C5F859
:1055400094209C4201D1C5F8982000232360E36891
:1055500013F01F001EBF43F00203E36040F002009F
:1055600070BD3260D5F89820944208BFC5F89860A5
:10557000EBE716461268DBE773B50446EFF31185D7
:10558000202383F31288BFF36F8F0023A0F110064E
:10559000032104380193FFF79AFF28B1A36901930F
:1055A00001A93046F9F74EFA85F31188BFF36F8FE2
:1055B00002B070BD38B504460D461022002100F03F
:1055C000F6FA656038BD13B501900846EFF3118413
:1055D000202383F31288BFF36F8F01A9F9F732FA02
:1055E00084F31188BFF36F8F02B010BD10B5FFF7C1
:1055F000EAFF041E08DDEFF31180202383F31288F5
:10560000BFF36F8FF9F76CFD204610BD70B50D46E6
:10561000EFF31186202383F31288BFF36F8FF9F71E
:105620006DFA044686F31188BFF36F8F38B14FF0DF
:10563000FF324FF0FF3305F11000F9F7E1F8204693
:1056400070BD08B5B022002100F0B1FA08BD38B530
:10565000302204460D46002100F0A9FA4FF4807371
:105660006560E36038BD38B50446EFF3118520234B
:1056700083F31288BFF36F8FFFF735FF2046FFF7E4
:1056800048FF85F31188BFF36F8F38BDEFF30580B6
:10569000003818BF012070476FF057007047D0E9FD
:1056A000003213605A600023C0E90033704708B528
:1056B000FFF7F5FF437B23F002034373002383606E
:1056C00008BD38B504460D46F9F7E4FB637B43F0AB
:1056D00002036373E5B1A5602B689D4209D16B6835
:1056E000C4E900531C606C6012E06A689A42F6D00C
:1056F0001B68002BF3D094F90E2093F90E108A4208
:10570000F3D09142F1DD5A68C4E9003214605C6064
:1057100038BD10B5EFF31184202383F31288BFF353
:105720006F8FF9F775FB84F31188BFF36F8F10BD8E
:1057300008B5EFF31181202282F31288BFF36F8F37
:1057400083680BB1FFF7B3FF81F31188BFF36F8F4D
:1057500008BD38B5EFF31184202383F31288BFF31B
:105760006F8F90F87050427B002380F870302DB11D
:1057700021B184F31188BFF36F8F38BD12F0280F69
:10578000F7D183680BB1FFF792FF437B23F004034B
:105790004373F9F73DFBECE701211838FFF7D9BF58
:1057A00010B5FFF7C5FFBDE81040183000F091B804
:1057B00038B504680546AC424FF0000000D138BD52
:1057C000002CFCD02046FFF7EBFF2046FFF7A1FF9F
:1057D0002C680120A542F1E770B505460E46F9F7A1
:1057E00027FDB6F1FF3F08BFB5F1FF3F044628464D
:1057F00012D04FF47A7147F6FF730022C4FB0132D6
:10580000D80B40EA4240B0F1004F4FEAD23272F179
:10581000000228BF6FF0004070BD38B5EFF311856E
:10582000202383F31288BFF36F8F0468A04213D044
:10583000A4B1C4F88C1022612046FFF738FF04F1B0
:10584000180000F046F82046F9F7E2FA012085F347
:105850001188BFF36F8F38BD0020F8E72046F6E7C8
:105860002DE9F04105460E461746EFF31188202337
:1058700083F31288BFF36F8F0468A0420FD100201A
:1058800088F31188BFF36F8FBDE8F0813946204659
:10589000B0470028F4D16B68A342F0D02468002CF4
:1058A000F4D1ECE708B50246F9F760FE70B1D0E933
:1058B00004319B1A61EBE272B3F1004F72F1000107
:1058C00004DA002AACBF1846002008BD6FF0004083
:1058D000FBE738B50246EFF31185202383F31288E6
:1058E000BFF36F8F0368CBB1F9F740FE0446104653
:1058F000F9F74EFE00224FF000438442C0E9042332
:1059000006D1F9F73BFEFFF7CDFF0021F7F7CAFC00
:10591000002085F31188BFF36F8F38BD6FF015003D
:10592000F7E708B5F9F740FF08BDB3F1FF3F08BF3F
:10593000B2F1FF3F70B506461D46144614D01A4317
:1059400016D0002B08DBF9F72FFF041941EB0501F6
:10595000C6E90041304670BD6FF001031C1B4FF0DB
:10596000FF3363EB0501F3E74FF0FF342146EFE728
:105970000024FBE7B3F1FF3F08BFB2F1FF3FF8B5EA
:10598000074616461C4610D054EA020311D0F9F718
:105990000BFFB0420A46A14103460AD2F31A64EB58
:1059A0000204C7E900343846F8BD4FF0FF331C4607
:1059B000F7E70023FBE72DE9F041846805460E4632
:1059C000D4B16378012B22D114F8533C9A0711D536
:1059D000A4F160073846FFF7E3FE082E0CBF6FF016
:1059E00003030023E36214F8533CDB0602D138467C
:1059F000FFF78FFE00232370EB68C3F38632164354
:105A0000002066F39433A860EB60BDE8F081022BC0
:105A1000F0D12378002BEDD054F8048CB8F1000FAE
:105A2000E8D004F11400FFF754FFA4F11407002399
:105A3000E36239464046FFF7C6FDDBE738B5EFF3D2
:105A40001185202383F31288BFF36F8F0468A0426F
:105A500011D0D4E9003213605A600023C4E9003346
:105A60002046FFF7A8FF85F31188BFF36F8F201E34
:105A700018BF012038BD0024F5E72DE9F34704469F
:105A8000DDE90A9815460E4659B302F0010AF9F706
:105A90002FFC0746EFF31181202383F31288BFF315
:105AA0006F8FA80744BF0023A360A36803EA060022
:105AB000BAF1000F0CD086420CD16A0744BF834371
:105AC000A36081F31188BFF36F8F02B0BDE8F08748
:105AD0000028F2D159EA080305D181F31188BFF3F8
:105AE0006F8F0020F1E7C7E91A652246CDE90098DB
:105AF00004F10C00F9F74EFA0028F2D1B86EE4E791
:105B000010B5D0E91A424B6812F0010F03EA040302
:105B100001D09C4210D17BB18366520744BF8A6892
:105B20001A430B6848BF8A6043660123086080F807
:105B300070301830FFF7CDFE002010BD0A46F9F78F
:105B400073BE0A460021F9F76FBE5200FFF795BFFA
:105B500020B1011F50F8040CFFF72BBB70470A441B
:105B6000914200F1FF3300D1704710B511F8014B9D
:105B700003F8014F9142F9D110BD884210B501EBF5
:105B8000020402D98442234607D8431EA14208D00A
:105B900011F8012B03F8012FF8E7024401468A426D
:105BA00000D110BD13F8014D02F8014DF7E7024492
:105BB0000346934200D1704703F8011BF9E710B583
:105BC00001390244904201D1002005E0037811F828
:105BD000014FA34201D0181B10BD0130F2E710B5F0
:105BE000024601448A42134603D01C780132002C3D
:105BF000F8D1181A10BDF0B5C3F137070446FFB24B
:105C000003F01F031046082BE6B233D0102B3ED012
:105C10006508A40844EA817445EAC1752D194FEA64
:105C2000910242EB5102290941EA02716D1842EBDF
:105C30001212290A41EA02616D1842EB1222290C64
:105C400041EA02416D1842EB1242AD1842F10002E6
:105C5000EC0844EA4274D10804EB8402A6EB420546
:105C6000EDB2092D0CD90134A5F10A0541F100016D
:105C7000EDB212E0E40844EA417406F00705C908F1
:105C8000303554EA010200F8015BBCD1F0BD2409B3
:105C900044EA017406F00F050909092D84BFED19C6
:105CA000EDB2EDE7D1E9043293421EBF5A1C0A61FE
:105CB00018707047014800687047000010130020FA
:085CC000A814FE7F01000000A2
:105CC800A19C02000000000000000000605D0400CC
:105CD80031E303000000000071E30300000000004E
:105CE80000000000805D040000000000A05D0400CA
:105CF80000000000E05D040000000000005E0400F9
:105D080000000000C05D040009C503000000000099
:105D180041D1030000000000B99A02000000000011
:105D2800CDE803000000000000000000205E040031
:105D380000000000405E040000000000605E0400F7
:105D480000000000805E040011A8020000000000AE
:085D5800798F02000000000039
:105D6000187404009469040058600400720700204D
:105D70008C2F002029C2030000000000000000005A
:105D800037740400A469040028600400760700202A
:105D90003430002069C9030000000000000000004A
:105DA00045740400BC6904002860040078070020E2
:105DB0004030002069C9030000000000000000001E
:105DC000F271040018620400B06004006C07002047
:105DD000300000202DAB0200000000000000000099
:105DE00027740400000000002060040074070020F5
:105DF000E02F00201DC7030000000000000000008D
:105E000080740400346A0400F46004007E070020FB
:105E1000B8060020E5CD0300A74E040000000000F6
:105E2000F8650400000000004C6004006E070020CC
:105E30008C1F002000000000000000000000000097
:105E40000A7404007C6904003869040070070020AB
:105E50000806002089B303000000000000000000D5
:105E60005B740400D4690400746004007A070020A5
:105E70004C300020F14B0400000000000000000046
:105E80006A740400046A0400746004007C07002043
:105E900064300020F14B040000000000000000000E
:105EA000AD500400574F040000000000BB05040083
:105EB000005E0400014E040000000000BB05040069
:105EC00000000000BB05040000000000BB0504004A
:105ED000D9DD0300574F040000000000BB0504009B
:105EE00000000000BB05040000000000BB0504002A
:105EF00000000000BB05040000000000DD85030079
:105F000000000000BB050400E02F00208DC7030047
:105F100000000000F5AE030000000000BB05040017
:105F200000000000BB05040000000000D1D1030008
:105F300000000000BB05040000000000BB050400D9
:105F400000000000BB05040000000000BB050400C9
:105F500000000000BB05040000000000BB050400B9
:105F6000000000000D86030000000000BB050400D7
:105F700000000000BB05040000000000BB05040099
:105F800000000000BB05040000000000BB05040089
:105F900000000000BB05040000000000BB05040079
:105FA00000000000BB05040000000000BB05040069
:105FB00000000000BB05040000000000BB05040059
:105FC00000000000BB05040000000000BB05040049
:105FD00000000000BB05040001BB0300574F040094
:105FE00000000000BB05040000000000BB05040029
:105FF00000000000BB05040000000000BB05040019
:1060000000000000BB05040000000000BB05040008
:1060100000000000BB05040000000000BB050400F8
:08602000C5C603001DC6030004
:10602800B1C90300AD480400BB480400D3480400CC
:10603800DF480400EB48040001C8030005490400D8
:046048000000000054
:0C604C00B11A0300A1180300191803008A
:1060580081C20300194804007B48040000000000C6
:0C606800B547040000000000000000002C
:10607400AB4B0400834C0400C94B0400D74B040011
:10608400000000000000000000000000000000000C
:1060940000000000000000000000000000000000FC
:0C60A400000000000000000000000000F0
:1060B00051160400B9AA0200000000007B1604007B
:1060C0003D160400E11A040001170400A71504009E
:1060D000F3150400F716040000000000BF150400CB
:1060E0000000000000000000C7150400111A0400A1
:1060F000D9150400A74C04002DCD0300994C0400D1
:10610000AD4E0400CD4C0400F54C0400294D0400B4
:10611000394D0400674D0400734D0400394D0400EF
:10612000574D04007F4D04008D4D04009B4D04002D
:08613000D14D0400D54D04001F
:1061380005000000ADD302000600000039F002009F
:086148000400000061D902000F
:10615000518A0200458A0200000000000000000091
:08616000000000000000000037
:106168006064040004000000B0640400070000003C
:0861780064650400060000004C
:10618000000000000300000030000000600000007C
:1061900000000000000103FF04FF020000010602EE
:1061A00001000000000102010404040400010008D1
:1061B00012000000000000001800280000002A0063
:1061C0000338FDD87047000007100000FC060020CF
:1061D000010100000C07002009080000616D0400A7
:1061E000000000200000000000000B06020000007C
:1061F000F461040000000000C771040026000206DC
:1062000000000020CF71040022000B11459B02000A
:1062100000000000390604003403002000000000E4
:106220002807002048030020000000000C62040042
:106230003C62040004020000000000002857002017
:106240000C620400506204002E00000000000000F8
:10625000A87000200C6204006462040002010000C7
:10626000000000007C7100200E030000DDB9020078
:106270000F04000019BA02001A010000A51C040056
:10628000050400007DAC020013010000FD1D0400A8
:106290003E01000035AD0200011200007F1F040026
:1062A0000A1E0000711F0400FF010000F5AC02008F
:1062B0003E01000015AD020005040000E91C0400C9
:1062C00010010000431D04000201000025C6020069
:1062D000011200005DB902000A1E00002321040023
:1062E000030900009F1E0400040B00004B1D040066
:1062F000060A00000D200400070A00002B1D040000
:106300000C050000111D04000C6204001863040059
:106310004700000000000000987200200C6204009A
:106320002C6304000000000000000000B87300208F
:106330000C62040040630400090200000000000039
:10634000E073002057260400A92604000000000086
:1063500000000000000000001D28040000000000F4
:106360000000000000000000000000000202010028
:106370003D31040004040100CDE0020006060100E6
:106380000DE0020008040100F9DE02000A0201002B
:10639000253104000C0401000D3104000E0401003D
:1063A000CDDD02002004010031DD020010040100F7
:1063B00041DC020012020100A73104001E000400AB
:1063C000C532040052020000CD3104000104020075
:1063D000E9E2020003020200C932040005010200E2
:1063E00093320400070402009D32040009010200F8
:1063F000A13204000B000200A53204000D000200CF
:10640000A93204000F000200AD3204002102020094
:10641000B132040011010200B53204001300020081
:10642000B932040017040200BD3204001900020052
:10643000C13204001B020300132904001D020500E1
:106440009F30040023040300012904000C620400AF
:106450005C6404000602000000000000747A002062
:10646000C26A04006F36040000000000BE6A040027
:1064700000000100BA6A0400E138040000000000D6
:106480002004002000000100B26A040000000000A7
:10649000000000000000000000000000AE6A0400E0
:1064A0004136040015E50200280400200000030026
:1064B000EE6A04006F36040000000000EA6A04007F
:1064C00000000100E66A0400E1380400000000005A
:1064D0005004002000000100DE6A0400A73604001A
:1064E000000000000000000000000100DA6A040063
:1064F000E138040000000000480400200000010012
:10650000D26A0400D1360400000000000000000040
:1065100000000100CE6A0400E13804000000000021
:106520004004002000000100C66A0400BDE502002E
:10653000000000000000000000000100000000005A
:10654000000000000000000000000000000000004B
:106550005B3D04000000000000000000000000009F
:1065600000000000FE6A04006F3604000000000016
:10657000EA73040000000100FA6A0400E138040034
:10658000000000007804002000000100C87304002F
:1065900000000000000000000000000000000000FB
:1065A000F66A04004136040015E50200600400208C
:1065B00000000300F26A0400E1380400000000005B
:1065C0005804002000000100A67304000000000031
:1065D000AD3D0400000000000000020042542043D2
:1065E000544C52205258207072690000425420438B
:1065F000544C52205258000062745F6863695F63B4
:106600006F6E74726F6C6C65720000005A65706812
:106610007972204F532076342E332E300000000044
:106620000200000000000000000000000000000068
:106630000000010303030303030000005745535404
:106640005F544F504449522F7A65706879722F73A6
:1066500075627379732F626C7565746F6F74682FD0
:10666000636F6E74726F6C6C65722F6C6C5F737796
:106670002F756C6C5F7363616E2E630065727220A0
:106680003D3D2030207C7C20657272203D3D202DD8
:1066900031323000415353455254494F4E20464108
:1066A000494C205B25735D20402025733A25640A00
:1066B0000000000009706172616D313A202575207B
:1066C000706172616D323A2025750A005745535446
:1066D0005F544F504449522F7A65706879722F7316
:1066E00075627379732F626C7565746F6F74682F40
:1066F000636F6E74726F6C6C65722F6C6C5F737706
:106700002F756C6C5F636F6E6E2E630055560300C1
:10671000655603007556030085560300000000000F
:1067200000000000955603003D570300A5560300E6
:10673000000000004D57030000000000B5560300A4
:106740005D57030000000000C55603006D570300AD
:10675000D55603007D5703008D5703009D57030056
:10676000AD570300BD570300CD570300E5560300A6
:106770000000000000000000000000000000000019
:10678000000000002D57030008020B020A03050257
:1067900000000000000000000202000006020000ED
:1067A00004030000000009030000000001030000D2
:1067B0000C030000070300000000000000000000C0
:1067C000F401FA00960064004B0032001E00140031
:1067D000574553545F544F504449522F7A6570685F
:1067E00079722F7375627379732F626C7565746F2C
:1067F0006F74682F636F6E74726F6C6C65722F6C40
:106800006C5F73772F6E6F726469632F6C6C6C2F83
:106810006C6C6C5F6164762E6300000030000000D9
:106820000925733A2041637475616C204556454EC5
:10683000545F4F564552484541445F53544152546A
:106840005F5553203D2025750A0000007072657069
:106850006172655F63620000574553545F544F5047
:106860004449522F7A65706879722F737562737913
:10687000732F626C7565746F6F74682F636F6E74BD
:10688000726F6C6C65722F6C6C5F73772F6E6F72AA
:106890006469632F6C6C6C2F6C6C6C5F7363616EDE
:1068A0002E630000636F6D6D6F6E5F707265706157
:1068B00072655F6362000000574553545F544F5048
:1068C0004449522F7A65706879722F7375627379B3
:1068D000732F626C7565746F6F74682F636F6E745D
:1068E000726F6C6C65722F6C6C5F73772F6E6F724A
:1068F0006469632F6C6C6C2F6C6C6C5F7065726973
:1069000070686572616C2E630000000070726570C3
:106910006172655F63620000010304052C69040075
:10692000F00700200000000000000000933E04007B
:10693000000000007B3E040000000000F1B40300F2
:10694000B9B5030071B2030031B5030000000000C7
:1069500009B2030055B5030069BF030069B3030022
:1069600000000000E1BF0300F1B90300DDB2030045
:1069700069470400774704008747040000000000CF
:106980000300000015B30300B1C1030081C103007F
:106990000000000009C30300F5C103009B48040088
:1069A000A1480400FFFF00000003005000000000A9
:1069B000010000000060004000000000FFFFFFFF3A
:1069C00000000050000000000000000000600040D7
:1069D0000000000000000080FFFFFF7F000000803B
:1069E00000000080FFFFFF7F00000080B80B000068
:1069F000000000008074040000FF0A00805D0400B5
:106A00000800000200000080FFFFFF7F0000008000
:106A100000000080FFFFFF7F0000008000000000FA
:106A2000000000008074040000FF0800805D040086
:106A30000A000002002000400100000000000000E9
:106A4000546A04000000D601000000009D310020BF
:106A50009C31002000200040606A04000200000019
:106A6000786A040002000000706A0400020100005D
:106A70002B8000002C8000012B0000002C06000160
:106A80000800000003000000C85C0400C85C0400AB
:106A9000185D0400205D0400585D0400605D040082
:106AA000B7740400000100000000000009040000A9
:106AB00002290000052A0000052A00000328000022
:106AC0000118000000280000042A0000042A000029
:106AD00003280000012A0000012A0000032800000A
:106AE000002A0000002A000003280000001800000F
:106AF00000280000032800000229000003280000ED
:106B0000002825732829202D204C656E3A20256405
:106B10002C204D6573736167653A20252E2A730A10
:106B200000456E61626C65640044697361626C6506
:106B3000640025732829202D2025730A00446973D9
:106B4000636F6E6E65637465642C20726561736F2C
:106B50006E3A2025640A00436F6E6E656374696F38
:106B60006E206661696C65643A2025640A00436F93
:106B70006E6E65637465640A004D545520657863D4
:106B800068616E6765206661696C656420746F205A
:106B900073746172743A2025640A004D545520655F
:106BA000786368616E676520646F6E652C204D5454
:106BB000553A2025640A004D545520657863686174
:106BC0006E6765206661696C65643A2025640A0019
:106BD0007075626C69630072616E646F6D007075D0
:106BE000626C69632D69640072616E646F6D2D69FA
:106BF000640030782530327800253032583A25301C
:106C000032583A253032583A253032583A25303207
:106C1000583A253032582028257329007B225459B0
:106C20005045223A2269626561636F6E222C2242CE
:106C30004C454D4143223A222573222C22424C4599
:106C40004D616A6F72223A25752C22424C454D697E
:106C50006E6F72223A25752C2252535349223A25DF
:106C6000647D0D0A0025730062745F6E75735F7337
:106C7000656E64206661696C65643A2025640A006B
:106C800053616D706C65202D20426C7565746F6F5B
:106C90007468205363616E6E6572202B205065729C
:106CA0006970686572616C204E55530A00466169CF
:106CB0006C656420746F20726567697374657220F7
:106CC0004E55532063616C6C6261636B3A2025649E
:106CD0000A004661696C656420746F20656E6162AC
:106CE0006C6520626C7565746F6F74683A202564FA
:106CF0000A004661696C656420746F207374617268
:106D000074206164766572746973696E673A2025D0
:106D1000640A004661696C656420746F2073746155
:106D20007274207363616E6E696E673A2025640A1F
:106D300000496E697469616C697A6174696F6E206B
:106D4000636F6D706C6574650A006E6F7469665F61
:106D5000656E61626C656400726563656976656421
:106D6000003436333837303038006364635F616332
:106D70006D5F3000465320436F6E666967757261C0
:106D800074696F6E004344432041434D2073657224
:106D900069616C206261636B656E64005A6570683E
:106DA00079722050726F6A656374006364635F6117
:106DB000636D5F73657269616C0072302F61313A87
:106DC0002020307825303878202072312F61323AF7
:106DD0002020307825303878202072322F61333AE5
:106DE00020203078253038780A0072332F61343A09
:106DF0002020307825303878207231322F69703A6F
:106E00002020307825303878207231342F6C723A57
:106E100020203078253038780A0020787073723A54
:106E200020203078253038780A004661756C746906
:106E30006E6720696E737472756374696F6E20611A
:106E400064647265737320287231352F7063293A38
:106E5000203078253038780A00556E68616E646C91
:106E60006564204952516E3A2025640A002A2A2A74
:106E70002A2A204D5055204641554C54202A2A2A72
:106E80002A2A0A002020537461636B696E672065AB
:106E900072726F722028636F6E74657874206172ED
:106EA0006561206D69676874206265206E6F74206B
:106EB00076616C6964290A002020556E73746163E1
:106EC0006B696E67206572726F720A0020204461E0
:106ED0007461204163636573732056696F6C6174DC
:106EE000696F6E0A0020204D4D4641522041646476
:106EF000726573733A20307825780A002020496E35
:106F0000737472756374696F6E2041636365737324
:106F10002056696F6C6174696F6E0A002020466CA0
:106F20006F6174696E672D706F696E74206C617A21
:106F3000792073746174652070726573657276610F
:106F400074696F6E206572726F720A002A2A2A2A8B
:106F50002A205553414745204641554C54202A2A62
:106F60002A2A2A0A0020204469766973696F6E20F4
:106F70006279207A65726F0A002020556E616C6913
:106F8000676E6564206D656D6F72792061636365FE
:106F900073730A0020204E6F20636F70726F6365F9
:106FA00073736F7220696E737472756374696F6E38
:106FB000730A002020496C6C6567616C206C6F61FE
:106FC00064206F66204558435F52455455524E2009
:106FD000696E746F2050430A002020496C6C65670D
:106FE000616C20757365206F66207468652045505C
:106FF00053520A002020417474656D707420746FC0
:10700000206578656375746520756E646566696E64
:10701000656420696E737472756374696F6E0A00BB
:107020002A2A2A2A2A20425553204641554C5420C8
:107030002A2A2A2A2A0A002020537461636B696E67
:1070400067206572726F720A002020507265636952
:107050007365206461746120627573206572726F5C
:10706000720A0020204246415220416464726573D6
:10707000733A20307825780A002020496D707265B7
:107080006369736520646174612062757320657241
:10709000726F720A002020496E737472756374698E
:1070A0006F6E20627573206572726F720A0052658E
:1070B00073657276656420457863657074696F6E78
:1070C00020280053707572696F757320696E74653E
:1070D00072727570742028495251200053505345E4
:1070E0004C20696E20746872656164206D6F646500
:1070F00020646F6573206E6F7420696E64696361CC
:107100007465205053500A002A2A2A2A2A2048410E
:107110005244204641554C54202A2A2A2A2A0A0041
:107120002020427573206661756C74206F6E207626
:107130006563746F72207461626C6520726561644E
:107140000A0020204465627567206576656E740AC2
:107150000020204661756C7420657363616C6174F6
:10716000696F6E20287365652062656C6F77290AE8
:1071700000415243485F4558434550542077697455
:107180006820726561736F6E2025780A0A002A2ACA
:107190002A2A2A204465627567206D6F6E69746FB4
:1071A0007220657863657074696F6E202A2A2A2AB6
:1071B0002A0A002A2A2A2A2A20257320256429201F
:1071C0002A2A2A2A2A0A00464C4153485F30005393
:1071D00052414D5F30000000010000003031323379
:1071E0003435363738394142434445460075736279
:1071F0006400626F6172645F6364635F61636D5FAB
:10720000756172740000FFFFFFFFFFFF00000000C8
:10721000000000FFFFFFFFFFFF0000000000000272
:10722000FB349B5F80000080001000000000000025
:107230000104000200000002000000000000000540
:107240000000000000000000000000000000000539
:10725000574553545F544F504449522F7A657068D4
:1072600079722F7375627379732F626C7565746FA1
:107270006F74682F686F73742F6863695F636F72D0
:10728000652E63006576745F666C616773202620E7
:107290002831554C203C3C202830292900415353AB
:1072A000455254494F4E204641494C205B25735D61
:1072B00020402025733A25640A0062745F68636980
:1072C0005F6576745F6765745F666C616773286875
:1072D00064722D3E657674292026202831554C2075
:1072E0003C3C202831292900627566007375636370
:1072F0006573730009636F6D6D616E64206F7063F9
:107300006F6465203078253034782074696D656F3E
:1073100075740A00657272203D3D20300009436F8C
:107320006E74726F6C6C657220756E726573706FBF
:107330006E736976652C20636F6D6D616E64206F6E
:1073400070636F6465203078253034782074696DFF
:10735000656F757420776974682065727220256482
:107360000A00425420525820575100574553545F49
:10737000544F504449522F7A65706879722F737553
:10738000627379732F626C7565746F6F74682F68A0
:107390006F73742F6863695F636F6D6D6F6E2E63BB
:1073A00000030502000A029ECADC240EE5A9E09350
:1073B000F3A3B50200406E029ECADC240EE5A9E0EC
:1073C00093F3A3B50200406E029ECADC240EE5A929
:1073D000E093F3A3B50300406E029ECADC240EE5E1
:1073E000A9E093F3A3B50300406E029ECADC240E0D
:1073F000E5A9E093F3A3B50100406E7564635F6E89
:107400007266780000010101010175736264403405
:107410003030323730303000636C6F636B40343063
:107420003030303030300072616E646F6D40343017
:10743000303064303030006770696F403530303044
:1074400030333030006770696F4035303030303065
:1074500030300000010203040506076C736D3664CA
:10746000733374722D632D656E006D736D3236311A
:107470006433353236686963706D2D632D656E0037
:10748000756172744034303030323030300000007A
:10749000000000010100000000000020303030300A
:1074A00030303030303030303030000100000100FA
:1074B00000006D61696E00737973776F726B710094
:1074C0002A2A2A20426F6F74696E67205A65706895
:1074D0007972204F53206275696C642076342E33A4
:1074E0002E30202A2A2A0A00286E756C6C29002A60
:0874F000666C6F61742A000054
:1074F8000000000011A902000000000000010000C7
:107508000000000000000000000000000000000073
:107518000000000000000000000000000000000063
:10752800C05D040000C20100000008000000000067
:107538000000000000000000000000000000000043
:107548000000000000000000000000000000000033
:107558000000000020030020000000000C030020B1
:107568000000000000000000000000000000000013
:107578000000000000000000000000000000000003
:1075880000000000000000000000000000000000F3
:1075980000000000000000000000000000000000E3
:1075A800000000000000000000000000BC000020F7
:1075B800BC0000200000000001000000CC000020FA
:1075C800CC000020000000000000000000000000C7
:1075D80000000000000000000000000000000000A3
:1075E8000000000000000000000000000000000093
:1075F8000000000000000000000000000000000083
:107608000000000000000000000000000000000072
:107618000000000000000000000000000000000062
:107628000000000000000000000000000000000052
:107638000000000000000000000000000000000042
:107648000000000000000000000000000000000032
:107658000000000000000000000000000000000022
:107668000000000000000000000000000000000012
:107678000000000000000000000000000000000002
:1076880000000000000000000000000000000000F2
:107698004DB70200000000000000000000000000DC
:1076A80000000000000000000000000000000000D2
:1076B80000000000000000000000000000000000C2
:1076C80000000000000000000000000000000000B2
:1076D80000000000000000000000000000000000A2
:1076E8000000000000000000000000000000000092
:1076F8000000000000000000000000000000000082
:107708000000000000000000000000000000000071
:107718000000000000000000000000000000000061
:107728000000000000000000000000000000000051
:1077380000000000205E04001F00000000000000A0
:10774800FFFFFFFFFF1F00008D8A0200218A020051
:10775800058A02000000000000000000C1010400CA
:10776800000000000D070020840200200000000037
:1077780000000000000000000000000000040100FC
:1077880000000000746D04002203000000000000E7
:1077980000000000000303000000000000000000DB
:1077A80000030000000000000000000000020100CB
:1077B80000000000856D04002E030000000000009A
:1077C8000000000000010100000000009C6D0400A2
:1077D8001E03000000000000000000000000000080
:1077E80000000000AC6A0400040300000000000070
:1077F8002F06040000000000000000009C87002005
:10780800000000000000000000000000000400006C
:107818009C8B002000000000000000000000000019
:10782800000400006A6D04000000000074030020DA
:1078380000000000C05D0400280700203007002079
:10784800390700203E070020430700204707002093
:107858004C070020530700205C0700206307002026
:107868006A070020000000005115040011AA020058
:1078780071AA0200EF170400571A04002317040026
:1078880000000000771A04000B170400A516040076
:10789800000000005315040000000000AB210400A4
:1078A8000000000000000000000000006DAF0200B2
:1078B80000000000000000000000000081CC020071
:1078C80000000000000000000000000065C9020080
:1078D8000000000000000000E8030020E80300208A
:1078E800000000000000000061D802000DE3020063
:1078F800000000000000000000000000B5DB0200EE
:1079080019300400492F0400DDD6020000000000F1
:10791800B66A04000000200000000000000000001B
:1079280000000000000000001738040000000000FC
:10793800CA6A040000000200D66A040000000200BF
:10794800E26A040000000200B773040000000C00A3
:10795800000000000000000000000000E33D0400FB
:107968000000000000000000D973040000001000AF
:1079780000000000AC16002000000000D117030032
:1079880000000000B416002000000000210C0300D5
:1079980000000000BC16002000000000AD8A0300B3
:1079A80000000000C41600200000000025090300A4
:1079B800000000004C20002000000000FD930300A0
:1079C800000000006420002000000000AD8A0300D1
:1079D800000000006C20002000000000292F030098
:1079E80000000000E020002000000000E99A0300E9
:1079F8000000000004210020000000001D380300E2
:107A0800000000000C21002000000000AD8A0300E7
:107A1800000000001421002000000000C13903000C
:107A2800000000001C2100200000000009420300A3
:107A380000000000E02400200000000030250020A5
:107A4800000000001027002000000000C0270020D0
:107A580000000000F5A2030000000000E02700205D
:107A680000000000D1870300000000000C2800205F
:107A780000000000AD8A030000000000E02800209C
:107A880000000000AD8A030000000000E828002084
:107A980000000000AD8A030000000000342C002024
:107AA80000000000E9FB0200000000002C2C002070
:107AB80000000000E9FB020000000000242C002068
:107AC8000000000059F80200000000001C2C0020F3
:107AD80000000000E9FB020000000000142C002058
:107AE8000000000059F80200000000000C2C0020E3
:107AF80000000000E9FB0200000000000000000098
:107B0800000000000000000000000000000000006D
:107B1800000000000000000000000000000000005D
:107B2800000000000000000000000000000000004D
:107B3800000000000000000000000000000000003D
:107B4800000000000000000000000000000000002D
:107B5800000000000000000000000000000000001D
:107B6800000000000000000000000000000000000D
:107B78000000000000000000000000008C0600204B
:107B88008C06002000000000000000000E0000002D
:107B980000000000000000000000000000000000DD
:107BA8000000000000000000C806002000000000DF
:107BB80000000000000000000000000000000000BD
:107BC8009E3100202000000000000000FF0000009F
:107BD8003FC00F0090020000E8060020E8060020E1
:107BE8000000600030000000000000009ECADC2495
:107BF8000EE5A9E093F3A3B50100406E0609020063
:107C080000000100807D12010002EF020140E32F15
:107C18000400030400000000080B00020202000038
:107C280009040000010202000005240010010524D7
:107C3800010001042402020524060001070581034E
:107C480010000A09040100020A0000000705820268
:0C7C580040000007050102400000000091
:107C64000000000000000000000000000000000010
:047C7400000000000C
:107C7800800700208007002000810020000000000D
:107C8800010000002C000000000000009C070020FC
:107C98009C07002080550020000000000100000023
:107CA800B000000000000000B8070020B80700205E
:107CB8002C810020000000000300000010000000DC
:107CC80000000000D4070020D4070020A856002098
:107CD8000000000008000000100000000000000084
:107CE800000000005C81002000040000000000008B
:047CF8000000000088
:107CFC0004080020040800200C0000000A0000000A
:107D0C0030560020A8560020305600203056002057
:107D1C0000000000280800202808002000000000B7
:107D2C00340800203408002001000000010000008D
:107D3C0044080020440800204C0800204C08002077
:107D4C0000000000FFFFFFFF5C0800205C08002023
:0C7D5C0064080020640800200000000003
:107D680000000000000000007808002078080020CB
:087D78008008002080080020B3
:107D80000000000000000000900800209008002083
:107D9000980800209808002003000300100000004D
:107DA0000000000030630400FC79002000000000A7
:107DB00000000000BC080020BC080020C40800200F
:107DC000C40800200300030010000000D9DA0200FC
:107DD0004C640400888000200000000000000000C7
:107DE000E8080020E8080020F0080020F008002043
:107DF00003000300000000000000000040620400D7
:107E00003471002000000000000000001409002070
:107E1000140900201C0900201C0900200100010099
:107E200010000000A5C802001C630400B873002005
:107E30000000000000000000400900204009002070
:107E4000480900204809002003000300000000004A
:107E500000000000086304007073002000000000B0
:107E6000000000006C0900206C090020740900204B
:107E7000740900200C000C0004000000F1AB0200AB
:107E80002C620400586F0020000000000000000079
:107E90009809002098090020A0090020A0090020CE
:107EA0000100010000000000000000005462040016
:107EB000807200200000000000000000C4090020C3
:107EC000C4090020CC090020CC09002010001000BB
:107ED0000A000000C13E04001C6904005C8500200B
:087EE000786104002415002064
:107EE800AB6D04000000000000000000000000006E
:107EF8000000000000000000405E040000000000D8
:107F08000000000000000000000000000000000069
:107F18000000000000000000000000000000000059
:107F28000000000000000000000000000000000049
:107F38000000000000000000000000000000000039
:107F480000000000000000000000000016070020EC
:047F58000000000025
:107F5C0000000000340300200000000000000000BE
:087F6C0000000000000000000D
:047F740015E015E01F
:04000003200095291B
:00000001FF
